solar_wind_speed_norm,connection_angle_degrees_norm,VlogV_norm,CME_DONKI_speed_norm,CME_DONKI_latitude_norm,CME_DONKI_longitude_norm,CME_CDAW_MPA_norm,CME_CDAW_LinearSpeed_norm,DONKI_half_width_norm,Accelaration_norm,2nd_order_speed_final_norm,2nd_order_speed_20R_norm,CPA_norm,daily_sunspots_norm,CMEs_in_past_month_norm,CMEs_in_past_9hours_norm,CMEs_with_speed_over_1000_in_past_9hours_norm,max_CME_speed_in_past_day_norm,log_richardson_value_norm,log_diffusive_shock_norm,log_Type2_Viz_Area_norm,Halo,ln_peak_intensity
0.1312444046553268,0.1533015599208087,0.12981406426324668,0.20802919708029197,0.29775280898876405,0.325,0.35833333333333334,0.16321326107746253,0.367816091954023,0.26773142797099925,0.25728155339805825,0.1813304721030043,0.3472222222222222,0.1457286432160804,0.05194805194805195,0.0,0.0,0.1977818853974122,0.7250619583285234,1.792307694637692e-21,0.0,0,-1.609437912
0.5801253357206804,0.6986402688902148,0.19088899709636845,0.22627737226277372,0.7696629213483146,0.7666666666666667,0.8583333333333333,0.2295186483901817,0.45977011494252873,0.26058631921824105,0.26407766990291265,0.21620171673819744,0.8611111111111112,0.7286432160804021,0.2077922077922078,0.0,0.0,0.21626617375231053,0.3651675927017204,1.5692307712707689e-15,0.0,0,-1.609437912
0.17672336615935538,0.608725891290877,0.15415484371733007,0.19927007299270072,0.6966292134831461,0.7055555555555556,0.8444444444444444,0.18999043672298374,0.40229885057471265,0.26804665335715033,0.26537216828478966,0.19822961373390557,0.8555555555555555,0.5728643216080402,0.15584415584415584,0.0,0.0,0.188909426987061,0.13984740096782805,8.846153857653845e-22,0.0,0,-1.609437912
0.3029543419874664,0.3510471608860777,0.17478338221322198,0.34306569343065696,0.4943820224719101,0.5,0.08055555555555556,0.21230474976091807,0.40229885057471265,0.247662078386046,0.21003236245954693,0.17542918454935622,0.058333333333333334,0.2562814070351759,0.23376623376623376,0.25,0.0,0.3345656192236599,0.2564480185644291,0.020730769257160536,0.0,0,-1.609437912
0.2760966875559534,0.07801751345969157,0.0682535928096229,0.14525547445255474,0.6404494382022472,0.19722222222222222,0.13055555555555556,0.09244501115715652,0.3103448275862069,0.24104234527687296,0.07346278317152104,0.0,0.1527777777777778,0.7135678391959799,0.2597402597402597,0.25,0.0,0.20147874306839186,0.868935574230371,5.4230769301269225e-24,0.0,0,-1.609437912
0.049597135183527284,0.5768350132585127,0.058243041799302,0.24817518248175183,0.46629213483146065,0.7944444444444444,0.7444444444444445,0.08033152693656359,0.28735632183908044,0.25459703688137014,0.10744336569579288,0.08637339055793991,0.7222222222222222,0.22110552763819097,0.03896103896103896,0.0,0.0,0.23844731977818853,0.07322355552247584,2.219230772115769e-08,0.0,0,-1.609437912
0.11763652641002684,0.23807922964896092,0.09568652252609221,0.12408759124087591,0.7415730337078652,0.43333333333333335,0.3138888888888889,0.12464137711189034,0.1839080459770115,0.2586949669013344,0.17184466019417477,0.13251072961373392,0.25833333333333336,0.135678391959799,0.06493506493506493,0.25,0.0,0.24214417744916822,0.5390904705415956,4.5769230828730765e-25,0.0,0,-1.609437912
0.306177260519248,0.686888988981447,0.07709397165372055,0.16058394160583941,0.5898876404494382,0.825,0.8194444444444444,0.10296461587503984,0.28735632183908044,0.25858989177261743,0.15566343042071198,0.11668454935622317,0.8166666666666667,0.12562814070351758,0.0,0.0,0.0,0.14972273567467653,0.33506490943120754,2.68076923425423e-23,0.0,0,-1.609437912
0.1674127126230976,0.3745141009631404,0.2542771097808371,0.12408759124087591,0.5112359550561798,0.5555555555555556,0.7833333333333333,0.29582403570290083,0.5172413793103449,0.1454239781443732,0.23009708737864076,0.0,0.8222222222222222,0.2914572864321608,0.09090909090909091,0.0,0.0,0.11275415896487985,0.19735294657016142,4.5769230828730765e-25,0.0,0,-1.609437912
0.23867502238137872,0.27835913647617344,0.1102037396384833,0.12773722627737227,0.6067415730337079,0.4444444444444444,0.13055555555555556,0.14121772394007012,0.3448275862068966,0.26363349795103497,0.2064724919093851,0.15799356223175964,0.18055555555555555,0.08040201005025126,0.09090909090909091,0.0,0.0,0.11645101663585952,0.44164760001578285,7.153846163146153e-25,0.0,0,-1.609437912
0.20823634735899735,0.9004068372936459,0.06507183906407732,0.10218978102189781,0.6741573033707865,0.1,0.775,0.08861970035065349,0.28735632183908044,0.25133970789114213,0.09611650485436893,0.07349785407725322,0.7472222222222222,0.2864321608040201,0.07792207792207792,0.0,0.0,0.09057301293900184,0.8158948340958866,2.3115384645434588e-26,0.0,0,-1.609437912
0.1561324977618621,0.18848210088162742,0.566299625457079,0.5281021897810219,0.5617977528089888,0.375,0.21666666666666667,0.602167676123685,0.5172413793103449,0.33592518650835346,0.7294498381877023,0.5603540772532188,1.0,0.5829145728643216,0.3246753246753247,0.25,0.5,0.521996303142329,0.651113177542374,0.5538461541673846,0.9060255817255349,1,-1.609437912
0.1435989256938227,0.040159086764996445,0.39260392184044446,0.5072992700729927,0.5786516853932584,0.20833333333333334,0.25555555555555554,0.43481032833917754,0.5172413793103449,0.2183461174739939,0.3932038834951456,0.35354077253218885,1.0,0.44221105527638194,0.2987012987012987,0.0,0.5,0.5009242144177449,0.9346197697696496,0.4846153849400769,0.7491393250459902,1,-1.609437912
0.1593554162936437,0.2835039150022317,0.1358537768483437,0.18613138686131386,0.42134831460674155,0.46944444444444444,0.4361111111111111,0.16990755498884286,0.25287356321839083,0.25648838919827677,0.19449838187702265,0.16174892703862662,0.4861111111111111,0.32663316582914576,0.2597402597402597,0.0,0.0,0.24288354898336414,0.4288332929193242,2.9115384653234614e-22,0.0,0,-1.609437912
0.08361683079677706,0.8194599888134914,0.08824757415636905,0.16058394160583941,0.25842696629213485,0.041666666666666664,0.5527777777777778,0.11603442779725853,0.3448275862068966,0.2550173373962383,0.1407766990291262,0.1148068669527897,0.5444444444444444,0.22110552763819097,0.23376623376623376,0.25,0.0,0.14972273567467653,0.6524437790829846,2.68076923425423e-23,0.0,0,-1.609437912
0.30850492390331247,0.22428265750749973,0.15094056408719206,0.181021897810219,0.3539325842696629,0.37222222222222223,0.38333333333333336,0.18648390181702262,0.22988505747126436,0.2563833140695597,0.20485436893203884,0.1719420600858369,0.37222222222222223,0.6080402010050251,0.2987012987012987,0.0,0.0,0.17042513863216266,0.571166994062454,1.8500000024049999e-22,0.0,0,-1.609437912
0.29776186213070727,0.058735554833309694,0.19960255892637888,0.23613138686131388,0.398876404494382,0.19444444444444445,0.26944444444444443,0.23876314950589736,0.5402298850574713,0.2503940317326888,0.2459546925566343,0.20439914163090128,1.0,0.7135678391959799,0.35064935064935066,0.25,0.0,0.22624768946395563,0.9029056876084894,2.5807692341242306e-11,0.0,1,-1.609437912
0.5434198746642793,0.04308367504176001,0.14511648976720312,0.2116788321167883,0.47191011235955055,0.16111111111111112,0.2361111111111111,0.18010838380618424,0.26436781609195403,0.2551224125249553,0.19967637540453073,0.16604077253218885,0.24722222222222223,0.21608040201005024,0.05194805194805195,0.0,0.0,0.20147874306839186,0.9296908743847314,2.3846153877153844e-21,0.0,0,-1.609437912
0.12390331244404654,0.12310307131654516,0.3693357058834642,0.45255474452554745,0.6123595505617978,0.3111111111111111,0.20277777777777778,0.41185846350015937,0.6091954022988506,0.24713670274246083,0.4161812297734628,0.35032188841201717,0.1527777777777778,0.4221105527638191,0.14285714285714285,0.0,0.5,0.4454713493530499,0.785029795463755,0.29384615411590465,0.8841639347633792,0,-1.609437912
0.2820053715308863,0.42554982243785405,0.15532557821376194,0.2010948905109489,0.6067415730337079,0.6,0.8194444444444444,0.19126554032515142,0.1724137931034483,0.26195229589156244,0.2313915857605178,0.19206008583690987,0.8638888888888889,0.18090452261306533,0.12987012987012986,0.0,0.0,0.24584103512014788,0.08258138814548344,1.0269230782580766e-21,0.0,0,-1.609437912
0.33983885407341097,0.9163315098518273,0.25520547232157964,0.28102189781021897,0.4101123595505618,0.05555555555555555,0.3,0.2967803634045266,0.4367816091954023,0.2084690553745928,0.2262135922330097,0.20547210300429183,1.0,0.07537688442211055,0.15584415584415584,0.0,0.0,0.27171903881700554,0.8454413220917788,0.00010384615398113982,0.0,1,-1.609437912
0.2583706356311549,0.25474349442646427,0.12809430407756295,0.12773722627737227,0.7134831460674157,0.4166666666666667,0.8444444444444444,0.16130060567421103,0.3448275862068966,0.2437742986235158,0.1436893203883495,0.11775751072961374,0.825,0.1457286432160804,0.16883116883116883,0.0,0.0,0.1866913123844732,0.4994361728039797,7.153846163146153e-25,0.0,0,-1.609437912
0.12981199641897942,0.26061602527081196,0.04286688066309594,0.08759124087591241,0.702247191011236,0.4583333333333333,0.13333333333333333,0.06120497290404845,0.45977011494252873,0.2576442156141641,0.10647249190938511,0.09763948497854077,0.12777777777777777,0.35678391959798994,0.11688311688311688,0.0,0.0,0.07578558225508318,0.4852335027100694,2.300000002989974e-27,0.0,0,-1.609437912
0.3837063563115488,0.7596933404742727,0.0948564905090249,0.1897810218978102,0.4887640449438202,0.8861111111111111,0.9055555555555556,0.12368504941026458,0.3218390804597701,0.250919407376274,0.13009708737864079,0.10354077253218884,0.8944444444444445,0.40703517587939697,0.11688311688311688,0.25,0.0,0.33086876155268025,0.5164725769217207,4.0000000051999993e-22,0.0,0,-1.609437912
0.3410922112802149,0.4440302928378245,0.07655457225313131,0.10583941605839416,0.6123595505617978,0.6388888888888888,0.37777777777777777,0.102327064073956,0.11494252873563218,0.27855416622885365,0.13624595469255663,0.21646995708154507,0.3861111111111111,0.24120603015075376,0.15584415584415584,0.0,0.0,0.3345656192236599,0.04988163102359266,3.92307692817692e-26,0.0,0,-1.609437912
0.3235452103849597,0.5840540617182258,0.1203887889507767,0.17883211678832117,0.6292134831460674,0.6888888888888889,0.8333333333333334,0.1526936563595792,0.41379310344827586,0.25806451612903225,0.18932038834951456,0.15075107296137338,1.0,0.27638190954773867,0.11688311688311688,0.0,0.0,0.16820702402957485,0.08702698139388415,1.5192307712057689e-22,0.0,1,-1.609437912
0.32909579230080577,0.07949746338694004,0.1641377198709781,0.26277372262773724,0.3258426966292135,0.15833333333333333,0.36666666666666664,0.20082881734140898,0.28735632183908044,0.25837974151518334,0.2320388349514563,0.18937768240343347,0.3388888888888889,0.19095477386934673,0.22077922077922077,0.0,0.0,0.2532347504621072,0.8662825247807073,2.773076926681913e-06,0.0,0,-1.609437912
0.5923008057296328,0.3416207150269405,0.11471747625475197,0.16058394160583941,0.5730337078651685,0.4527777777777778,0.09722222222222222,0.14631813834874083,0.26436781609195403,0.24619102658400754,0.14207119741100324,0.10032188841201717,0.14444444444444443,0.44221105527638194,0.23376623376623376,0.0,0.0,0.14972273567467653,0.28059750117016335,2.68076923425423e-23,0.0,0,-1.609437912
0.15362578334825427,0.6579883518078838,0.11584918380668423,0.17883211678832117,0.601123595505618,0.8305555555555556,0.8055555555555556,0.1475932419509085,0.3448275862068966,0.25165493327729327,0.15663430420711974,0.12795064377682402,0.8,0.8542713567839196,0.36363636363636365,0.0,0.0,0.3900184842883549,0.2608129960271577,1.5192307712057689e-22,0.0,0,-1.609437912
0.09615040286481645,0.8668164639762886,0.07332779694279493,0.13722627737226278,0.4887640449438202,0.06111111111111111,0.20833333333333334,0.09850175326745297,0.3103448275862069,0.25123463276242514,0.10388349514563107,0.08395922746781116,0.20555555555555555,0.5728643216080402,0.5194805194805194,0.5,0.0,0.26358595194085027,0.7508462495292734,2.2038461567111538e-24,0.0,0,-1.609437912
0.33446732318710837,0.5916067570492136,0.042113823885950544,0.17408759124087592,0.6629213483146067,0.6666666666666666,0.075,0.0602486452024227,0.22988505747126436,0.24650625197015866,0.05469255663430421,0.0,0.07222222222222222,0.7738693467336684,0.37662337662337664,0.0,0.0,0.1634011090573013,0.10234613152526448,9.846153858953846e-23,0.0,0,-1.609437912
0.20805729632945388,0.8257414963452964,0.14657004554004585,0.3021897810218978,0.5786516853932584,0.9888888888888889,0.9694444444444444,0.18170226330889386,0.632183908045977,0.2373647157717768,0.13527508090614887,0.1298283261802575,1.0,0.8140703517587939,0.35064935064935066,0.0,0.0,0.2931608133086876,0.6659650513226999,0.0013500000017526307,0.0,1,-1.609437912
0.3017009847806625,0.262968710332392,0.03272622452821461,0.10583941605839416,0.3089887640449438,0.4166666666666667,0.38055555555555554,0.048135160981829773,0.20689655172413793,0.26006094357465587,0.13915857605177995,0.11212446351931331,0.38333333333333336,0.5025125628140703,0.42857142857142855,0.0,0.0,0.09426987060998152,0.479511390596396,3.92307692817692e-26,0.0,0,-1.609437912
0.19194270367054608,0.20922155219253735,0.11783276467143511,0.18248175182481752,0.29775280898876405,0.37777777777777777,0.3638888888888889,0.14982467325470195,0.3448275862068966,0.2536513607229169,0.1669902912621359,0.1359978540772532,0.36666666666666664,0.8894472361809045,0.3246753246753247,0.0,0.0,0.17190388170055454,0.605381818849857,2.1076923104323074e-22,0.0,0,-1.609437912
0.3514771709937332,0.14162843074614362,0.08797344012794622,0.18248175182481752,0.38202247191011235,0.2777777777777778,0.15555555555555556,0.1157156518967166,0.28735632183908044,0.26006094357465587,0.13883495145631067,0.14619098712446352,0.17222222222222222,0.4723618090452261,0.2987012987012987,0.0,0.0,0.55637707948244,0.7486166810358376,2.1076923104323074e-22,0.0,0,-1.609437912
0.5788719785138764,0.20520333287660847,0.13067493387541457,0.12408759124087591,0.550561797752809,0.31666666666666665,0.2611111111111111,0.1641695887790883,0.22988505747126436,0.24398444888094986,0.13656957928802588,0.1276824034334764,0.24722222222222223,0.49748743718592964,0.06493506493506493,0.25,0.0,0.1645101663585952,0.6143674104827724,4.5769230828730765e-25,0.0,0,-1.609437912
0.19068934646374217,0.4352973350927054,0.05305485596599,0.16423357664233576,0.4550561797752809,0.6111111111111112,0.7111111111111111,0.07395600892572521,0.22988505747126436,0.2594304928023537,0.13559870550161812,0.11185622317596566,0.7222222222222222,0.1457286432160804,0.09090909090909091,0.0,0.0,0.1534195933456562,0.06453816193919835,3.846153851153846e-23,0.0,0,-1.609437912
0.35541629364368843,0.040581296081253916,0.1664968487560762,0.22627737226277372,0.5842696629213483,0.1527777777777778,0.14166666666666666,0.20337902454574433,0.42528735632183906,0.25459703688137014,0.22427184466019418,0.18106223175965666,0.21944444444444444,0.06532663316582915,0.07792207792207792,0.0,0.0,0.21626617375231053,0.9339096623279454,1.5692307712707689e-15,0.7533574895166718,0,-1.609437912
0.5631154879140555,0.26262325978784495,0.0803397525600663,0.10948905109489052,0.6741573033707865,0.37777777777777777,0.1638888888888889,0.10678992668154287,0.3793103448275862,0.26037616896080695,0.14110032362459546,0.13894849785407726,0.1638888888888889,0.3065326633165829,0.1038961038961039,0.0,0.0,0.09796672828096119,0.4803527181833745,6.615384623984611e-26,0.0,0,-1.609437912
0.5018800358102058,0.3256204408876805,0.11358706717510807,0.17883211678832117,0.46629213483146065,0.4444444444444444,0.3111111111111111,0.14504303474657315,0.3793103448275862,0.26699590206998003,0.22200647249190938,0.17489270386266095,0.1361111111111111,0.40703517587939697,0.09090909090909091,0.0,0.0,0.16820702402957485,0.32174699838104937,1.5192307712057689e-22,0.0,0,-1.609437912
0.272515666965085,0.060625148883550854,0.2005064274149199,0.2321167883211679,0.6235955056179775,0.17222222222222222,0.18611111111111112,0.23971947720752312,0.40229885057471265,0.21950194388988126,0.15825242718446603,0.15906652360515022,0.2361111111111111,0.4472361809045226,0.3116883116883117,0.25,0.0,0.24214417744916822,0.8996248437157217,9.576923089373077e-13,0.0,0,-1.609437912
0.170993733213966,0.3329051479957383,0.11840021863049063,0.11386861313868613,0.7640449438202247,0.5638888888888889,0.7666666666666667,0.15046222505578577,0.25287356321839083,0.2550173373962383,0.1656957928802589,0.1459227467811159,0.7583333333333333,0.5276381909547738,0.33766233766233766,0.0,0.0,0.15711645101663585,0.30300604793835045,1.207692309262307e-25,0.0,0,-1.609437912
0.25819158460161146,0.7528324140828322,0.08824757415636905,0.09854014598540146,0.5898876404494382,0.9027777777777778,0.8388888888888889,0.11603442779725853,0.28735632183908044,0.25901019228748556,0.14498381877022654,0.13814377682403434,0.7972222222222223,0.5175879396984925,0.4025974025974026,0.0,0.0,0.08687615526802218,0.5000341848432264,1.334615386350382e-26,0.0,0,-1.609437912
0.1695613249776186,0.11256997136051552,0.18669822749685133,0.19708029197080293,0.4101123595505618,0.2916666666666667,0.275,0.22505578578259483,0.22988505747126436,0.2334769360092466,0.17702265372168285,0.1759656652360515,0.20277777777777778,0.4221105527638191,0.44155844155844154,0.25,0.0,0.1866913123844732,0.8052177168463027,7.384615394215384e-22,0.0,0,-1.609437912
0.22596239928379586,0.6229984179915399,0.3118626941261977,0.39854014598540144,0.398876404494382,0.775,0.6777777777777778,0.35447880140261395,0.5172413793103449,0.24345907323736468,0.34951456310679613,0.29747854077253216,1.0,0.4623115577889447,0.45454545454545453,0.0,0.5,0.39075785582255085,0.17340195056922655,0.12230769244724535,0.7451054471276323,1,-1.609437912
0.17761862130707248,0.1991897659160396,0.21290420575472824,0.16058394160583941,0.47752808988764045,0.38055555555555554,0.25555555555555554,0.2527892891297418,0.3448275862068966,0.30240622044762006,0.34368932038834954,0.3248390557939914,0.20277777777777778,0.47738693467336685,0.36363636363636365,0.0,0.0,0.27911275415896486,0.6277024802134794,2.68076923425423e-23,0.0,0,-1.609437912
0.14646374216651747,0.40366459609482763,0.07601562655033132,0.13905109489051096,0.6685393258426966,0.6388888888888888,0.9055555555555556,0.10168951227287217,0.13793103448275862,0.2660502259115267,0.1540453074433657,0.16416309012875535,0.8777777777777778,0.8442211055276382,0.5194805194805194,0.25,0.0,0.20517560073937152,0.12840176178902846,2.715384618914615e-24,0.0,0,-1.609437912
0.1632945389435989,0.19297537158565617,0.09651740408016687,0.2708029197080292,0.38202247191011235,0.375,0.37222222222222223,0.1255977048135161,0.632183908045977,0.2451402752968372,0.10420711974110032,0.08878755364806867,1.0,0.5376884422110553,0.42857142857142855,0.0,0.0,0.26136783733826247,0.6413412478629495,1.7153846176145767e-05,0.0,1,-1.609437912
0.18925693822739478,0.29565738130293134,0.26450926765988003,0.4759124087591241,0.38202247191011235,0.475,0.4,0.3063436404207842,0.5172413793103449,0.25102448250499104,0.3161812297734628,0.2636802575107296,1.0,0.6180904522613065,0.3116883116883117,0.0,0.5,0.4691312384473198,0.39828503267810583,0.37615384645890687,0.0,1,-1.609437912
0.24476275738585496,0.25854473227823255,0.22416193203777143,0.25,0.39325842696629215,0.4222222222222222,0.3055555555555556,0.2645839974497928,0.45977011494252873,0.26163707050541135,0.30841423948220065,0.24087982832618027,1.0,0.7638190954773869,0.2857142857142857,0.0,0.0,0.24029574861367836,0.4902560976718772,4.692307698407692e-08,0.0,1,-1.609437912
0.1043867502238138,0.7371507364199092,0.10879756909082339,0.23357664233576642,0.42696629213483145,0.9305555555555556,0.7638888888888888,0.13962384443736053,0.3563218390804598,0.2615319953766943,0.19385113268608414,0.15504291845493562,0.6388888888888888,0.6582914572864321,0.2077922077922078,0.0,0.0,0.22365988909426987,0.46186893011959884,3.453846158336154e-12,0.0,0,-1.609437912
0.3917636526410027,0.3711622813748147,0.1576700588830152,0.12408759124087591,0.6910112359550562,0.5416666666666666,0.7722222222222223,0.19381574752948677,0.22988505747126436,0.2694126300304718,0.22944983818770226,0.21566523605150215,1.0,0.1658291457286432,0.22077922077922077,0.0,0.0,0.16820702402957485,0.20565889162170678,4.5769230828730765e-25,0.0,1,-1.609437912
0.3729632945389436,0.34627233015570924,0.05668044678652521,0.0948905109489051,0.5730337078651685,0.4861111111111111,0.2111111111111111,0.07841887153331208,0.28735632183908044,0.2420930965640433,0.06634304207119741,0.0,0.14444444444444443,0.45226130653266333,0.35064935064935066,0.25,0.0,0.3345656192236599,0.26866410084259,7.576923086773051e-27,0.0,0,-1.609437912
0.10546105640107427,0.21217599123660577,0.18192169402270875,0.09963503649635036,0.6067415730337079,0.41388888888888886,0.9166666666666666,0.21995537137392412,0.14942528735632185,0.3157507617946832,0.2663430420711974,0.3634656652360515,0.925,0.36180904522613067,0.33766233766233766,0.0,0.0,0.14417744916820702,0.5987366471083806,1.576923078973074e-26,0.0,0,-1.609437912
0.12497761862130709,0.13499379581464113,0.13354920796613373,0.21094890510948905,0.3539325842696629,0.3194444444444444,0.2916666666666667,0.1673573477845075,0.2413793103448276,0.26363349795103497,0.20938511326860842,0.14753218884120173,0.30277777777777776,0.1507537688442211,0.35064935064935066,0.0,0.0,0.20073937153419594,0.7617925791139474,2.2538461567761533e-21,0.0,0,-1.609437912
0.146284691136974,0.043185434227949425,0.13470092505868458,0.1897810218978102,0.4101123595505618,0.21388888888888888,0.2972222222222222,0.16863245138667518,0.1724137931034483,0.24587580119785646,0.1563106796116505,0.1338519313304721,0.31666666666666665,0.3969849246231156,0.36363636363636365,0.0,0.0,0.4269870609981516,0.9295189516309843,4.0000000051999993e-22,0.0,0,-1.609437912
0.28522829006266787,0.9429861187293113,0.0779039158046205,0.1897810218978102,0.5617977528089888,0.09166666666666666,0.2111111111111111,0.1039209435766656,0.21839080459770116,0.24230324682147733,0.07961165048543689,0.0,0.24444444444444444,0.5628140703517588,0.4025974025974026,0.25,0.0,0.17929759704251386,0.8931421394107124,4.0000000051999993e-22,0.0,0,-1.609437912
0.3190689346463742,0.9447355275054461,0.11217589827664964,0.24452554744525548,0.37640449438202245,0.1111111111111111,0.3277777777777778,0.14344915524386356,0.28735632183908044,0.2487128296732163,0.13689320388349516,0.1174892703862661,0.35,0.6080402010050251,0.2857142857142857,0.0,0.0,0.23475046210720887,0.8961987927763929,4.115384620734615e-09,0.0,0,-1.609437912
0.19122649955237245,0.2961224854778656,0.0055382533210843335,0.04854014598540146,0.29213483146067415,0.48333333333333334,0.6444444444444445,0.00956327701625757,0.26436781609195403,0.25396658610906797,0.0313915857605178,0.05123390557939914,0.5583333333333333,0.19095477386934673,0.36363636363636365,0.0,0.0,0.03622920517560074,0.3971088839569587,5.9615384690280755e-31,0.0,0,-1.609437912
0.26911369740376007,0.31500834224685065,0.025304113793837964,0.0781021897810219,0.3202247191011236,0.48333333333333334,0.5083333333333333,0.03825310806503028,0.26436781609195403,0.25659346432699376,0.06893203883495146,0.08583690987124463,0.4888888888888889,0.19095477386934673,0.37662337662337664,0.0,0.0,0.06617375231053604,0.3489965579159569,4.269230774780509e-28,0.0,0,-1.609437912
0.25640107430617726,0.534901063973997,0.04640228126732807,0.09927007299270073,0.43258426966292135,0.6611111111111111,0.7388888888888889,0.06566783551163533,0.25287356321839083,0.2520752337921614,0.07411003236245954,0.059817596566523606,0.7055555555555556,0.4472361809045226,0.38961038961038963,0.0,0.0,0.08761552680221811,0.014075965364466637,1.4923076942476895e-26,0.0,0,-1.609437912
0.4333034914950761,0.1271171703625624,0.10487164777008558,0.17664233576642335,0.38764044943820225,0.25,0.31666666666666665,0.13516098182977368,0.16091954022988506,0.26384364820846906,0.19676375404530744,0.16255364806866954,0.32222222222222224,0.35175879396984927,0.2857142857142857,0.0,0.0,0.1789279112754159,0.7772388944221027,1.246153847773846e-22,0.0,0,-1.609437912
0.4968666069829902,0.7841452099408542,0.04691010126295866,0.12481751824817518,0.29213483146067415,0.9,0.5916666666666667,0.06630538731271916,0.5057471264367817,0.26520962488179045,0.18996763754045307,0.13814377682403434,0.55,0.35175879396984927,0.24675324675324675,0.0,0.0,0.11349353049907579,0.5736950469140117,5.000000006499999e-25,0.0,0,-1.609437912
0.5958818263205012,0.35988135954497624,0.0909944232456885,0.17883211678832117,0.2247191011235955,0.5555555555555556,0.5388888888888889,0.11922218680267772,0.26436781609195403,0.27256488389198275,0.22427184466019418,0.180793991416309,0.5416666666666666,0.628140703517588,0.44155844155844154,0.25,0.0,0.37153419593345655,0.23397851656153792,1.5192307712057689e-22,0.0,0,-1.609437912
0.29239033124440467,0.593709871962098,0.11274011896492399,0.17153284671532848,0.34269662921348315,0.7,0.7,0.14408670704494742,0.11494252873563218,0.2622675212777135,0.17993527508090615,0.1671137339055794,0.6833333333333333,0.44221105527638194,0.2857142857142857,0.0,0.0,0.16081330868761554,0.10675756069262937,7.73076924081923e-23,0.0,0,-1.609437912
0.26732318710832587,0.6573353264735792,0.35166526481146904,0.1927007299270073,0.651685393258427,0.7916666666666666,0.8055555555555556,0.39432578897035386,0.6551724137931034,0.22170852159293894,0.34563106796116505,0.3186695278969957,1.0,0.08040201005025126,0.2987012987012987,0.0,0.0,0.1822550831792976,0.2591433909833701,5.1153846220346145e-22,0.0,1,-1.609437912
0.333034914950761,0.6342855185537593,0.044630294432277555,0.08759124087591241,0.30337078651685395,0.7361111111111112,0.35555555555555557,0.06343640420784188,0.25287356321839083,0.2528107596931806,0.0941747572815534,0.0802038626609442,0.35,0.18090452261306533,0.2987012987012987,0.5,0.0,0.1866913123844732,0.200993647420786,2.300000002989974e-27,0.0,0,-1.609437912
0.2734109221128021,0.7108446417705724,0.12152683292152548,0.15182481751824817,0.4606741573033708,0.8583333333333333,0.7555555555555555,0.1539687599617469,0.19540229885057472,0.24167279604917516,0.12815533980582525,0.1046137339055794,0.7222222222222222,0.5175879396984925,0.4025974025974026,0.5,0.0,0.28872458410351204,0.39619703799453754,1.096153847578846e-23,0.0,0,-1.609437912
0.18137869292748435,0.5924091262224984,0.15649731874086042,0.15875912408759124,0.5224719101123596,0.7638888888888888,0.8194444444444444,0.1925406439273191,0.22988505747126436,0.2529158348218976,0.2058252427184466,0.17006437768240343,0.7222222222222222,0.7587939698492462,0.2597402597402597,0.25,0.0,0.1478743068391867,0.10402202306237765,2.2346153875203846e-23,0.0,0,-1.609437912
0.3017009847806625,0.8510907657294825,0.13700775526639875,0.21350364963503649,0.29775280898876405,0.013888888888888888,0.5222222222222223,0.1711826585910105,0.22988505747126436,0.25323106020804875,0.18414239482200648,0.15450643776824036,0.49166666666666664,0.4472361809045226,0.23376623376623376,0.0,0.0,0.2033271719038817,0.7190632894731765,2.746153849723846e-21,0.0,0,-1.609437912
0.1382273948075201,0.6085455633906752,0.11896798876498998,0.24452554744525548,0.6460674157303371,0.7638888888888888,0.8333333333333334,0.15109977685686962,0.45977011494252873,0.2756120626247767,0.28802588996763756,0.20386266094420602,0.8694444444444445,0.2562814070351759,0.2597402597402597,0.0,0.0,0.23475046210720887,0.13943517721812923,4.115384620734615e-09,0.0,0,-1.609437912
0.22739480752014324,0.1682884309833419,0.18669822749685133,0.2737226277372263,0.6179775280898876,0.33055555555555555,0.17222222222222222,0.22505578578259483,0.22988505747126436,0.2698329305453399,0.2941747572815534,0.22639484978540772,0.14166666666666666,0.33668341708542715,0.23376623376623376,0.0,0.0,0.2643253234750462,0.6941102115245168,3.0192307731556507e-05,0.0,0,-1.609437912
0.11674127126230974,0.5734635971165509,0.10964101839247321,0.20474452554744527,0.4101123595505618,0.7527777777777778,0.45,0.1405801721389863,0.40229885057471265,0.2543868866239361,0.1563106796116505,0.13492489270386265,0.44166666666666665,0.2914572864321608,0.2987012987012987,0.0,0.0,0.2975970425138632,0.06708505685296326,1.3807692325642307e-21,0.0,0,-1.609437912
0.6386750223813787,0.38333841964850346,0.09430361080917798,0.1678832116788321,0.6797752808988764,0.525,0.9388888888888889,0.12304749760918074,0.3448275862068966,0.26195229589156244,0.19967637540453073,0.14163090128755365,0.9027777777777778,0.5979899497487438,0.2077922077922078,0.0,0.0,0.15711645101663585,0.17579139525820234,5.461538468638461e-23,0.0,0,-1.609437912
0.3339301700984781,0.5793583991040525,0.13643062574049616,0.20912408759124088,0.46629213483146065,0.7166666666666667,0.7527777777777778,0.17054510678992668,0.26436781609195403,0.25396658610906797,0.18964401294498381,0.15396995708154507,0.7972222222222223,0.24623115577889448,0.19480519480519481,0.0,0.0,0.1988909426987061,0.07794922129526921,1.9538461563861534e-21,0.0,0,-1.609437912
0.09937332139659803,0.2525909765844015,0.12437733481459816,0.20072992700729927,0.3707865168539326,0.4583333333333333,0.37777777777777777,0.1571565189671661,0.42528735632183906,0.2502889566039718,0.16116504854368932,0.13304721030042918,1.0,0.39195979899497485,0.4025974025974026,0.5,0.0,0.19038817005545286,0.5046128013517482,9.96153847448846e-22,0.0,1,-1.609437912
0.4739480752014325,0.6815606885310227,0.11471747625475197,0.16897810218978102,0.702247191011236,0.775,0.8583333333333333,0.14631813834874083,0.367816091954023,0.2528107596931806,0.15922330097087378,0.13143776824034334,0.8666666666666667,0.40703517587939697,0.2077922077922078,0.0,0.0,0.3345656192236599,0.321370366934244,6.076923084823077e-23,0.0,0,-1.609437912
0.17421665174574755,0.31756325196991697,0.07493910686518368,0.12956204379562045,0.6910112359550562,0.5138888888888888,0.9555555555555556,0.10041440867070449,0.2413793103448276,0.24997373121782074,0.09902912621359224,0.07859442060085838,0.8916666666666667,0.2914572864321608,0.18181818181818182,0.0,0.0,0.11829944547134935,0.3424456173254731,8.96153847318846e-25,0.0,0,-1.609437912
0.21754700089525514,0.813378649011454,0.09154498183284099,0.09306569343065693,0.4606741573033708,0.9722222222222222,0.6055555555555555,0.11985973860376156,0.28735632183908044,0.2615319953766943,0.16245954692556636,0.14458154506437768,0.6444444444444445,0.47738693467336685,0.23376623376623376,0.0,0.0,0.08133086876155268,0.6392140647347914,5.653846161196128e-27,0.0,0,-1.609437912
0.16257833482542527,0.7978828785505835,0.1974953130408052,0.3248175182481752,0.43820224719101125,0.9722222222222222,0.6111111111111112,0.23653171820210392,0.2413793103448276,0.23578858884102133,0.21067961165048543,0.17113733905579398,1.0,0.4271356783919598,0.2597402597402597,0.25,0.5,0.39371534195933455,0.6048810394317323,0.0077692307792522975,0.0,1,-1.609437912
0.155237242614145,0.6478623400468346,0.12723542090364667,0.21532846715328466,0.3258426966292135,0.8055555555555556,0.6583333333333333,0.16034427797258527,0.1724137931034483,0.24881790480193336,0.16051779935275082,0.13063304721030042,0.65,0.6130653266331658,0.11688311688311688,0.0,0.0,0.20517560073937152,0.23503207905567558,3.161538465648461e-21,0.0,0,-1.609437912
0.06535362578334826,0.04971322277932829,0.14308431207155703,0.21532846715328466,0.5449438202247191,0.26666666666666666,0.21666666666666667,0.17787695250239083,0.3448275862068966,0.24419459913838393,0.15792880258899678,0.13948497854077252,0.25,0.4824120603015075,0.4935064935064935,0.0,0.0,0.20517560073937152,0.918430005551328,3.161538465648461e-21,0.0,0,-1.609437912
0.5412712623097582,0.2679055928233095,0.20866152599616475,0.35766423357664234,0.42696629213483145,0.38333333333333336,0.2972222222222222,0.24832642652215492,0.45977011494252873,0.24535042555427128,0.24433656957928804,0.20386266094420602,1.0,0.5527638190954773,0.38961038961038963,0.0,0.5,0.34935304990757854,0.4674457832520574,0.03803846158603053,0.0,1,-1.609437912
0.3810205908683975,0.8323609870525291,0.05434635913040188,0.23357664233576642,0.5337078651685393,0.9583333333333334,0.15555555555555556,0.07554988842843481,0.22988505747126436,0.2589051171587685,0.13236245954692558,0.10997854077253219,0.18055555555555555,0.5326633165829145,0.44155844155844154,0.0,0.0,0.22365988909426987,0.6800564558199447,3.453846158336154e-12,0.0,0,-1.609437912
0.1504028648164727,0.06466464052797713,0.06243459150554101,0.09416058394160584,0.6348314606741573,0.19444444444444445,0.19444444444444445,0.0854319413452343,0.22988505747126436,0.2538615109803509,0.10485436893203884,0.08771459227467811,0.18055555555555555,0.5527638190954773,0.2727272727272727,0.25,0.0,0.19408502772643252,0.8925764916681471,6.730769239519204e-27,0.0,0,-1.609437912
0.17457475380483437,0.1795350091799699,0.18460678239347658,0.3284671532846715,0.550561797752809,0.3611111111111111,0.21666666666666667,0.2228243544788014,0.3793103448275862,0.2520752337921614,0.23398058252427184,0.19393776824034334,0.18611111111111112,0.4120603015075377,0.3116883116883117,0.25,0.5,0.37153419593345655,0.6703485548322906,0.00969230770478557,0.0,0,-1.609437912
0.06410026857654434,0.2568754092748295,0.12752164107591868,0.19708029197080293,0.6910112359550562,0.4777777777777778,0.044444444444444446,0.16066305387312718,0.45977011494252873,0.2518650835347273,0.16957928802588998,0.14109442060085836,0.975,0.3015075376884422,0.18181818181818182,0.0,0.0,0.1866913123844732,0.4942935497159573,7.384615394215384e-22,0.0,0,-1.609437912
0.2646374216651746,0.11925372750642252,0.07467026465252999,0.09306569343065693,0.5112359550561798,0.28055555555555556,0.3138888888888889,0.10009563277016258,0.22988505747126436,0.24461489965325203,0.09579288025889968,0.0,0.2972222222222222,0.271356783919598,0.38961038961038963,0.0,0.0,0.08133086876155268,0.7924501921497595,5.653846161196128e-27,0.0,0,-1.609437912
0.13017009847806624,0.44608549364640865,0.07279162986835713,0.14963503649635038,0.38202247191011235,0.6833333333333333,0.6916666666666667,0.09786420146636914,0.28735632183908044,0.25648838919827677,0.13300970873786408,0.10836909871244635,0.6722222222222223,0.1407035175879397,0.42857142857142855,0.0,0.0,0.13863216266173753,0.04665864989766675,8.692307703607692e-24,0.0,0,-1.609437912
0.13339301700984782,0.9526902121584211,0.11358706717510807,0.23357664233576642,0.47191011235955055,0.13333333333333333,0.275,0.14504303474657315,0.28735632183908044,0.26972785541662286,0.2284789644012945,0.1781115879828326,0.2638888888888889,0.31155778894472363,0.2857142857142857,0.0,0.0,0.2975970425138632,0.9099859798527573,3.453846158336154e-12,0.0,0,-1.609437912
0.09901521933751121,0.01845348644475171,0.12181153763218736,0.2281021897810219,0.4606741573033708,0.2222222222222222,0.30277777777777776,0.1542875358622888,0.28735632183908044,0.2566985394557108,0.18770226537216828,0.14753218884120173,0.18055555555555555,0.8190954773869347,0.16883116883116883,0.0,0.0,0.21811460258780038,0.9704785794613053,1.511538463503461e-14,0.0,0,-1.609437912
0.24834377797672336,0.37307061532539476,0.17597085590277423,0.14124087591240875,0.5112359550561798,0.5333333333333333,0.8222222222222222,0.21357985336308574,0.2988505747126437,0.25732899022801303,0.23106796116504855,0.20278969957081544,0.7833333333333333,0.6432160804020101,0.18181818181818182,0.0,0.0,0.13012939001848428,0.20092292469458461,3.4769230814430766e-24,0.0,0,-1.609437912
0.06947179946284693,0.762484913682035,0.18102765129714246,0.24233576642335766,0.6067415730337079,0.9694444444444444,0.9083333333333333,0.2189990436722984,0.4482758620689655,0.2823368708626668,0.2766990291262136,0.2677038626609442,1.0,0.6633165829145728,0.4805194805194805,0.25,0.0,0.23253234750462107,0.5231140827016593,1.319230770945769e-09,0.0,1,-1.609437912
0.41754700089525515,0.12840179738515936,0.06798775203986987,0.15145985401459855,0.2808988764044944,0.21666666666666667,0.35833333333333334,0.0921262352566146,0.12643678160919541,0.2351581380687191,0.030744336569579287,0.0,0.35833333333333334,0.3165829145728643,0.44155844155844154,0.0,0.0,0.14048059149722736,0.7747341002004487,1.0538461552161538e-23,0.0,0,-1.609437912
0.22112802148612354,0.16395818094819092,0.14366459902234505,0.19598540145985402,0.15730337078651685,0.18333333333333332,0.41388888888888886,0.17851450430347465,0.3103448275862069,0.26321319743616683,0.2407766990291262,0.1791845493562232,0.4166666666666667,0.3015075376884422,0.4155844155844156,0.0,0.0,0.1866913123844732,0.7031363081266221,6.730769239519229e-22,0.0,0,-1.609437912
0.24494180841539842,0.5840686426263366,0.10992233695977531,0.17153284671532848,0.33707865168539325,0.675,0.6527777777777778,0.1408989480395282,0.3218390804597701,0.24913313018808447,0.13527508090614887,0.11668454935622317,0.6277777777777778,0.3969849246231156,0.42857142857142855,0.0,0.0,0.17597042513863217,0.08705572424884966,7.73076924081923e-23,0.0,0,-1.609437912
0.443509400179051,0.6077129648728262,0.09237155339567615,0.12408759124087591,0.5955056179775281,0.7166666666666667,0.8138888888888889,0.12081606630538731,0.20689655172413793,0.24839760428706525,0.10453074433656957,0.10032188841201717,0.8083333333333333,0.3417085427135678,0.33766233766233766,0.5,0.0,0.22365988909426987,0.13753612652685504,4.5769230828730765e-25,0.0,0,-1.609437912
0.11727842435094002,0.3815253669183698,0.12209631952697043,0.2518248175182482,0.4157303370786517,0.5833333333333334,0.6527777777777778,0.15460631176283074,0.14942528735632185,0.2464011768414416,0.14466019417475728,0.11883047210300429,0.6722222222222223,0.5728643216080402,0.2857142857142857,0.0,0.0,0.24214417744916822,0.18018151839578508,9.500000012349997e-08,0.0,0,-1.609437912
0.12658907788719784,0.6479276054340546,0.07898540530487679,0.10583941605839416,0.21910112359550563,0.7388888888888889,0.6027777777777777,0.10519604717883328,0.14942528735632185,0.25711883997057894,0.13300970873786408,0.11963519313304721,0.5861111111111111,0.5226130653266332,0.18181818181818182,0.0,0.0,0.09426987060998152,0.2351973725300788,3.92307692817692e-26,0.0,0,-1.609437912
0.3693822739480752,0.7024455067629443,0.22172239965464932,0.18065693430656934,0.29775280898876405,0.8194444444444444,0.6444444444444445,0.2620337902454574,0.5172413793103449,0.3208994431018178,0.4867313915857605,0.3438841201716738,0.5861111111111111,0.5829145728643216,0.23376623376623376,0.0,0.0,0.17005545286506468,0.3748725543426943,1.7923076946376924e-22,0.0,0,-1.609437912
0.3410922112802149,0.5729539548506987,0.08989448886588906,0.10583941605839416,0.4044943820224719,0.6944444444444444,0.6527777777777778,0.11794708320051005,0.19540229885057472,0.24965850583166962,0.11715210355987055,0.0930793991416309,0.6333333333333333,0.5226130653266332,0.2077922077922078,0.0,0.0,0.11090573012939002,0.06617510772593722,3.92307692817692e-26,0.0,0,-1.609437912
0.8030438675022381,0.3224054577450724,0.04387348027228696,0.08759124087591241,0.43820224719101125,0.41388888888888886,0.2777777777777778,0.06248007650621613,0.28735632183908044,0.25333613533676574,0.0744336569579288,0.0713519313304721,0.25833333333333336,0.3869346733668342,0.22077922077922077,0.0,0.0,0.07578558225508318,0.330012002510745,2.300000002989974e-27,0.0,0,-1.609437912
0.4359892569382274,0.36147639446456004,0.1203887889507767,0.20072992700729927,0.25280898876404495,0.5472222222222223,0.5277777777777778,0.1526936563595792,0.26436781609195403,0.250814332247557,0.15598705501618124,0.13277896995708155,0.5,0.3969849246231156,0.23376623376623376,0.0,0.0,0.19038817005545286,0.22994522197686906,9.96153847448846e-22,0.0,0,-1.609437912
0.11674127126230974,0.8812660104553872,0.30112753232814365,0.27007299270072993,0.2752808988764045,0.11944444444444445,0.35555555555555557,0.3436404207841887,0.25287356321839083,0.2633182725648839,0.3812297734627832,0.302843347639485,0.3416666666666667,0.5226130653266332,0.19480519480519481,0.0,0.0,0.26062846580406657,0.7792929485771444,1.480769232694202e-05,0.0,0,-1.609437912
0.17851387645478958,0.19830571587137902,0.154447432661987,0.13722627737226278,0.8764044943820225,0.2777777777777778,0.06666666666666667,0.19030921262352565,0.21839080459770116,0.2556477881685405,0.21423948220064726,0.1746244635193133,0.06111111111111111,0.5728643216080402,0.7922077922077922,0.0,0.0,0.2066543438077634,0.6296514874397059,2.2038461567111538e-24,0.0,0,-1.609437912
0.2832587287376902,0.15490731570616498,0.14337442191419655,0.15985401459854015,0.24719101123595505,0.26666666666666666,0.29444444444444445,0.17819572840293274,0.39080459770114945,0.23852054218766416,0.14336569579288025,0.12741416309012876,0.4305555555555556,0.678391959798995,0.7792207792207793,0.5,0.0,0.14898336414048058,0.7217841373127942,2.492307695547692e-23,0.0,0,-1.609437912
0.30940017905102957,0.30901463816214564,0.05022708111648242,0.14233576642335766,0.4438202247191011,0.4583333333333333,0.6083333333333333,0.0704494740197641,0.5172413793103449,0.26846695387201847,0.10647249190938511,0.1671137339055794,1.0,0.4824120603015075,0.7922077922077922,0.25,0.0,0.13123844731977818,0.3643316467198227,3.923076928176923e-24,0.0,1,-1.609437912
0.36383169203222915,0.7380715274797339,0.06454333990342552,0.11496350364963503,0.25842696629213485,0.8611111111111112,0.6055555555555555,0.08798214854956965,0.16091954022988506,0.2549122622675213,0.10679611650485436,0.09951716738197425,0.5944444444444444,0.4723618090452261,0.8181818181818182,0.25,0.0,0.2199630314232902,0.4641317916336466,1.4000000018199995e-25,0.0,0,-1.609437912
0.08988361683079675,0.09343606549851376,0.1741899863207404,0.2321167883211679,0.4887640449438202,0.3055555555555556,0.25555555555555554,0.21166719795983424,0.16091954022988506,0.24619102658400754,0.21003236245954693,0.16765021459227467,0.2722222222222222,0.5577889447236181,0.5844155844155844,0.0,0.0,0.222181146025878,0.8409662115693017,9.576923089373077e-13,0.0,0,-1.609437912
0.3222918531781558,0.915052049962354,0.0827844216035238,0.19343065693430658,0.37640449438202245,0.06666666666666667,0.2861111111111111,0.10965890978642015,0.3563218390804598,0.2576442156141641,0.14045307443365695,0.12473175965665236,0.36944444444444446,0.37185929648241206,0.38961038961038963,0.0,0.0,0.18299445471349354,0.8430970283280049,5.461538468638461e-22,0.0,0,-1.609437912
0.3342882721575649,0.34959946446571427,0.08687791834979113,0.20072992700729927,0.550561797752809,0.49444444444444446,0.04722222222222222,0.11444054829454893,0.40229885057471265,0.2487128296732163,0.10938511326860842,0.08610515021459228,0.14722222222222223,0.7336683417085427,0.33766233766233766,0.0,0.0,0.3038817005545287,0.26014755428134995,9.96153847448846e-22,0.0,0,-1.609437912
0.18746642793196058,0.3119231393857626,0.05176716694092649,0.10547445255474452,0.24157303370786518,0.5166666666666667,0.5638888888888889,0.07236212942301562,0.22988505747126436,0.2617421456341284,0.13300970873786408,0.12821888412017168,0.625,0.4472361809045226,0.3246753246753247,0.0,0.0,0.09390018484288355,0.35689647822764164,3.738461543321536e-26,0.0,0,-1.609437912
0.14556848701880037,0.15744069491416116,0.10068434472553434,0.145985401459854,0.7752808988764045,0.2833333333333333,0.12222222222222222,0.13037934332164489,0.22988505747126436,0.2594304928023537,0.1889967637540453,0.13492489270386265,0.08333333333333333,0.2814070351758794,0.3246753246753247,0.0,0.0,0.13493530499075784,0.7165940898562846,5.8846153922653844e-24,0.0,0,-1.609437912
0.3280214861235452,0.9322147534999954,0.1309620360957006,0.20510948905109488,0.33707865168539325,0.125,0.3888888888888889,0.1644883646796302,0.3333333333333333,0.2504991068614059,0.16601941747572815,0.14243562231759657,0.325,0.25125628140703515,0.33766233766233766,0.5,0.0,0.19482439926062847,0.8741234772071567,1.4230769249269228e-21,0.0,0,-1.609437912
0.155237242614145,0.1797065785230634,0.25273066459094595,0.29854014598540146,0.601123595505618,0.3638888888888889,0.1527777777777778,0.2942301562001913,0.5402298850574713,0.23431753703898286,0.2605177993527508,0.2371244635193133,1.0,0.35678391959798994,0.36363636363636365,0.25,0.0,0.28946395563770794,0.669982475532699,0.0009423076935315377,0.9525215592500619,1,-1.609437912
0.33267681289167417,0.8520541004258018,0.03030665244688621,0.17554744525547444,0.34831460674157305,0.9972222222222222,0.825,0.04494740197641058,0.25287356321839083,0.2331617106230955,0.04271844660194175,0.0,0.8222222222222222,0.36683417085427134,0.2727272727272727,0.25,0.0,0.17929759704251386,0.7210353997300933,1.1269230783880768e-22,0.0,0,-1.609437912
0.24440465532676814,0.18967782390346483,0.14047637039100777,0.24124087591240875,0.37640449438202245,0.35,0.3111111111111111,0.17500796939751354,0.27586206896551724,0.2248607754544499,0.09805825242718447,0.08369098712446352,0.325,0.678391959798995,0.5064935064935064,0.75,0.0,0.244362292051756,0.6485200488385207,7.153846163146153e-10,0.0,0,-1.609437912
0.1409131602506714,0.7359848637401682,0.05720073857109382,0.11569343065693431,0.7134831460674157,0.9111111111111111,0.9222222222222223,0.07905642333439591,0.3333333333333333,0.2494483555742356,0.07831715210355987,0.04345493562231759,0.8861111111111111,0.8844221105527639,0.4155844155844156,0.0,0.0,0.10868761552680221,0.45900000665862073,1.5423076943126915e-25,0.0,0,-1.609437912
0.4069829901521934,0.6404977662617874,0.18999009779318288,0.21788321167883212,0.23595505617977527,0.6777777777777778,0.6,0.22856232068855595,0.40229885057471265,0.2405169696332878,0.2045307443365696,0.17945278969957082,0.55,0.964824120603015,0.6623376623376623,0.0,0.0,0.2077634011090573,0.21647443983225584,3.8384615434515375e-21,0.0,0,-1.609437912
0.19283795881826318,0.7127099100987607,0.08961975310832575,0.24817518248175183,0.4044943820224719,0.8777777777777778,0.9611111111111111,0.11762830729996812,0.5517241379310345,0.25554271303982345,0.13365695792880258,0.12473175965665236,1.0,0.36180904522613067,0.6493506493506493,0.0,0.0,0.23844731977818853,0.40091246242464185,2.219230772115769e-08,0.0,1,-1.609437912
0.05371530886302596,0.14172895370962335,0.14105543688017966,0.23503649635036497,0.3595505617977528,0.35555555555555557,0.3111111111111111,0.1756455211985974,0.22988505747126436,0.25070925711883996,0.17993527508090615,0.1515557939914163,0.31666666666666665,0.36683417085427134,0.42857142857142855,0.25,0.0,0.31608133086876156,0.748415877226378,1.1269230783880767e-11,0.0,0,-1.609437912
0.03706356311548789,0.4391352902897005,0.12609128568485686,0.21751824817518248,0.5056179775280899,0.6666666666666666,0.7555555555555555,0.1590691743704176,0.3793103448275862,0.25417673636650207,0.1773462783171521,0.14619098712446352,0.7638888888888888,0.7437185929648241,0.5324675324675324,0.5,0.0,0.2680221811460259,0.0579106067779273,3.734615389470384e-21,0.0,0,-1.609437912
0.1115487914055506,0.3993688634897556,0.2691746939028033,0.36496350364963503,0.3202247191011236,0.6416666666666667,0.6555555555555556,0.31112527892891295,0.40229885057471265,0.23620888935588943,0.283495145631068,0.252950643776824,0.5944444444444444,0.7587939698492462,0.4155844155844156,0.0,0.5,0.3567467652495379,0.1380959300107668,0.04923076929161845,0.9228551104343614,0,-1.609437912
0.1276633840644584,0.0815649343224696,0.09430361080917798,0.11131386861313869,0.5,0.28055555555555556,0.025,0.12304749760918074,0.22988505747126436,0.25585793842597454,0.15436893203883495,0.12151287553648069,0.9916666666666667,0.6934673366834171,0.4155844155844156,0.0,0.0,0.09981515711645102,0.8625651244740936,8.500000011049995e-26,0.0,0,-1.609437912
0.1468218442256043,0.28854502915310515,0.09071929141274969,0.34306569343065696,0.4438202247191011,0.4777777777777778,0.6027777777777777,0.1189034109021358,0.40229885057471265,0.23442261216769988,0.09805825242718447,0.0,1.0,0.7236180904522613,0.4155844155844156,0.0,0.0,0.3345656192236599,0.41620732785389175,0.020730769257160536,0.0,1,-1.609437912
0.1480752014324082,0.38703554773340576,0.062171595645669826,0.12007299270072992,0.33146067415730335,0.6027777777777777,0.6138888888888889,0.08511316544469238,0.26436781609195403,0.26069139434695804,0.1576051779935275,0.12017167381974249,0.6111111111111112,0.6633165829145728,0.4025974025974026,0.0,0.0,0.1733826247689464,0.16691086816102382,2.738461542021538e-25,0.7765164180253714,0,-1.609437912
0.04440465532676815,0.5880315354341255,0.09126965343819837,0.15328467153284672,0.651685393258427,0.7555555555555555,0.8388888888888889,0.11954096270321964,0.2413793103448276,0.26163707050541135,0.18414239482200648,0.14216738197424894,0.8472222222222222,0.49246231155778897,0.4025974025974026,0.0,0.0,0.1423290203327172,0.09498920263908356,1.2730769247319229e-23,0.0,0,-1.609437912
0.19749328558639215,0.10293605149980105,0.2092670402286256,0.23357664233576642,0.43820224719101125,0.2777777777777778,0.2916666666666667,0.24896397832323877,0.45977011494252873,0.2248607754544499,0.22524271844660193,0.12580472103004292,0.38055555555555554,0.5477386934673367,0.3116883116883117,0.25,0.0,0.22365988909426987,0.8233637893200823,3.453846158336154e-12,0.0,0,-1.609437912
0.05675917636526408,0.6081900065483067,0.09596338897473944,0.16058394160583941,0.3089887640449438,0.7694444444444445,0.6527777777777778,0.12496015301243225,0.40229885057471265,0.250919407376274,0.12750809061488674,0.10783261802575107,0.6583333333333333,0.6180904522613065,0.24675324675324675,0.0,0.0,0.2088724584103512,0.13862334094540824,2.68076923425423e-23,0.0,0,-1.609437912
0.20626678603401968,0.29713745831081284,0.04061267668312601,0.07956204379562044,0.3146067415730337,0.4777777777777778,0.5111111111111111,0.058335989799171185,0.1724137931034483,0.25123463276242514,0.0634304207119741,0.04345493562231759,0.5305555555555556,0.3869346733668342,0.2857142857142857,0.25,0.0,0.10942698706099815,0.3945405619114781,5.615384622684355e-28,0.0,0,-1.609437912
0.1498657117278424,0.8267775085208557,0.03078872518547103,0.1375912408759124,0.38202247191011235,0.008333333333333333,0.5222222222222223,0.04558495377749442,0.367816091954023,0.25837974151518334,0.09449838187702266,0.10139484978540772,0.48055555555555557,0.36683417085427134,0.2987012987012987,0.0,0.0,0.12643253234750462,0.6681811244704463,2.30000000299e-24,0.0,0,-1.609437912
0.11727842435094002,0.7907831185805851,0.07225593558110115,0.15145985401459855,0.6910112359550562,0.9861111111111112,0.9472222222222222,0.09722664966528531,0.40229885057471265,0.26142692024797726,0.17928802588996764,0.12741416309012876,0.9333333333333333,0.4271356783919598,0.2727272727272727,0.0,0.0,0.14048059149722736,0.5888514181113554,1.0538461552161538e-23,0.0,0,-1.609437912
0.3196060877350045,0.17458319056179972,0.2434739621542853,0.30656934306569344,0.7415730337078652,0.2916666666666667,0.11944444444444445,0.2846668791839337,0.3103448275862069,0.2518650835347273,0.29579288025889966,0.2459763948497854,1.0,0.32663316582914576,0.4675324675324675,0.0,0.0,0.2975970425138632,0.6808677106449776,0.0020153846179993347,0.0,1,-1.609437912
0.2891674127126231,0.6108295105860285,0.13268616972025432,0.21532846715328466,0.3258426966292135,0.7194444444444444,0.6666666666666666,0.16640102008288174,0.28735632183908044,0.2683618787433015,0.2453074433656958,0.1896459227467811,0.6638888888888889,0.678391959798995,0.7012987012987013,0.0,0.0,0.20517560073937152,0.14467984198302794,3.161538465648461e-21,0.0,0,-1.609437912
0.09095792300805731,0.46332178682046415,0.12981406426324668,0.09562043795620438,0.5730337078651685,0.7,0.7916666666666666,0.16321326107746253,0.13793103448275862,0.2593254176736366,0.18673139158576052,0.1719420600858369,0.7555555555555555,0.7537688442211056,0.6623376623376623,0.75,0.0,0.37153419593345655,0.02339558592863852,8.500000011049974e-27,0.0,0,-1.609437912
0.20268576544315128,0.1806758179474362,0.08551081839639647,0.15182481751824817,0.2808988764044944,0.33611111111111114,0.4666666666666667,0.11284666879183934,0.40229885057471265,0.2495534307029526,0.11521035598705502,0.08449570815450644,0.4638888888888889,0.6532663316582915,0.7012987012987013,0.0,0.0,0.14085027726432534,0.6679123626788133,1.096153847578846e-23,0.0,0,-1.609437912
0.08809310653536256,0.230908777441296,0.1223811784090768,0.20510948905109488,0.7528089887640449,0.43333333333333335,0.06111111111111111,0.15492508766337265,0.39080459770114945,0.25396658610906797,0.17281553398058253,0.14216738197424894,0.06666666666666667,0.6130653266331658,0.7012987012987013,0.0,0.0,0.55637707948244,0.5558483185148176,1.4230769249269228e-21,0.0,0,-1.609437912
0.18299015219337508,0.29333237680140534,0.09402731412969859,0.17153284671532848,0.43258426966292135,0.4722222222222222,0.3611111111111111,0.12272872170863883,0.25287356321839083,0.24713670274246083,0.11909385113268608,0.0815450643776824,1.0,0.8341708542713567,0.7402597402597403,0.25,0.5,0.7412199630314233,0.4041570636479131,7.73076924081923e-23,0.0,1,-1.609437912
0.18495971351835275,0.9599470146499173,0.041612699976907655,0.10474452554744526,0.398876404494382,0.1527777777777778,0.25,0.05961109340133886,0.09195402298850575,0.25753914048544707,0.0825242718446602,0.10515021459227468,0.25277777777777777,0.6381909547738693,0.7272727272727273,0.25,0.0,0.15748613678373383,0.9224062203547989,3.361538465908459e-26,0.0,0,-1.609437912
0.3393017009847807,0.7270079336872927,0.20412643712682993,0.3613138686131387,0.3539325842696629,0.8583333333333333,0.6277777777777778,0.24354478801402615,0.27586206896551724,0.2183461174739939,0.17055016181229773,0.13707081545064378,0.7416666666666667,0.7688442211055276,0.974025974025974,0.0,0.5,0.35304990757855825,0.43677324646025734,0.043461538515582876,0.0,0,-1.609437912
0.22685765443151296,0.8277771146321232,0.07952681468074185,0.10583941605839416,0.12921348314606743,0.13055555555555556,0.14444444444444443,0.10583359897991712,0.28735632183908044,0.2486077545444993,0.1087378640776699,0.06679184549356224,0.17222222222222222,0.5326633165829145,0.974025974025974,0.25,0.0,0.20517560073937152,0.6703155758210984,3.92307692817692e-26,0.0,0,-1.609437912
0.16705461056401077,0.18760367521091367,0.20080781818327964,0.28868613138686133,0.33707865168539325,0.3638888888888889,0.12222222222222222,0.24003825310806504,0.6666666666666666,0.24041189450457073,0.2181229773462783,0.19098712446351931,1.0,0.6381909547738693,1.0,0.25,0.0,0.27948243992606286,0.6530148149674927,0.00030384615424103377,0.5960253098963924,1,-1.609437912
0.29776186213070727,0.5841098479900928,0.09873719535637014,0.17518248175182483,0.6404494382022472,0.6833333333333333,0.8083333333333333,0.12814791201785145,0.20689655172413793,0.2437742986235158,0.1022653721682848,0.08530042918454936,0.8666666666666667,0.7738693467336684,0.7922077922077922,0.5,0.0,0.2975970425138632,0.0871369685963179,1.0884615398765384e-22,0.0,0,-1.609437912
0.18621307072515667,0.7597499474834961,0.18102765129714246,0.1897810218978102,0.702247191011236,0.9277777777777778,0.9638888888888889,0.2189990436722984,0.42528735632183906,0.23326678575181253,0.18543689320388348,0.14619098712446352,0.7722222222222223,0.5577889447236181,0.7142857142857143,0.25,0.0,0.17929759704251386,0.5166075242658941,4.0000000051999993e-22,0.0,0,-1.609437912
0.162041181736795,0.36597447010915174,0.12694927516032575,0.21897810218978103,0.30337078651685395,0.5805555555555556,0.5777777777777777,0.16002550207204336,0.6551724137931034,0.247662078386046,0.14789644012944983,0.1343884120171674,0.6472222222222223,0.7236180904522613,0.7142857142857143,0.0,0.0,0.2088724584103512,0.2186193345138403,4.1538461592461534e-21,0.0,0,-1.609437912
0.20590868397493287,0.588373994977371,0.06639534537860264,0.09671532846715329,0.43820224719101125,0.75,0.7416666666666667,0.09021357985336309,0.45977011494252873,0.25732899022801303,0.11488673139158576,0.11534334763948498,0.7138888888888889,0.6834170854271356,0.6103896103896104,0.0,0.0,0.08502772643253234,0.09568589830725432,1.007692309002305e-26,0.0,0,-1.609437912
0.12712623097582812,0.08446287762019324,0.1834128636133288,0.24817518248175183,0.42696629213483145,0.2777777777777778,0.26944444444444443,0.2215492508766337,0.5977011494252874,0.2500788063465378,0.22653721682847897,0.1896459227467811,1.0,0.6683417085427136,0.5064935064935064,0.25,0.0,0.24731977818853973,0.8573325613886662,2.219230772115769e-08,0.6313636245589609,1,-1.609437912
0.051387645478961484,0.10019653690313268,0.066925642445155,0.06861313868613139,0.28651685393258425,0.24444444444444444,0.35833333333333334,0.09085113165444693,0.20689655172413793,0.2405169696332878,0.04789644012944984,0.0,0.3527777777777778,0.5477386934673367,0.6363636363636364,0.25,0.0,0.10536044362292052,0.8284692127102266,6.692307701005088e-29,0.0,0,-1.609437912
0.7305282005371531,0.781947292252075,0.0995711404233909,0.0843065693430657,0.7696629213483146,0.8805555555555555,0.5944444444444444,0.1291042397194772,0.22988505747126436,0.267100977198697,0.2255663430420712,0.164431330472103,0.5972222222222222,0.5879396984924623,0.42857142857142855,0.25,0.0,0.1855822550831793,0.5686405831841412,1.3076923093922817e-27,0.0,0,-1.609437912
0.21575649059982094,0.0962849981360307,0.0995711404233909,0.12956204379562045,0.3539325842696629,0.24444444444444444,0.31666666666666665,0.1291042397194772,0.4482758620689655,0.23547336345487022,0.0825242718446602,0.0,0.25833333333333336,0.6381909547738693,0.7142857142857143,0.0,0.0,0.24029574861367836,0.8357174491856789,8.96153847318846e-25,0.0,0,-1.609437912
0.09006266786034021,0.6108488247729045,0.07038477037782975,0.19124087591240876,0.398876404494382,0.8027777777777778,0.6888888888888889,0.09499521836149187,0.16091954022988506,0.25806451612903225,0.12588996763754046,0.12017167381974249,0.7083333333333334,0.6633165829145728,0.7012987012987013,0.25,0.5,0.3900184842883549,0.14472440896372604,4.538461544361537e-22,0.0,0,-1.609437912
0.20232766338406447,0.19220984697996754,0.14163477620990633,0.1437956204379562,0.6348314606741573,0.3611111111111111,0.12222222222222222,0.1762830729996812,0.3448275862068966,0.25880004203005147,0.21779935275080906,0.16818669527896996,0.15555555555555556,0.49246231155778897,0.4025974025974026,0.0,0.0,0.13271719038817006,0.6430114058981353,4.615384621384615e-24,0.0,0,-1.609437912
0.21987466427931962,0.6621683982325622,0.14802525228950597,0.2240875912408759,0.7471910112359551,0.7722222222222223,0.8611111111111112,0.18329614281160345,0.3448275862068966,0.2470316276137438,0.17475728155339806,0.1515557939914163,0.8888888888888888,0.6633165829145728,0.4155844155844156,0.5,0.0,0.25064695009242144,0.2715173048560931,6.923076932076922e-17,0.0,0,-1.609437912
0.3801253357206804,0.60299184675774,0.0976265570621796,0.10583941605839416,0.5898876404494382,0.7222222222222222,0.8055555555555556,0.12687280841568377,0.22988505747126436,0.2586949669013344,0.16537216828478965,0.13841201716738197,0.7916666666666666,0.6482412060301508,0.42857142857142855,0.0,0.0,0.09426987060998152,0.12690523721312763,3.92307692817692e-26,0.0,0,-1.609437912
0.24798567591763654,0.7217272287749954,0.10599161322018964,0.16496350364963502,0.37640449438202245,0.8722222222222222,0.675,0.13643608543194136,0.40229885057471265,0.2492382053168015,0.13592233009708737,0.108637339055794,0.6638888888888889,0.7738693467336684,0.42857142857142855,0.0,0.0,0.15415896487985212,0.42359070558320244,4.115384620734615e-23,0.0,0,-1.609437912
0.15720680393912267,0.8662631263259783,0.07601562655033132,0.1591240875912409,0.6741573033707865,0.06388888888888888,0.1111111111111111,0.10168951227287217,0.40229885057471265,0.25102448250499104,0.10388349514563107,0.08771459227467811,0.14722222222222223,0.6532663316582915,0.974025974025974,0.25,0.5,0.36414048059149723,0.7497426209738426,2.3153846183946154e-23,0.0,0,-1.609437912
0.25872873769024174,0.6901388734039783,0.14250429473383885,0.1386861313868613,0.6404494382022472,0.8333333333333334,0.7416666666666667,0.17723940070130698,0.25287356321839083,0.2618472207628454,0.21197411003236247,0.1848175965665236,0.75,0.5326633165829145,0.961038961038961,0.0,0.0,0.20517560073937152,0.34340642514753633,2.6076923110823075e-24,0.0,0,-1.609437912
0.24655326768128916,0.07894935126504733,0.0456418255597134,0.11131386861313869,0.6292134831460674,0.21388888888888888,0.17777777777777778,0.06471150781000956,0.11494252873563218,0.25133970789114213,0.07281553398058252,0.048283261802575105,0.18333333333333332,0.8592964824120602,0.8051948051948052,0.75,0.0,0.09981515711645102,0.8672658771831604,8.500000011049995e-26,0.0,0,-1.609437912
0.2529991047448523,0.8916748219805425,0.14424515460221365,0.0905109489051095,0.25280898876404495,0.15,0.4166666666666667,0.1791520561045585,0.26436781609195403,0.18503730167069454,0.15275080906148866,0.0,0.41944444444444445,0.8592964824120602,0.7922077922077922,0.5,0.0,0.09463955637707948,0.7993471907816648,3.738461543321512e-27,0.0,0,-1.609437912
0.29149507609668757,0.6692138286098126,0.07198826663793649,0.13978102189781022,0.6404494382022472,0.8027777777777778,0.8333333333333334,0.09690787376474339,0.20689655172413793,0.2501838814752548,0.09385113268608414,0.07913090128755365,0.85,0.7939698492462312,0.935064935064935,0.25,0.0,0.1756007393715342,0.28960897558436527,2.9500000038349997e-24,0.0,0,-1.609437912
0.2805729632945389,0.18326590522253142,0.05486401205244936,0.11167883211678832,0.6741573033707865,0.3277777777777778,0.19166666666666668,0.07618744022951865,0.08045977011494253,0.27119890721866136,0.15987055016181229,0.17623390557939914,0.20277777777777778,0.8090452261306532,0.974025974025974,0.25,0.0,0.24399260628465805,0.6623634368477227,8.961538473188457e-26,0.0,0,-1.609437912
0.721038495971352,0.7619281594251086,0.07172071695427575,0.12408759124087591,0.6404494382022472,0.85,0.8527777777777777,0.09658909786420147,0.20689655172413793,0.24713670274246083,0.0889967637540453,0.045064377682403435,0.7972222222222223,0.8693467336683417,0.7142857142857143,0.0,0.0,0.11275415896487985,0.5217916853893307,4.5769230828730765e-25,0.0,0,-1.609437912
0.26356311548791406,0.1169468987953543,0.21290420575472824,0.30364963503649633,0.3258426966292135,0.25,0.3138888888888889,0.2527892891297418,0.1839080459770115,0.24755700325732896,0.24983818770226537,0.2140557939914163,0.325,0.7537688442211056,0.7792207792207793,0.25,0.0,0.2946395563770795,0.7968734444916143,0.001550000002011877,0.0,0,-1.609437912
0.18442256042972247,0.8873745497082877,0.09540975050105882,0.19708029197080293,0.3258426966292135,0.08055555555555556,0.38055555555555554,0.12432260121134842,0.14942528735632185,0.23967636860355152,0.09805825242718447,0.0,0.3527777777777778,0.6633165829145728,0.7662337662337663,0.0,0.0,0.26062846580406657,0.7911058128627932,7.384615394215384e-22,0.0,0,-1.609437912
0.2957923008057296,0.819421860654964,0.03862172892659765,0.08029197080291971,0.8595505617977528,0.06666666666666667,0.025,0.05578578259483583,0.1724137931034483,0.2528107596931806,0.07022653721682848,0.05713519313304721,0.06944444444444445,0.7738693467336684,0.8051948051948052,0.25,0.0,0.24251386321626617,0.6523612602002011,6.384615392915123e-28,0.0,0,-1.609437912
0.26051924798567594,0.7461322609635106,0.07413292789032423,0.08759124087591241,0.6460674157303371,0.8944444444444445,0.8638888888888889,0.09945808096907874,0.1724137931034483,0.2582746663864663,0.12491909385113269,0.12687768240343347,0.8138888888888889,0.7738693467336684,0.8181818181818182,0.5,0.0,0.24251386321626617,0.4838262483829464,2.300000002989974e-27,0.0,0,-1.609437912
0.1489704565801253,0.7389018507638444,0.08061095032504012,0.08211678832116788,0.6067415730337079,0.9166666666666666,0.7888888888888889,0.1071087025820848,0.1724137931034483,0.2710938320899443,0.1407766990291262,0.1915236051502146,0.8666666666666667,0.6683417085427136,0.8701298701298701,0.0,0.0,0.1977818853974122,0.46617005729966066,8.884615396165122e-28,0.0,0,-1.609437912
0.07376902417188896,0.8437958546390478,0.06772203623675871,0.05510948905109489,0.7415730337078652,0.08611111111111111,0.49722222222222223,0.09180745935607268,0.16091954022988506,0.25459703688137014,0.1080906148867314,0.09978540772532189,0.5166666666666667,0.6331658291457286,0.6753246753246753,0.25,0.0,0.07948243992606285,0.7040215521097267,3.219230773389731e-30,0.0,0,-1.609437912
0.14914950760966877,0.29783808459756556,0.08224040969402277,0.12408759124087591,0.24719101123595505,0.5055555555555555,0.5222222222222223,0.10902135798533631,0.1724137931034483,0.2597457181885048,0.15048543689320387,0.13304721030042918,0.5166666666666667,0.6331658291457286,0.6363636363636364,0.0,0.0,0.1622920517560074,0.39276635321408515,4.5769230828730765e-25,0.0,0,-1.609437912
0.25013428827215756,0.6139624484819636,0.07709397165372055,0.16058394160583941,0.6460674157303371,0.7416666666666667,0.8027777777777778,0.10296461587503984,0.21839080459770116,0.30167069454660084,0.1970873786407767,0.28567596566523606,0.7861111111111111,0.5577889447236181,0.6623376623376623,0.25,0.0,0.14972273567467653,0.15195440626329734,2.68076923425423e-23,0.0,0,-1.609437912
0.28701880035810207,0.5774515522208222,0.07467026465252999,0.06824817518248175,0.4887640449438202,0.725,0.775,0.10009563277016258,0.28735632183908044,0.2634233476936009,0.16601941747572815,0.14350858369098712,0.7138888888888889,0.7336683417085427,0.6363636363636364,0.0,0.0,0.13863216266173753,0.07436800400407265,6.192307700355089e-29,0.0,0,-1.609437912
0.39659803043867503,0.26848134063159085,0.21320761665313342,0.23357664233576642,0.5168539325842697,0.4027777777777778,0.26944444444444443,0.2531080650302837,0.5402298850574713,0.2547021120100872,0.272168284789644,0.22371244635193133,1.0,0.7587939698492462,0.6493506493506493,0.0,0.0,0.26950092421441774,0.4660336160771195,3.453846158336154e-12,0.0,1,-1.609437912
0.1647269471799463,0.26423327766430565,0.04920353591257418,0.09598540145985401,0.7191011235955056,0.4527777777777778,0.041666666666666664,0.06917437041759643,0.19540229885057472,0.25197015866344435,0.07702265372168285,0.06276824034334764,0.058333333333333334,0.5125628140703518,0.8441558441558441,0.25,0.0,0.10166358595194085,0.4764282893247619,9.000000011699973e-27,0.0,0,-1.609437912
0.40734109221128023,0.7627901149582067,0.07225593558110115,0.11788321167883212,0.6685393258426966,0.8861111111111111,0.9222222222222223,0.09722664966528531,0.3448275862068966,0.2447199747819691,0.08576051779935275,0.0,0.8666666666666667,0.5628140703517588,0.6623376623376623,0.0,0.0,0.10646950092421442,0.5238385287004159,2.057692310367307e-25,0.0,0,-1.609437912
0.18227394807520145,0.11072258917078646,0.14018693977650648,0.2324817518248175,0.28651685393258425,0.23333333333333334,0.35,0.17468919349697162,0.40229885057471265,0.2041609750971945,0.05339805825242718,0.0,0.38333333333333336,0.5025125628140703,0.5454545454545454,0.25,0.0,0.22255083179297597,0.8087207365789151,1.3346153863503843e-12,0.0,0,-1.609437912
0.19731423455684868,0.1635291356973673,0.26016296260990435,0.12408759124087591,0.15730337078651685,0.17777777777777778,0.3888888888888889,0.30188077781319733,0.16091954022988506,0.24913313018808447,0.3067961165048544,0.2575107296137339,0.40555555555555556,0.5829145728643216,0.5194805194805194,0.0,0.0,0.11275415896487985,0.7040269307353226,4.5769230828730765e-25,0.0,0,-1.609437912
0.11136974037600714,0.6138218414294189,0.018369346643035203,0.032846715328467155,0.29775280898876405,0.75,0.625,0.028689831048772714,0.1724137931034483,0.25197015866344435,0.035922330097087375,0.022263948497854076,0.65,0.3869346733668342,0.5974025974025974,0.75,0.0,0.23105360443622922,0.15162600742565405,4.653846133857691e-33,0.0,0,-1.609437912
0.19337511190689347,0.150803285072293,0.2957753289778352,0.34233576642335767,0.4101123595505618,0.325,0.325,0.3382212304749761,0.6091954022988506,0.21120100872123568,0.2656957928802589,0.2521459227467811,1.0,0.49748743718592964,0.6363636363636364,0.25,0.0,0.33382624768946395,0.7301434837450514,0.020038461563989536,0.0,1,-1.609437912
0.4025067144136079,0.10808094877240672,0.06772203623675871,0.145985401459854,0.6853932584269663,0.19722222222222222,0.1388888888888889,0.09180745935607268,0.27586206896551724,0.26258274666386466,0.14110032362459546,0.13948497854077252,0.16111111111111112,0.5477386934673367,0.6883116883116883,0.5,0.0,0.13493530499075784,0.8137104996989594,5.8846153922653844e-24,0.0,0,-1.609437912
0.3213965980304387,0.3908070433310665,0.0632243804066859,0.11496350364963503,0.6573033707865169,0.5666666666666667,0.9222222222222223,0.08638826904686006,0.22988505747126436,0.24661132709887568,0.07119741100323625,0.014753218884120171,0.8972222222222223,0.6180904522613065,0.7532467532467533,0.5,0.0,0.2088724584103512,0.15795909793521884,1.4000000018199995e-25,0.0,0,-1.609437912
0.34950760966875555,0.682682435657087,0.10655211686918034,0.16824817518248175,0.4157303370786517,0.8138888888888889,0.7472222222222222,0.13707363723302518,0.5172413793103449,0.24272354733634546,0.11165048543689321,0.08530042918454936,0.8166666666666667,0.2864321608040201,0.7532467532467533,0.0,0.0,0.15748613678373383,0.32425488994744633,5.692307699707692e-23,0.0,0,-1.609437912
0.6324082363473591,0.7375091525056534,0.07952681468074185,0.06423357664233577,0.6573033707865169,0.8305555555555556,0.8527777777777777,0.10583359897991712,0.1724137931034483,0.21435326258274665,0.06699029126213592,0.0,0.8305555555555556,0.7537688442211056,0.7402597402597403,0.25,0.0,0.18373382624768947,0.4627500580250394,2.646153849591242e-29,0.0,0,-1.609437912
0.0281110116383169,0.7341670740744767,0.07011794400502815,0.17153284671532848,0.20224719101123595,0.9444444444444444,0.06111111111111111,0.09467644246094996,0.16091954022988506,0.2536513607229169,0.10970873786407767,0.09495708154506438,0.06944444444444445,0.3869346733668342,0.6883116883116883,0.0,0.0,0.16081330868761554,0.4545185603630833,7.73076924081923e-23,0.0,0,-1.609437912
0.14467323187108327,0.0881713436333754,0.06480752454045723,0.09927007299270073,0.651685393258427,0.24166666666666667,0.17777777777777778,0.08830092445011158,0.06896551724137931,0.24545550068298833,0.06472491909385113,0.0,0.14166666666666666,0.44221105527638194,0.7142857142857143,0.25,0.0,0.10351201478743069,0.8505988911681934,1.4923076942476895e-26,0.0,0,-1.609437912
0.6916741271262309,0.5875501073649361,0.26482001841003655,0.2773722627737226,0.47191011235955055,0.6805555555555556,0.7277777777777777,0.3066624163213261,0.21839080459770116,0.2494483555742356,0.3122977346278317,0.26207081545064376,0.7416666666666667,0.6432160804020101,0.38961038961038963,0.0,0.0,0.2680221811460259,0.09401272336532777,5.769230776730336e-05,0.0,0,-1.609437912
0.13213965980304387,0.25706130921999104,0.09596338897473944,0.032481751824817516,0.9325842696629213,0.48333333333333334,0.7055555555555556,0.12496015301243225,0.11494252873563218,0.27382578543658714,0.1650485436893204,0.20734978540772533,0.7,0.24120603015075376,0.922077922077922,0.75,0.0,0.19815157116451015,0.493844392041647,4.076923056184615e-33,0.0,0,-1.609437912
0.08540734109221126,0.1490414919582222,0.05408775690086123,0.06715328467153285,0.5730337078651685,0.35833333333333334,0.18611111111111112,0.07523111252789288,0.20689655172413793,0.2498686560891037,0.07216828478964402,0.049892703862660946,0.19166666666666668,0.32160804020100503,0.8701298701298701,0.0,0.0,0.05508317929759704,0.7337137224959541,4.9230769294743194e-29,0.0,0,-1.609437912
0.1409131602506714,0.6403354787373247,0.20141075121499266,0.2678832116788321,0.4157303370786517,0.8194444444444444,0.7305555555555555,0.24067580490914886,0.39080459770114945,0.24661132709887568,0.23624595469255663,0.2017167381974249,0.8,0.4371859296482412,0.8181818181818182,0.25,0.0,0.25841035120147876,0.216067822223535,9.307692319792194e-06,0.0,0,-1.609437912
0.47591763652640995,0.8228130123086844,0.11076679658228508,0.14233576642335766,0.42696629213483145,0.9361111111111111,0.7777777777777778,0.14185527574115397,0.20689655172413793,0.244404749395818,0.1313915857605178,0.08744635193133048,1.0,0.7135678391959799,0.7402597402597403,0.0,0.0,0.13123844731977818,0.6596794881270397,3.923076928176923e-24,0.0,1,-1.609437912
0.26051924798567594,0.7403647671239293,0.06007250407947597,0.10255474452554744,0.6179775280898876,0.8888888888888888,0.8277777777777777,0.08256295824035703,0.10344827586206896,0.2376799411579279,0.02977346278317152,0.0,0.7694444444444445,0.7336683417085427,0.4675324675324675,0.25,0.0,0.24214417744916822,0.46975592528041654,2.438461541631536e-26,0.0,0,-1.609437912
0.549328558639212,0.5917601965243624,0.09568652252609221,0.1708029197080292,0.3202247191011236,0.6194444444444445,0.6222222222222222,0.12464137711189034,0.09195402298850575,0.39056425344121043,0.22750809061488672,0.46646995708154504,0.6277777777777778,0.7839195979899497,0.7662337662337663,0.5,0.0,0.28170055452865067,0.10266592914853835,7.23076924016923e-23,0.0,0,-1.609437912
0.18854073410922115,0.6868530497109951,0.3309039220020792,0.34306569343065696,0.1853932584269663,0.7916666666666666,0.6361111111111111,0.3736053554351291,0.3448275862068966,0.24062204476200483,0.36472491909385113,0.3133047210300429,1.0,0.47738693467336685,0.7662337662337663,0.0,0.0,0.3345656192236599,0.3349726088282227,0.020730769257160536,0.0,1,-1.609437912
0.1453894359892569,0.7235182826087742,0.1483164905317222,0.14014598540145987,0.7078651685393258,0.8944444444444445,0.35555555555555557,0.18361491871214536,0.25287356321839083,0.25816959125774924,0.19805825242718447,0.18642703862660945,0.3527777777777778,0.33668341708542715,0.7012987012987013,0.0,0.0,0.1356746765249538,0.4280703513357602,3.0730769270719225e-24,0.0,0,-1.609437912
0.3056401074306177,0.29769238470998777,0.07952681468074185,0.17153284671532848,0.5056179775280899,0.44722222222222224,0.3611111111111111,0.10583359897991712,0.4827586206896552,0.22906378060313123,0.08996763754045307,0.0,0.35,0.47738693467336685,0.7272727272727273,0.0,0.0,0.16081330868761554,0.39313539953051974,7.73076924081923e-23,0.0,0,-1.609437912
0.28701880035810207,0.6854017092258403,0.11783276467143511,0.18467153284671534,0.3146067415730337,0.8166666666666667,0.6555555555555556,0.14982467325470195,0.1724137931034483,0.23599873909845537,0.11812297734627832,0.028701716738197425,0.65,0.6030150753768844,0.7792207792207793,0.25,0.0,0.3345656192236599,0.33124433855371266,2.5615384648684613e-22,0.0,0,-1.609437912
0.29776186213070727,0.5990482518088225,0.12866726302383089,0.11313868613138686,0.3202247191011236,0.6888888888888889,0.6666666666666666,0.16193815747529486,0.10344827586206896,0.24524535042555426,0.14951456310679612,0.12312231759656653,0.6611111111111111,0.9899497487437185,0.7272727272727273,0.0,0.0,0.10166358595194085,0.11821622117260948,1.092307693727692e-25,0.0,0,-1.609437912
0.1507609668755595,0.09647304714140931,0.2854157805370183,0.458029197080292,0.30337078651685395,0.225,0.35,0.3277016257570928,0.11494252873563218,0.21372281181044445,0.25080906148867316,0.2575107296137339,0.35833333333333334,0.8391959798994975,0.7012987012987013,0.25,0.5,0.4510166358595194,0.8353700958138609,0.3130769233565007,0.0,0,-1.609437912
0.11584601611459264,0.2581654752237932,0.15181641863634537,0.20255474452554745,0.7359550561797753,0.46111111111111114,0.022222222222222223,0.1874402295186484,0.3793103448275862,0.2699380056740569,0.26245954692556633,0.20734978540772533,0.9472222222222222,0.6733668341708543,0.6753246753246753,0.25,0.0,0.1922365988909427,0.49117419513943267,1.1576923091973076e-21,0.0,0,-1.609437912
0.14825425246195167,0.6325082721455677,0.15913738015457607,0.11313868613138686,0.4943820224719101,0.8138888888888889,0.7833333333333333,0.19540962703219636,0.08045977011494253,0.26132184511926027,0.22330097087378642,0.19983905579399142,0.7888888888888889,0.19597989949748743,0.42857142857142855,0.25,0.0,0.10166358595194085,0.19659953106249126,1.092307693727692e-25,0.0,0,-1.609437912
0.12354521038495972,0.89236951848029,0.0271966847398342,0.08138686131386862,0.5337078651685393,0.07777777777777778,0.22777777777777777,0.040803315269365634,0.39080459770114945,0.2503940317326888,0.04627831715210356,0.0,0.18333333333333332,0.31155778894472363,0.4675324675324675,0.0,0.0,0.1733826247689464,0.8006728237157427,7.807692317842046e-28,0.0,0,-1.609437912
0.2909579230080573,0.1761318295129973,0.30301901352566313,0.2197080291970803,0.2752808988764045,0.30833333333333335,0.35555555555555557,0.34555307618744024,0.08045977011494253,0.20552695177051591,0.29514563106796116,0.24356223175965666,0.3333333333333333,0.5477386934673367,0.44155844155844154,0.0,0.0,0.20961182994454713,0.677587601898007,2.1846153874553847e-20,0.0,0,-1.609437912
0.1187108325872874,0.13589934269786239,0.10012756075291863,0.16423357664233576,0.7696629213483146,0.23333333333333334,0.1361111111111111,0.12974179152056103,0.16091954022988506,0.24198802143532622,0.1080906148867314,0.05713519313304721,0.18888888888888888,0.6130653266331658,0.45454545454545453,0.0,0.0,0.1534195933456562,0.760003180504645,3.846153851153846e-23,0.0,0,-1.609437912
0.10653536257833482,0.5971725550448884,0.04589513990944212,0.10145985401459855,0.6741573033707865,0.725,0.8277777777777777,0.06503028371055149,0.11494252873563218,0.25901019228748556,0.14045307443365695,0.1032725321888412,0.7916666666666666,0.6582914572864321,0.4675324675324675,0.0,0.0,0.08983364140480592,0.11414884724342557,2.0730769257719205e-26,0.0,0,-1.609437912
0.0005371530886302799,0.4552394739509923,0.18043189871091314,0.27007299270072993,0.5617977528089888,0.7138888888888889,0.7694444444444445,0.21836149187121454,0.3448275862068966,0.2501838814752548,0.22524271844660193,0.18562231759656653,0.7583333333333333,0.5829145728643216,0.4675324675324675,0.25,0.0,0.26062846580406657,0.033433635553355864,1.480769232694202e-05,0.6580911254202452,0,-1.609437912
0.003939122649955217,0.45034283230932287,0.13470092505868458,0.16058394160583941,0.5617977528089888,0.7055555555555556,0.75,0.16863245138667518,0.632183908045977,0.23946621834611748,0.12750809061488674,0.12151287553648069,1.0,0.5829145728643216,0.4675324675324675,0.0,0.0,0.14972273567467653,0.040273069985976344,2.68076923425423e-23,0.7309186794177001,1,-1.609437912
0.19462846911369738,0.7930860537995835,0.050739812438897275,0.043795620437956206,0.24157303370786518,0.9722222222222222,0.6833333333333333,0.07108702582084794,0.40229885057471265,0.1742145634128402,0.038187702265372166,0.0,0.6638888888888889,0.4321608040201005,0.4675324675324675,0.0,0.0,0.031423290203327174,0.5940714859270675,1.573076924861538e-31,0.0,0,-1.609437912
0.12981199641897942,0.9073777744098246,0.05720073857109382,0.14233576642335766,0.6910112359550562,0.1527777777777778,0.1,0.07905642333439591,0.40229885057471265,0.2538615109803509,0.0970873786407767,0.08342274678111589,0.11388888888888889,0.6130653266331658,0.4805194805194805,0.5,0.0,0.19408502772643252,0.8289278472624764,3.923076928176923e-24,0.0,0,-1.609437912
0.08540734109221126,0.07975190897576026,0.05382930486744825,0.07664233576642336,0.6460674157303371,0.25,0.15833333333333333,0.07491233662735097,0.21839080459770116,0.25070925711883996,0.07896440129449839,0.054184549356223174,0.19444444444444445,0.9195979899497487,0.6623376623376623,0.0,0.0,0.06469500924214418,0.8658257215926122,3.2576923119270475e-28,0.0,0,-1.609437912
0.19462846911369738,0.4671301683159826,0.12895385313672245,0.08175182481751825,0.43258426966292135,0.6555555555555556,0.7,0.1622569333758368,0.16091954022988506,0.27928969212987287,0.23398058252427184,0.22988197424892703,0.6972222222222222,0.39195979899497485,0.2857142857142857,0.0,0.0,0.06987060998151572,0.01923308367138761,8.346153857003584e-28,0.0,0,-1.609437912
0.38943598925693823,0.9375188550538751,0.12152683292152548,0.1978102189781022,0.6404494382022472,0.11388888888888889,0.15,0.1539687599617469,0.26436781609195403,0.23988651886098558,0.13042071197411004,0.08369098712446352,0.17777777777777778,0.4020100502512563,0.5714285714285714,0.25,0.0,0.19075785582255084,0.8835316803073866,7.846153856353845e-22,0.0,0,-1.609437912
0.5788719785138764,0.8753817216051553,0.029345346692006787,0.08759124087591241,0.24157303370786518,0.05,0.4527777777777778,0.043672298374242906,0.12643678160919541,0.2467164022275927,0.030744336569579287,0.0,0.4638888888888889,0.628140703517588,0.4935064935064935,0.0,0.0,0.27171903881700554,0.7677947656803242,2.300000002989974e-27,0.0,0,-1.609437912
0.22793196060877352,0.24516011166760907,0.053312853829298845,0.08394160583941605,0.7528089887640449,0.4111111111111111,0.08055555555555556,0.07427478482626713,0.1839080459770115,0.25858989177261743,0.09870550161812297,0.11668454935622317,0.075,0.3768844221105528,0.5584415584415584,0.25,0.0,0.09426987060998152,0.5223602286828275,1.2269230785180508e-27,0.0,0,-1.609437912
0.24297224709042076,0.14815527533475634,0.14802525228950597,0.1386861313868613,0.48314606741573035,0.3138888888888889,0.26666666666666666,0.18329614281160345,0.19540229885057472,0.25753914048544707,0.213915857605178,0.17355150214592274,0.2611111111111111,0.39195979899497485,0.5454545454545454,0.0,0.0,0.12754158964879853,0.7355054851851871,2.6076923110823075e-24,0.0,0,-1.609437912
0.26982990152193376,0.7963197714565567,0.19448932375531167,0.27007299270072993,0.5786516853932584,0.9444444444444444,0.7944444444444444,0.23334395919668474,0.28735632183908044,0.23042975727645262,0.2197411003236246,0.11883047210300429,0.8388888888888889,0.4824120603015075,0.44155844155844154,0.25,0.0,0.5933456561922366,0.6013680276862543,1.480769232694202e-05,0.0,0,-1.609437912
0.3316025067144136,0.39622958817364495,0.1673825026579313,0.25,0.6067415730337079,0.5527777777777778,0.8611111111111112,0.2043353522473701,0.22988505747126436,0.25123463276242514,0.213915857605178,0.17623390557939914,0.8638888888888889,0.3065326633165829,0.5584415584415584,0.0,0.0,0.24029574861367836,0.14529967805142469,4.692307698407692e-08,0.0,0,-1.609437912
0.11495076096687554,0.5723920860731081,0.12494834998839081,0.19525547445255476,0.5280898876404494,0.7638888888888888,0.7694444444444445,0.15779407076824992,0.2413793103448276,0.2521803089208784,0.1679611650485437,0.13948497854077252,0.7805555555555556,0.21105527638190955,0.5454545454545454,0.0,0.0,0.18484288354898337,0.06517749524556292,6.346153854403845e-22,0.0,0,-1.609437912
0.11727842435094002,0.2834579727596124,0.048437575453904515,0.09635036496350365,0.4044943820224719,0.48333333333333334,0.3194444444444444,0.06821804271597068,0.11494252873563218,0.24598087632657348,0.06601941747572816,0.0,0.36944444444444446,0.2964824120603015,0.5194805194805194,0.0,0.0,0.08465804066543438,0.4289480483871666,9.500000012349973e-27,0.0,0,-1.609437912
0.22614145031333932,0.029675378172475248,0.10992233695977531,0.19927007299270072,0.4438202247191011,0.19166666666666668,0.26944444444444443,0.1408989480395282,0.10344827586206896,0.250919407376274,0.14822006472491908,0.11883047210300429,0.2722222222222222,0.5125628140703518,0.4675324675324675,0.0,0.0,0.20517560073937152,0.9520965291517174,8.846153857653845e-22,0.0,0,-1.609437912
0.29149507609668757,0.23590315761141017,0.1203887889507767,0.23357664233576642,0.7078651685393258,0.3861111111111111,0.125,0.1526936563595792,0.04597701149425287,0.24577072606913944,0.1307443365695793,0.12285407725321888,0.10833333333333334,0.32663316582914576,0.5714285714285714,0.0,0.0,0.22365988909426987,0.5441958174453765,3.453846158336154e-12,0.0,0,-1.609437912
0.42291853178155775,0.8887555062885987,0.16502194568947343,0.24671532846715327,0.29213483146067415,0.05277777777777778,0.3888888888888889,0.20178514504303474,0.5517241379310345,0.22822317957339494,0.11779935275080906,0.1488733905579399,0.5027777777777778,0.45226130653266333,0.5194805194805194,0.0,0.0,0.6303142329020333,0.7937590695540612,1.1653846168996153e-08,0.0,0,-1.609437912
0.28075201432408237,0.6585693761129028,0.03590474893893623,0.04781021897810219,0.47191011235955055,0.8055555555555556,0.7055555555555556,0.05227924768887472,0.5402298850574713,0.2523904591783125,0.06181229773462783,0.05284334763948498,0.7027777777777777,0.5477386934673367,0.5714285714285714,0.5,0.0,0.28761552680221814,0.26229917027642874,4.884615390704999e-31,0.0,0,-1.609437912
0.35129811996418975,0.23580655138472914,0.1235213812523632,0.17737226277372262,0.702247191011236,0.375,0.016666666666666666,0.15620019126554033,0.42528735632183906,0.23421246191026585,0.14660194174757282,0.0,0.06111111111111111,0.5326633165829145,0.5844155844155844,0.0,0.0,0.166728280961183,0.5444220713341479,1.3307692324992307e-22,0.0,0,-1.609437912
0.3505819158460161,0.12362575285474027,0.16885977147098347,0.22153284671532847,0.33146067415730335,0.24444444444444444,0.31666666666666665,0.20592923175007968,0.09195402298850575,0.250814332247557,0.21294498381877022,0.1773068669527897,0.34444444444444444,0.5326633165829145,0.5974025974025974,0.25,0.0,0.21146025878003696,0.7840183990210872,8.923076934676922e-19,0.0,0,-1.609437912
0.17063563115487915,0.3023439356889745,0.12809430407756295,0.17846715328467153,0.8426966292134831,0.5527777777777778,0.9666666666666667,0.16130060567421103,0.14942528735632185,0.26794157822843334,0.2190938511326861,0.19125536480686695,0.9805555555555555,0.4221105527638191,0.7272727272727273,0.25,0.0,0.2975970425138632,0.3813314692709569,1.469230771140769e-22,0.0,0,-1.609437912
0.18442256042972247,0.1378723836235745,0.063487909037727,0.11642335766423358,0.7696629213483146,0.2222222222222222,0.11388888888888889,0.08670704494740197,0.367816091954023,0.25176000840601026,0.09482200647249191,0.07537553648068669,0.1,0.6633165829145728,0.45454545454545453,0.0,0.0,0.10499075785582256,0.7560945935594805,1.7000000022099992e-25,0.0,0,-1.609437912
0.1677708146821844,0.18750308137935837,0.04589513990944212,0.032846715328467155,0.5842696629213483,0.36944444444444446,0.25,0.06503028371055149,0.26436781609195403,0.2528107596931806,0.07572815533980583,0.06706008583690987,0.21666666666666667,0.7185929648241206,0.5584415584415584,0.0,0.0,0.22365988909426987,0.6532324004861625,4.653846133857691e-33,0.0,0,-1.609437912
0.3020590868397493,0.1995772059370777,0.15532557821376194,0.11934306569343066,0.4101123595505618,0.35,0.3277777777777778,0.19126554032515142,0.3793103448275862,0.2451402752968372,0.18770226537216828,0.14350858369098712,0.35,0.8140703517587939,0.38961038961038963,0.0,0.0,0.11275415896487985,0.6268473983737469,2.4923076955476914e-25,0.0,0,-1.609437912
0.3178155774395703,0.4219607166612264,0.11302235291779777,0.18832116788321168,0.43258426966292135,0.5722222222222222,0.7583333333333333,0.14440548294548933,0.27586206896551724,0.2678365030997163,0.19676375404530744,0.18589055793991416,0.7305555555555555,0.6231155778894473,0.6883116883116883,0.0,0.0,0.23290203327171904,0.08962819006033516,3.5192307738057688e-22,0.0,0,-1.609437912
0.36257833482542523,0.14430796685576308,0.2047304725414424,0.14963503649635038,0.7359550561797753,0.2361111111111111,0.2111111111111111,0.24418233981510998,0.3793103448275862,0.2577492907428811,0.26601941747572816,0.22505364806866954,0.09444444444444444,0.4472361809045226,0.6103896103896104,0.0,0.0,0.13863216266173753,0.7432520279724367,8.692307703607692e-24,0.0,0,-1.609437912
0.3294538943598926,0.3275496909554631,0.04894805288977435,0.0948905109489051,0.651685393258427,0.48333333333333334,0.17222222222222222,0.06885559451705452,0.13793103448275862,0.24755700325732896,0.06375404530744337,0.0,0.2,0.4020100502512563,0.5194805194805194,0.0,0.0,0.16007393715341958,0.3167848501428872,7.576923086773051e-27,0.0,0,-1.609437912
0.2494180841539839,0.18104198620692152,0.18162362469057206,0.2427007299270073,0.7303370786516854,0.3194444444444444,0.11388888888888889,0.2196365954733822,0.3448275862068966,0.237995166544079,0.17702265372168285,0.18374463519313305,1.0,0.5226130653266332,0.7142857142857143,0.25,0.0,0.23290203327171904,0.6671293959401743,1.6076923097823076e-09,0.7577019611842212,1,-1.609437912
0.21307072515666964,0.9520535611480941,0.17359681859569914,0.18248175182481752,0.5786516853932584,0.125,0.19722222222222222,0.2110296461587504,0.6896551724137931,0.24198802143532622,0.1831715210355987,0.17033261802575106,1.0,0.5175879396984925,0.7012987012987013,0.5,0.0,0.17818853974121995,0.9088892123326169,2.1076923104323074e-22,0.0,1,-1.609437912
0.2802148612354521,0.6384693782478461,0.07198826663793649,0.07262773722627737,0.6853932584269663,0.7527777777777778,0.8,0.09690787376474339,0.2988505747126437,0.25659346432699376,0.13398058252427184,0.10649141630901288,0.7527777777777778,0.6884422110552764,0.4025974025974026,0.25,0.0,0.07578558225508318,0.21140031150505906,1.5038461558008932e-28,0.0,0,-1.609437912
0.39391226499552373,0.46746131927033147,0.07279162986835713,0.17226277372262774,0.5449438202247191,0.6083333333333333,0.7972222222222223,0.09786420146636914,0.08045977011494253,0.2578543658715982,0.1268608414239482,0.11990343347639484,0.7805555555555556,0.4472361809045226,0.36363636363636365,0.0,0.0,0.16155268022181146,0.01888888487214556,8.307692318492308e-23,0.0,0,-1.609437912
0.33267681289167417,0.6187554381361877,0.11783276467143511,0.12043795620437957,0.5786516853932584,0.75,0.8305555555555556,0.14982467325470195,0.1839080459770115,0.26741620258484816,0.18867313915857606,0.1875,0.8166666666666667,0.6231155778894473,0.4025974025974026,0.5,0.0,0.2199630314232902,0.16325003502513075,2.8692307729607684e-25,0.0,0,-1.609437912
0.2829006266786034,0.22796264946495967,0.006334929596338037,0.08759124087591241,0.7471910112359551,0.375,0.10555555555555556,0.010838380618425247,0.22988505747126436,0.25417673636650207,0.04174757281553398,0.056062231759656654,0.11388888888888889,0.507537688442211,0.45454545454545453,0.5,0.0,0.1866913123844732,0.5626792816490491,2.300000002989974e-27,0.0,0,-1.609437912
0.22703670546105642,0.28598238185512126,0.05798225231897214,0.11058394160583941,0.7359550561797753,0.4666666666666667,0.022222222222222223,0.08001275103602168,0.1724137931034483,0.25323106020804875,0.0970873786407767,0.07966738197424893,0.05555555555555555,0.2964824120603015,0.4805194805194805,0.0,0.0,0.09907578558225508,0.42263409859793655,7.692307702307687e-26,0.0,0,-1.609437912
0.21539838854073412,0.24643610511603575,0.11471747625475197,0.0364963503649635,0.34831460674157305,0.4166666666666667,0.4,0.14631813834874083,0.13793103448275862,0.2782389408427025,0.18414239482200648,0.23256437768240343,0.41388888888888886,0.2964824120603015,0.45454545454545453,0.0,0.0,0.024029574861367836,0.5193264541491687,1.6269230764342308e-32,0.0,0,-1.609437912
0.08200537153088633,0.09850918446602151,0.055123061564169004,0.09306569343065693,0.6573033707865169,0.2777777777777778,0.16666666666666666,0.07650621613006056,0.25287356321839083,0.2579594410003152,0.13851132686084142,0.10139484978540772,0.18055555555555555,0.3316582914572864,0.45454545454545453,0.0,0.0,0.08133086876155268,0.8316018954578709,5.653846161196128e-27,0.0,0,-1.609437912
0.10170098478066252,0.8767124928160395,0.09071929141274969,0.145985401459854,0.7640449438202247,0.18333333333333332,0.10555555555555556,0.1189034109021358,0.22988505747126436,0.2487128296732163,0.12071197411003236,0.08476394849785408,0.08055555555555556,0.2663316582914573,0.42857142857142855,0.0,0.0,0.13493530499075784,0.7704054479594951,5.8846153922653844e-24,0.0,0,-1.609437912
0.5514771709937332,0.2730487137167338,0.21290420575472824,0.3357664233576642,0.6235955056179775,0.3888888888888889,0.14722222222222223,0.2527892891297418,0.1724137931034483,0.2846485236944415,0.3249190938511327,0.28353004291845496,0.16666666666666666,0.4472361809045226,0.4675324675324675,0.0,0.0,0.32717190388170053,0.4547944600500199,0.014500000018576674,0.0,0,-1.609437912
0.17242614145031335,0.36978743821486604,0.04036313943538816,0.1375912408759124,0.25842696629213485,0.6138888888888889,0.6,0.058017213898629266,0.12643678160919541,0.2570137648418619,0.08705501618122978,0.09737124463519313,0.6055555555555555,0.20100502512562815,0.4805194805194805,0.0,0.0,0.12643253234750462,0.20908183762616991,2.30000000299e-24,0.0,0,-1.609437912
0.17869292748433305,0.10502602163195168,0.15415484371733007,0.18357664233576643,0.34831460674157305,0.2638888888888889,0.30833333333333335,0.18999043672298374,0.2413793103448276,0.24661132709887568,0.18932038834951456,0.15075107296137338,0.3111111111111111,0.5477386934673367,0.4805194805194805,0.0,0.0,0.17301293900184844,0.819452701593153,2.323076926096923e-22,0.0,0,-1.609437912
0.21521933751119066,0.5995750644172241,0.06905186094341648,0.0364963503649635,0.6123595505617978,0.7444444444444445,0.8611111111111112,0.09340133885878228,0.3333333333333333,0.2681517284858674,0.15954692556634303,0.1671137339055794,0.8416666666666667,0.11055276381909548,0.42857142857142855,0.0,0.0,0.024029574861367836,0.11936634216846563,1.6269230764342308e-32,0.0,0,-1.609437912
0.16615935541629367,0.838176766033307,0.058765044938071824,0.14416058394160583,0.4438202247191011,0.011111111111111112,0.475,0.08096907873764743,0.47126436781609193,0.250814332247557,0.08025889967637541,0.06679184549356224,1.0,0.3015075376884422,0.4805194805194805,0.5,0.0,0.133086876155268,0.6923045144958533,4.8076923139423076e-24,0.0,1,-1.609437912
0.44458370635631156,0.6446695553934295,0.08742547580891952,0.09452554744525547,0.6797752808988764,0.7361111111111112,0.825,0.11507810009563277,0.367816091954023,0.2527056845644636,0.1268608414239482,0.1059549356223176,0.8416666666666667,0.32663316582914576,0.5584415584415584,0.25,0.0,0.40850277264325324,0.22696279354761004,7.153846163146128e-27,0.0,0,-1.609437912
0.3452103849597135,0.6323444926780316,0.09264727196175841,0.14963503649635038,0.6460674157303371,0.7472222222222222,0.85,0.12113484220592924,0.28735632183908044,0.2493432804455185,0.13527508090614887,0.11185622317596566,0.15555555555555556,0.21105527638190955,0.6103896103896104,0.25,0.0,0.23290203327171904,0.1961954456719958,8.692307703607692e-24,0.0,0,-1.609437912
0.39301700984780663,0.06191380064589357,0.21078167827907318,0.30656934306569344,0.47191011235955055,0.2,0.32222222222222224,0.25055785782594836,0.4827586206896552,0.27992014290217504,0.356957928802589,0.25885193133047213,0.2638888888888889,0.17587939698492464,0.6103896103896104,0.25,0.0,0.2975970425138632,0.8973814759279553,0.0020153846179993347,0.0,0,-1.609437912
0.5412712623097582,0.6370619345542201,0.2089642586897806,0.2791970802919708,0.47752808988764045,0.7444444444444445,0.7138888888888889,0.24864520242269683,0.39080459770114945,0.3089208784280761,0.43462783171521036,0.32108369098712447,0.7861111111111111,0.10050251256281408,0.6233766233766234,0.0,0.0,0.2698706099815157,0.20789023104281873,7.769230779329983e-05,0.0,0,-1.609437912
0.21360787824529992,0.10983161871681371,0.048437575453904515,0.11496350364963503,0.5730337078651685,0.2777777777777778,0.225,0.06821804271597068,0.21839080459770116,0.23557843858358724,0.020711974110032363,0.0,0.20277777777777778,0.22110552763819097,0.6103896103896104,0.25,0.0,0.1866913123844732,0.8104062177356723,1.4000000018199995e-25,0.0,0,-1.609437912
0.4914950760966876,0.6543679936068062,0.03763092443182715,0.041970802919708027,0.4157303370786517,0.7638888888888888,0.675,0.054510678992668156,0.21839080459770116,0.2579594410003152,0.09255663430420712,0.10085836909871244,0.6583333333333333,0.27638190954773867,0.38961038961038963,0.25,0.0,0.3678373382624769,0.25156745656856655,9.153846163142307e-32,0.0,0,-1.609437912
0.3414503133393017,0.3149848328966809,0.09845939730600746,0.3127737226277372,0.4438202247191011,0.4583333333333333,0.20833333333333334,0.12782913611730953,0.19540229885057472,0.2534412104654828,0.1407766990291262,0.12070815450643776,0.3472222222222222,0.2663316582914573,0.42857142857142855,0.0,0.0,0.3038817005545287,0.3490568019734473,0.0033615384658937713,0.0,0,-1.609437912
0.2999104744852283,0.09112455155723567,0.1703385045782018,0.17883211678832117,0.5842696629213483,0.2361111111111111,0.17777777777777778,0.2075231112527893,0.367816091954023,0.2409372701481559,0.1809061488673139,0.16335836909871246,0.16666666666666666,0.17587939698492464,0.4025974025974026,0.0,0.0,0.16820702402957485,0.8452061464083319,1.5192307712057689e-22,0.0,0,-1.609437912
0.24583706356311552,0.09354567261538792,0.21229752817139055,0.25364963503649635,0.34831460674157305,0.23055555555555557,0.3333333333333333,0.252151737328658,0.12643678160919541,0.2322160344646422,0.20485436893203884,0.1990343347639485,0.35555555555555557,0.7085427135678392,0.4805194805194805,0.0,0.0,0.24399260628465805,0.8407647477762862,1.8269230792980763e-07,0.0,0,-1.609437912
0.12748433303491494,0.051355178544612794,0.0693181976044202,0.07846715328467153,0.47191011235955055,0.25,0.2972222222222222,0.0937201147593242,0.3218390804597701,0.2579594410003152,0.15016181229773462,0.10836909871244635,0.2611111111111111,0.5276381909547738,0.44155844155844154,0.5,0.5,0.36229205175600737,0.9156219722693254,4.576923082872816e-28,0.0,0,-1.609437912
0.09185317815577441,0.827292536306893,0.3309039220020792,0.3704379562043796,0.8033707865168539,0.08333333333333333,0.06666666666666667,0.3736053554351291,0.4827586206896552,0.21267206052327411,0.2977346278317152,0.30472103004291845,1.0,0.5276381909547738,0.42857142857142855,0.0,0.5,0.36229205175600737,0.6692813185245056,0.0588461539181521,0.0,1,-1.609437912
0.19749328558639215,0.7010456193636987,0.14802525228950597,0.35036496350364965,0.6966292134831461,0.8527777777777777,0.8638888888888889,0.18329614281160345,0.3793103448275862,0.23389723652411473,0.1372168284789644,0.10944206008583691,0.875,0.41708542713567837,0.5454545454545454,0.25,0.5,0.3419593345656192,0.3713051468061531,0.02857692311301144,0.0,0,-1.609437912
0.1213965980304387,0.6108184392351016,0.1169821792431799,0.21532846715328466,0.6348314606741573,0.7777777777777778,0.8527777777777777,0.14886834555307618,0.22988505747126436,0.22338972365241147,0.10679611650485436,0.0,0.8444444444444444,0.34673366834170855,0.5844155844155844,0.25,0.0,0.3419593345656192,0.14465429680152572,3.161538465648461e-21,0.0,0,-1.609437912
0.1647269471799463,0.7526627502972483,0.0640153620603081,0.34306569343065696,0.848314606741573,0.9194444444444444,0.6722222222222223,0.08734459674848581,0.3448275862068966,0.2685720290007355,0.11359223300970873,0.17677038626609443,0.6861111111111111,0.4321608040201005,0.38961038961038963,0.0,0.0,0.3345656192236599,0.49962562832412527,0.020730769257160536,0.0,0,-1.609437912
0.47144136078782445,0.5662502255298549,0.09873719535637014,0.03832116788321168,0.6179775280898876,0.6277777777777778,0.925,0.12814791201785145,0.16091954022988506,0.26394872333718605,0.1650485436893204,0.1636266094420601,1.0,0.7035175879396985,0.4935064935064935,0.0,0.0,0.30536044362292053,0.0546669018201802,2.950000001231153e-32,0.0,1,-1.609437912
0.22918531781557744,0.14479293438846422,0.27291340499988026,0.12664233576642336,0.7359550561797753,0.2638888888888889,0.1388888888888889,0.314950589735416,0.3793103448275862,0.2253861510980351,0.2621359223300971,0.2534871244635193,1.0,0.5175879396984925,0.6753246753246753,0.0,0.0,0.266913123844732,0.7422784042632549,6.269230777380769e-25,0.0,1,-1.609437912
0.13017009847806624,0.0404120996848017,0.19148852721754392,0.24452554744525548,0.5674157303370787,0.2222222222222222,0.25277777777777777,0.23015620019126554,0.3793103448275862,0.2450352001681202,0.21650485436893205,0.1936695278969957,1.0,0.135678391959799,0.42857142857142855,0.25,0.0,0.23475046210720887,0.9341942897958401,4.115384620734615e-09,0.0,1,-1.609437912
0.24655326768128916,0.27710341903614377,0.053312853829298845,0.04744525547445255,0.8258426966292135,0.4666666666666667,0.027777777777777776,0.07427478482626713,0.21839080459770116,0.2521803089208784,0.08284789644012945,0.06866952789699571,0.019444444444444445,0.15577889447236182,0.45454545454545453,0.0,0.0,0.03512014787430684,0.44476384058411533,4.423076928566538e-31,0.0,0,-1.609437912
0.1477170993733214,0.7211454124483644,0.04920353591257418,0.0781021897810219,0.8033707865168539,0.8722222222222222,0.9055555555555556,0.06917437041759643,0.1724137931034483,0.2492382053168015,0.0634304207119741,0.027896995708154508,0.9027777777777778,0.36180904522613067,0.5454545454545454,0.0,0.0,0.06617375231053604,0.4221336724455965,4.269230774780509e-28,0.0,0,-1.609437912
0.2655326768128917,0.6201161563815707,0.09513307309643707,0.051094890510948905,0.33707865168539325,0.7444444444444445,0.9416666666666667,0.1240038253108065,0.367816091954023,0.218766417988862,0.11229773462783171,0.0,0.925,0.1708542713567839,0.6233766233766234,0.25,0.0,0.32532347504621073,0.16649092660699363,1.1692307707247306e-30,0.0,0,-1.609437912
0.1124440465532677,0.5834408831499748,0.07172071695427575,0.0989051094890511,0.6067415730337079,0.7555555555555555,0.8194444444444444,0.09658909786420147,0.42528735632183906,0.2543868866239361,0.11521035598705502,0.10032188841201717,0.7833333333333333,0.2914572864321608,0.4155844155844156,0.25,0.0,0.08724584103512015,0.0858212921203589,1.4115384633734587e-26,0.0,0,-1.609437912
0.15273052820053717,0.17975599369824521,0.09347500833177459,0.14233576642335766,0.2303370786516854,0.3333333333333333,0.30277777777777776,0.12209116990755499,0.3103448275862069,0.24755700325732896,0.12330097087378641,0.07644849785407726,0.3111111111111111,0.5527638190954773,0.42857142857142855,0.0,0.0,0.13123844731977818,0.6698770174862055,3.923076928176923e-24,0.0,0,-1.609437912
0.7006266786034019,0.10331567732335831,0.08551081839639647,0.145985401459854,0.3089887640449438,0.15833333333333333,0.35555555555555557,0.11284666879183934,0.20689655172413793,0.2563833140695597,0.13883495145631067,0.12070815450643776,0.39444444444444443,0.4623115577889447,0.2857142857142857,0.0,0.0,0.13493530499075784,0.8226544152372787,5.8846153922653844e-24,0.0,0,-1.609437912
0.1521933751119069,0.8891544150320368,0.1562042896381071,0.19708029197080293,0.7415730337078652,0.18333333333333332,0.1,0.19222186802677718,0.3103448275862069,0.2487128296732163,0.18770226537216828,0.16389484978540772,0.16111111111111112,0.3768844221105528,0.36363636363636365,0.0,0.0,0.1866913123844732,0.7945243211180927,7.384615394215384e-22,0.0,0,-1.609437912
0.4569382273948075,0.3589640749808346,0.09237155339567615,0.0864963503649635,0.5280898876404494,0.48333333333333334,0.25277777777777777,0.12081606630538731,0.022988505747126436,0.2578543658715982,0.14401294498381878,0.13733905579399142,0.21666666666666667,0.5477386934673367,0.38961038961038963,0.5,0.0,0.19630314232902032,0.2363016897102506,1.9076923101722814e-27,0.0,0,-1.609437912
0.18119964189794088,0.08811727866202154,0.05642051766708503,0.1010948905109489,0.5280898876404494,0.26944444444444443,0.21944444444444444,0.07810009563277016,0.19540229885057472,0.2536513607229169,0.09676375404530745,0.08181330472103004,0.2222222222222222,0.8793969849246231,0.38961038961038963,0.0,0.0,0.2920517560073937,0.8506973648049327,1.9653846179396126e-26,0.0,0,-1.609437912
0.42076991942703673,0.6291278648007792,0.13498903197141174,0.041970802919708027,0.7415730337078652,0.6444444444444445,0.9138888888888889,0.1689512272872171,0.20689655172413793,0.25522748765367237,0.1928802588996764,0.1555793991416309,0.9222222222222223,0.4020100502512563,0.35064935064935066,0.5,0.0,0.14602587800369685,0.18828977934090493,9.153846163142307e-32,0.0,0,-1.609437912
0.6449418084153985,0.6926022811593304,0.08088225680115249,0.12956204379562045,0.7696629213483146,0.75,0.8861111111111111,0.10742747848262671,0.10344827586206896,0.25911526741620255,0.14207119741100324,0.12875536480686695,0.8833333333333333,0.2663316582914573,0.44155844155844154,0.25,0.0,0.16635859519408502,0.34972182158342585,8.96153847318846e-25,0.0,0,-1.609437912
0.20143240823634737,0.07187311581098706,0.15591132315643316,0.22627737226277372,0.4044943820224719,0.2361111111111111,0.2972222222222222,0.19190309212623527,0.1839080459770115,0.24272354733634546,0.16828478964401294,0.14994635193133046,0.31666666666666665,0.5226130653266332,0.7142857142857143,0.25,0.0,0.21626617375231053,0.8798799101969461,1.5692307712707689e-15,0.0,0,-1.609437912
0.5926589077887198,0.1495355926850261,0.09624034953212389,0.13138686131386862,0.39325842696629215,0.25555555555555554,0.3055555555555556,0.12527892891297418,0.1839080459770115,0.2578543658715982,0.17055016181229773,0.12795064377682402,0.3,0.32160804020100503,0.5194805194805194,0.0,0.0,0.12014787430683918,0.7327135422212437,1.1153846168346152e-24,0.0,0,-1.609437912
0.26266786034019696,0.70103776369422,0.05850397281665366,0.09562043795620438,0.702247191011236,0.8361111111111111,0.8833333333333333,0.08065030283710552,0.2413793103448276,0.2447199747819691,0.04271844660194175,0.0,0.8694444444444445,0.1457286432160804,0.4935064935064935,0.0,0.0,0.08391866913123845,0.3712851181251523,8.500000011049974e-27,0.0,0,-1.609437912
0.26499552372426144,0.12878340468010857,0.066925642445155,0.12481751824817518,0.6685393258426966,0.2638888888888889,0.14722222222222223,0.09085113165444693,0.08045977011494253,0.24482504991068613,0.07799352750809062,0.0,0.18888888888888888,0.542713567839196,0.6103896103896104,0.5,0.0,0.13937153419593346,0.7739889569745216,5.000000006499999e-25,0.0,0,-1.609437912
0.19552372426141448,0.07193052830675688,0.13671915549310795,0.21897810218978103,0.3539325842696629,0.20833333333333334,0.3194444444444444,0.1708638826904686,0.10344827586206896,0.24976358096038664,0.1766990291262136,0.14189914163090128,0.32222222222222224,0.21608040201005024,0.4155844155844156,0.0,0.0,0.2088724584103512,0.8797781700848425,4.1538461592461534e-21,0.0,0,-1.609437912
0.37636526410026855,0.3327165758138789,0.13498903197141174,0.041240875912408756,0.3258426966292135,0.48333333333333334,0.21944444444444444,0.1689512272872171,0.28735632183908044,0.2597457181885048,0.21067961165048543,0.16791845493562232,0.30833333333333335,0.21608040201005024,0.4155844155844156,0.0,0.0,0.028835489833641405,0.3034912253833499,7.346153853099999e-32,0.0,0,-1.609437912
0.6744852282900627,0.06420776680125215,0.1792410584397085,0.2708029197080292,0.47752808988764045,0.16944444444444445,0.25833333333333336,0.21708638826904686,0.3793103448275862,0.23211095933592518,0.15145631067961166,0.16604077253218885,0.23055555555555557,0.3065326633165829,0.2987012987012987,0.0,0.0,0.26136783733826247,0.8933760556371603,1.7153846176145767e-05,0.0,0,-1.609437912
0.515129811996419,0.6779132817997356,0.07279162986835713,0.09124087591240876,0.5561797752808989,0.7861111111111111,0.7861111111111111,0.09786420146636914,0.25287356321839083,0.25459703688137014,0.11618122977346278,0.10300429184549356,0.7833333333333333,0.16080402010050251,0.33766233766233766,0.0,0.0,0.07948243992606285,0.3119878508026034,4.2307692362692046e-27,0.0,0,-1.609437912
0.443509400179051,0.10438549498830978,0.0779039158046205,0.12007299270072992,0.6966292134831461,0.17222222222222222,0.15,0.1039209435766656,0.11494252873563218,0.24366922349479878,0.09223300970873786,0.0,0.16944444444444445,0.23618090452261306,0.33766233766233766,0.25,0.0,0.24953789279112754,0.820652850101352,2.738461542021538e-25,0.0,0,-1.609437912
0.3738585496866607,0.3459337482867792,0.03738372026209369,0.16569343065693432,0.5393258426966292,0.48333333333333334,0.9055555555555556,0.05419190309212624,0.0,0.26794157822843334,0.08446601941747572,0.164431330472103,0.9,0.3417085427135678,0.45454545454545453,0.5,0.0,0.15489833641404807,0.2695317634517727,4.423076928826923e-23,0.0,0,-1.609437912
0.32551477170993737,0.6285304234808541,0.23763124387403675,0.17883211678832117,0.42696629213483145,0.7638888888888888,0.7027777777777777,0.27861013707363724,0.28735632183908044,0.2651045497530734,0.32233009708737864,0.26126609442060084,0.7194444444444444,0.1658291457286432,0.35064935064935066,0.0,0.0,0.16820702402957485,0.18682808227463749,1.5192307712057689e-22,0.0,0,-1.609437912
0.28433303491495077,0.3237800739854432,0.08360123659751223,0.16058394160583941,0.3707865168539326,0.48333333333333334,0.6805555555555556,0.1106152374880459,0.04597701149425287,0.26163707050541135,0.16375404530744336,0.14109442060085836,0.6805555555555556,0.2864321608040201,0.4025974025974026,0.0,0.0,0.14972273567467653,0.32647892519323746,2.68076923425423e-23,0.0,0,-1.609437912
0.49024171888988355,0.2530658519078546,0.13153645823406673,0.059854014598540145,0.8595505617977528,0.38055555555555554,0.14166666666666666,0.16512591648071406,0.11494252873563218,0.15750761794683196,0.10258899676375405,0.0,0.1527777777777778,0.19095477386934673,0.5064935064935064,0.25,0.0,0.20517560073937152,0.5034721286724153,9.923076935950882e-30,0.0,0,-1.609437912
0.3720680393912265,0.5689042435478773,0.05538225906788029,0.21532846715328466,0.6123595505617978,0.6638888888888889,0.3472222222222222,0.07682499203060249,0.1839080459770115,0.26216244614899653,0.09579288025889968,0.14216738197424894,0.35555555555555557,0.19597989949748743,0.4935064935064935,0.0,0.0,0.20517560073937152,0.05911848597815173,3.161538465648461e-21,0.0,0,-1.609437912
0.4497761862130707,0.0904464614318922,0.042113823885950544,0.05328467153284672,0.3146067415730337,0.16111111111111112,0.34444444444444444,0.0602486452024227,0.09195402298850575,0.2658400756540927,0.10032362459546926,0.15128755364806867,0.3277777777777778,0.38190954773869346,0.5194805194805194,0.25,0.0,0.14121996303142328,0.8464467804939754,2.0461538487878077e-30,0.0,0,-1.609437912
0.1459265890778872,0.5280828872949102,0.0827844216035238,0.09087591240875913,0.4606741573033708,0.7055555555555556,0.7388888888888889,0.10965890978642015,0.3103448275862069,0.25165493327729327,0.1168284789644013,0.09603004291845493,0.7222222222222222,0.22110552763819097,0.4155844155844156,0.25,0.0,0.22255083179297597,0.008557779551675686,3.961538466688435e-27,0.0,0,-1.609437912
0.7353625783348255,0.577504384371134,0.1562042896381071,0.25364963503649635,0.6404494382022472,0.6,0.925,0.19222186802677718,0.39080459770114945,0.2746663864663234,0.24401294498381876,0.23390557939914164,0.9111111111111111,0.3065326633165829,0.4935064935064935,0.0,0.0,0.24399260628465805,0.07446638224337053,1.8269230792980763e-07,0.0,0,-1.609437912
0.23455684870188004,0.3873668095254248,0.11925199200935534,0.23065693430656933,0.34269662921348315,0.575,0.6,0.15141855275741153,0.26436781609195403,0.2492382053168015,0.14951456310679612,0.1255364806866953,0.6277777777777778,0.2814070351758794,0.4155844155844156,0.25,0.0,0.22070240295748614,0.1661201155715076,2.3769230800130765e-13,0.0,0,-1.609437912
0.333034914950761,0.5443034375636666,0.11896798876498998,0.17445255474452553,0.5449438202247191,0.675,0.8388888888888889,0.15109977685686962,0.28735632183908044,0.25659346432699376,0.1789644012944984,0.1467274678111588,0.8055555555555556,0.41708542713567837,0.12987012987012986,0.0,0.0,0.1900184842883549,0.023736545970688926,1.0192307705557691e-22,0.0,0,-1.609437912
0.25783348254252464,0.2533964857803771,0.04869273250072702,0.11824817518248175,0.4101123595505618,0.41388888888888886,0.30277777777777776,0.06853681861651259,0.16091954022988506,0.26069139434695804,0.11974110032362459,0.12043991416309013,0.3138888888888889,0.25125628140703515,0.23376623376623376,0.5,0.0,0.13086876155268024,0.5026774739510538,2.161538464348461e-25,0.0,0,-1.609437912
0.5756490599820949,0.21838461151966682,0.07413292789032423,0.1010948905109489,0.47752808988764045,0.33055555555555555,0.24444444444444444,0.09945808096907874,0.12643678160919541,0.24556057581170534,0.09514563106796116,0.0,0.2833333333333333,0.2613065326633166,0.1038961038961039,0.0,0.0,0.08946395563770795,0.5846661761959949,1.9653846179396126e-26,0.0,0,-1.609437912
0.7940913160250671,0.5797648208839978,0.10263592787179275,0.14525547445255474,0.5955056179775281,0.6472222222222223,0.8361111111111111,0.13261077462543833,0.22988505747126436,0.24829252915834818,0.13171521035598704,0.09978540772532189,0.7888888888888889,0.5025125628140703,0.45454545454545453,0.0,0.0,0.13419593345656192,0.07872053557294656,5.4230769301269225e-24,0.0,0,-1.609437912
0.26803939122649956,0.08165785739352885,0.2062414297240532,0.30766423357664235,0.6235955056179775,0.21666666666666667,0.1638888888888889,0.24577621931781957,0.3218390804597701,0.2393611432174004,0.22588996763754046,0.1915236051502146,0.16111111111111112,0.24623115577889448,0.3246753246753247,0.0,0.0,0.2987060998151571,0.862397739699985,0.0022153846182582345,0.0,0,-1.609437912
0.029006266786033998,0.5793200596736183,0.08469179922700276,0.1332116788321168,0.4157303370786517,0.7972222222222223,0.7138888888888889,0.11189034109021358,0.28735632183908044,0.25575286329725755,0.13203883495145632,0.11909871244635194,0.675,0.3065326633165829,0.37662337662337664,0.5,0.0,0.12199630314232902,0.0778766042234682,1.3846153864153845e-24,0.0,0,-1.609437912
0.1570277529095792,0.11517963976835353,0.07467026465252999,0.10036496350364964,0.5842696629213483,0.2972222222222222,0.20555555555555555,0.10009563277016258,0.1724137931034483,0.2469265524850268,0.09288025889967638,0.046137339055793994,0.2388888888888889,0.33668341708542715,0.33766233766233766,0.0,0.0,0.08872458410351201,0.8002501808222561,1.7615384638284587e-26,0.0,0,-1.609437912
0.3339301700984781,0.3298164833142021,0.06586555782171298,0.1259124087591241,0.34831460674157305,0.48333333333333334,0.33611111111111114,0.08957602805227925,0.11494252873563218,0.2715141326048124,0.16051779935275082,0.17140557939914164,0.3416666666666667,0.4723618090452261,0.36363636363636365,0.0,0.0,0.11460258780036968,0.31095308132738253,5.73076923821923e-25,0.0,0,-1.609437912
0.1683079677708147,0.4324935062717797,0.16502194568947343,0.22116788321167882,0.6348314606741573,0.675,0.825,0.20178514504303474,0.19540229885057472,0.26573500052537563,0.24401294498381876,0.2092274678111588,0.825,0.4271356783919598,0.4025974025974026,0.25,0.0,0.21109057301293901,0.06955564097504563,4.423076928826923e-19,0.0,0,-1.609437912
0.1450313339301701,0.3321072548217572,0.09154498183284099,0.14817518248175182,0.1853932584269663,0.6027777777777777,0.5611111111111111,0.11985973860376156,0.22988505747126436,0.266785751812546,0.17508090614886732,0.17086909871244635,0.5472222222222223,0.2914572864321608,0.45454545454545453,0.25,0.0,0.13715341959334565,0.3050589746980202,7.423076932726922e-24,0.0,0,-1.609437912
0.38263205013428825,0.6927044211905576,0.10375308182829181,0.18613138686131386,0.601123595505618,0.8166666666666667,0.8055555555555556,0.133885878227606,0.26436781609195403,0.250919407376274,0.1401294498381877,0.1134656652360515,0.7833333333333333,0.3969849246231156,0.2987012987012987,0.0,0.0,0.18299445471349354,0.349983520462814,2.9115384653234614e-22,0.0,0,-1.609437912
0.31208594449418087,0.5236228539876063,0.08824757415636905,0.12846715328467154,0.5168539325842697,0.6638888888888889,0.7805555555555556,0.11603442779725853,0.25287356321839083,0.2487128296732163,0.10614886731391586,0.09093347639484979,0.7083333333333334,0.35678391959798994,0.4155844155844156,0.0,0.0,0.11719038817005545,0.005652106534299573,7.846153856353846e-25,0.6096389734807469,0,-1.609437912
0.4632050134288273,0.34542971469050826,0.09154498183284099,0.14233576642335766,0.33707865168539325,0.48333333333333334,0.3194444444444444,0.11985973860376156,0.05747126436781609,0.25333613533676574,0.13527508090614887,0.11158798283261803,0.32222222222222224,0.22613065326633167,0.38961038961038963,0.25,0.0,0.22181146025878004,0.2708237233104084,3.923076928176923e-24,0.0,0,-1.609437912
0.40053715308863025,0.7889802239670098,0.08414630798797892,0.16569343065693432,0.38764044943820225,0.9138888888888889,0.6111111111111112,0.11125278928912974,0.28735632183908044,0.24104234527687296,0.07961165048543689,0.0,0.65,0.18090452261306533,0.3116883116883117,0.0,0.0,0.15489833641404807,0.5847510303264877,4.423076928826923e-23,0.0,0,-1.609437912
0.4395702775290958,0.3470717796776708,0.05850397281665366,0.17554744525547444,0.2808988764044944,0.5055555555555555,0.4222222222222222,0.08065030283710552,0.19540229885057472,0.2755069874960597,0.1576051779935275,0.19527896995708155,0.4388888888888889,0.33668341708542715,0.35064935064935066,0.0,0.0,0.16487985212569317,0.2666160815006829,1.1269230783880768e-22,0.0,0,-1.609437912
0.38084153983885405,0.4148255032072604,0.10347366047109104,0.11094890510948906,0.3202247191011236,0.6222222222222222,0.6694444444444444,0.13356710232706406,0.3448275862068966,0.2524955343070295,0.14466019417475728,0.12017167381974249,0.5361111111111111,0.5175879396984925,0.37662337662337664,0.0,0.0,0.09944547134935305,0.10421674400327097,8.115384625934611e-26,0.6264518087037507,0,-1.609437912
0.5953446732318711,0.3715818825474617,0.03615073254078268,0.1897810218978102,0.4157303370786517,0.48333333333333334,0.2916666666666667,0.05259802358941664,0.1839080459770115,0.263738573079752,0.07313915857605179,0.1440450643776824,0.29444444444444445,0.20100502512562815,0.42857142857142855,0.0,0.0,0.17929759704251386,0.20461600895348378,4.0000000051999993e-22,0.0,0,-1.609437912
0.3133393017009848,0.39977589997938806,0.03615073254078268,0.15437956204379563,0.3258426966292135,0.5861111111111111,0.65,0.05259802358941664,0.45977011494252873,0.2547021120100872,0.07346278317152104,0.07671673819742489,1.0,0.22613065326633167,0.45454545454545453,0.0,0.0,0.1434380776340111,0.1371690745085733,1.4269230787780768e-23,0.0,1,-1.609437912
0.5376902417188898,0.16533068948695354,0.044630294432277555,0.059854014598540145,0.7808988764044944,0.2222222222222222,0.05277777777777778,0.06343640420784188,0.26436781609195403,0.2561731638121256,0.0970873786407767,0.08878755364806867,0.058333333333333334,0.19095477386934673,0.45454545454545453,0.25,0.0,0.17929759704251386,0.700282758138832,9.923076935950882e-30,0.0,0,-1.609437912
0.047806624888093084,0.05527273032618785,0.04767309097919402,0.058394160583941604,0.37640449438202245,0.24166666666666667,0.3111111111111111,0.06726171501434491,0.12643678160919541,0.2656299253966586,0.1343042071197411,0.15048283261802575,0.30277777777777776,0.17587939698492464,0.4025974025974026,0.0,0.0,0.18114602587800369,0.908891436869948,7.076923086097038e-30,0.0,0,-1.609437912
0.18854073410922115,0.588685239854677,0.06639534537860264,0.1364963503649635,0.38764044943820225,0.7416666666666667,0.9888888888888889,0.09021357985336309,0.22988505747126436,0.25375643585163393,0.10194174757281553,0.09468884120171674,0.9694444444444444,0.1708542713567839,0.2987012987012987,0.0,0.0,0.12532347504621072,0.09632058640638298,2.0269230795580767e-24,0.0,0,-1.609437912
0.23688451208594452,0.47801131989603984,0.2948319041585478,0.22956204379562045,0.5449438202247191,0.6611111111111111,0.8083333333333333,0.33726490277335036,0.367816091954023,0.22643690238520542,0.2896440129449838,0.2792381974248927,0.7638888888888888,0.15577889447236182,0.35064935064935066,0.0,0.0,0.21959334565619223,0.009460517961338783,7.692307702307692e-14,0.0,0,-1.609437912
0.4270367054610564,0.22846057771982875,0.13758516440270252,0.11094890510948906,0.4157303370786517,0.35833333333333334,0.3138888888888889,0.17182021039209436,0.1839080459770115,0.27130398234737835,0.2446601941747573,0.2030579399141631,0.29444444444444445,0.4824120603015075,0.4025974025974026,0.0,0.0,0.11349353049907579,0.5615270085438754,8.115384625934611e-26,0.0,0,-1.609437912
0.443509400179051,0.6725548786601716,0.033212848823477636,0.06569343065693431,0.4157303370786517,0.7888888888888889,0.7111111111111111,0.04877271278291361,0.13793103448275862,0.266785751812546,0.07831715210355987,0.1569206008583691,0.7138888888888889,0.39195979899497485,0.4025974025974026,0.0,0.0,0.053604436229205174,0.29820138545985514,3.6230769277843186e-29,0.0,0,-1.609437912
0.38406445837063563,0.16134548845783364,0.2716665436197466,0.12554744525547445,0.42134831460674155,0.2972222222222222,0.2972222222222222,0.3136754861332483,0.06896551724137931,0.21172638436482083,0.22330097087378642,0.23122317596566525,0.28888888888888886,0.4321608040201005,0.36363636363636365,0.0,0.0,0.13863216266173753,0.7085495157030176,5.461538468638461e-25,0.0,0,-1.609437912
0.4016114592658908,0.16327963471591336,0.17448665579033068,0.1894160583941606,0.8258426966292135,0.16944444444444445,0.041666666666666664,0.21198597386037615,0.28735632183908044,0.24083219501943887,0.1941747572815534,0.1582618025751073,0.06388888888888888,0.27638190954773867,0.4025974025974026,0.25,0.0,0.1789279112754159,0.7045445451797467,3.8846153896653843e-22,0.0,0,-1.609437912
0.14377797672336617,0.356723938373083,0.03986463352829313,0.07408759124087591,0.33146067415730335,0.5638888888888889,0.475,0.05737966209754543,0.2413793103448276,0.25228538404959544,0.06699029126213592,0.05552575107296137,0.5,0.12562814070351758,0.4025974025974026,0.25,0.0,0.13271719038817006,0.24198572685260292,2.0000000025997393e-28,0.0,0,-1.609437912
0.44368845120859446,0.9265591805916072,0.12981406426324668,0.23175182481751824,0.5224719101123596,0.041666666666666664,0.21666666666666667,0.16321326107746253,0.45977011494252873,0.23200588420720814,0.12297734627831715,0.03862660944206009,1.0,0.22613065326633167,0.37662337662337664,0.25,0.0,0.22181146025878004,0.8639988631527203,6.846153855053846e-13,0.0,1,-1.609437912
0.20268576544315128,0.6141153242440923,0.0803397525600663,0.14051094890510948,0.3707865168539326,0.7638888888888888,0.6944444444444444,0.10678992668154287,0.16091954022988506,0.28433329830829046,0.19546925566343043,0.23202789699570817,0.6666666666666666,0.1658291457286432,0.35064935064935066,0.0,0.0,0.12939001848428835,0.15231165864853158,3.2038461580111536e-24,0.0,0,-1.609437912
0.4297224709042077,0.15072782106032265,0.05305485596599,0.12226277372262774,0.7584269662921348,0.2222222222222222,0.13055555555555556,0.07395600892572521,0.28735632183908044,0.2594304928023537,0.13236245954692558,0.11185622317596566,0.1527777777777778,0.1507537688442211,0.2987012987012987,0.0,0.0,0.11090573012939002,0.7302966345542705,3.6230769277869227e-25,0.0,0,-1.609437912
0.18889883616830797,0.6643584556596115,0.12181153763218736,0.24817518248175183,0.4943820224719101,0.8333333333333334,0.7361111111111112,0.1542875358622888,0.3218390804597701,0.24713670274246083,0.1488673139158576,0.11829399141630902,0.7,0.09045226130653267,0.37662337662337664,0.0,0.0,0.23844731977818853,0.2771355949584103,2.219230772115769e-08,0.0,0,-1.609437912
0.1579230080572963,0.2899708573011504,0.07065171821427131,0.1302919708029197,0.6797752808988764,0.48333333333333334,0.1638888888888889,0.0953139942620338,0.19540229885057472,0.25732899022801303,0.12103559870550162,0.11695278969957082,0.19722222222222222,0.1306532663316583,0.38961038961038963,0.0,0.0,0.23844731977818853,0.4126242724403919,9.769230781930769e-25,0.0,0,-1.609437912
0.35452103849597133,0.09123366061327498,0.03248324530942886,0.07664233576642336,0.6292134831460674,0.2111111111111111,0.18055555555555555,0.047816385081287854,0.2988505747126437,0.2544919617526531,0.06893203883495146,0.07108369098712447,0.19722222222222222,0.3768844221105528,0.42857142857142855,0.0,0.0,0.06469500924214418,0.8450063867926676,3.2576923119270475e-28,0.0,0,-1.609437912
0.6168307967770814,0.1520523896137638,0.08224040969402277,0.14014598540145987,0.6179775280898876,0.25277777777777777,0.18611111111111112,0.10902135798533631,0.16091954022988506,0.24965850583166962,0.11132686084142394,0.08208154506437768,0.20277777777777778,0.25125628140703515,0.3116883116883117,0.0,0.0,0.12902033271719038,0.7276055521203266,3.0730769270719225e-24,0.0,0,-1.609437912
0.35989256938227393,0.33318005251763216,0.07467026465252999,0.11897810218978103,0.47752808988764045,0.4722222222222222,0.2833333333333333,0.10009563277016258,0.3448275862068966,0.25554271303982345,0.13106796116504854,0.1046137339055794,1.0,0.19597989949748743,0.2987012987012987,0.0,0.0,0.10757855822550831,0.3022987553956868,2.376923080013076e-25,0.0,1,-1.609437912
0.13196060877350044,0.04077457543407927,0.12067318342929015,0.12664233576642336,0.48314606741573035,0.2388888888888889,0.24444444444444444,0.15301243226012112,0.19540229885057472,0.2501838814752548,0.15825242718446603,0.12741416309012876,0.275,0.1407035175879397,0.3246753246753247,0.0,0.0,0.11534195933456562,0.9335844256686096,6.269230777380769e-25,0.0,0,-1.609437912
0.07072515666965085,0.1546091632239112,0.13412492416851615,0.24233576642335766,0.6235955056179775,0.3638888888888889,0.17777777777777778,0.16799489958559133,0.25287356321839083,0.2428286224650625,0.14789644012944983,0.12017167381974249,0.20277777777777778,0.07035175879396985,0.33766233766233766,0.25,0.0,0.23253234750462107,0.722393447309383,1.319230770945769e-09,0.0,0,-1.609437912
0.2966875559534467,0.8032386806333449,0.04086240222705747,0.1335766423357664,0.38202247191011235,0.9472222222222222,0.6166666666666667,0.058654765699713104,0.13793103448275862,0.2656299253966586,0.10064724919093851,0.15182403433476394,0.5722222222222222,0.0,0.2987012987012987,0.25,0.0,0.21515711645101662,0.6168488440535351,1.4423076941826922e-24,0.0,0,-1.609437912
0.06947179946284693,0.0909289454637543,0.07225593558110115,0.08795620437956204,0.4887640449438202,0.3111111111111111,0.26944444444444443,0.09722664966528531,0.13793103448275862,0.28349269727855414,0.19676375404530744,0.22880901287553648,0.25,0.06532663316582915,0.16883116883116883,0.25,0.0,0.08465804066543438,0.8455641747107336,2.442307695482666e-27,0.0,0,-1.609437912
0.22112802148612354,0.10180319101221451,0.14163477620990633,0.19160583941605838,0.4550561797752809,0.2722222222222222,0.2777777777777778,0.1762830729996812,0.09195402298850575,0.2437742986235158,0.170873786407767,0.12097639484978541,0.26944444444444443,0.37185929648241206,0.19480519480519481,0.25,0.0,0.18114602587800369,0.8254779233096081,4.653846159896153e-22,0.0,0,-1.609437912
0.21181736794986572,0.022368119312031507,0.016345328781044957,0.041240875912408756,0.5449438202247191,0.18333333333333332,0.23333333333333334,0.025820847943895442,0.27586206896551724,0.25816959125774924,0.04401294498381877,0.10059012875536481,0.2361111111111111,0.32160804020100503,0.16883116883116883,0.0,0.0,0.028835489833641405,0.9641038210637519,7.346153853099999e-32,0.0,0,-1.609437912
0.19838854073410925,0.9460460080524152,0.039366891905371945,0.06934306569343066,0.43258426966292135,0.11388888888888889,0.30277777777777776,0.05674211029646159,0.3448275862068966,0.2462961017127246,0.04983818770226537,0.0,0.3055555555555556,0.06030150753768844,0.33766233766233766,0.0,0.0,0.05730129390018484,0.8984826977928336,7.769230779328165e-29,0.0,0,-1.609437912
0.576186213070725,0.8297884263029308,0.01746625745040887,0.06386861313868614,0.6460674157303371,0.9388888888888889,0.9138888888888889,0.027414727446605038,0.1724137931034483,0.2556477881685405,0.042394822006472495,0.07778969957081545,0.9083333333333333,0.19597989949748743,0.2597402597402597,0.0,0.0,0.14380776340110907,0.6745991763761263,2.4423076954800882e-29,0.0,0,-1.609437912
0.21432408236347356,0.615357348809692,0.033212848823477636,0.04489051094890511,0.5561797752808989,0.775,0.8027777777777778,0.04877271278291361,0.11494252873563218,0.2566985394557108,0.09190938511326861,0.08798283261802575,0.8,0.3165829145728643,0.23376623376623376,0.0,0.0,0.03253234750462107,0.15522172007986257,2.1576923102369226e-31,0.0,0,-1.609437912
0.21629364368845122,0.4304393455230721,0.04691010126295866,0.04416058394160584,0.398876404494382,0.6138888888888889,0.6916666666666667,0.06630538731271916,0.11494252873563218,0.2579594410003152,0.10194174757281553,0.10219957081545064,0.6583333333333333,0.3165829145728643,0.3116883116883117,0.0,0.0,0.08317929759704251,0.07332208870556339,1.746153848163461e-31,0.0,0,-1.609437912
0.28075201432408237,0.09309818323922538,0.062171595645669826,0.07445255474452554,0.38202247191011235,0.2361111111111111,0.2972222222222222,0.08511316544469238,0.20689655172413793,0.23389723652411473,0.059870550161812294,0.0,0.3277777777777778,0.07537688442211055,0.2857142857142857,0.25,0.0,0.06247689463955638,0.8415870211065654,2.1461538489435855e-28,0.0,0,-1.609437912
0.4882721575649061,0.22375540526190488,0.0976265570621796,0.14087591240875913,0.38202247191011235,0.34444444444444444,0.3194444444444444,0.12687280841568377,0.20689655172413793,0.24566565094042236,0.11488673139158576,0.07778969957081545,0.3527777777777778,0.5628140703517588,0.4935064935064935,0.0,0.0,0.12975970425138633,0.5723789847317384,3.338461542801538e-24,0.0,0,-1.609437912
0.20680393912264997,0.15967686730350344,0.10795488324679639,0.18503649635036495,0.5337078651685393,0.3333333333333333,0.25277777777777777,0.13866751673573477,0.06896551724137931,0.24461489965325203,0.12006472491909385,0.09468884120171674,0.2361111111111111,0.9045226130653267,0.5844155844155844,0.0,0.0,0.1744916820702403,0.7119938637995716,2.6423076957426923e-22,0.0,0,-1.609437912
0.27448522829006267,0.38898829212732616,0.042113823885950544,0.10583941605839416,0.38202247191011235,0.5555555555555556,0.5888888888888889,0.0602486452024227,0.13793103448275862,0.25806451612903225,0.0970873786407767,0.10300429184549356,0.6,0.9698492462311558,0.5844155844155844,0.0,0.0,0.10573012939001848,0.16226177785818133,3.92307692817692e-26,0.0,0,-1.609437912
0.7051029543419873,0.6575091502435445,0.0504833674287922,0.0645985401459854,0.5449438202247191,0.7472222222222222,0.7472222222222222,0.07076824992030603,0.21839080459770116,0.24997373121782074,0.07346278317152104,0.03567596566523605,0.7472222222222222,0.0,0.2077922077922078,0.0,0.0,0.05249537892791128,0.25958773228512444,2.865384619107011e-29,0.0,0,-1.609437912
0.49364368845120865,0.7638390088805506,0.0976265570621796,0.19671532846715328,0.6235955056179775,0.875,0.8638888888888889,0.12687280841568377,0.25287356321839083,0.2556477881685405,0.1517799352750809,0.12687768240343347,0.8861111111111111,0.06030150753768844,0.22077922077922077,0.25,0.0,0.18632162661737522,0.5263257383124432,7.153846163146152e-22,0.0,0,-1.609437912
0.12354521038495972,0.03458764758546742,0.03639692217818197,0.03941605839416058,0.43820224719101125,0.225,0.2722222222222222,0.05291679948995856,0.22988505747126436,0.2563833140695597,0.10161812297734628,0.08395922746781116,0.2638888888888889,0.1708542713567839,0.22077922077922077,0.0,0.0,0.10757855822550831,0.9439446406728819,4.1923076951538454e-32,0.0,0,-1.609437912
0.649059982094897,0.6724758665387842,0.12295112666294461,0.15802919708029198,0.651685393258427,0.7555555555555555,0.7666666666666667,0.15556263946445648,0.19540229885057472,0.24177787117789218,0.1436893203883495,0.08851931330472103,0.7888888888888889,0.11557788944723618,0.3116883116883117,0.0,0.0,0.14713493530499075,0.29799813048510626,2.0730769257719227e-23,0.0,0,-1.609437912
0.4968666069829902,0.1789059773381799,0.2126008428750012,0.16934306569343066,0.5955056179775281,0.2972222222222222,0.20555555555555555,0.2524705132291999,0.20689655172413793,0.31585583692340025,0.4349514563106796,0.33395922746781115,0.24444444444444444,0.0,0.2857142857142857,0.0,0.0,0.16266173752310537,0.6716898013456739,6.307692315892308e-23,0.0,0,-1.609437912
0.47144136078782445,0.6249081968854857,0.034922897156724676,0.10510948905109489,0.6348314606741573,0.7222222222222222,0.8527777777777777,0.051004144086707046,0.13793103448275862,0.2649994746243564,0.08932038834951456,0.1467274678111588,0.8527777777777777,0.1306532663316583,0.2987012987012987,0.25,0.0,0.09353049907578559,0.17801396927064755,3.546153850763843e-26,0.0,0,-1.609437912
0.315129811996419,0.609758250387226,0.044630294432277555,0.05547445255474453,0.6966292134831461,0.6777777777777778,0.20277777777777778,0.06343640420784188,0.2413793103448276,0.24965850583166962,0.06634304207119741,0.0,0.18055555555555555,0.19597989949748743,0.2857142857142857,0.0,0.0,0.2288354898336414,0.14221354688382942,3.523076927630884e-30,0.0,0,-1.609437912
0.5165622202327663,0.41344745496772767,0.0803397525600663,0.14233576642335766,0.5561797752808989,0.5333333333333333,0.175,0.10678992668154287,0.42528735632183906,0.2704633813176421,0.1744336569579288,0.1813304721030043,0.15555555555555556,0.135678391959799,0.16883116883116883,0.0,0.0,0.13123844731977818,0.1071173055529598,3.923076928176923e-24,0.0,0,-1.609437912
0.36257833482542523,0.7051547695073473,0.14482597798461183,0.20437956204379562,0.5056179775280899,0.8361111111111111,0.7611111111111111,0.17978960790564233,0.26436781609195403,0.25964064305978773,0.22427184466019418,0.17516094420600858,0.7361111111111112,0.0,0.2077922077922078,0.25,0.0,0.19408502772643252,0.3817664922480844,1.3423076940526921e-21,0.0,0,-1.609437912
0.23957027752909582,0.1131969171296341,0.09154498183284099,0.09671532846715329,0.6629213483146067,0.25,0.16666666666666666,0.11985973860376156,0.16091954022988506,0.2726699590206998,0.16537216828478965,0.19796137339055794,0.16111111111111112,0.06532663316582915,0.22077922077922077,0.0,0.0,0.08502772643253234,0.8040263591990103,1.007692309002305e-26,0.0,0,-1.609437912
0.4204118173679499,0.5988023536185926,0.08441900125925976,0.10802919708029197,0.5168539325842697,0.7222222222222222,0.7527777777777778,0.11157156518967166,0.3103448275862069,0.25522748765367237,0.14401294498381878,0.10944206008583691,0.7416666666666667,0.11055276381909548,0.18181818181818182,0.0,0.0,0.09648798521256932,0.1176805351187532,5.384615391615382e-26,0.0,0,-1.609437912
0.7842435094001791,0.42145682341209223,0.05850397281665366,0.10875912408759124,0.6573033707865169,0.5916666666666667,0.8888888888888888,0.08065030283710552,0.3333333333333333,0.2681517284858674,0.1912621359223301,0.15289699570815452,0.95,0.23618090452261306,0.19480519480519481,0.0,0.0,0.09722735674676525,0.09063370615289683,5.961538469288457e-26,0.0,0,-1.609437912
0.13106535362578334,0.29612674340192724,0.03812593107615176,0.08832116788321168,0.5842696629213483,0.49166666666666664,0.9666666666666667,0.055148230793751994,0.11494252873563218,0.27256488389198275,0.09320388349514563,0.18454935622317598,0.9972222222222222,0.0,0.35064935064935066,0.0,0.0,0.07652495378927911,0.39709811447279264,2.6000000033799737e-27,0.0,0,-1.609437912
0.288272157564906,0.8738340818938227,0.029345346692006787,0.13613138686131387,0.5730337078651685,0.019444444444444445,0.13055555555555556,0.043672298374242906,0.21839080459770116,0.2582746663864663,0.061488673139158574,0.1059549356223176,0.06944444444444445,0.07035175879396985,0.2857142857142857,0.0,0.0,0.12495378927911276,0.764751030797722,1.9423076948326923e-24,0.0,0,-1.609437912
0.15362578334825427,0.1777960358696939,0.06745644575452557,0.10693430656934307,0.4943820224719101,0.36666666666666664,0.23055555555555557,0.09148868345553077,0.10344827586206896,0.2607964694756751,0.12103559870550162,0.13733905579399142,0.20555555555555555,0.15577889447236182,0.18181818181818182,0.0,0.0,0.19704251386321628,0.6740529131366394,4.615384621384612e-26,0.0,0,-1.609437912
0.1043867502238138,0.750984158118079,0.08360123659751223,0.24197080291970802,0.5561797752808989,0.9444444444444444,0.8,0.1106152374880459,0.06896551724137931,0.23631396448460648,0.07249190938511327,0.0,0.7805555555555556,0.1507537688442211,0.15584415584415584,0.0,0.0,0.23216266173752312,0.4955782490190559,1.0807692321742307e-09,0.0,0,-1.609437912
0.22703670546105642,0.9117860244001609,0.07844443817316546,0.2072992700729927,0.550561797752809,0.06944444444444445,0.21388888888888888,0.10455849537774944,0.05747126436781609,0.2744562362088893,0.1715210355987055,0.19822961373390557,0.19444444444444445,0.15577889447236182,0.16883116883116883,0.0,0.0,0.19704251386321628,0.8370895983296094,1.692307694507692e-21,0.0,0,-1.609437912
0.20895255147717098,0.6950657556157153,0.025539760477816854,0.15291970802919708,0.34269662921348315,0.85,0.1527777777777778,0.0385718839655722,0.1724137931034483,0.25816959125774924,0.05825242718446602,0.0992489270386266,0.13333333333333333,0.05527638190954774,0.22077922077922077,0.0,0.0,0.1419593345656192,0.3560298668297826,1.226923078518077e-23,0.0,0,-1.609437912
0.3235452103849597,0.6391708154354663,0.06772203623675871,0.1072992700729927,0.3707865168539326,0.7666666666666667,0.7027777777777777,0.09180745935607268,0.10344827586206896,0.2506041819901229,0.0912621359223301,0.07591201716738197,0.7694444444444445,0.1507537688442211,0.24675324675324675,0.0,0.0,0.09574861367837338,0.21315298373079217,4.8461538524538427e-26,0.0,0,-1.609437912
0.4168307967770815,0.6055543300103027,0.12409194091782627,0.1467153284671533,0.5393258426966292,0.7277777777777777,0.7472222222222222,0.15683774306662415,0.09195402298850575,0.23547336345487022,0.13656957928802588,0.04801502145922747,0.7444444444444445,0.06532663316582915,0.2077922077922078,0.0,0.0,0.1356746765249538,0.1326457821374232,6.3461538544038455e-24,0.0,0,-1.609437912
0.6245299910474484,0.2007438069988991,0.08224040969402277,0.14051094890510948,0.601123595505618,0.3055555555555556,0.19444444444444445,0.10902135798533631,0.19540229885057472,0.2577492907428811,0.15016181229773462,0.12151287553648069,0.19444444444444445,0.3869346733668342,0.2727272727272727,0.0,0.0,0.12939001848428835,0.6242693242751797,3.2038461580111536e-24,0.0,0,-1.609437912
0.31208594449418087,0.15206846816274133,0.14511648976720312,0.11751824817518249,0.797752808988764,0.19722222222222222,0.10277777777777777,0.18010838380618424,0.2988505747126437,0.2633182725648839,0.23042071197411004,0.18642703862660945,0.14166666666666666,0.2914572864321608,0.2857142857142857,0.0,0.0,0.15157116451016636,0.727572847499097,1.961538464088461e-25,0.0,0,-1.609437912
0.17851387645478958,0.5885881952947752,0.09540975050105882,0.11788321167883212,0.42696629213483145,0.7555555555555555,0.7222222222222222,0.12432260121134842,0.16091954022988506,0.2486077545444993,0.1226537216828479,0.09254291845493562,0.7333333333333333,0.0,0.2987012987012987,0.0,0.0,0.10646950092421442,0.09612254165136448,2.057692310367307e-25,0.0,0,-1.609437912
0.21933751119068934,0.4158507984573122,0.05928761036769073,0.15985401459854015,0.43820224719101125,0.5861111111111111,0.7166666666666667,0.08160663053873127,0.12643678160919541,0.2647893243669223,0.14433656957928803,0.1467274678111588,0.7138888888888889,0.12060301507537688,0.4155844155844156,0.0,0.0,0.14898336414048058,0.10207549819642615,2.492307695547692e-23,0.0,0,-1.609437912
0.4735899731423456,0.545449632474957,0.1104852262711589,0.19598540145985402,0.42134831460674155,0.6416666666666667,0.6777777777777778,0.14153649984061206,0.09195402298850575,0.24808237890091414,0.1378640776699029,0.10890557939914162,0.7055555555555556,0.48743718592964824,0.19480519480519481,0.0,0.0,0.422550831792976,0.025070442079124643,6.730769239519229e-22,0.0,0,-1.609437912
0.43742166517457476,0.17757186739052094,0.06269772118795783,0.09744525547445256,0.6067415730337079,0.30277777777777776,0.19722222222222222,0.08575071724577622,0.14942528735632185,0.2551224125249553,0.10420711974110032,0.09951716738197425,0.19444444444444445,0.36683417085427134,0.11688311688311688,0.0,0.0,0.08576709796672828,0.6745296279443246,1.1269230783880742e-26,0.0,0,-1.609437912
0.25067144136078784,0.4796426875484657,0.04513571321848421,0.20693430656934306,0.5393258426966292,0.6527777777777778,0.7638888888888888,0.06407395600892572,0.05747126436781609,0.24745192812861194,0.06601941747572816,0.0,0.7861111111111111,0.12060301507537688,0.14285714285714285,0.25,0.0,0.1966728280961183,0.008275592774109875,1.642307694442692e-21,0.0,0,-1.609437912
0.4798567591763653,0.2295668335948312,0.03713671694425738,0.13175182481751824,0.48314606741573035,0.3527777777777778,0.2638888888888889,0.05387312719158432,0.11494252873563218,0.257223915099296,0.07022653721682848,0.10193133047210301,0.225,0.0,0.1038961038961039,0.0,0.0,0.12051756007393716,0.5589637269436348,1.1615384630484615e-24,0.0,0,-1.609437912
0.27358997314234557,0.05959189716126964,0.08852180914209472,0.13065693430656936,0.5393258426966292,0.21666666666666667,0.23333333333333334,0.11635320369780044,0.1724137931034483,0.2599558684459388,0.1715210355987055,0.1333154506437768,0.2361111111111111,0.1457286432160804,0.4025974025974026,0.0,0.0,0.11940850277264325,0.9014201234810872,1.0192307705557691e-24,0.0,0,-1.609437912
0.28075201432408237,0.8412223536118233,0.25985281429736057,0.4470802919708029,0.398876404494382,0.9888888888888889,0.6,0.3015620019126554,0.7471264367816092,0.23557843858358724,0.26957928802589,0.2459763948497854,1.0,0.32663316582914576,0.2077922077922078,0.25,0.5,0.4399260628465804,0.6986694261314665,0.27500000025918747,0.0,1,0.599660337
0.32999104744852287,0.5693896839123783,0.305542972939082,0.4153284671532847,0.5898876404494382,0.6888888888888889,0.8583333333333333,0.3481032833917756,0.3563218390804598,0.2891667542292739,0.4517799352750809,0.33986051502145925,0.7444444444444445,0.4371859296482412,0.37662337662337664,0.0,0.5,0.4077634011090573,0.059947764648167166,0.17038461556837517,0.0,0,0.908661705
0.033661593554162955,0.5378086338777124,0.2434739621542853,0.29927007299270075,0.550561797752809,0.75,0.7472222222222222,0.2846668791839337,0.5172413793103449,0.24787222864348007,0.284789644012945,0.2411480686695279,1.0,0.46733668341708545,0.09090909090909091,0.0,0.0,0.2902033271719039,0.016814776304204745,0.0010153846167032749,0.0,1,1.084378129
0.1387645478961504,0.875027209726734,0.2657525096124692,0.3795620437956204,0.4550561797752809,0.05555555555555555,0.25,0.30761874402295186,0.6896551724137931,0.2097299569191972,0.24757281553398058,0.25375536480686695,1.0,0.628140703517588,0.2987012987012987,0.0,0.5,0.37153419593345655,0.7670982717225325,0.0769230770153846,0.0,1,1.263448531
0.35863921217547,0.9439301305361548,0.151232451329395,0.2737226277372263,0.42134831460674155,0.08055555555555556,0.25,0.18680267771756456,0.6206896551724138,0.21992224440474936,0.13495145631067962,0.0,1.0,0.6331658291457286,1.0,0.25,0.0,0.2643253234750462,0.8947926711075501,3.0192307731556507e-05,0.0,1,1.401872391
0.1615040286481647,0.628895735058695,0.27884443643843154,0.3248175182481752,0.29775280898876405,0.7638888888888888,0.6472222222222223,0.32100733184571245,0.7241379310344828,0.20447620048334558,0.21294498381877022,0.2371244635193133,1.0,0.8341708542713567,0.7272727272727273,0.0,0.0,0.31608133086876156,0.18772159528680057,0.0077692307792522975,0.0,1,1.883609123
0.3074306177260519,0.9330109135243212,0.5615861860069978,0.5985401459854015,0.5,0.06944444444444445,0.18055555555555555,0.5977048135160982,0.47126436781609193,0.0,0.3546925566343042,0.3261802575107296,1.0,0.4824120603015075,0.4155844155844156,0.0,0.5,0.5933456561922366,0.8755410294121225,0.7461538464000769,0.9003505685626355,1,2.246543702
0.35756490599820945,0.35540880579051054,0.28823713158945896,0.5200729927007299,0.47752808988764045,0.49444444444444446,0.3111111111111111,0.33057060886197004,0.7011494252873564,0.27939476725858986,0.4035598705501618,0.3114270386266094,1.0,0.5577889447236181,0.2077922077922078,0.0,0.5,0.5138632162661737,0.24532919004156406,0.5269230772471345,0.9205987800854385,1,2.73993639
0.20465532676812895,0.41250113243641306,0.25211237652418966,0.40145985401459855,0.5224719101123596,0.5833333333333334,0.6972222222222222,0.29359260439910745,0.9195402298850575,0.2238100241672796,0.23171521035598705,0.21915236051502146,1.0,0.4271356783919598,0.2597402597402597,0.0,0.5,0.5534195933456562,0.10912388456354935,0.1303846155320152,0.9085284583629556,1,3.324136336
0.6350940017905103,0.5805376900869516,0.4645812037724079,0.40693430656934304,0.42696629213483145,0.6722222222222223,0.775,0.5049410264583998,0.1724137931034483,0.2096248817904802,0.45922330097087377,0.40396995708154504,1.0,0.3065326633165829,0.14285714285714285,0.0,0.5,0.39926062846580407,0.08019495771779733,0.1457692309311075,0.6830884851520527,1,3.476706752
0.38979409131602505,0.36353207561696005,0.33249611364200327,0.48905109489051096,0.30337078651685395,0.5277777777777778,0.6611111111111111,0.3751992349378387,0.45977011494252873,0.26647052642639485,0.413915857605178,0.33395922746781115,1.0,0.8944723618090452,0.7662337662337663,0.25,0.5,0.4824399260628466,0.22475987501948458,0.42307692339423064,0.8979912946863186,1,4.07806273
0.3423455684870188,0.13985687399557015,0.6449735666585183,0.5875912408759124,0.43258426966292135,0.2833333333333333,0.20277777777777778,0.6761236850494102,0.7011494252873564,0.08616160554796679,0.5854368932038835,0.5549892703862661,1.0,0.8592964824120602,0.987012987012987,0.25,1.0,0.5822550831792976,0.7521497651035536,0.7192307694932885,0.9025570578129823,1,4.671613143
0.47949865711727835,0.6428688918486082,0.7693225797021206,0.781021897810219,0.7191011235955056,0.7083333333333334,0.8222222222222222,0.791201785145043,0.5747126436781609,0.4266050225911526,1.0,0.7406115879828327,1.0,0.32663316582914576,0.2857142857142857,0.0,0.5,0.7781885397412199,0.22242753669438955,0.9769230769523845,0.9084286500389461,1,6.69162458
0.44905998209489706,0.6207394481927146,1.0,0.9452554744525548,0.42696629213483145,0.7361111111111112,0.7277777777777777,1.0,0.5632183908045977,0.00851108542607964,0.827831715210356,0.76931330472103,1.0,0.20100502512562815,0.2857142857142857,0.0,0.5,0.944547134935305,0.16798021246648182,0.9961538461588269,0.9291656276509088,1,7.297226497
0.40017905102954343,0.07446237307918153,0.231498077573704,0.5255474452554745,0.4438202247191011,0.20833333333333334,0.25555555555555554,0.27223461906279883,0.47126436781609193,0.3033518966060733,0.3640776699029126,0.3328862660944206,0.23055555555555557,0.17587939698492464,0.6103896103896104,0.25,0.5,0.5194085027726433,0.8752817465932111,0.5461538464760769,0.7766959102958535,0,-1.609437912
0.23849597135183526,0.7002855143515658,0.1556184192958387,0.20474452554744527,0.7359550561797753,0.8333333333333334,0.8916666666666667,0.19158431622569333,0.20689655172413793,0.2562782389408427,0.2203883495145631,0.17355150214592274,0.8444444444444444,0.36180904522613067,0.19480519480519481,0.25,0.0,0.20517560073937152,0.36936669418506385,1.3807692325642307e-21,0.0,0,-1.609437912
0.24315129811996422,0.9272055725606527,0.2450141025310965,0.20875912408759123,0.5842696629213483,0.08888888888888889,0.20277777777777778,0.2862607586866433,0.45977011494252873,0.2601660187033729,0.3119741100323625,0.2626072961373391,0.18055555555555555,0.36180904522613067,0.18181818181818182,0.0,0.0,0.20517560073937152,0.8651609332635819,1.9000000024699994e-21,0.0,0,-1.609437912
0.3693822739480752,0.468232567011717,0.08989448886588906,0.1678832116788321,0.42696629213483145,0.6277777777777778,0.12222222222222222,0.11794708320051005,0.21839080459770116,0.25606808868340863,0.13203883495145632,0.1290236051502146,0.13055555555555556,0.8492462311557789,0.23376623376623376,0.0,0.0,0.1866913123844732,0.0180983881909933,5.461538468638461e-23,0.0,0,-1.609437912
0.27806624888093107,0.954208381238806,0.10235686149857406,0.10766423357664233,0.6123595505617978,0.15,0.20555555555555555,0.1322919987248964,0.40229885057471265,0.24366922349479878,0.1080906148867314,0.08449570815450644,0.1388888888888889,0.7135678391959799,0.22077922077922077,0.0,0.0,0.09611829944547134,0.9125966934295354,5.115384622034612e-26,0.0,0,-1.609437912
0.3128021486123545,0.3264418758410627,0.09624034953212389,0.29817518248175184,0.3707865168539326,0.48055555555555557,0.3888888888888889,0.12527892891297418,0.22988505747126436,0.2451402752968372,0.11488673139158576,0.0726931330472103,0.1388888888888889,0.2562814070351759,0.09090909090909091,0.0,0.0,0.28909426987061,0.3196343970898115,0.0009076923088712365,0.0,0,-1.609437912
0.19964189794091317,0.7534955189268258,0.1576700588830152,0.2116788321167883,0.6910112359550562,0.9166666666666666,0.9138888888888889,0.19381574752948677,0.28735632183908044,0.2570137648418619,0.21844660194174756,0.18240343347639484,0.025,0.36683417085427134,0.14285714285714285,0.25,0.0,0.31608133086876156,0.5016300237663462,2.3846153877153844e-21,0.0,0,-1.609437912
0.23401969561324976,0.11383604228621419,0.14627920183818183,0.18613138686131386,0.42134831460674155,0.2777777777777778,0.26666666666666666,0.18138348740835192,0.1724137931034483,0.24556057581170534,0.16472491909385115,0.14699570815450644,0.3,0.09045226130653267,0.012987012987012988,0.0,0.0,0.1756007393715342,0.8028105295000914,2.9115384653234614e-22,0.0,0,-1.609437912
0.2521038495971352,0.2097946869814847,0.22874396561995655,0.2518248175182482,0.47752808988764045,0.37222222222222223,0.2611111111111111,0.26936563595792157,0.25287356321839083,0.23978144373226856,0.24433656957928804,0.22183476394849785,1.0,0.24120603015075376,0.03896103896103896,0.0,0.0,0.24214417744916822,0.6040952594047139,9.500000012349997e-08,0.7797480196161571,1,-1.609437912
0.1405550581915846,0.13138993816775718,0.12494834998839081,0.21532846715328466,0.6179775280898876,0.3138888888888889,0.17222222222222222,0.15779407076824992,0.28735632183908044,0.24356414836608173,0.14498381877022654,0.10407725321888411,0.24444444444444444,0.18090452261306533,0.06493506493506493,0.0,0.0,0.20517560073937152,0.7688860978859005,3.161538465648461e-21,0.0,0,-1.609437912
0.1521933751119069,0.12594061772210205,0.1104852262711589,0.19708029197080293,0.6348314606741573,0.3,0.12222222222222222,0.14153649984061206,0.1724137931034483,0.2569086897131449,0.1773462783171521,0.13760729613733905,0.09722222222222222,0.18592964824120603,0.09090909090909091,0.0,0.0,0.1866913123844732,0.7795280683267827,7.384615394215384e-22,0.0,0,-1.609437912
0.4444046553267681,0.5626458963551436,0.07413292789032423,0.13503649635036497,0.4101123595505618,0.6666666666666666,0.6916666666666667,0.09945808096907874,0.3103448275862069,0.2562782389408427,0.13527508090614887,0.10810085836909872,0.6916666666666667,0.3969849246231156,0.14285714285714285,0.0,0.0,0.12384473197781885,0.048850426667250195,1.7115384637634614e-24,0.0,0,-1.609437912
0.35846016114592655,0.1327662676296804,0.22385682899263631,0.22627737226277372,0.6348314606741573,0.2611111111111111,0.12777777777777777,0.26426522154925086,0.5747126436781609,0.23631396448460648,0.22491909385113268,0.2145922746781116,1.0,0.32663316582914576,0.19480519480519481,0.0,0.0,0.21626617375231053,0.7661822952681223,1.5692307712707689e-15,0.0,1,-1.609437912
0.259265890778872,0.8320330042129762,0.0456418255597134,0.17153284671532848,0.6573033707865169,0.9916666666666667,0.25555555555555554,0.06471150781000956,0.25287356321839083,0.2563833140695597,0.08478964401294499,0.0979077253218884,0.20833333333333334,0.32663316582914576,0.22077922077922077,0.25,0.5,0.4399260628465804,0.6793620411203213,7.73076924081923e-23,0.0,0,-1.609437912
0.14467323187108327,0.5624780977606133,0.11528316840063467,0.1591240875912409,0.42696629213483145,0.7361111111111112,0.7166666666666667,0.14695569014982468,0.45977011494252873,0.2506041819901229,0.14854368932038836,0.12741416309012876,0.7472222222222222,0.2663316582914573,0.22077922077922077,0.0,0.0,0.14824399260628465,0.048586237435257335,2.3153846183946154e-23,0.0,0,-1.609437912
0.061414503133393035,0.6052188053901513,0.03837373158276431,0.21532846715328466,0.29775280898876405,0.7416666666666667,0.22777777777777777,0.05546700669429391,0.2988505747126437,0.26310812230744984,0.07184466019417475,0.14243562231759657,0.2111111111111111,0.542713567839196,0.2987012987012987,0.0,0.0,0.2975970425138632,0.13189006528564895,3.161538465648461e-21,0.0,0,-1.609437912
0.1692032229185318,0.39603796427071675,0.15064874127660885,0.45985401459854014,0.5786516853932584,0.5833333333333334,0.8527777777777777,0.1861651259164807,0.4482758620689655,0.23946621834611748,0.15922330097087378,0.12875536480686695,1.0,0.40703517587939697,0.11688311688311688,0.0,0.5,0.45286506469500926,0.14574248954016053,0.31961538489808433,0.0,1,-1.609437912
0.45801253357206795,0.769647380786768,0.14047637039100777,0.21532846715328466,0.34831460674157305,0.8861111111111111,0.7111111111111111,0.17500796939751354,0.40229885057471265,0.244404749395818,0.1627831715210356,0.14377682403433475,0.6833333333333333,0.6432160804020101,0.4025974025974026,0.25,0.0,0.20517560073937152,0.5400279226118829,3.161538465648461e-21,0.0,0,-1.609437912
0.14914950760966877,0.7156431435153645,0.15269285011810865,0.27007299270072993,0.6179775280898876,0.8916666666666667,0.85,0.18839655722027415,0.28735632183908044,0.23063990753388672,0.14207119741100324,0.10300429184549356,0.8611111111111112,0.09045226130653267,0.19480519480519481,0.25,0.0,0.26062846580406657,0.4083114165664859,1.480769232694202e-05,0.0,0,-1.609437912
0.39247985675917635,0.2819174011750087,0.26109365008121976,0.3248175182481752,0.46629213483146065,0.4166666666666667,0.2722222222222222,0.30283710551482307,0.28735632183908044,0.25606808868340863,0.3233009708737864,0.26716738197424894,1.0,0.678391959798995,0.11688311688311688,0.0,0.0,0.31608133086876156,0.43279277251527415,0.0077692307792522975,0.7070129144508577,1,-1.609437912
0.34073410922112807,0.6816457034051856,0.14250429473383885,0.2518248175182482,0.24157303370786518,0.7805555555555556,0.6416666666666667,0.17723940070130698,0.3448275862068966,0.2718293579909635,0.2676375404530744,0.19876609442060086,0.6694444444444444,0.35175879396984927,0.14285714285714285,0.0,0.0,0.24214417744916822,0.32158900029605153,9.500000012349997e-08,0.0,0,-1.609437912
0.19820948970456578,0.44657416386597315,0.11358706717510807,0.15693430656934307,0.38202247191011235,0.6666666666666666,0.7666666666666667,0.14504303474657315,0.22988505747126436,0.24661132709887568,0.13236245954692558,0.11266094420600858,0.7416666666666667,0.20603015075376885,0.16883116883116883,0.0,0.0,0.14602587800369685,0.04590557625372284,1.8576923101073075e-23,0.0,0,-1.609437912
0.6977618621307073,0.06142384711887002,0.06745644575452557,0.2,0.38202247191011235,0.1361111111111111,0.9138888888888889,0.09148868345553077,0.2413793103448276,0.2841231480508563,0.12524271844660195,0.2290772532188841,0.9,0.3015075376884422,0.05194805194805195,0.0,0.0,0.18964879852125693,0.8982349856041236,9.384615396815383e-22,0.0,0,-1.609437912
0.35219337511190685,0.2708341098844447,0.05460511104439579,0.14051094890510948,0.6123595505617978,0.41388888888888886,0.9416666666666667,0.07586866432897672,0.22988505747126436,0.2521803089208784,0.08511326860841424,0.06974248927038626,0.9333333333333333,0.46733668341708545,0.4935064935064935,0.25,0.0,0.14972273567467653,0.46025208184097155,3.2038461580111536e-24,0.0,0,-1.609437912
0.2990152193375112,0.12706993508938408,0.18013410540745659,0.22992700729927007,0.6853932584269663,0.24722222222222223,0.1638888888888889,0.21804271597067262,0.735632183908046,0.24776715351476303,0.21423948220064726,0.18293991416309013,0.18611111111111112,0.135678391959799,0.16883116883116883,0.0,0.0,0.2199630314232902,0.7773308883394902,1.1307692322392305e-13,0.0,0,-1.609437912
0.306177260519248,0.27319870509149374,0.12838074663141816,0.1927007299270073,0.6179775280898876,0.425,0.10833333333333334,0.16161938157475295,0.40229885057471265,0.2562782389408427,0.19158576051779935,0.1520922746781116,1.0,0.23115577889447236,0.24675324675324675,0.25,0.0,0.1822550831792976,0.45442428421873976,5.1153846220346145e-22,0.0,1,-1.609437912
0.22775290957923006,0.11831190949172522,0.14308431207155703,0.1635036496350365,0.7191011235955056,0.2222222222222222,0.14444444444444443,0.17787695250239083,0.7126436781609196,0.276767889040664,0.30388349514563107,0.2113733905579399,0.13055555555555556,0.4321608040201005,0.19480519480519481,0.25,0.0,0.22365988909426987,0.7942582227911252,3.580769235424231e-23,0.0,0,-1.609437912
0.20644583706356315,0.29733539191032543,0.12924051677329496,0.1989051094890511,0.6067415730337079,0.4722222222222222,0.06111111111111111,0.1625757092763787,0.3448275862068966,0.28517389933802667,0.3100323624595469,0.23202789699570817,0.08888888888888889,0.5778894472361809,0.22077922077922077,0.0,0.0,0.18853974121996303,0.3940394394623349,8.576923088073075e-22,0.0,0,-1.609437912
0.6830796777081468,0.7052574336505142,0.3347265553822985,0.5072992700729927,0.6348314606741573,0.7916666666666666,0.8333333333333334,0.37743066624163213,0.632183908045977,0.24366922349479878,0.37152103559870553,0.32027896995708155,1.0,0.31155778894472363,0.2597402597402597,0.0,0.5,0.5009242144177449,0.38202745387272874,0.4846153849400769,0.7768748336516876,1,-1.609437912
0.20411817367949867,0.9457772479627538,0.12551966732561956,0.2576642335766423,0.5112359550561798,0.10555555555555556,0.17222222222222222,0.15843162256933377,0.42528735632183906,0.25911526741620255,0.20064724919093851,0.1569206008583691,0.16666666666666666,0.7085427135678392,0.35064935064935066,0.25,0.0,0.24805914972273568,0.8980147090360199,6.692307701007686e-07,0.0,0,-1.609437912
0.35846016114592655,0.11756972316067194,0.15503280002828165,0.17627737226277373,0.6067415730337079,0.25,0.6222222222222222,0.1909467644246095,0.1724137931034483,0.26310812230744984,0.22815533980582525,0.1724785407725322,0.17777777777777778,0.7437185929648241,0.36363636363636365,0.25,0.0,0.22365988909426987,0.7956809419349749,1.2038461554111536e-22,0.0,0,-1.609437912
0.1722470904207699,0.726359657364466,0.09901508535069357,0.16386861313868614,0.651685393258427,0.8944444444444445,0.8805555555555555,0.12846668791839336,0.3218390804597701,0.2762425133970789,0.26019417475728157,0.19930257510729613,0.8916666666666667,0.8090452261306532,0.33766233766233766,0.25,0.0,0.15304990757855821,0.4351590605671712,3.7115384663634614e-23,0.0,0,-1.609437912
0.25872873769024174,0.42464665414237285,0.05616073382382601,0.14963503649635038,0.550561797752809,0.5861111111111111,0.8027777777777778,0.07778131973222824,0.367816091954023,0.2576442156141641,0.11165048543689321,0.10810085836909872,0.8277777777777777,0.5226130653266332,0.3116883116883117,0.0,0.0,0.13863216266173753,0.08433530541672205,8.692307703607692e-24,0.0,0,-1.609437912
0.25335720680393914,0.19776964678677061,0.06112096031089402,0.16058394160583941,0.6573033707865169,0.3527777777777778,0.1638888888888889,0.08383806184252471,0.1724137931034483,0.23862561731638118,0.06893203883495146,0.0,0.16111111111111112,0.628140703517588,0.2857142857142857,0.0,0.0,0.14972273567467653,0.6308319046387513,2.68076923425423e-23,0.0,0,-1.609437912
0.23258728737690237,0.0868815647851594,0.2872963467347608,0.12846715328467154,0.398876404494382,0.24444444444444444,0.10833333333333334,0.3296142811603443,0.14942528735632185,0.263738573079752,0.37152103559870553,0.29452789699570814,1.0,0.7738693467336684,0.3246753246753247,0.0,0.0,0.11719038817005545,0.8529456256098685,7.846153856353846e-25,0.0,1,-1.609437912
0.18495971351835275,0.8714394564248071,0.3001822726443174,0.4781021897810219,0.6910112359550562,0.06944444444444445,0.041666666666666664,0.342684093082563,0.5172413793103449,0.22170852159293894,0.29320388349514565,0.2749463519313305,1.0,0.6432160804020101,0.42857142857142855,0.0,0.5,0.4713493530499076,0.760025363389917,0.38423076953834595,0.0,1,-1.609437912
0.6252461951656223,0.41677716173218016,0.05434635913040188,0.12408759124087591,0.3651685393258427,0.5472222222222223,0.5666666666666667,0.07554988842843481,0.28735632183908044,0.2569086897131449,0.10906148867313915,0.10193133047210301,0.46944444444444444,0.36683417085427134,0.03896103896103896,0.0,0.0,0.11275415896487985,0.10015345354708645,4.5769230828730765e-25,0.0,0,-1.609437912
0.47770814682184415,0.09813012898873615,0.15503280002828165,0.21532846715328466,0.5617977528089888,0.21944444444444444,0.18055555555555555,0.1909467644246095,0.39080459770114945,0.2597457181885048,0.2320388349514563,0.1834763948497854,0.23055555555555557,0.0,0.09090909090909091,0.0,0.0,0.21626617375231053,0.8323043933610605,3.161538465648461e-21,0.0,0,-1.609437912
0.27179946284691137,0.9292499345506394,0.18879230740871125,0.30656934306569344,0.4101123595505618,0.08333333333333333,0.35555555555555557,0.22728721708638827,0.28735632183908044,0.24345907323736468,0.2145631067961165,0.1821351931330472,0.43333333333333335,0.19095477386934673,0.11688311688311688,0.0,0.0,0.2975970425138632,0.8688279036588757,0.0020153846179993347,0.0,0,-1.609437912
0.20644583706356315,0.8898260572963957,0.3162947453425339,0.5620437956204379,0.5561797752808989,0.05277777777777778,0.9638888888888889,0.35894166401020083,0.632183908045977,0.20332037406745823,0.2669902912621359,0.27360515021459225,1.0,0.4723618090452261,0.2987012987012987,0.25,0.5,0.55637707948244,0.7958115816315514,0.6538461541403844,0.906497971691469,1,-1.609437912
0.272515666965085,0.8692112581113239,0.07493910686518368,0.14416058394160583,0.3539325842696629,0.027777777777777776,0.36666666666666664,0.10041440867070449,0.3218390804597701,0.25459703688137014,0.11779935275080906,0.10434549356223176,0.32222222222222224,0.4472361809045226,0.3246753246753247,0.5,0.0,0.24214417744916822,0.7556104158630889,4.8076923139423076e-24,0.0,0,-1.609437912
0.3038495971351835,0.6200344093761069,0.1407658694911648,0.2762773722627737,0.4438202247191011,0.7611111111111111,0.7055555555555556,0.17532674529805548,0.22988505747126436,0.28832615319953764,0.30097087378640774,0.24812231759656653,0.6861111111111111,0.39195979899497485,0.5064935064935064,0.25,0.0,0.266913123844732,0.1662958207275138,4.769230775430474e-05,0.0,0,-1.609437912
0.18889883616830797,0.43618328536559614,0.06507183906407732,0.1145985401459854,0.3651685393258427,0.6583333333333333,0.6638888888888889,0.08861970035065349,0.22988505747126436,0.26006094357465587,0.15728155339805824,0.11936695278969957,0.6611111111111111,0.2864321608040201,0.5194805194805194,0.0,0.0,0.16968576709796673,0.06298318263280267,1.33076923249923e-25,0.0,0,-1.609437912
0.11548791405550582,0.2976509702854089,0.18789452355580308,0.24124087591240875,0.6123595505617978,0.5,0.005555555555555556,0.2263308893847625,0.28735632183908044,0.23200588420720814,0.18996763754045307,0.1520922746781116,0.9444444444444444,0.5879396984924623,0.4675324675324675,0.0,0.0,0.24953789279112754,0.3932402906570549,7.153846163146153e-10,0.0,0,-1.609437912
0.23670546105640106,0.3827624523192714,0.05538225906788029,0.1678832116788321,0.3651685393258427,0.5611111111111111,0.48055555555555557,0.07682499203060249,0.28735632183908044,0.25176000840601026,0.08381877022653722,0.06786480686695279,0.4777777777777778,0.6331658291457286,0.3246753246753247,0.0,0.0,0.15711645101663585,0.17718362809905236,5.461538468638461e-23,0.0,0,-1.609437912
0.31119068934646377,0.996995968610561,0.058765044938071824,0.09306569343065693,0.5224719101123596,0.1388888888888889,0.21944444444444444,0.08096907873764743,0.11494252873563218,0.25858989177261743,0.11100323624595469,0.11829399141630902,0.21944444444444444,0.2613065326633166,0.33766233766233766,0.0,0.0,0.08133086876155268,0.983578172667257,5.653846161196128e-27,0.0,0,-1.609437912
0.24494180841539842,0.2532661189663167,0.15796339935934456,0.1554744525547445,0.4101123595505618,0.4166666666666667,0.28055555555555556,0.19413452343002868,0.27586206896551724,0.2521803089208784,0.2051779935275081,0.17006437768240343,0.2777777777777778,0.5577889447236181,0.2987012987012987,0.0,0.0,0.35083179297597045,0.5029908459061979,1.60000000208e-23,0.0,0,-1.609437912
0.21808415398388542,0.5727720950094817,0.09790407794243454,0.11678832116788321,0.3595505617977528,0.6805555555555556,0.6861111111111111,0.12719158431622568,0.19540229885057472,0.25522748765367237,0.1488673139158576,0.1263412017167382,0.6888888888888889,0.6130653266331658,0.4025974025974026,0.0,0.0,0.10536044362292052,0.06585156783257187,1.78076923308423e-25,0.0,0,-1.609437912
0.44637421665174576,0.8955176807948089,0.08523770807108813,0.20072992700729927,0.42696629213483145,0.013888888888888888,0.5055555555555555,0.11252789289129742,0.45977011494252873,0.2506041819901229,0.11812297734627832,0.09254291845493562,1.0,0.5527638190954773,0.6233766233766234,0.0,0.0,0.19038817005545286,0.8066603184573167,9.96153847448846e-22,0.0,1,-1.609437912
0.3384064458370636,0.8807365593151446,0.20593913927459112,0.23357664233576642,0.6067415730337079,0.022222222222222223,0.38333333333333336,0.24545744341727765,0.40229885057471265,0.23589366396973835,0.2343042071197411,0.16765021459227467,1.0,0.5879396984924623,0.5844155844155844,0.25,0.0,0.27911275415896486,0.7782631775032329,3.453846158336154e-12,0.0,1,-1.609437912
0.2485228290062668,0.43645839429936706,0.07871486630106361,0.1897810218978102,0.5280898876404494,0.5972222222222222,0.7472222222222222,0.10487727127829136,0.16091954022988506,0.25964064305978773,0.1378640776699029,0.1343884120171674,0.7722222222222223,0.6180904522613065,0.22077922077922077,0.0,0.0,0.17929759704251386,0.06250335103811891,4.0000000051999993e-22,0.0,0,-1.609437912
0.1704565801253357,0.1676889003875082,0.05382930486744825,0.17335766423357665,0.30337078651685395,0.3333333333333333,0.25833333333333336,0.07491233662735097,0.3103448275862069,0.26310812230744984,0.0912621359223301,0.14914163090128754,0.2388888888888889,0.7437185929648241,0.4935064935064935,0.25,0.0,0.20517560073937152,0.6953639421856646,9.192307704257691e-23,0.0,0,-1.609437912
0.21575649059982094,0.29265527103363115,0.12694927516032575,0.19343065693430658,0.4044943820224719,0.4638888888888889,0.65,0.16002550207204336,0.20689655172413793,0.2511295576337081,0.1679611650485437,0.13680257510729613,1.0,0.6934673366834171,0.5064935064935064,0.0,0.0,0.18299445471349354,0.4058647911143866,5.461538468638461e-22,0.0,1,-1.609437912
0.23777976723366162,0.18117884465008996,0.14308431207155703,0.2364963503649635,0.6966292134831461,0.33055555555555555,0.1361111111111111,0.17787695250239083,0.367816091954023,0.2502889566039718,0.18058252427184465,0.15343347639484978,0.12222222222222222,0.4723618090452261,0.33766233766233766,0.0,0.0,0.2266173752310536,0.6668366288042474,3.369230773610769e-11,0.0,0,-1.609437912
0.18997314234556853,0.6170014850439246,0.15474008481811696,0.25547445255474455,0.33707865168539325,0.7583333333333333,0.6472222222222223,0.1906279885240676,0.45977011494252873,0.24619102658400754,0.1773462783171521,0.15665236051502146,0.7388888888888889,0.12562814070351758,0.3246753246753247,0.5,0.0,0.30018484288354896,0.15909424866921262,3.3730769274619207e-07,0.0,0,-1.609437912
0.14646374216651747,0.8064039020275344,0.052797010660383184,0.19708029197080293,0.5674157303370787,0.9861111111111112,0.030555555555555555,0.0736372330251833,0.3793103448275862,0.2627928969212987,0.12362459546925567,0.13707081545064378,0.04722222222222222,0.8442211055276382,0.5324675324675324,0.5,0.0,0.20517560073937152,0.6238713703494171,7.384615394215384e-22,0.0,0,-1.609437912
0.30402864816472697,0.91995155206633,0.10431218907837841,0.23357664233576642,0.5674157303370787,0.06388888888888888,0.21388888888888888,0.13452343002868983,0.25287356321839083,0.2520752337921614,0.14433656957928803,0.11936695278969957,0.17777777777777778,0.5628140703517588,0.4155844155844156,0.25,0.0,0.22365988909426987,0.8520465607623579,3.453846158336154e-12,0.0,0,-1.609437912
0.1495076096687556,0.38789733975968,0.09182040807538021,0.12408759124087591,0.6348314606741573,0.5944444444444444,0.8777777777777778,0.12017851450430347,0.14942528735632185,0.2534412104654828,0.13527508090614887,0.11319742489270386,0.85,0.4371859296482412,0.8831168831168831,0.25,0.0,0.11275415896487985,0.16485544895716311,4.5769230828730765e-25,0.0,0,-1.609437912
0.5711727842435094,0.2833669106275222,0.10879756909082339,0.19708029197080293,0.37640449438202245,0.3972222222222222,0.33055555555555555,0.13962384443736053,0.22988505747126436,0.24755700325732896,0.12297734627831715,0.11131974248927039,0.33055555555555555,0.18090452261306533,0.36363636363636365,0.0,0.0,0.1866913123844732,0.4291754883759859,7.384615394215384e-22,0.0,0,-1.609437912
0.13303491495076097,0.940127638744658,0.11783276467143511,0.17153284671532848,0.34831460674157305,0.18888888888888888,0.33611111111111114,0.14982467325470195,0.22988505747126436,0.24356414836608173,0.11715210355987055,0.10810085836909872,0.35555555555555557,0.1708542713567839,0.35064935064935066,0.0,0.0,0.16081330868761554,0.8881284135731901,7.73076924081923e-23,0.0,0,-1.609437912
0.2556848701880036,0.1725135088257857,0.05357100365991612,0.10583941605839416,0.7640449438202247,0.2916666666666667,0.6666666666666666,0.07459356072680905,0.2413793103448276,0.2518650835347273,0.0831715210355987,0.06571888412017167,0.6805555555555556,0.4472361809045226,0.4025974025974026,0.0,0.0,0.12310536044362293,0.6852377187692315,3.92307692817692e-26,0.0,0,-1.609437912
0.2583706356311549,0.16009282747286016,0.10992233695977531,0.12116788321167883,0.3202247191011236,0.3055555555555556,0.25833333333333336,0.1408989480395282,0.25287356321839083,0.24976358096038664,0.14563106796116504,0.11534334763948498,0.3194444444444444,0.2562814070351759,0.23376623376623376,0.0,0.0,0.20517560073937152,0.7111361791742062,3.1500000040949997e-25,0.0,0,-1.609437912
0.4350940017905103,0.2960557625327625,0.0967945523039918,0.10583941605839416,0.7191011235955056,0.4388888888888889,0.3611111111111111,0.125916480714058,0.28735632183908044,0.2460859514552905,0.127831715210356,0.0638412017167382,0.36666666666666664,0.16080402010050251,0.2597402597402597,0.25,0.0,0.24251386321626617,0.39727764179431846,3.92307692817692e-26,0.0,0,-1.609437912
0.326230975828111,0.6229308151767581,0.2623351311259063,0.34306569343065696,0.25842696629213485,0.6527777777777778,0.6527777777777778,0.3041122091169908,0.26436781609195403,0.21162130923610378,0.213915857605178,0.22934549356223177,0.6111111111111112,0.6482412060301508,0.5454545454545454,0.0,0.0,0.3345656192236599,0.1732391603929405,0.020730769257160536,0.6742820029693981,0,-1.609437912
0.4060877350044763,0.34442967129486735,0.18939109634978177,0.2116788321167883,0.1797752808988764,0.6166666666666667,0.6194444444444445,0.2279247688874721,0.19540229885057472,0.25428181149521906,0.2459546925566343,0.20198497854077252,0.6083333333333333,0.6482412060301508,0.5324675324675324,0.0,0.0,0.20147874306839186,0.27338810310979483,2.3846153877153844e-21,0.0,0,-1.609437912
0.3217547000895255,0.11060717398991368,0.1986991475205503,0.19708029197080293,0.7191011235955056,0.17777777777777778,0.13333333333333333,0.2378068218042716,0.06896551724137931,0.2515498581485762,0.07119741100323625,0.05123390557939914,0.3277777777777778,0.18090452261306533,0.2857142857142857,0.25,0.0,0.1866913123844732,0.808939217398339,7.384615394215384e-22,0.0,0,-1.609437912
0.33267681289167417,0.8568713669314538,0.18550279175942969,0.29781021897810217,0.34831460674157305,0.002777777777777778,0.7166666666666667,0.22378068218042715,0.6551724137931034,0.24135757066302405,0.21326860841423947,0.16684549356223177,1.0,0.4371859296482412,0.36363636363636365,0.0,0.0,0.28872458410351204,0.7308476808746905,0.0008730769242109319,0.0,1,-1.609437912
0.2787824529991047,0.23011069272508033,0.16915540129683246,0.2240875912408759,0.43820224719101125,0.3861111111111111,0.08055555555555556,0.20624800765062162,0.2988505747126437,0.2703583061889251,0.24563106796116504,0.22746781115879827,0.1361111111111111,0.5175879396984925,0.38961038961038963,0.25,0.0,0.28872458410351204,0.5577019176750547,6.923076932076922e-17,0.0,0,-1.609437912
0.5326768128916741,0.4071160488837713,0.06243459150554101,0.1989051094890511,0.4157303370786517,0.5277777777777778,0.5611111111111111,0.0854319413452343,0.25287356321839083,0.24787222864348007,0.07864077669902912,0.03460300429184549,0.5666666666666667,0.628140703517588,0.45454545454545453,0.0,0.0,0.18853974121996303,0.12076030747761468,8.576923088073075e-22,0.0,0,-1.609437912
0.42130707251566696,0.6143331209178994,0.03639692217818197,0.07116788321167883,0.651685393258427,0.7083333333333334,0.21944444444444444,0.05291679948995856,0.27586206896551724,0.26363349795103497,0.07831715210355987,0.1400214592274678,0.2222222222222222,0.47738693467336685,0.3246753246753247,0.0,0.0,0.1423290203327172,0.15282098068561273,1.1230769245366625e-28,0.0,0,-1.609437912
0.1423455684870188,0.2729109086178124,0.07817412123605891,0.16970802919708028,0.702247191011236,0.46944444444444444,0.9805555555555555,0.10423971947720752,0.45977011494252873,0.26647052642639485,0.1889967637540453,0.1569206008583691,0.011111111111111112,0.5728643216080402,0.24675324675324675,0.0,0.0,0.1589648798521257,0.455134500374305,6.538461546961537e-23,0.0,0,-1.609437912
0.17672336615935538,0.14010291463063188,0.062171595645669826,0.14233576642335766,0.33707865168539325,0.3055555555555556,0.85,0.08511316544469238,0.42528735632183906,0.2462961017127246,0.08964401294498382,0.0,0.8472222222222222,0.25125628140703515,0.23376623376623376,0.0,0.0,0.13123844731977818,0.7516597278636741,3.923076928176923e-24,0.0,0,-1.609437912
0.20805729632945388,0.6431676966289764,0.2226368776733272,0.2781021897810219,0.7471910112359551,0.7333333333333333,0.8666666666666667,0.2629901179470832,0.13793103448275862,0.24366922349479878,0.25210355987055016,0.21593347639484978,0.9055555555555556,0.17587939698492464,0.22077922077922077,0.0,0.0,0.26876155268022184,0.22317929275178722,6.50000000844945e-05,0.0,0,-1.609437912
0.3092211280214861,0.5892591910722018,0.20291896464182227,0.29671532846715326,0.6629213483146067,0.6583333333333333,0.9527777777777777,0.24226968441185848,0.3103448275862069,0.2467164022275927,0.23754045307443367,0.20413090128755365,0.8972222222222223,0.5527638190954773,0.2077922077922078,0.0,0.0,0.28761552680221814,0.09749468981811878,0.0007769230779322921,0.0,0,-1.609437912
0.07752909579230083,0.3071031803184487,0.151232451329395,0.21532846715328466,0.33707865168539325,0.5277777777777778,0.5611111111111111,0.18680267771756456,0.4827586206896552,0.27456131133760636,0.28640776699029125,0.21566523605150215,0.7166666666666667,0.3015075376884422,0.2857142857142857,0.0,0.0,0.20517560073937152,0.3692107993450936,3.161538465648461e-21,0.0,0,-1.609437912
0.272515666965085,0.1096678270032741,0.27884443643843154,0.35583941605839414,0.7191011235955056,0.18333333333333332,0.18055555555555555,0.32100733184571245,0.3103448275862069,0.24577072606913944,0.31779935275080906,0.2703862660944206,1.0,0.44221105527638194,0.33766233766233766,0.5,0.5,0.34750462107208874,0.8107157870115049,0.03553846158301966,0.0,1,-1.609437912
0.20823634735899735,0.7820042843584207,0.1524006423709089,0.34306569343065696,0.4044943820224719,0.9444444444444444,0.41944444444444445,0.18807778131973224,0.13793103448275862,0.23389723652411473,0.15663430420711974,0.09522532188841201,1.0,0.33668341708542715,0.22077922077922077,0.0,0.0,0.3345656192236599,0.5687718708529724,0.020730769257160536,0.0,1,-1.609437912
0.33088630259623997,0.6251507531923984,0.05357100365991612,0.09197080291970802,0.6797752808988764,0.725,0.8527777777777777,0.07459356072680905,0.21839080459770116,0.2523904591783125,0.08511326860841424,0.07081545064377683,0.85,0.27638190954773867,0.18181818181818182,0.0,0.0,0.133456561922366,0.17860151972561308,4.730769236919204e-27,0.0,0,-1.609437912
0.43652641002685766,0.8595782725753173,0.017691510310450645,0.13686131386861314,0.43820224719101125,0.9777777777777777,0.5055555555555555,0.027733503347146957,0.25287356321839083,0.24713670274246083,0.023624595469255664,0.0,1.0,0.41708542713567837,0.2987012987012987,0.0,0.0,0.1256931608133087,0.7363253478061859,2.115384618134615e-24,0.0,1,-1.609437912
0.15362578334825427,0.5885937019710221,0.07279162986835713,0.12043795620437957,0.5561797752808989,0.7638888888888888,0.8333333333333334,0.09786420146636914,0.28735632183908044,0.2528107596931806,0.1087378640776699,0.0930793991416309,0.8,0.39195979899497485,0.2727272727272727,0.0,0.0,0.10905730129390019,0.09613377581066007,2.8692307729607684e-25,0.0,0,-1.609437912
0.18084153983885407,0.7928055741145346,0.1662017492217441,0.41605839416058393,0.3258426966292135,0.9666666666666667,0.5861111111111111,0.20306024864520242,0.26436781609195403,0.24408952400966688,0.18349514563106797,0.16765021459227467,0.6361111111111111,0.24623115577889448,0.2077922077922078,0.0,0.5,0.40850277264325324,0.5934367776138146,0.17269230787803824,0.0,0,-1.609437912
0.23276633840644584,0.8731271847461908,0.27603327022634316,0.3795620437956204,0.4550561797752809,0.027777777777777776,0.2388888888888889,0.3181383487408352,0.11494252873563218,0.2103604076914994,0.23559870550161813,0.22237124463519314,1.0,0.35678391959798994,0.3116883116883117,0.0,0.5,0.37153419593345655,0.7633580525844305,0.0769230770153846,0.0,1,-1.609437912
0.22076991942703672,0.29726307755910425,0.15708356425857145,0.23467153284671532,0.42134831460674155,0.4666666666666667,0.375,0.19317819572840295,0.06896551724137931,0.2529158348218976,0.2064724919093851,0.17086909871244635,0.5222222222222223,0.5678391959798995,0.2987012987012987,0.0,0.0,0.22476894639556377,0.3942225326025378,8.46153847253846e-12,0.0,0,-1.609437912
0.385496866606983,0.20684205110473025,0.0779039158046205,0.08759124087591241,0.601123595505618,0.3416666666666667,0.5611111111111111,0.1039209435766656,0.22988505747126436,0.24976358096038664,0.11165048543689321,0.07162017167381975,0.5694444444444444,0.5326633165829145,0.4675324675324675,0.5,0.0,0.22365988909426987,0.6107101627362057,2.300000002989974e-27,0.0,0,-1.609437912
0.4291853178155774,0.5769514203089707,0.13700775526639875,0.1897810218978102,0.6348314606741573,0.6472222222222223,0.8166666666666667,0.1711826585910105,0.14942528735632185,0.2579594410003152,0.21067961165048543,0.16228540772532188,0.8638888888888889,0.4723618090452261,0.2597402597402597,0.0,0.0,0.17929759704251386,0.0734391260516959,4.0000000051999993e-22,0.0,0,-1.609437912
0.1034914950760967,0.24360449589611116,0.17181869115570403,0.3156934306569343,0.3539325842696629,0.44722222222222224,0.4027777777777778,0.2091169907554989,0.22988505747126436,0.25732899022801303,0.23818770226537217,0.1923283261802575,0.4166666666666667,0.24623115577889448,0.19480519480519481,0.0,0.0,0.3068391866913124,0.5260510462270478,0.004192307697734843,0.0,0,-1.609437912
0.052820053715308866,0.5664465346913401,0.22446708105488697,0.34306569343065696,0.550561797752809,0.7777777777777778,0.7777777777777778,0.26490277335033474,0.40229885057471265,0.2470316276137438,0.26181229773462783,0.2234442060085837,0.7583333333333333,0.46733668341708545,0.1038961038961039,0.25,0.0,0.3345656192236599,0.05499134761729999,0.020730769257160536,0.0,0,-1.609437912
0.12712623097582812,0.5500388121488453,0.06480752454045723,0.11496350364963503,0.42134831460674155,0.7222222222222222,0.7388888888888889,0.08830092445011158,0.3103448275862069,0.24839760428706525,0.07831715210355987,0.05284334763948498,0.7222222222222222,0.7537688442211056,0.15584415584415584,0.25,0.0,0.10351201478743069,0.03073782455733331,1.4000000018199995e-25,0.0,0,-1.609437912
0.1647269471799463,0.3813508730198823,0.0632243804066859,0.10072992700729927,0.5617977528089888,0.5666666666666667,0.9333333333333333,0.08638826904686006,0.1724137931034483,0.2584848166439004,0.12006472491909385,0.1148068669527897,0.9472222222222222,0.3015075376884422,0.4155844155844156,0.0,0.0,0.1523105360443623,0.18060519778016237,1.857692310107305e-26,0.0,0,-1.609437912
0.25246195165622204,0.11839174804826215,0.05538225906788029,0.12408759124087591,0.7191011235955056,0.21666666666666667,0.14166666666666666,0.07682499203060249,0.20689655172413793,0.2578543658715982,0.12750809061488674,0.10434549356223176,0.1527777777777778,0.39195979899497485,0.24675324675324675,0.0,0.0,0.11275415896487985,0.7941050688088334,4.5769230828730765e-25,0.0,0,-1.609437912
0.367591763652641,0.07950526227691652,0.0613834160393553,0.0948905109489051,0.4943820224719101,0.2222222222222222,0.175,0.08415683774306662,0.3448275862068966,0.192917936324472,0.0,0.0,0.18055555555555555,0.36180904522613067,0.23376623376623376,0.0,0.0,0.19593345656192238,0.8662685263050748,7.576923086773051e-27,0.0,0,-1.609437912
0.40411817367949865,0.7280906252468461,0.1031943275548491,0.18795620437956204,0.6629213483146067,0.8472222222222222,0.8361111111111111,0.13324832642652215,0.13793103448275862,0.24387937375223284,0.0964401294498382,0.0971030042918455,0.775,0.2814070351758794,0.2597402597402597,0.25,0.0,0.17744916820702403,0.4394664618299903,3.4115384659734615e-22,0.0,0,-1.609437912
0.29865711727842437,0.16238157490313626,0.07279162986835713,0.1864963503649635,0.6910112359550562,0.29444444444444445,0.5972222222222222,0.09786420146636914,0.3218390804597701,0.23873069244509823,0.0831715210355987,0.0,0.6305555555555555,0.3869346733668342,0.44155844155844154,0.25,0.0,0.17597042513863217,0.7064058019937848,3.0038461577511537e-22,0.0,0,-1.609437912
0.4632050134288273,0.2698107249542369,0.08061095032504012,0.09817518248175182,0.47752808988764045,0.39444444444444443,0.34444444444444444,0.1071087025820848,0.3333333333333333,0.24345907323736468,0.10550161812297734,0.0,0.3194444444444444,0.3165829145728643,0.44155844155844154,0.0,0.0,0.14048059149722736,0.4627689947605935,1.2615384631784587e-26,0.0,0,-1.609437912
0.5009847806624887,0.20605434167320358,0.05176716694092649,0.11313868613138686,0.2247191011235955,0.3055555555555556,0.38055555555555554,0.07236212942301562,0.2988505747126437,0.2549122622675213,0.09676375404530745,0.08771459227467811,0.35555555555555557,0.12562814070351758,0.44155844155844154,0.0,0.0,0.10166358595194085,0.6124694025651182,1.092307693727692e-25,0.0,0,-1.609437912
0.5416293643688451,0.6924591804576382,0.15327745690002925,0.17153284671532848,0.6910112359550562,0.7833333333333333,0.8,0.18903410902135798,0.45977011494252873,0.2551224125249553,0.21294498381877022,0.17060085836909872,0.8583333333333333,0.3015075376884422,0.3116883116883117,0.0,0.0,0.16081330868761554,0.34935515342543155,7.73076924081923e-23,0.6578954570388749,0,-1.609437912
0.08988361683079675,0.30669087949304036,0.13816285220477784,0.2664233576642336,0.4101123595505618,0.5166666666666667,0.027777777777777776,0.17245776219317818,0.22988505747126436,0.2748765367237575,0.2297734627831715,0.22049356223175964,1.0,0.23618090452261306,0.35064935064935066,0.0,0.0,0.25693160813308685,0.37026243310884077,6.692307701007634e-06,0.0,1,-1.609437912
0.5822739480752015,0.2988277725232313,0.09044425825425849,0.12408759124087591,0.6629213483146067,0.4166666666666667,0.1111111111111111,0.11858463500159389,0.19540229885057472,0.26006094357465587,0.17249190938511327,0.13465665236051502,0.1527777777777778,0.4824120603015075,0.33766233766233766,0.0,0.0,0.16081330868761554,0.3902583459059774,4.5769230828730765e-25,0.0,0,-1.609437912
0.1602506714413608,0.9244932883133283,0.11274011896492399,0.18613138686131386,0.3258426966292135,0.15555555555555556,0.33611111111111114,0.14408670704494742,0.25287356321839083,0.24146264579174107,0.11165048543689321,0.09254291845493562,0.3,0.7688442211055276,0.2727272727272727,0.25,0.5,0.40850277264325324,0.8602763133436168,2.9115384653234614e-22,0.0,0,-1.609437912
0.29239033124440467,0.647806142173185,0.15269285011810865,0.18795620437956204,0.5955056179775281,0.7861111111111111,0.7972222222222223,0.18839655722027415,0.3448275862068966,0.2783440159714195,0.24886731391585762,0.22934549356223177,0.825,0.628140703517588,0.24675324675324675,0.0,0.0,0.17744916820702403,0.23488976081769675,3.4115384659734615e-22,0.0,0,-1.609437912
0.1713518352730528,0.702210489401907,0.09071929141274969,0.13686131386861314,0.4606741573033708,0.875,0.7888888888888889,0.1189034109021358,0.22988505747126436,0.2737207103078701,0.2482200647249191,0.1875,0.7611111111111111,0.7537688442211056,0.16883116883116883,0.0,0.0,0.1256931608133087,0.37427389130027877,2.115384618134615e-24,0.0,0,-1.609437912
0.612354521038496,0.860038360311004,0.13297377747488626,0.2989051094890511,0.6123595505617978,0.9638888888888889,0.8861111111111111,0.16671979598342365,0.47126436781609193,0.23137543343490594,0.12524271844660195,0.03379828326180258,0.8138888888888889,0.4824120603015075,0.2597402597402597,0.0,0.0,0.28983364140480594,0.7372538115157913,0.0009769230781918362,0.0,0,-1.609437912
0.28164726947179947,0.824175145194244,0.19599167358986613,0.43540145985401457,0.3539325842696629,0.975,0.49166666666666664,0.23493783869939433,0.4367816091954023,0.22727750341494166,0.1744336569579288,0.16765021459227467,1.0,0.2562814070351759,0.16883116883116883,0.0,0.5,0.4280961182994455,0.6626070459217891,0.23500000023370748,0.0,1,-1.609437912
0.39480752014324083,0.23904745611340927,0.0967945523039918,0.15693430656934307,0.06179775280898876,0.3416666666666667,0.48333333333333334,0.125916480714058,0.11494252873563218,0.2451402752968372,0.1080906148867314,0.07859442060085838,0.46944444444444444,0.5326633165829145,0.37662337662337664,0.25,0.0,0.14602587800369685,0.536813396252886,1.8576923101073075e-23,0.0,0,-1.609437912
0.20411817367949867,0.7413199725149565,0.10879756909082339,0.2167883211678832,0.6404494382022472,0.9027777777777778,0.8583333333333333,0.13962384443736053,0.40229885057471265,0.2467164022275927,0.12815533980582525,0.10541845493562232,0.8388888888888889,0.6080402010050251,0.7922077922077922,0.25,0.0,0.2066543438077634,0.4720936412625633,3.534615389210384e-21,0.0,0,-1.609437912
0.28612354521038497,0.17114096910506987,0.08961975310832575,0.14343065693430657,0.6910112359550562,0.30833333333333335,0.15555555555555556,0.11762830729996812,0.19540229885057472,0.25354628559419984,0.1343042071197411,0.11131974248927039,0.15555555555555556,0.507537688442211,0.7402597402597403,0.25,0.0,0.22624768946395563,0.688127126746766,4.4230769288269226e-24,0.0,0,-1.609437912
0.315129811996419,0.620930207476774,0.13354920796613373,0.18868613138686133,0.4606741573033708,0.7611111111111111,0.7333333333333333,0.1673573477845075,0.3448275862068966,0.22328464852369442,0.10517799352750809,0.0,0.7111111111111111,0.4824120603015075,0.8051948051948052,0.5,0.0,0.17818853974121995,0.16843659764603777,3.6346153893403847e-22,0.0,0,-1.609437912
0.3446732318710833,0.9315809607408909,0.12295112666294461,0.22992700729927007,0.4943820224719101,0.06111111111111111,0.3194444444444444,0.15556263946445648,0.5862068965517241,0.23810024167279603,0.11812297734627832,0.09093347639484979,1.0,0.4723618090452261,0.8051948051948052,0.0,0.0,0.2199630314232902,0.8729936582901683,1.1307692322392305e-13,0.0,1,-1.609437912
0.21038495971351837,0.08213965173727986,0.12780793551970354,0.15875912408759124,0.6292134831460674,0.22777777777777777,0.20555555555555555,0.16098182977366912,0.08045977011494253,0.24303877272249655,0.14692556634304207,0.10515021459227468,0.16111111111111112,0.5276381909547738,0.7662337662337663,0.0,0.0,0.1478743068391867,0.861529447894874,2.2346153875203846e-23,0.0,0,-1.609437912
0.39301700984780663,0.2872853857350797,0.10235686149857406,0.16058394160583941,0.7359550561797753,0.4361111111111111,0.10277777777777777,0.1322919987248964,0.28735632183908044,0.2421981716927603,0.10550161812297734,0.07671673819742489,0.13333333333333333,0.35678391959798994,0.2727272727272727,0.0,0.0,0.14972273567467653,0.4193684681085348,2.68076923425423e-23,0.5819431766399702,0,-1.609437912
0.32909579230080577,0.8608944563015335,0.23057963584930324,0.41605839416058393,0.5898876404494382,1.0,0.7833333333333333,0.2712782913611731,0.45977011494252873,0.25648838919827677,0.29514563106796116,0.24141630901287553,1.0,0.6733668341708543,0.3246753246753247,0.0,0.5,0.40850277264325324,0.738979445618337,0.17269230787803824,0.0,1,-1.609437912
0.25640107430617726,0.36976338941690534,0.1031943275548491,0.21313868613138687,0.37640449438202245,0.5388888888888889,0.5194444444444445,0.13324832642652215,0.367816091954023,0.25480718713880424,0.15663430420711974,0.12687768240343347,0.48333333333333334,0.4321608040201005,0.3246753246753247,0.0,0.0,0.20295748613678374,0.2091417904747843,2.6730769265519223e-21,0.0,0,-1.609437912
0.39301700984780663,0.553721866060724,0.13124921093439743,0.17883211678832117,0.398876404494382,0.6472222222222223,0.7,0.16480714058017215,0.16091954022988506,0.2681517284858674,0.21100323624595468,0.20091201716738197,0.7,0.35678391959798994,0.2857142857142857,0.25,0.0,0.16820702402957485,0.035653973825684214,1.5192307712057689e-22,0.0,0,-1.609437912
0.3280214861235452,0.8367626624697619,0.14192454787510114,0.291970802919708,0.3707865168539326,0.9777777777777777,0.5222222222222223,0.17660184890022315,0.3103448275862069,0.24535042555427128,0.16116504854368932,0.13975321888412018,0.5972222222222222,0.25125628140703515,0.33766233766233766,0.75,0.0,0.2828096118299446,0.6893377538256021,0.00045384615443588605,0.0,0,-1.609437912
0.19427036705461057,0.16258709317260667,0.18969057054313065,0.227007299270073,0.25842696629213485,0.3055555555555556,0.3472222222222222,0.22824354478801404,0.2413793103448276,0.26741620258484816,0.2912621359223301,0.22129828326180256,0.34444444444444444,0.6482412060301508,0.24675324675324675,0.0,0.0,0.21700554528650648,0.705980115743698,4.000000005199999e-15,0.0,0,-1.609437912
0.08379588182632053,0.30657723000444315,0.07011794400502815,0.14525547445255474,0.10674157303370786,0.675,0.8805555555555555,0.09467644246094996,0.45977011494252873,0.2850688242093097,0.14401294498381878,0.23766094420600858,0.875,0.6432160804020101,0.4155844155844156,0.0,0.0,0.1922365988909427,0.37055226151587467,5.4230769301269225e-24,0.0,0,-1.609437912
0.12802148612354522,0.02673127736326602,0.06772203623675871,0.09854014598540146,0.5280898876404494,0.2222222222222222,0.23333333333333334,0.09180745935607268,0.22988505747126436,0.2514447830198592,0.0964401294498382,0.07966738197424893,0.2388888888888889,0.592964824120603,0.4025974025974026,0.25,0.0,0.25397412199630315,0.9569512911939312,1.334615386350382e-26,0.0,0,-1.609437912
0.17153088630259625,0.23197142733900444,0.13441288907190663,0.17262773722627736,0.30337078651685395,0.4111111111111111,0.46944444444444444,0.16831367548613324,0.3333333333333333,0.24387937375223284,0.15145631067961166,0.1223175965665236,0.49722222222222223,0.678391959798995,0.4675324675324675,0.25,0.0,0.244362292051756,0.5533766364237165,8.576923088073076e-23,0.0,0,-1.609437912
0.1396598030438675,0.3542967793832423,0.12838074663141816,0.26094890510948904,0.37640449438202245,0.5527777777777778,0.6138888888888889,0.16161938157475295,0.40229885057471265,0.22402017442471364,0.08446601941747572,0.1459227467811159,0.5555555555555556,0.5527638190954773,0.44155844155844154,0.0,0.0,0.2513863216266174,0.24815977377014642,1.7153846176146115e-06,0.0,0,-1.609437912
0.16347358997314237,0.5606580598193991,0.13067493387541457,0.21532846715328466,0.6067415730337079,0.6888888888888889,0.8,0.1641695887790883,0.2413793103448276,0.26300304717873274,0.20161812297734627,0.18106223175965666,0.8138888888888889,0.5527638190954773,0.44155844155844154,0.25,0.0,0.22365988909426987,0.045759222719895944,3.161538465648461e-21,0.0,0,-1.609437912
0.08325872873769025,0.402633901802962,0.09044425825425849,0.20255474452554745,0.4943820224719101,0.6111111111111112,0.7694444444444445,0.11858463500159389,0.28735632183908044,0.21981716927603234,0.07928802588996764,0.0,0.7611111111111111,0.5728643216080402,0.4025974025974026,0.25,0.0,0.1922365988909427,0.13070973343381748,1.1576923091973076e-21,0.0,0,-1.609437912
0.06750223813786928,0.4633880498884515,0.11330466905345844,0.21021897810218979,0.5280898876404494,0.6805555555555556,0.7527777777777778,0.14472425884603124,0.3563218390804598,0.27361563517915305,0.18770226537216828,0.21083690987124465,0.7555555555555555,0.6633165829145728,0.4675324675324675,0.25,0.0,0.32717190388170053,0.023319985078419356,2.1307692335392303e-21,0.0,0,-1.609437912
0.09400179051029543,0.12067868522441683,0.29388880614178875,0.3357664233576642,0.5786516853932584,0.325,0.18888888888888888,0.33630857507172457,0.40229885057471265,0.22580645161290322,0.28511326860841424,0.27226394849785407,1.0,0.6934673366834171,0.44155844155844154,0.25,0.0,0.32717190388170053,0.789709059196144,0.014500000018576674,0.8898589230781738,1,-1.609437912
0.11459265890778872,0.2789930733809436,0.1840097141348259,0.27846715328467153,0.19101123595505617,0.5,0.4722222222222222,0.22218680267771757,0.45977011494252873,0.24713670274246083,0.215210355987055,0.18642703862660945,0.4666666666666667,0.7587939698492462,0.42857142857142855,0.25,0.5,0.3567467652495379,0.44007266567516923,6.923076932076299e-05,0.0,0,-1.609437912
0.22918531781557744,0.5540531535636809,0.04036313943538816,0.16824817518248175,0.4438202247191011,0.7083333333333334,0.5083333333333333,0.058017213898629266,0.2413793103448276,0.2577492907428811,0.09514563106796116,0.09978540772532189,0.5166666666666667,0.5628140703517588,0.4025974025974026,0.0,0.0,0.15748613678373383,0.03611180595829928,5.692307699707692e-23,0.0,0,-1.609437912
0.2895255147717099,0.6100302844118939,0.20080781818327964,0.26277372262773724,0.3707865168539326,0.7388888888888889,0.7333333333333333,0.24003825310806504,0.39080459770114945,0.250814332247557,0.24789644012944984,0.20681330472103004,0.7416666666666667,0.5728643216080402,0.5584415584415584,0.0,0.0,0.2532347504621072,0.14283878371526842,2.773076926681913e-06,0.0,0,-1.609437912
0.35756490599820945,0.9952389803520116,0.07601562655033132,0.15693430656934307,0.47191011235955055,0.125,0.23055555555555557,0.10168951227287217,0.20689655172413793,0.24661132709887568,0.09514563106796116,0.04721030042918455,0.2222222222222222,0.678391959798995,0.5454545454545454,0.0,0.0,0.14602587800369685,0.9807586972404964,1.8576923101073075e-23,0.0,0,-1.609437912
0.1169203222918532,0.8860280486193575,0.08551081839639647,0.11642335766423358,0.25280898876404495,0.15555555555555556,0.3527777777777778,0.11284666879183934,0.19540229885057472,0.24808237890091414,0.10679611650485436,0.07939914163090128,0.4083333333333333,0.6231155778894473,0.3116883116883117,0.0,0.0,0.10499075785582256,0.7885126419621685,1.7000000022099992e-25,0.0,0,-1.609437912
0.33446732318710837,0.8155734511695492,0.04818258237905997,0.17518248175182483,0.3258426966292135,0.9583333333333334,0.5138888888888888,0.06789926681542875,0.3103448275862069,0.2527056845644636,0.07993527508090614,0.06786480686695279,0.5166666666666667,0.3015075376884422,0.2727272727272727,0.0,0.0,0.1866913123844732,0.6440046139058171,1.0884615398765384e-22,0.0,0,-1.609437912
0.19874664279319607,0.2913141466772446,0.07844443817316546,0.30656934306569344,0.4101123595505618,0.4666666666666667,0.8861111111111111,0.10455849537774944,0.1724137931034483,0.25964064305978773,0.17572815533980582,0.12097639484978541,0.9,0.3869346733668342,0.2857142857142857,0.0,0.0,0.2975970425138632,0.4092440013057399,0.0020153846179993347,0.0,0,-1.609437912
0.45711727842435096,0.13781416805077262,0.24964089034785766,0.30656934306569344,0.43820224719101125,0.2638888888888889,0.28055555555555556,0.2910423971947721,0.11494252873563218,0.25354628559419984,0.3061488673139159,0.2534871244635193,0.2833333333333333,0.47738693467336685,0.2987012987012987,0.25,0.0,0.2975970425138632,0.7562101109041807,0.0020153846179993347,0.0,0,-1.609437912
0.37547000895255145,0.07175857967772316,0.03886992204494333,0.1897810218978102,0.5842696629213483,0.2,0.18333333333333332,0.05610455849537775,0.3448275862068966,0.26058631921824105,0.15728155339805824,0.11695278969957082,0.20833333333333334,0.36683417085427134,0.2597402597402597,0.0,0.0,0.17929759704251386,0.8800828487697181,4.0000000051999993e-22,0.0,0,-1.609437912
0.1692032229185318,0.31166644716555897,0.19328837815009062,0.16386861313868614,0.12359550561797752,0.6222222222222222,0.8527777777777777,0.23206885559451707,0.3218390804597701,0.26878217925816955,0.28317152103559873,0.23390557939914164,0.8527777777777777,0.47738693467336685,0.4155844155844156,0.25,0.0,0.17153419593345656,0.3575531783788458,3.7115384663634614e-23,0.0,0,-1.609437912
0.18119964189794088,0.5498443788936669,0.07332779694279493,0.17627737226277373,0.43820224719101125,0.7138888888888889,0.09722222222222222,0.09850175326745297,0.1839080459770115,0.20983503204791423,0.07022653721682848,0.0,0.06944444444444445,0.47738693467336685,0.42857142857142855,0.0,0.0,0.17153419593345656,0.030487273683839543,1.2038461554111536e-22,0.0,0,-1.609437912
0.18925693822739478,0.2801060341129197,0.08633076979725877,0.12007299270072992,0.15730337078651685,0.4888888888888889,0.4861111111111111,0.11380299649346509,0.20689655172413793,0.2554376379111064,0.143042071197411,0.11319742489270386,0.5361111111111111,0.8844221105527639,0.4025974025974026,0.25,0.0,0.10868761552680221,0.43730487946214514,2.738461542021538e-25,0.0,0,-1.609437912
0.19999999999999998,0.30701472811584435,0.04513571321848421,0.12262773722627737,0.33146067415730335,0.4888888888888889,0.5638888888888889,0.06407395600892572,0.27586206896551724,0.250919407376274,0.0715210355987055,0.03969957081545064,0.5277777777777778,0.5276381909547738,0.7662337662337663,0.25,0.0,0.1478743068391867,0.36943643403759924,3.796153851088845e-25,0.0,0,-1.609437912
0.20555058191584605,0.2595167099600024,0.08469179922700276,0.15802919708029198,0.3539325842696629,0.43333333333333335,0.375,0.11189034109021358,0.40229885057471265,0.25165493327729327,0.12006472491909385,0.0971030042918455,0.4222222222222222,0.507537688442211,0.7142857142857143,0.25,0.0,0.3634011090573013,0.4879009633856046,2.0730769257719227e-23,0.0,0,-1.609437912
0.1489704565801253,0.12353604067444739,0.08907058080466729,0.06386861313868614,0.3258426966292135,0.28888888888888886,0.9083333333333333,0.11699075549888428,0.12643678160919541,0.23484291268256802,0.11035598705501617,0.0,0.9,0.7336683417085427,0.6883116883116883,0.0,0.0,0.29944547134935307,0.7841920588719449,2.4423076954800882e-29,0.0,0,-1.609437912
0.23240823634735902,0.13074192700492182,0.02065043293926722,0.043065693430656936,0.7078651685393258,0.25555555555555554,0.15,0.031877590054191905,0.04597701149425287,0.2578543658715982,0.06957928802588997,0.09656652360515021,0.14444444444444443,0.592964824120603,0.7532467532467533,0.0,0.0,0.1323475046210721,0.7701568804703979,1.2692307706203845e-31,0.0,0,-1.609437912
0.20089525514771708,0.9676160079795685,0.08305658725973869,0.07116788321167883,0.42696629213483145,0.14166666666666666,0.29444444444444445,0.10997768568696206,0.09195402298850575,0.29788798991278764,0.14433656957928803,0.2677038626609442,0.29444444444444445,0.5628140703517588,0.6753246753246753,0.0,0.0,0.3900184842883549,0.9353718996728507,1.1230769245366625e-28,0.0,0,-1.609437912
0.3890778871978514,0.6565016459136057,0.19809712802450907,0.24635036496350365,0.4157303370786517,0.7805555555555556,0.7138888888888889,0.23716927000318777,0.2413793103448276,0.27245980876326575,0.2941747572815534,0.24758583690987124,0.7277777777777777,0.7939698492462312,1.0,0.0,0.0,0.35711645101663586,0.25701308389763095,9.884615397465383e-09,0.0,0,-1.609437912
0.5081468218442255,0.07302169908981189,0.1611942143000187,0.19160583941605838,0.42696629213483145,0.18888888888888888,0.2777777777777778,0.1976410583359898,0.26436781609195403,0.25522748765367237,0.21585760517799352,0.18159871244635192,0.2833333333333333,0.6834170854271356,0.961038961038961,0.0,0.0,0.28059149722735677,0.8778426544089816,4.653846159896153e-22,0.0,0,-1.609437912
0.2846911369740376,0.4278940073840238,0.24101196710584483,0.16423357664233576,0.601123595505618,0.6,0.19444444444444445,0.28211667197959833,0.27586206896551724,0.2370494903856257,0.2530744336569579,0.2234442060085837,0.18333333333333332,0.7085427135678392,0.7792207792207793,0.5,0.0,0.2975970425138632,0.07809168055044848,3.846153851153846e-23,0.0,0,-1.609437912
0.20537153088630258,0.08692628962762994,0.08088225680115249,0.1813868613138686,0.3539325842696629,0.23333333333333334,0.3194444444444444,0.10742747848262671,0.1839080459770115,0.24745192812861194,0.09546925566343042,0.06920600858369098,0.26666666666666666,0.5829145728643216,0.7012987012987013,0.0,0.0,0.17079482439926064,0.8528643351687916,1.9115384640234615e-22,0.0,0,-1.609437912
0.10062667860340195,0.23445506033286434,0.041112315240631525,0.058394160583941604,0.12359550561797752,0.41944444444444445,0.4666666666666667,0.058973541600255024,0.1724137931034483,0.25964064305978773,0.14822006472491908,0.10702789699570815,0.46111111111111114,0.5527638190954773,0.4935064935064935,0.0,0.0,0.04621072088724584,0.5475837449947505,7.076923086097038e-30,0.0,0,-1.609437912
0.3828111011638317,0.6403892926656077,0.13816285220477784,0.21532846715328466,0.5561797752808989,0.7666666666666667,0.7861111111111111,0.17245776219317818,0.40229885057471265,0.25302090995061466,0.18608414239482202,0.1542381974248927,0.7583333333333333,0.6733668341708543,0.5714285714285714,0.25,0.0,0.24214417744916822,0.2162026429617101,3.161538465648461e-21,0.0,0,-1.609437912
0.06750223813786928,0.7714305854142365,0.03127172953757918,0.10948905109489052,0.20786516853932585,0.9861111111111112,0.49722222222222223,0.04622250557857826,0.25287356321839083,0.24997373121782074,0.036893203883495145,0.0,0.5027777777777778,0.5326633165829145,0.6883116883116883,0.5,0.0,0.15120147874306838,0.5442102475007363,6.615384623984611e-26,0.0,0,-1.609437912
0.3360787824529991,0.8390923560567208,0.18999009779318288,0.29927007299270075,0.47191011235955055,0.9722222222222222,0.07222222222222222,0.22856232068855595,0.3218390804597701,0.2526006094357465,0.24142394822006472,0.19957081545064378,0.19444444444444445,0.5577889447236181,0.14285714285714285,0.25,0.0,0.2902033271719039,0.6942215256225988,0.0010153846167032749,0.0,0,-1.609437912
0.394449418084154,0.13124506794691332,0.03986463352829313,0.0791970802919708,0.7640449438202247,0.15833333333333333,0.10277777777777777,0.05737966209754543,0.40229885057471265,0.25901019228748556,0.12491909385113269,0.10434549356223176,0.075,0.46733668341708545,0.45454545454545453,0.0,0.0,0.06728280961182995,0.7691703200074531,5.23076923756897e-28,0.0,0,-1.609437912
0.2583706356311549,0.11442729889249294,0.07467026465252999,0.07846715328467153,0.33146067415730335,0.25,0.32222222222222224,0.10009563277016258,0.11494252873563218,0.26541977513922455,0.13171521035598704,0.16604077253218885,0.35,0.4020100502512563,0.4675324675324675,0.25,0.0,0.12865064695009243,0.801684567441397,4.576923082872816e-28,0.0,0,-1.609437912
0.21933751119068934,0.09621489061668169,0.035658972502262326,0.06167883211678832,0.398876404494382,0.25833333333333336,0.30833333333333335,0.0519604717883328,0.22988505747126436,0.25407166123778496,0.06634304207119741,0.07242489270386267,0.31666666666666665,0.5175879396984925,0.961038961038961,0.0,0.0,0.2011090573012939,0.8358469194369339,1.5038461557985497e-29,0.0,0,-1.609437912
0.26320501342882724,0.11114429730801377,0.13124921093439743,0.09854014598540146,0.7078651685393258,0.20833333333333334,0.11944444444444445,0.16480714058017215,0.14942528735632185,0.27098875696122726,0.23948220064724918,0.19983905579399142,0.18611111111111112,0.7939698492462312,0.4155844155844156,0.0,0.0,0.08687615526802218,0.8079220727113744,1.334615386350382e-26,0.0,0,-1.609437912
0.25693822739480754,0.07101737075916773,0.28134584262015633,0.2602189781021898,0.6460674157303371,0.17222222222222222,0.2777777777777778,0.3235575390500478,0.5057471264367817,0.24293369759377953,0.31585760517799355,0.2695815450643777,1.0,0.6080402010050251,0.38961038961038963,0.25,0.0,0.25064695009242144,0.8813952027944686,1.403846155671151e-06,0.0,1,-1.609437912
0.19659803043867505,0.32763667026433274,0.12181153763218736,0.14014598540145987,0.8426966292134831,0.6611111111111111,0.9194444444444444,0.1542875358622888,0.21839080459770116,0.2470316276137438,0.1517799352750809,0.1148068669527897,0.8861111111111111,0.7085427135678392,0.36363636363636365,0.25,0.0,0.24805914972273568,0.31656110240928564,3.0730769270719225e-24,0.0,0,-1.609437912
0.25371530886302596,0.6398052676078401,0.1609001973113616,0.20510948905109488,0.6629213483146067,0.7694444444444445,0.8333333333333334,0.1973222824354479,0.28735632183908044,0.2595355679310707,0.23786407766990292,0.18669527896995708,0.8305555555555556,0.7738693467336684,0.44155844155844154,0.25,0.0,0.19482439926062847,0.21474012891643765,1.4230769249269228e-21,0.0,0,-1.609437912
0.29239033124440467,0.8126310112245583,0.05616073382382601,0.10218978102189781,0.24157303370786518,0.9777777777777777,0.5194444444444445,0.07778131973222824,0.1839080459770115,0.25197015866344435,0.0854368932038835,0.07027896995708155,0.5138888888888888,0.5678391959798995,0.961038961038961,0.0,0.0,0.2011090573012939,0.637578119930303,2.3115384645434588e-26,0.0,0,-1.609437912
0.43831692032229186,0.027111160012728997,0.08414630798797892,0.14854014598540147,0.4606741573033708,0.15555555555555556,0.2916666666666667,0.11125278928912974,0.10344827586206896,0.2634233476936009,0.1459546925566343,0.15611587982832617,0.2722222222222222,0.6884422110552764,0.8831168831168831,0.0,0.0,0.22920517560073936,0.9563261677475645,7.730769240819231e-24,0.0,0,-1.609437912
0.31208594449418087,0.09612138926212599,0.09016932396701274,0.06751824817518248,0.5280898876404494,0.24722222222222223,0.25833333333333336,0.11826585910105196,0.16091954022988506,0.2645791741094883,0.17605177993527507,0.1569206008583691,0.24722222222222223,0.7386934673366834,0.8181818181818182,0.0,0.0,0.16081330868761554,0.8360195675485825,5.346153853101241e-29,0.0,0,-1.609437912
0.1665174574753805,0.6253032855561802,0.07763382215436729,0.08759124087591241,0.34831460674157305,0.7805555555555556,0.7111111111111111,0.10360216767612368,0.19540229885057472,0.26846695387201847,0.16763754045307444,0.17060085836909872,0.6916666666666667,0.8391959798994975,0.7662337662337663,0.5,0.0,0.1756007393715342,0.1789712048480732,2.300000002989974e-27,0.0,0,-1.609437912
0.4488809310653536,0.9653680607177398,0.1407658694911648,0.18613138686131386,0.4044943820224719,0.10833333333333334,0.28888888888888886,0.17532674529805548,0.20689655172413793,0.228328254702112,0.13009708737864079,0.0,0.2861111111111111,0.7939698492462312,0.9090909090909091,0.5,0.0,0.1756007393715342,0.931588234014276,2.9115384653234614e-22,0.0,0,-1.609437912
0.3410922112802149,0.37839833219139074,0.08360123659751223,0.25364963503649635,0.550561797752809,0.5222222222222223,0.9111111111111111,0.1106152374880459,0.632183908045977,0.2599558684459388,0.1546925566343042,0.13251072961373392,1.0,0.8090452261306532,0.961038961038961,0.0,0.0,0.24399260628465805,0.18780360981782604,1.8269230792980763e-07,0.0,1,-1.609437912
0.14377797672336617,0.9720185227582879,0.0632243804066859,0.1510948905109489,0.5337078651685393,0.1527777777777778,0.25,0.08638826904686006,0.3448275862068966,0.2562782389408427,0.11262135922330097,0.10407725321888411,0.25833333333333336,0.4723618090452261,0.6623376623376623,0.25,0.0,0.23401109057301295,0.9427419804599523,1.0153846167046154e-23,0.0,0,-1.609437912
0.4186213070725157,0.22447537059605438,0.01701680918033707,0.07664233576642336,0.2247191011235955,0.34444444444444444,0.4,0.0267771756455212,0.26436781609195403,0.25585793842597454,0.04789644012944984,0.078862660944206,0.36944444444444446,0.5477386934673367,0.6753246753246753,0.25,0.0,0.10646950092421442,0.5707237498563968,3.2576923119270475e-28,0.0,0,-1.609437912
0.22059086839749326,0.040868052976961555,0.13989757776573958,0.1678832116788321,0.5674157303370787,0.19722222222222222,0.24722222222222223,0.1743704175964297,0.1724137931034483,0.28097089418934534,0.28576051779935274,0.22371244635193133,0.23055555555555557,0.6180904522613065,0.7662337662337663,0.0,0.0,0.399630314232902,0.9334270910461839,5.461538468638461e-23,0.0,0,-1.609437912
0.13464637421665174,0.6026378553061182,0.21047865349807168,0.2755474452554745,0.5786516853932584,0.7805555555555556,0.7916666666666666,0.25023908192540645,0.11494252873563218,0.24230324682147733,0.24724919093851133,0.19045064377682402,0.7861111111111111,0.6030150753768844,0.7532467532467533,0.25,0.0,0.266173752310536,0.1261179320456111,4.192307697757463e-05,0.0,0,-1.609437912
0.1507609668755595,0.1542431355666877,0.09264727196175841,0.16970802919708028,0.5,0.34444444444444444,0.21666666666666667,0.12113484220592924,0.1724137931034483,0.24598087632657348,0.10517799352750809,0.07725321888412018,0.23055555555555557,0.8341708542713567,0.8311688311688312,0.25,0.0,0.1589648798521257,0.7231410362907282,6.538461546961537e-23,0.0,0,-1.609437912
0.26320501342882724,0.23909168694869887,0.0948564905090249,0.2167883211678832,0.7528089887640449,0.39444444444444443,0.041666666666666664,0.12368504941026458,0.28735632183908044,0.27088368183251027,0.16537216828478965,0.19259656652360516,0.08888888888888889,0.592964824120603,0.6883116883116883,0.5,0.0,0.2680221811460259,0.5367092937285072,3.534615389210384e-21,0.0,0,-1.609437912
0.2945389435989257,0.37220299088485126,0.11528316840063467,0.1375912408759124,0.7415730337078652,0.6055555555555555,0.8916666666666667,0.14695569014982468,0.2988505747126437,0.24913313018808447,0.1453074433656958,0.12097639484978541,0.8083333333333333,0.507537688442211,0.7272727272727273,0.0,0.0,0.22624768946395563,0.20307388273477858,2.30000000299e-24,0.0,0,-1.609437912
0.09364368845120861,0.8519239208735441,0.04186316996778855,0.04562043795620438,0.5955056179775281,0.05277777777777778,0.28055555555555556,0.05992986930188078,0.40229885057471265,0.26741620258484816,0.11262135922330097,0.15933476394849785,0.2722222222222222,0.7085427135678392,0.6493506493506493,0.25,0.0,0.09426987060998152,0.7207690936095217,2.6538461570357687e-31,0.0,0,-1.609437912
0.1070725156669651,0.22320469372734883,0.07038477037782975,0.07992700729927008,0.0449438202247191,0.275,0.4861111111111111,0.09499521836149187,0.04597701149425287,0.2726699590206998,0.12168284789644013,0.1984978540772532,0.49166666666666664,0.6331658291457286,0.6623376623376623,0.0,0.0,0.07800369685767097,0.5736438045819697,6.0000000077997385e-28,0.0,0,-1.609437912
0.3181736794986571,0.014635225089086648,0.06851955815242208,0.16058394160583941,0.5056179775280899,0.16666666666666666,0.25555555555555554,0.09276378705769844,0.21839080459770116,0.2593254176736366,0.12718446601941746,0.12660944206008584,0.24166666666666667,0.7336683417085427,0.6493506493506493,0.5,0.0,0.26950092421441774,0.9766580778191076,2.68076923425423e-23,0.0,0,-1.609437912
0.40644583706356313,0.7609670274786603,0.09568652252609221,0.15875912408759124,0.0,0.9444444444444444,0.5388888888888889,0.12464137711189034,0.16091954022988506,0.25176000840601026,0.13333333333333333,0.10890557939914162,0.5138888888888888,0.7587939698492462,0.6493506493506493,0.0,0.0,0.22365988909426987,0.5195062410800041,2.2346153875203846e-23,0.0,0,-1.609437912
0.3025962399283796,0.790279614794047,0.1956911001623836,0.2613138686131387,0.47191011235955055,0.9305555555555556,0.6916666666666667,0.23461906279885242,0.5862068965517241,0.21624461489965324,0.18802588996763753,0.1440450643776824,1.0,0.6130653266331658,0.6493506493506493,0.25,0.0,0.25175600739371534,0.5877074970316012,1.8923076947676876e-06,0.0,1,-1.609437912
0.14825425246195167,0.09111222618153844,0.044630294432277555,0.058394160583941604,0.4887640449438202,0.2833333333333333,0.24444444444444444,0.06343640420784188,0.19540229885057472,0.26489439949563937,0.12491909385113269,0.14619098712446352,0.25555555555555554,0.5125628140703518,0.8701298701298701,0.0,0.0,0.10166358595194085,0.8452287099310181,7.076923086097038e-30,0.0,0,-1.609437912
0.1557743957027753,0.793887540551939,0.12924051677329496,0.12408759124087591,0.37640449438202245,0.9722222222222222,0.5083333333333333,0.1625757092763787,0.27586206896551724,0.2645791741094883,0.21941747572815534,0.17677038626609443,0.6,0.38190954773869346,0.5454545454545454,0.25,0.0,0.2343807763401109,0.5958835876113645,4.5769230828730765e-25,0.0,0,-1.609437912
0.19999999999999998,0.13969554877453152,0.0613834160393553,0.06313868613138686,0.6573033707865169,0.2972222222222222,0.15,0.08415683774306662,0.14942528735632185,0.24797730377219712,0.07896440129449839,0.0305793991416309,0.18055555555555555,0.5025125628140703,0.5324675324675324,0.0,0.0,0.11275415896487985,0.752470960962524,2.080769233471627e-29,0.0,0,-1.609437912
0.1088630259623993,0.12316110149846142,0.1172656280686106,0.19343065693430658,0.5786516853932584,0.32222222222222224,0.19722222222222222,0.1491871214536181,0.22988505747126436,0.24324892297993064,0.1407766990291262,0.08610515021459228,0.15833333333333333,0.3869346733668342,0.5714285714285714,0.25,0.0,0.22735674676524953,0.7849175514410405,5.461538468638461e-22,0.0,0,-1.609437912
0.38531781557743955,0.16332451376731627,0.08852180914209472,0.10145985401459855,0.398876404494382,0.2972222222222222,0.29444444444444445,0.11635320369780044,0.3218390804597701,0.2234947987811285,0.0,0.0,0.2611111111111111,0.4723618090452261,0.6363636363636364,0.5,0.0,0.3456561922365989,0.7044514553399757,2.0730769257719205e-26,0.0,0,-1.609437912
0.1602506714413608,0.7475856861606698,0.10711296578033876,0.1354014598540146,0.7247191011235955,0.9194444444444444,0.9805555555555555,0.13771118903410903,0.3448275862068966,0.25396658610906797,0.1524271844660194,0.13063304721030042,0.9111111111111111,0.6381909547738693,0.7272727272727273,0.5,0.0,0.1977818853974122,0.4873548816029015,1.7846153869353846e-24,0.0,0,-1.609437912
0.13930170098478067,0.5964584585511991,0.08496470157633136,0.0948905109489051,0.4101123595505618,0.7722222222222223,0.7138888888888889,0.1122091169907555,0.1839080459770115,0.25354628559419984,0.12944983818770225,0.10622317596566523,0.7027777777777777,0.6030150753768844,0.7402597402597403,0.0,0.0,0.1756007393715342,0.11261190410093792,7.576923086773051e-27,0.0,0,-1.609437912
0.2811101163831692,0.6276769779280025,0.1730038797465705,0.11131386861313869,0.25842696629213485,0.6916666666666667,0.6472222222222223,0.21039209435766656,0.08045977011494253,0.23242618472207627,0.16537216828478965,0.1427038626609442,0.6666666666666666,0.4271356783919598,0.7532467532467533,0.0,0.0,0.2088724584103512,0.18474383420852591,8.500000011049995e-26,0.0,0,-1.609437912
0.36347358997314233,0.23544365365858252,0.13758516440270252,0.051094890510948905,0.8426966292134831,0.3611111111111111,0.1111111111111111,0.17182021039209436,0.2413793103448276,0.33970789114216665,0.26407766990291265,0.39002145922746784,0.06388888888888888,0.6180904522613065,0.7402597402597403,0.0,0.0,0.15859519408502773,0.5452716835277206,1.1692307707247306e-30,0.0,0,-1.609437912
0.1480752014324082,0.15093935773023986,0.066925642445155,0.07226277372262774,0.7191011235955056,0.3055555555555556,0.12777777777777777,0.09085113165444693,0.08045977011494253,0.23757486602921088,0.07993527508090614,0.0,0.14722222222222223,0.44221105527638194,0.7012987012987013,0.0,0.0,0.10351201478743069,0.7298672792326611,1.4000000018197395e-28,0.0,0,-1.609437912
0.10241718889883615,0.43413528625588965,0.14250429473383885,0.18832116788321168,0.5561797752808989,0.6416666666666667,0.8,0.17723940070130698,0.22988505747126436,0.2523904591783125,0.18867313915857606,0.15665236051502146,0.8555555555555555,0.6180904522613065,0.7012987012987013,0.0,0.0,0.177818853974122,0.0666000600357854,3.5192307738057688e-22,0.0,0,-1.609437912
0.12300805729632944,0.03094118036643147,0.1378739735295581,0.17335766423357665,0.42134831460674155,0.20277777777777778,0.29444444444444445,0.17213898629263627,0.22988505747126436,0.26310812230744984,0.21165048543689322,0.1773068669527897,0.2722222222222222,0.4020100502512563,0.22077922077922077,0.0,0.0,0.16266173752310537,0.9500021368300414,9.192307704257691e-23,0.0,0,-1.609437912
0.1722470904207699,0.6405347885098225,0.0909944232456885,0.16204379562043797,0.7640449438202247,0.6972222222222222,0.8888888888888888,0.11922218680267772,0.11494252873563218,0.24324892297993064,0.11262135922330097,0.0,0.8805555555555555,0.3316582914572864,0.8441558441558441,0.25,0.0,0.15120147874306838,0.21656721574816268,3.10000000403e-23,0.0,0,-1.609437912
0.11316025067144134,0.7472636805330382,0.055123061564169004,0.06642335766423357,0.8202247191011236,0.9277777777777778,0.4027777777777778,0.07650621613006056,0.1724137931034483,0.25901019228748556,0.1524271844660194,0.1046137339055794,0.3527777777777778,0.37185929648241206,0.8311688311688312,0.0,0.0,0.18373382624768947,0.48657371734078875,4.230769236266626e-29,0.0,0,-1.609437912
0.18478066248880928,0.05021989805398287,0.12409194091782627,0.19708029197080293,0.6067415730337079,0.18055555555555555,0.21666666666666667,0.15683774306662415,0.40229885057471265,0.2437742986235158,0.14498381877022654,0.10997854077253219,0.2,0.5979899497487438,0.7662337662337663,0.0,0.0,0.27171903881700554,0.9175643127841724,7.384615394215384e-22,0.0,0,-1.609437912
0.5724261414503135,0.18406837959238748,0.21867716486095146,0.2908759124087591,0.5112359550561798,0.2972222222222222,0.23055555555555557,0.25884603124003824,0.28735632183908044,0.2193968687611642,0.1825242718446602,0.18562231759656653,0.32222222222222224,0.7839195979899497,0.7662337662337663,0.25,0.0,0.28170055452865067,0.6606392157378174,0.00040000000051979197,0.0,0,-1.609437912
0.2948970456580125,0.36681965176406234,0.028626897830298533,0.08759124087591241,0.25842696629213485,0.5777777777777777,0.5166666666666667,0.04271597067261715,0.4827586206896552,0.25480718713880424,0.0766990291262136,0.06866952789699571,0.5944444444444444,0.5477386934673367,0.7922077922077922,0.25,0.0,0.1467652495378928,0.21649990982857767,2.300000002989974e-27,0.0,0,-1.609437912
0.49740376007162035,0.20572052582408948,0.14308431207155703,0.08467153284671533,0.3146067415730337,0.3194444444444444,0.23055555555555557,0.17787695250239083,0.1724137931034483,0.23200588420720814,0.13818770226537216,0.07296137339055794,0.21388888888888888,0.8743718592964824,0.7012987012987013,0.25,0.0,0.22365988909426987,0.6132142348910743,1.3923076941176664e-27,0.0,0,-1.609437912
0.1396598030438675,0.9339417296955,0.1321111698227272,0.2518248175182482,0.43820224719101125,0.11666666666666667,0.26944444444444443,0.1657634682817979,0.28735632183908044,0.24965850583166962,0.16893203883495145,0.13894849785407726,0.21944444444444444,0.46733668341708545,0.6233766233766234,0.0,0.0,0.24214417744916822,0.8771959297169715,9.500000012349997e-08,0.0,0,-1.609437912
0.1133393017009848,0.2773778451985278,0.03986463352829313,0.1467153284671533,0.6404494382022472,0.48055555555555557,0.08888888888888889,0.05737966209754543,0.3448275862068966,0.2549122622675213,0.08640776699029126,0.07644849785407726,0.03888888888888889,0.27638190954773867,0.7142857142857143,0.0,0.0,0.1356746765249538,0.4440832042981083,6.3461538544038455e-24,0.0,0,-1.609437912
0.2823634735899731,0.21132769782119284,0.14802525228950597,0.22481751824817517,0.43820224719101125,0.36666666666666664,0.325,0.18329614281160345,0.20689655172413793,0.23599873909845537,0.16375404530744336,0.08717811158798283,0.2861111111111111,0.6030150753768844,0.7662337662337663,0.0,0.0,0.3345656192236599,0.6006479727312397,2.065384618069615e-16,0.0,0,-1.609437912
0.3047448522829006,0.1002774852537326,0.24532225858017193,0.20802919708029197,0.4606741573033708,0.25277777777777777,0.2833333333333333,0.2865795345871852,0.40229885057471265,0.15425028895660398,0.24724919093851133,0.0,0.24166666666666667,0.8140703517587939,0.7142857142857143,0.0,0.0,0.1977818853974122,0.8283186991548406,1.792307694637692e-21,0.0,0,-1.609437912
0.13393017009847807,0.3706544209875065,0.17270749630299173,0.2083941605839416,0.2640449438202247,0.6222222222222222,0.5944444444444444,0.21007331845712465,0.14942528735632185,0.2817064200903646,0.31359223300970873,0.2478540772532189,0.5833333333333334,0.35175879396984927,0.8831168831168831,0.25,0.0,0.19815157116451015,0.20692227047758413,1.8461538485538458e-21,0.0,0,-1.609437912
0.08558639212175471,0.14018285920580986,0.07871486630106361,0.1386861313868613,0.398876404494382,0.3472222222222222,0.33055555555555555,0.10487727127829136,0.22988505747126436,0.24881790480193336,0.10647249190938511,0.06947424892703863,0.32222222222222224,0.7286432160804021,0.6883116883116883,0.0,0.0,0.1866913123844732,0.7515004577036017,2.6076923110823075e-24,0.0,0,-1.609437912
0.09811996418979411,0.9516218886759742,0.2589226124838071,0.19708029197080293,0.37640449438202245,0.18611111111111112,0.2916666666666667,0.3006056742110296,0.19540229885057472,0.2097299569191972,0.21100323624595468,0.20895922746781115,0.2972222222222222,0.7286432160804021,0.7012987012987013,0.25,0.0,0.1922365988909427,0.9081449059260707,7.384615394215384e-22,0.0,0,-1.609437912
0.048343777976723366,0.05479137791575591,0.09568652252609221,0.14963503649635038,0.5617977528089888,0.275,0.18888888888888888,0.12464137711189034,0.39080459770114945,0.25228538404959544,0.13527508090614887,0.11185622317596566,0.2,0.17587939698492464,0.45454545454545453,0.0,0.0,0.13863216266173753,0.9097207740533826,8.692307703607692e-24,0.0,0,-1.609437912
0.12032229185317814,0.6320187643787393,0.11076679658228508,0.15182481751824817,0.7247191011235955,0.7555555555555555,0.8527777777777777,0.14185527574115397,0.4367816091954023,0.25133970789114213,0.14692556634304207,0.12419527896995708,0.8694444444444445,0.19597989949748743,0.44155844155844154,0.25,0.0,0.14085027726432534,0.1953922269412112,1.096153847578846e-23,0.0,0,-1.609437912
0.27806624888093107,0.24951378020005696,0.22813243649702483,0.38065693430656933,0.47752808988764045,0.40555555555555556,0.25277777777777777,0.26872808415683774,0.13793103448275862,0.267100977198697,0.3249190938511327,0.24973175965665237,0.2972222222222222,0.8944723618090452,0.37662337662337664,0.0,0.5,0.37264325323475045,0.5119855259816787,0.07923076932560846,0.5073297006078016,0,-1.609437912
0.21897940913160252,0.115417739210343,0.16561172837322294,0.22262773722627738,0.6685393258426966,0.25555555555555554,0.18333333333333332,0.2024226968441186,0.40229885057471265,0.2495534307029526,0.2029126213592233,0.17355150214592274,0.18611111111111112,0.6984924623115578,0.6883116883116883,0.0,0.0,0.21256931608133087,0.7997958399111949,6.384615392915385e-18,0.0,0,-1.609437912
0.20376007162041185,0.19332359689883277,0.10403259142965356,0.2197080291970803,0.6685393258426966,0.35833333333333334,0.06388888888888888,0.13420465412814792,0.6091954022988506,0.2586949669013344,0.17184466019417477,0.14082618025751073,0.016666666666666666,0.8140703517587939,0.6363636363636364,0.0,0.0,0.20961182994454713,0.6405807985061998,2.1846153874553847e-20,0.0,0,-1.609437912
0.2784243509400179,0.7286163624180276,0.20141075121499266,0.08722627737226277,0.25280898876404495,0.8638888888888889,0.6805555555555556,0.24067580490914886,0.08045977011494253,0.22927393086056527,0.20323624595469256,0.1542381974248927,0.6611111111111111,0.34673366834170855,0.4155844155844156,0.0,0.0,0.07541589648798522,0.4407730373780873,2.1615384643484353e-27,0.0,0,-1.609437912
0.3267681289167413,0.9981044482123848,0.14744297232741774,0.27007299270072993,0.5056179775280899,0.13055555555555556,0.16666666666666666,0.1826585910105196,0.41379310344827586,0.25375643585163393,0.2,0.1630901287553648,0.18333333333333332,0.3768844221105528,0.45454545454545453,0.0,0.0,0.26062846580406657,0.9853529346532869,1.480769232694202e-05,0.0,0,-1.609437912
0.06589077887197853,0.2179197245979049,0.01996270924991332,0.07664233576642336,0.6460674157303371,0.43333333333333335,0.14166666666666666,0.030921262352566144,0.13793103448275862,0.2504991068614059,0.03495145631067961,0.0,0.14722222222222223,0.5276381909547738,0.4935064935064935,0.0,0.0,0.06469500924214418,0.5857247050431861,3.2576923119270475e-28,0.0,0,-1.609437912
0.12085944494180842,0.283971383959805,0.17715923439017325,0.20437956204379562,0.7696629213483146,0.5,0.9916666666666667,0.21485495696525342,0.4367816091954023,0.2495534307029526,0.2168284789644013,0.1834763948497854,0.03611111111111111,0.6130653266331658,0.4675324675324675,0.25,0.0,0.19408502772643252,0.4276653132009496,1.3423076940526921e-21,0.579638763965869,0,-1.609437912
0.21486123545210384,0.3506352391765262,0.08989448886588906,0.08211678832116788,0.20786516853932585,0.6111111111111112,0.3416666666666667,0.11794708320051005,0.08045977011494253,0.20804875485972468,0.0656957928802589,0.0,0.35555555555555557,0.9899497487437185,0.7402597402597403,0.25,0.0,0.10166358595194085,0.2575002524890184,8.884615396165122e-28,0.0,0,-1.609437912
0.5070725156669652,0.34937235810794914,0.05202439603307025,0.08503649635036496,0.7584269662921348,0.5305555555555556,0.85,0.07268090532355755,0.16091954022988506,0.2690974046443207,0.09870550161812297,0.17623390557939914,0.8555555555555555,0.47738693467336685,0.5714285714285714,0.0,0.0,0.07319778188539741,0.260728278384617,1.4846153865453585e-27,0.0,0,-1.609437912
0.18495971351835275,0.2642532324135427,0.05434635913040188,0.09124087591240876,0.7640449438202247,0.45,0.06944444444444445,0.07554988842843481,0.09195402298850575,0.2529158348218976,0.08705501618122978,0.07564377682403434,0.075,0.4120603015075377,0.5454545454545454,0.25,0.0,0.07948243992606285,0.4763795967060201,4.2307692362692046e-27,0.0,0,-1.609437912
0.41897940913160253,0.4575386000392779,0.10403259142965356,0.13503649635036497,0.5337078651685393,0.5888888888888889,0.7583333333333333,0.13420465412814792,0.45977011494252873,0.26216244614899653,0.18932038834951456,0.15128755364806867,0.7777777777777778,0.5226130653266332,0.5064935064935064,0.0,0.0,0.12384473197781885,0.030416055046887575,1.7115384637634614e-24,0.0,0,-1.609437912
0.44010743061772606,0.12242069537346568,0.08169682562307205,0.06532846715328468,0.47191011235955055,0.25277777777777777,0.2722222222222222,0.10838380618425247,0.06896551724137931,0.25354628559419984,0.1203883495145631,0.1072961373390558,0.2611111111111111,0.5527638190954773,0.5064935064935064,0.0,0.0,0.08539741219963032,0.7863488245132791,3.3500000043523955e-29,0.0,0,-1.609437912
0.19462846911369738,0.7501742823714557,0.09182040807538021,0.15145985401459855,0.29213483146067415,0.9138888888888889,0.55,0.12017851450430347,0.22988505747126436,0.2527056845644636,0.13236245954692558,0.10944206008583691,0.6194444444444445,0.5175879396984925,0.5584415584415584,0.0,0.0,0.14048059149722736,0.4936220883838016,1.0538461552161538e-23,0.0,0,-1.609437912
0.2922112802148612,0.28934886002296867,0.1169821792431799,0.21532846715328466,0.7078651685393258,0.4527777777777778,0.03333333333333333,0.14886834555307618,0.45977011494252873,0.26415887359462015,0.21359223300970873,0.16791845493562232,0.011111111111111112,0.5527638190954773,0.4675324675324675,0.0,0.0,0.4824399260628466,0.41418795830749133,3.161538465648461e-21,0.0,0,-1.609437912
0.30581915846016117,0.3221310353528701,0.2851024833406163,0.08759124087591241,0.6629213483146067,0.48333333333333334,0.44166666666666665,0.32738284985655086,0.40229885057471265,0.07807082063675526,0.16375404530744336,0.0,1.0,0.32160804020100503,0.5584415584415584,0.0,0.0,0.2828096118299446,0.3307171758983112,2.300000002989974e-27,0.0,1,-1.609437912
0.10295434198746643,0.043712556359757584,0.27915697922991234,0.3361313868613139,0.5561797752808989,0.24166666666666667,0.19722222222222222,0.32132610774625436,0.14942528735632185,0.24009666911841965,0.3168284789644013,0.2583154506437768,0.23055555555555557,0.21105527638190955,0.5454545454545454,0.25,0.0,0.32754158964879854,0.9286279170002808,0.014769230788147198,0.0,0,-1.609437912
0.1294538943598926,0.5334954545729437,0.20171229336026725,0.27007299270072993,0.43820224719101125,0.7027777777777777,0.6555555555555556,0.2409945808096908,0.4482758620689655,0.24524535042555426,0.22944983818770226,0.19983905579399142,0.8583333333333333,0.18090452261306533,0.5194805194805194,0.0,0.0,0.26062846580406657,0.012833720055014663,1.480769232694202e-05,0.5644348467281711,0,-1.609437912
0.1570277529095792,0.905420587806499,0.07736384067889497,0.12773722627737227,0.6910112359550562,0.1388888888888889,0.075,0.10328339177558177,0.3448275862068966,0.24682147735630974,0.08478964401294499,0.06920600858369098,0.041666666666666664,0.5829145728643216,0.4935064935064935,0.0,0.0,0.13752310536044363,0.8252843776834831,7.153846163146153e-25,0.0,0,-1.609437912
0.23276633840644584,0.11661142860188482,0.03345649142423782,0.12992700729927006,0.5449438202247191,0.2833333333333333,0.2722222222222222,0.04909148868345553,0.19540229885057472,0.25585793842597454,0.06957928802588997,0.08690987124463519,0.2722222222222222,0.5125628140703518,0.4805194805194805,0.25,0.0,0.20517560073937152,0.7975152274334667,9.346153858303845e-25,0.0,0,-1.609437912
0.3666965085049239,0.2777097253570267,0.05902625761252247,0.09708029197080292,0.0898876404494382,0.4861111111111111,0.5777777777777777,0.08128785463818936,0.12643678160919541,0.2418829463066092,0.05080906148867314,0.0,0.5611111111111111,0.6180904522613065,0.5064935064935064,0.25,0.0,0.10609981515711644,0.4432597767370187,1.0653846167696127e-26,0.0,0,-1.609437912
0.2796777081468218,0.20148033777405228,0.10403259142965356,0.13978102189781022,0.6404494382022472,0.3527777777777778,0.16111111111111112,0.13420465412814792,0.4367816091954023,0.24545550068298833,0.10485436893203884,0.10836909871244635,0.2111111111111111,0.5628140703517588,0.5324675324675324,0.0,0.0,0.12865064695009243,0.6226390492146248,2.9500000038349997e-24,0.0,0,-1.609437912
0.4404655326768129,0.21473574725884398,0.08715164610870926,0.145985401459854,0.7865168539325843,0.32222222222222224,0.175,0.11475932419509086,0.13793103448275862,0.24913313018808447,0.11003236245954692,0.0895922746781116,0.24166666666666667,0.6884422110552764,0.6103896103896104,0.25,0.0,0.13493530499075784,0.5929529024388274,5.8846153922653844e-24,0.0,0,-1.609437912
0.1106535362578335,0.6147894243266997,0.05746110021287339,0.11861313868613138,0.28651685393258425,0.7388888888888889,0.6277777777777778,0.07937519923493784,0.05747126436781609,0.26804665335715033,0.12750809061488674,0.1665772532188841,0.675,0.4120603015075377,0.5064935064935064,0.0,0.0,0.10720887245841035,0.15388940608108387,2.2653846183296144e-25,0.0,0,-1.609437912
0.05604297224709044,0.3923317460228073,0.08441900125925976,0.10583941605839416,0.3258426966292135,0.6472222222222223,0.6444444444444445,0.11157156518967166,0.1724137931034483,0.2598507933172218,0.1488673139158576,0.1338519313304721,0.6527777777777778,0.4321608040201005,0.5064935064935064,0.25,0.0,0.26062846580406657,0.15437331150022535,3.92307692817692e-26,0.0,0,-1.609437912
0.31924798567591767,0.3755303861027632,0.1703385045782018,0.2518248175182482,0.3202247191011236,0.55,0.5638888888888889,0.2075231112527893,0.26436781609195403,0.24030681937585371,0.1802588996763754,0.157725321888412,0.5972222222222222,0.6934673366834171,0.4675324675324675,0.0,0.0,0.24214417744916822,0.19484619116470753,9.500000012349997e-08,0.0,0,-1.609437912
0.26911369740376007,0.3183731057474369,0.05694052059175295,0.09124087591240876,0.848314606741573,0.5916666666666667,0.9527777777777777,0.078737647433854,0.10344827586206896,0.24745192812861194,0.0656957928802589,0.0,0.9083333333333333,0.507537688442211,0.45454545454545453,0.0,0.0,0.07948243992606285,0.34036761571719026,4.2307692362692046e-27,0.0,0,-1.609437912
0.37063563115487913,0.2514387721453474,0.3102814572392186,0.20802919708029197,0.9269662921348315,0.4,0.9944444444444445,0.3528849218999044,0.367816091954023,0.2914784070610486,0.4511326860841424,0.34629828326180256,0.08333333333333333,0.5778894472361809,0.36363636363636365,0.0,0.0,0.1977818853974122,0.5073772266043716,1.792307694637692e-21,0.0,0,-1.609437912
0.5554162936436885,0.6828656282716797,0.039118310032531196,0.06751824817518248,0.7528089887640449,0.75,0.8916666666666667,0.05642333439591967,0.2413793103448276,0.24797730377219712,0.05728155339805825,0.0,0.8805555555555555,0.628140703517588,0.5584415584415584,0.25,0.0,0.10536044362292052,0.3247258997641777,5.346153853101241e-29,0.0,0,-1.609437912
0.24744852282900626,0.6199026028629183,0.24964089034785766,0.08759124087591241,0.6235955056179775,0.7583333333333333,0.8305555555555556,0.2910423971947721,0.3103448275862069,0.2676263528422822,0.32038834951456313,0.286480686695279,0.775,0.7738693467336684,0.5584415584415584,0.0,0.0,0.07578558225508318,0.16598134556510838,2.300000002989974e-27,0.0,0,-1.609437912
0.144136078782453,0.15065714432859093,0.06007250407947597,0.12992700729927006,0.6235955056179775,0.3333333333333333,0.22777777777777777,0.08256295824035703,0.08045977011494253,0.24839760428706525,0.07346278317152104,0.04265021459227468,0.19722222222222222,0.5125628140703518,0.5064935064935064,0.0,0.0,0.14602587800369685,0.730440052000695,9.346153858303845e-25,0.0,0,-1.609437912
0.576186213070725,0.1466175806821999,0.0653362830806901,0.11678832116788321,0.3651685393258427,0.25,0.3055555555555556,0.08893847625119541,0.1724137931034483,0.2526006094357465,0.09902912621359224,0.08449570815450644,0.30833333333333335,0.7085427135678392,0.5454545454545454,0.0,0.0,0.10536044362292052,0.738607857405857,1.78076923308423e-25,0.0,0,-1.609437912
0.2868397493285586,0.26482384951489135,0.05382930486744825,0.04854014598540146,0.7415730337078652,0.425,0.05555555555555555,0.07491233662735097,0.3103448275862069,0.24566565094042236,0.062135922330097085,0.0,0.05277777777777778,0.2964824120603015,0.4675324675324675,0.0,0.0,0.05988909426987061,0.4749866615837393,5.9615384690280755e-31,0.0,0,-1.609437912
0.38048343777976723,0.6272945488751965,0.23671014411900315,0.33211678832116787,0.5842696629213483,0.75,0.7888888888888889,0.27765380937201145,0.1724137931034483,0.2376799411579279,0.2517799352750809,0.22532188841201717,0.7638888888888888,0.48743718592964824,0.38961038961038963,0.25,0.0,0.3234750462107209,0.183811353950308,0.011923076938392113,0.0,0,-1.609437912
0.33446732318710837,0.19041299911406917,0.05202439603307025,0.1894160583941606,0.8707865168539326,0.21666666666666667,0.09722222222222222,0.07268090532355755,0.1724137931034483,0.26394872333718605,0.16537216828478965,0.13868025751072963,0.12222222222222222,0.5175879396984925,0.37662337662337664,0.0,0.0,0.1789279112754159,0.6469230619441058,3.8846153896653843e-22,0.0,0,-1.609437912
0.3312444046553268,0.20863614220249027,0.04792775398466571,0.06934306569343066,0.898876404494382,0.25,0.058333333333333334,0.06758049091488684,0.11494252873563218,0.267100977198697,0.09061488673139159,0.1657725321888412,0.06111111111111111,0.6130653266331658,0.37662337662337664,0.0,0.0,0.05730129390018484,0.6066946686719888,7.769230779328165e-29,0.0,0,-1.609437912
0.3163831692032229,0.7386575933396465,0.10795488324679639,0.19708029197080293,0.6404494382022472,0.875,0.8333333333333334,0.13866751673573477,0.45977011494252873,0.2402017442471367,0.11035598705501617,0.06652360515021459,0.85,0.507537688442211,0.44155844155844154,0.25,0.0,0.2902033271719039,0.4655706820060604,7.384615394215384e-22,0.0,0,-1.609437912
0.1638316920322292,0.28945248848221283,0.07065171821427131,0.08759124087591241,0.12921348314606743,0.5333333333333333,0.9555555555555556,0.0953139942620338,0.25287356321839083,0.2992539665861091,0.1563106796116505,0.2846030042918455,0.9333333333333333,0.32160804020100503,0.38961038961038963,0.0,0.0,0.07578558225508318,0.41392750630780556,2.300000002989974e-27,0.0,0,-1.609437912
0.13840644583706357,0.09642535406046297,0.06851955815242208,0.07591240875912408,0.4943820224719101,0.2916666666666667,0.2361111111111111,0.09276378705769844,0.2413793103448276,0.25522748765367237,0.11100323624595469,0.10139484978540772,0.2611111111111111,0.31155778894472363,0.4675324675324675,0.25,0.0,0.09426987060998152,0.8354582024932794,2.8384615421512775e-28,0.0,0,-1.609437912
0.6397493285586391,0.22432781739491242,0.10515150841947216,0.17883211678832117,0.8707865168539326,0.2916666666666667,0.5055555555555555,0.1354797577303156,0.4482758620689655,0.3213197436166859,0.18349514563106797,0.3500536480686695,0.5027777777777778,0.5678391959798995,0.45454545454545453,0.0,0.0,0.16820702402957485,0.5710631376105195,1.5192307712057689e-22,0.0,0,-1.609437912
0.22381378692927484,0.13493462267240267,0.20684615873304774,0.21532846715328466,0.4943820224719101,0.3055555555555556,0.225,0.24641377111890342,0.2413793103448276,0.250919407376274,0.2543689320388349,0.21244635193133046,0.25277777777777777,0.4221105527638191,0.5454545454545454,0.25,0.5,0.34935304990757854,0.7619094095472994,3.161538465648461e-21,0.0,0,-1.609437912
0.22059086839749326,0.1596915891540429,0.3017578837889163,0.35766423357664234,0.6404494382022472,0.3194444444444444,0.14166666666666666,0.34427797258527254,0.41379310344827586,0.2502889566039718,0.35275080906148865,0.29506437768240346,1.0,0.44221105527638194,0.5454545454545454,0.0,0.5,0.34935304990757854,0.7119635188559333,0.03803846158603053,0.0,1,-1.609437912
0.43742166517457476,0.3325077375735003,0.057721604966057646,0.06934306569343066,0.702247191011236,0.48333333333333334,0.8722222222222222,0.07969397513547975,0.09195402298850575,0.25165493327729327,0.08608414239482201,0.0700107296137339,0.8333333333333334,0.4824120603015075,0.4805194805194805,0.0,0.0,0.32717190388170053,0.30402855020790764,7.769230779328165e-29,0.0,0,-1.609437912
0.5770814682184422,0.43584791305511267,0.02134096829147229,0.06423357664233577,0.5730337078651685,0.5555555555555556,0.9166666666666666,0.03283391775581766,0.25287356321839083,0.2584848166439004,0.059223300970873784,0.1032725321888412,0.9222222222222223,0.40703517587939697,0.6233766233766234,0.0,0.0,0.05212569316081331,0.06357006728631813,2.646153849591242e-29,0.0,0,-1.609437912
0.12748433303491494,0.4163854358650587,0.06454333990342552,0.06204379562043796,0.43258426966292135,0.6138888888888889,0.6805555555555556,0.08798214854956965,0.11494252873563218,0.24335399810864766,0.07249190938511327,0.0,0.6861111111111111,0.2914572864321608,0.45454545454545453,0.0,0.0,0.059149722735674676,0.100964745700809,1.6307692328866266e-29,0.0,0,-1.609437912
0.40196956132497763,0.3511305866712094,0.04818258237905997,0.08759124087591241,0.5224719101123596,0.48333333333333334,0.7333333333333333,0.06789926681542875,0.11494252873563218,0.25197015866344435,0.07605177993527508,0.060890557939914165,0.675,0.22110552763819097,0.42857142857142855,0.25,0.0,0.07578558225508318,0.2562349530982895,2.300000002989974e-27,0.0,0,-1.609437912
0.25998209489704566,0.7050616239388782,0.0474185940711172,0.03467153284671533,0.8932584269662921,0.6694444444444444,0.9472222222222222,0.066942939113803,0.2413793103448276,0.25323106020804875,0.07961165048543689,0.07188841201716738,0.925,0.3015075376884422,0.4935064935064935,0.0,0.0,0.133086876155268,0.38152970791452195,8.807692293103845e-33,0.0,0,-1.609437912
0.5034914950760968,0.6394102198421987,0.0757463246572334,0.09854014598540146,0.5393258426966292,0.75,0.7805555555555556,0.10137073637233025,0.26436781609195403,0.24314384785121362,0.08220064724919093,0.0,0.7361111111111112,0.21105527638190955,0.5974025974025974,0.0,0.0,0.12865064695009243,0.2137516737702421,1.334615386350382e-26,0.0,0,-1.609437912
0.1638316920322292,0.13468000048033812,0.034433236451517,0.032846715328467155,0.6404494382022472,0.3055555555555556,0.15,0.05036659228562321,0.28735632183908044,0.25585793842597454,0.06796116504854369,0.0882510729613734,0.14444444444444443,0.3015075376884422,0.4675324675324675,0.25,0.0,0.09426987060998152,0.7624119946857396,4.653846133857691e-33,0.0,0,-1.609437912
0.23401969561324976,0.20853463559012209,0.2810330341515629,0.5255474452554745,0.5280898876404494,0.375,0.19722222222222222,0.3232387631495059,0.367816091954023,0.23085005779132078,0.284789644012945,0.263412017167382,1.0,0.135678391959799,0.6103896103896104,0.25,1.0,0.5194085027726433,0.6069221789237462,0.5461538464760769,0.0,1,-1.609437912
0.10420769919427035,0.038645334183078986,0.034433236451517,0.04817518248175182,0.46629213483146065,0.24444444444444444,0.2722222222222222,0.05036659228562321,0.1839080459770115,0.24797730377219712,0.040129449838187704,0.0,0.2916666666666667,0.2663316582914573,0.6103896103896104,0.25,0.0,0.24214417744916822,0.9371617066036189,5.384615391355e-31,0.0,0,-1.609437912
0.23097582811101164,0.34418233391575953,0.10823569340650381,0.19708029197080293,0.8033707865168539,0.625,0.9361111111111111,0.1389862926362767,0.40229885057471265,0.2599558684459388,0.19611650485436893,0.1427038626609442,0.9027777777777778,0.22110552763819097,0.5974025974025974,0.0,0.0,0.1866913123844732,0.2740225437256968,7.384615394215384e-22,0.0,0,-1.609437912
0.1692032229185318,0.2512646855682109,0.0693181976044202,0.08941605839416059,0.9831460674157303,0.48333333333333334,0.9388888888888889,0.0937201147593242,0.16091954022988506,0.2771881895555322,0.127831715210356,0.21164163090128754,0.9416666666666667,0.23618090452261306,0.42857142857142855,0.25,0.0,0.07763401109057301,0.5077945056107788,3.119230773285743e-27,0.0,0,-1.609437912
0.5129811996418979,0.2966576841324231,0.21472539004774643,0.3759124087591241,0.3539325842696629,0.41944444444444445,0.3638888888888889,0.25470194453299333,0.3563218390804598,0.25459703688137014,0.2750809061488673,0.22371244635193133,0.31666666666666665,0.271356783919598,0.38961038961038963,0.0,0.5,0.3678373382624769,0.3957548831851812,0.06923076931453845,0.0,0,-1.609437912
0.18263205013428827,0.1152970783745191,0.08169682562307205,0.1302919708029197,0.651685393258427,0.2722222222222222,0.18611111111111112,0.10838380618425247,0.19540229885057472,0.25911526741620255,0.14660194174757282,0.1298283261802575,0.18611111111111112,0.19095477386934673,0.4805194805194805,0.0,0.0,0.11903881700554529,0.8000261080864801,9.769230781930769e-25,0.0,0,-1.609437912
0.13196060877350044,0.7184997125565344,0.07386443400988489,0.10583941605839416,0.8314606741573034,0.8611111111111112,0.9333333333333333,0.09913930506853681,0.09195402298850575,0.2553325627823894,0.12491909385113269,0.10541845493562232,0.9333333333333333,0.31155778894472363,0.45454545454545453,0.0,0.0,0.09685767097966728,0.4154969677160935,3.92307692817692e-26,0.0,0,-1.609437912
0.5514771709937332,0.15358406813365183,0.07709397165372055,0.10948905109489052,0.3146067415730337,0.25,0.37222222222222223,0.10296461587503984,0.3333333333333333,0.25102448250499104,0.10711974110032363,0.08771459227467811,0.31666666666666665,0.6381909547738693,0.5064935064935064,0.0,0.0,0.09796672828096119,0.724485940292531,6.615384623984611e-26,0.0,0,-1.609437912
0.26624888093106536,0.3159107377968362,0.1500652893045379,0.08759124087591241,0.6573033707865169,0.48333333333333334,0.7444444444444445,0.1855275741153969,0.26436781609195403,0.25302090995061466,0.19741100323624594,0.16604077253218885,0.7527777777777778,0.41708542713567837,0.5194805194805194,0.0,0.0,0.1966728280961183,0.3466836171209331,2.300000002989974e-27,0.0,0,-1.609437912
0.10510295434198745,0.2772613595978949,0.06613038768021248,0.17883211678832117,0.34831460674157305,0.48333333333333334,0.11666666666666667,0.08989480395282116,0.27586206896551724,0.27288010927813383,0.11747572815533981,0.1958154506437768,0.11666666666666667,0.20603015075376885,0.5714285714285714,0.0,0.0,0.16820702402957485,0.4443721405692821,1.5192307712057689e-22,0.0,0,-1.609437912
0.28701880035810207,0.870511534505833,0.055123061564169004,0.10255474452554744,0.7752808988764045,0.12777777777777777,0.06111111111111111,0.07650621613006056,0.3563218390804598,0.25228538404959544,0.08576051779935275,0.07081545064377683,0.12222222222222222,0.09547738693467336,0.5844155844155844,0.0,0.0,0.09094269870609982,0.7581888601708909,2.438461541631536e-26,0.0,0,-1.609437912
0.08809310653536256,0.42314965332780324,0.07038477037782975,0.15437956204379563,0.33707865168539325,0.6944444444444444,0.6833333333333333,0.09499521836149187,0.2413793103448276,0.2526006094357465,0.10550161812297734,0.0890557939914163,0.6583333333333333,0.22110552763819097,0.4675324675324675,0.5,0.0,0.1434380776340111,0.08727126161609468,1.4269230787780768e-23,0.0,0,-1.609437912
0.21486123545210384,0.10377812609984952,0.07844443817316546,0.15437956204379563,0.38202247191011235,0.2638888888888889,0.32222222222222224,0.10455849537774944,0.3103448275862069,0.30597877482399916,0.14854368932038836,0.3049892703862661,0.325,0.5175879396984925,0.6883116883116883,0.25,0.0,0.17818853974121995,0.8217896519387091,1.4269230787780768e-23,0.0,0,-1.609437912
0.25729632945389436,0.06497501378464864,0.12266611419978733,0.1678832116788321,0.38202247191011235,0.20277777777777778,0.29444444444444445,0.15524386356391456,0.4367816091954023,0.24913313018808447,0.14919093851132686,0.13358369098712447,0.33611111111111114,0.6984924623115578,0.6883116883116883,0.25,0.0,0.21256931608133087,0.8920329666932074,5.461538468638461e-23,0.0,0,-1.609437912
0.19999999999999998,0.9825350401515867,0.09873719535637014,0.13394160583941606,0.5561797752808989,0.16944444444444445,0.2222222222222222,0.12814791201785145,0.3103448275862069,0.24818745402963116,0.11877022653721683,0.10300429184549356,0.15,0.1457286432160804,0.45454545454545453,0.0,0.0,0.12273567467652495,0.9601356615622485,1.5076923096523077e-24,0.0,0,-1.609437912
0.25013428827215756,0.1349629038535705,0.2617143101132378,0.22481751824817517,0.7696629213483146,0.19166666666666668,0.075,0.3034746573159069,0.8045977011494253,0.2425133970789114,0.29255663430420714,0.25590128755364805,1.0,0.25125628140703515,0.5324675324675324,0.0,0.0,0.21478743068391867,0.7618535731430343,2.065384618069615e-16,0.0,1,-1.609437912
0.2984780662488809,0.7620775346444725,0.06719098102612577,0.07664233576642336,0.20786516853932585,0.9055555555555556,0.25,0.09116990755498884,0.47126436781609193,0.2276978039298098,0.07993527508090614,0.0,0.24722222222222223,0.6884422110552764,0.4935064935064935,0.0,0.0,0.06469500924214418,0.5221465873667273,3.2576923119270475e-28,0.0,0,-1.609437912
0.1142345568487019,0.5745944505351965,0.06007250407947597,0.0718978102189781,0.5449438202247191,0.7638888888888888,0.7611111111111111,0.08256295824035703,0.20689655172413793,0.25880004203005147,0.10550161812297734,0.12392703862660945,0.7722222222222223,0.2914572864321608,0.42857142857142855,0.5,0.0,0.08724584103512015,0.06912119711594944,1.3000000016897395e-28,0.0,0,-1.609437912
0.5009847806624887,0.31964428427707553,0.09734912903115558,0.08759124087591241,0.7752808988764045,0.48333333333333334,0.11388888888888889,0.12655403251514186,0.1724137931034483,0.2633182725648839,0.2,0.1515557939914163,0.13333333333333333,0.47738693467336685,0.2987012987012987,0.25,0.0,0.12199630314232902,0.33710459607612603,2.300000002989974e-27,0.0,0,-1.609437912
0.6852282900626679,0.6789315799328705,0.0838737196493177,0.11496350364963503,0.3651685393258427,0.7638888888888888,0.7194444444444444,0.11093401338858783,0.42528735632183906,0.24997373121782074,0.11197411003236246,0.08798283261802575,0.7055555555555556,0.18090452261306533,0.4025974025974026,0.0,0.0,0.10351201478743069,0.3146076850279508,1.4000000018199995e-25,0.0,0,-1.609437912
0.6338406445837064,0.6810390649681535,0.050739812438897275,0.06313868613138686,0.46629213483146065,0.7777777777777778,0.725,0.07108702582084794,0.27586206896551724,0.2599558684459388,0.10614886731391586,0.11990343347639484,0.7416666666666667,0.135678391959799,0.4025974025974026,0.0,0.0,0.10351201478743069,0.3200288334578797,2.080769233471627e-29,0.0,0,-1.609437912
0.20769919427036707,0.17544259977659654,0.03639692217818197,0.08832116788321168,0.29213483146067415,0.33055555555555555,0.9277777777777778,0.05291679948995856,0.26436781609195403,0.22748765367237575,0.04336569579288026,0.0,0.9416666666666667,0.5527638190954773,0.44155844155844154,0.0,0.0,0.08650646950092422,0.6790485164275998,2.6000000033799737e-27,0.0,0,-1.609437912
0.15004476275738587,0.5455713290335314,0.05382930486744825,0.10036496350364964,0.48314606741573035,0.7277777777777777,0.75,0.07491233662735097,0.26436781609195403,0.2566985394557108,0.10453074433656957,0.10032188841201717,0.7472222222222222,0.4321608040201005,0.4025974025974026,0.25,0.0,0.3345656192236599,0.025214006994515436,1.7615384638284587e-26,0.0,0,-1.609437912
0.18836168307967768,0.6147435039397948,0.029825522472391532,0.05401459854014599,0.5786516853932584,0.7777777777777778,0.8416666666666667,0.044309850175326744,0.39080459770114945,0.25743406535673,0.06504854368932039,0.09817596566523605,0.7944444444444444,0.2914572864321608,0.38961038961038963,0.25,0.0,0.09426987060998152,0.15378180189928387,2.457692310861269e-30,0.0,0,-1.609437912
0.3321396598030439,0.5333680871226177,0.05408775690086123,0.10583941605839416,0.550561797752809,0.6527777777777778,0.7527777777777778,0.07523111252789288,0.04597701149425287,0.2579594410003152,0.1,0.1134656652360515,0.8055555555555556,0.25125628140703515,0.38961038961038963,0.0,0.0,0.28650646950092423,0.012723813702287432,3.92307692817692e-26,0.0,0,-1.609437912
0.06893464637421665,0.7250148535659448,0.06269772118795783,0.08357664233576642,0.38202247191011235,0.9305555555555556,0.6527777777777778,0.08575071724577622,0.16091954022988506,0.25480718713880424,0.1022653721682848,0.0971030042918455,0.6472222222222223,0.18090452261306533,0.4675324675324675,0.25,0.0,0.10536044362292052,0.4318067977044874,1.1500000014949739e-27,0.0,0,-1.609437912
0.31656222023276637,0.2889253022289699,0.12209631952697043,0.0927007299270073,0.8932584269662921,0.5333333333333333,0.9916666666666667,0.15460631176283074,0.1839080459770115,0.24829252915834818,0.14789644012944983,0.12687768240343347,0.9555555555555556,0.45226130653266333,0.5194805194805194,0.0,0.0,0.08096118299445472,0.4152522162673702,5.34615385310382e-27,0.0,0,-1.609437912
0.26732318710832587,0.717538533043434,0.23425581241863833,0.16605839416058393,0.8595505617977528,0.8055555555555556,0.9305555555555556,0.2751036021676761,0.19540229885057472,0.24303877272249655,0.27249190938511325,0.21995708154506438,0.9666666666666667,0.1708542713567839,0.4935064935064935,0.0,0.0,0.15526802218114602,0.4130814338093844,4.576923082873077e-23,0.0,0,-1.609437912
0.1593554162936437,0.6661644278469295,0.033212848823477636,0.020437956204379562,0.7584269662921348,0.7888888888888889,0.9083333333333333,0.04877271278291361,0.3333333333333333,0.2559630135546916,0.0970873786407767,0.07832618025751073,0.8555555555555555,0.5175879396984925,0.42857142857142855,0.0,0.0,0.13123844731977818,0.28177265803252793,2.853843553709996e-35,0.0,0,-1.609437912
0.2984780662488809,0.26342243473853466,0.24378190475640044,0.26277372262773724,0.6404494382022472,0.4166666666666667,0.1638888888888889,0.2849856550844756,0.4367816091954023,0.24345907323736468,0.2757281553398058,0.23524678111587982,1.0,0.8793969849246231,0.5194805194805194,0.25,0.0,0.25693160813308685,0.47840577692657976,2.773076926681913e-06,0.9003468933168649,1,-1.609437912
0.18209489704565798,0.1424613321824948,0.034922897156724676,0.04854014598540146,0.4101123595505618,0.3194444444444444,0.3055555555555556,0.051004144086707046,0.22988505747126436,0.2389408427025323,0.04174757281553398,0.0,0.2861111111111111,0.3969849246231156,0.4155844155844156,0.0,0.0,0.03622920517560074,0.7469518236081268,5.9615384690280755e-31,0.0,0,-1.609437912
0.42256042972247093,0.2415343475363406,0.06905186094341648,0.0905109489051095,0.42134831460674155,0.37222222222222223,0.3388888888888889,0.09340133885878228,0.19540229885057472,0.25428181149521906,0.11294498381877023,0.10917381974248927,0.325,0.3015075376884422,0.3116883116883117,0.0,0.0,0.07874306839186691,0.530949305097905,3.738461543321512e-27,0.0,0,-1.609437912
0.4291853178155774,0.11651870878046623,0.034433236451517,0.059124087591240874,0.5674157303370787,0.24444444444444444,0.21666666666666667,0.05036659228562321,0.14942528735632185,0.25407166123778496,0.062459546925566344,0.07215665236051502,0.2388888888888889,0.271356783919598,0.2727272727272727,0.0,0.0,0.046950092421441776,0.7976925420865052,8.384615395489346e-30,0.0,0,-1.609437912
0.4141450313339302,0.2882630728891815,0.06269772118795783,0.13795620437956205,0.4887640449438202,0.41944444444444445,0.23333333333333334,0.08575071724577622,0.13793103448275862,0.24566565094042236,0.07411003236245954,0.0,0.2,0.40703517587939697,0.3116883116883117,0.0,0.0,0.1268022181146026,0.4169152649848884,2.396153849268846e-24,0.0,0,-1.609437912
0.23008057296329454,0.6948877084202677,0.15972474053217092,0.14416058394160583,0.7808988764044944,0.8111111111111111,0.8888888888888888,0.1960471788332802,0.13793103448275862,0.24535042555427128,0.19223300970873786,0.14967811158798283,0.8722222222222222,0.17587939698492464,0.4155844155844156,0.25,0.0,0.133086876155268,0.3555742265511261,4.8076923139423076e-24,0.0,0,-1.609437912
0.08415398388540735,0.6024777070620781,0.24193489251527744,0.15437956204379563,0.37640449438202245,0.7888888888888889,0.6888888888888889,0.2830729996812241,0.2413793103448276,0.2487128296732163,0.284789644012945,0.2416845493562232,0.6777777777777778,0.46733668341708545,0.4025974025974026,0.0,0.0,0.18484288354898337,0.12576221538267657,1.4269230787780768e-23,0.0,0,-1.609437912
0.4923903312444047,0.0893361214013494,0.06007250407947597,0.09379562043795621,0.5617977528089888,0.20833333333333334,0.6916666666666667,0.08256295824035703,0.41379310344827586,0.2576442156141641,0.11262135922330097,0.11051502145922747,0.6694444444444444,0.19095477386934673,0.4935064935064935,0.0,0.0,0.20517560073937152,0.8484751685710815,6.34615385440382e-27,0.0,0,-1.609437912
0.367591763652641,0.3264132942926435,0.13470092505868458,0.10583941605839416,0.3089887640449438,0.48055555555555557,0.2,0.16863245138667518,0.39080459770114945,0.26825680361458437,0.20323624595469256,0.20493562231759657,0.3638888888888889,0.36683417085427134,0.36363636363636365,0.0,0.0,0.09426987060998152,0.31970790921658687,3.92307692817692e-26,0.0,0,-1.609437912
0.4637421665174575,0.6680140336500912,0.21017567724742278,0.2821167883211679,0.7865168539325843,0.7083333333333334,0.8916666666666667,0.2499203060248645,0.3103448275862069,0.2618472207628454,0.29579288025889966,0.22854077253218885,0.8722222222222222,0.38190954773869346,0.5324675324675324,0.0,0.0,0.27282809611829945,0.28652490373679573,0.00012230769246667286,0.0,0,-1.609437912
0.5514771709937332,0.18824146379558918,0.05746110021287339,0.060218978102189784,0.8426966292134831,0.2222222222222222,0.07777777777777778,0.07937519923493784,0.21839080459770116,0.2500788063465378,0.07766990291262135,0.05659871244635193,0.09722222222222222,0.40703517587939697,0.37662337662337664,0.25,0.5,0.4410351201478743,0.6516343990631972,1.0807692321716266e-29,0.0,0,-1.609437912
0.38227394807520143,0.07352926078235535,0.1258054389562063,0.14890510948905109,0.4101123595505618,0.20277777777777778,0.37777777777777777,0.15875039846987568,0.06896551724137931,0.2520752337921614,0.1686084142394822,0.14028969957081544,0.38055555555555554,0.1507537688442211,0.3246753246753247,0.0,0.0,0.1378927911275416,0.8769411322058184,8.038461548911537e-24,0.0,0,-1.609437912
0.5111906893464637,0.3631126448395137,0.12694927516032575,0.12408759124087591,0.5674157303370787,0.48333333333333334,0.8305555555555556,0.16002550207204336,0.022988505747126436,0.23988651886098558,0.13592233009708737,0.09093347639484979,0.7611111111111111,0.4120603015075377,0.4805194805194805,0.0,0.0,0.12088724584103512,0.22581664781793204,4.5769230828730765e-25,0.0,0,-1.609437912
0.08325872873769025,0.2646698874302064,0.08961975310832575,0.10218978102189781,0.2303370786516854,0.48333333333333334,0.3972222222222222,0.11762830729996812,0.12643678160919541,0.24976358096038664,0.1203883495145631,0.09388412017167382,0.4027777777777778,0.0,0.33766233766233766,0.0,0.0,0.10757855822550831,0.47536260242988804,2.3115384645434588e-26,0.0,0,-1.609437912
0.27985675917636527,0.5781679726204445,0.11076679658228508,0.16642335766423358,0.5955056179775281,0.7083333333333334,0.8361111111111111,0.14185527574115397,0.08045977011494253,0.2405169696332878,0.12491909385113269,0.05150214592274678,0.7916666666666666,0.5025125628140703,0.15584415584415584,0.0,0.0,0.16377079482439927,0.07570616863146372,4.769230775430769e-23,0.0,0,-1.609437912
0.3025962399283796,0.5456186942220658,0.05564160397318963,0.08686131386861314,0.5674157303370787,0.6694444444444444,0.8194444444444444,0.0771437679311444,0.16091954022988506,0.22895870547441421,0.062135922330097085,0.0,0.8083333333333333,0.5025125628140703,0.14285714285714285,0.25,0.0,0.16377079482439927,0.02526998401924843,2.0307692334092045e-27,0.0,0,-1.609437912
0.25908683974932856,0.6444898703517147,0.07493910686518368,0.010948905109489052,0.651685393258427,0.7777777777777778,0.8416666666666667,0.10041440867070449,0.09195402298850575,0.25070925711883996,0.10647249190938511,0.08074034334763948,0.8027777777777778,0.38190954773869346,0.22077922077922077,0.25,0.0,0.13086876155268024,0.22650969799953272,1.5728165405061997e-37,0.0,0,-1.609437912
0.3285586392121755,0.17185503696805665,0.05305485596599,0.11058394160583941,0.4101123595505618,0.31666666666666665,0.30833333333333335,0.07395600892572521,0.1724137931034483,0.25659346432699376,0.09902912621359224,0.10246781115879829,0.31666666666666665,0.36180904522613067,0.4155844155844156,0.25,0.0,0.09907578558225508,0.6866247610244558,7.692307702307687e-26,0.0,0,-1.609437912
0.3684870188003581,0.33665322200625397,0.10599161322018964,0.1897810218978102,0.449438202247191,0.475,0.425,0.13643608543194136,0.45977011494252873,0.2566985394557108,0.16990291262135923,0.13492489270386265,1.0,0.3165829145728643,0.3116883116883117,0.25,0.0,0.20517560073937152,0.29336447401031474,4.0000000051999993e-22,0.0,1,-1.609437912
0.1659803043867502,0.6254288613481677,0.03296942611677567,0.06569343065693431,0.6685393258426966,0.7694444444444445,0.8694444444444445,0.04845393688237169,0.3448275862068966,0.2582746663864663,0.1436893203883495,0.09629828326180258,0.8111111111111111,0.4321608040201005,0.37662337662337664,0.25,0.0,0.20702402957486138,0.17927567348458845,3.6230769277843186e-29,0.0,0,-1.609437912
0.08361683079677706,0.7188685102767473,0.12752164107591868,0.12481751824817518,0.4101123595505618,0.9194444444444444,0.6972222222222222,0.16066305387312718,0.26436781609195403,0.244404749395818,0.1394822006472492,0.12151287553648069,0.7194444444444444,0.46733668341708545,0.36363636363636365,0.0,0.0,0.12384473197781885,0.4164231712105372,5.000000006499999e-25,0.0,0,-1.609437912
0.2936436884512086,0.09572007185453647,0.062171595645669826,0.12408759124087591,0.5337078651685393,0.25,0.24166666666666667,0.08511316544469238,0.22988505747126436,0.2570137648418619,0.129126213592233,0.10219957081545064,0.18333333333333332,0.4723618090452261,0.44155844155844154,0.25,0.0,0.11275415896487985,0.8367602784369488,4.5769230828730765e-25,0.0,0,-1.609437912
0.3187108325872874,0.8900891986815564,0.3796585103530503,0.48905109489051096,0.550561797752809,0.027777777777777776,0.5277777777777778,0.4220592923175008,0.45977011494252873,0.2273825785436587,0.4229773462783172,0.32457081545064376,1.0,0.542713567839196,0.5974025974025974,0.0,0.5,0.4824399260628466,0.796315507573362,0.42307692339423064,0.8358958968616512,1,-1.609437912
0.4279319606087735,0.11280827376867336,0.19809712802450907,0.2664233576642336,0.39325842696629215,0.2361111111111111,0.28888888888888886,0.23716927000318777,0.13793103448275862,0.18199012293790057,0.1080906148867314,0.0,0.2722222222222222,0.2864321608040201,0.37662337662337664,0.25,0.0,0.25693160813308685,0.8047650329036773,6.692307701007634e-06,0.0,0,-1.609437912
0.5461056401074306,0.6715628761264644,0.03862172892659765,0.05802919708029197,0.5112359550561798,0.7777777777777778,0.7611111111111111,0.05578578259483583,0.13793103448275862,0.2511295576337081,0.062459546925566344,0.034066523605150216,0.7472222222222222,0.36180904522613067,0.3246753246753247,0.0,0.0,0.21256931608133087,0.29564966358137307,6.500000008423961e-30,0.0,0,-1.609437912
0.35129811996418975,0.33528687283871406,0.07709397165372055,0.10291970802919707,0.6797752808988764,0.49444444444444446,0.008333333333333333,0.10296461587503984,0.12643678160919541,0.2721445833771146,0.15080906148867315,0.19179184549356224,0.016666666666666666,0.1708542713567839,0.38961038961038963,0.25,0.0,0.09131238447319778,0.2968787468372684,2.5769230802730742e-26,0.0,0,-1.609437912
0.22023276633840644,0.909024125696626,0.08115367171288639,0.10145985401459855,0.702247191011236,0.16666666666666666,0.15555555555555556,0.10774625438316864,0.11494252873563218,0.2618472207628454,0.14563106796116504,0.1459227467811159,0.1388888888888889,0.4472361809045226,0.4155844155844156,0.0,0.0,0.18262476894639557,0.8319832245319111,2.0730769257719205e-26,0.0,0,-1.609437912
0.5017009847806626,0.6853147923092244,0.0909944232456885,0.15401459854014599,0.29213483146067415,0.7777777777777778,0.6333333333333333,0.11922218680267772,0.20689655172413793,0.250814332247557,0.12394822006472492,0.10085836909871244,0.6333333333333333,0.36180904522613067,0.33766233766233766,0.0,0.0,0.1430683918669131,0.33102101022254476,1.3769230787130767e-23,0.0,0,-1.609437912
0.4404655326768129,0.650409947324967,0.0920959320477373,0.14233576642335766,0.6629213483146067,0.75,0.8055555555555556,0.1204972904048454,0.3448275862068966,0.23389723652411473,0.1,0.0,0.85,0.20603015075376885,0.3246753246753247,0.0,0.0,0.13123844731977818,0.24149368505707614,3.923076928176923e-24,0.0,0,-1.609437912
0.1414503133393017,0.29077916816727695,0.03272622452821461,0.08759124087591241,0.39325842696629215,0.48333333333333334,0.6972222222222222,0.048135160981829773,0.034482758620689655,0.2521803089208784,0.05631067961165048,0.046137339055793994,0.7027777777777777,0.22613065326633167,0.3246753246753247,0.0,0.0,0.07578558225508318,0.41059076066185984,2.300000002989974e-27,0.0,0,-1.609437912
0.4914950760966876,0.11273618251015395,0.06190873415937828,0.09416058394160584,0.6179775280898876,0.2222222222222222,0.18888888888888888,0.08479438954415046,0.2988505747126437,0.2523904591783125,0.09579288025889968,0.07913090128755365,0.17777777777777778,0.20100502512562815,0.42857142857142855,0.25,0.0,0.17929759704251386,0.8049019985323619,6.730769239519204e-27,0.0,0,-1.609437912
0.3222918531781558,0.3164386198895392,0.05564160397318963,0.03759124087591241,0.7134831460674157,0.48333333333333334,0.12777777777777777,0.0771437679311444,0.1839080459770115,0.26867710412945256,0.11553398058252427,0.17033261802575106,0.15833333333333333,0.45226130653266333,0.4025974025974026,0.0,0.0,0.188909426987061,0.3453301539210174,2.330769231195384e-32,0.0,0,-1.609437912
0.3450313339301701,0.5747391774607917,0.10795488324679639,0.19635036496350364,0.3539325842696629,0.6472222222222223,0.7333333333333333,0.13866751673573477,0.14942528735632185,0.27865924135757064,0.22944983818770226,0.21620171673819744,0.7277777777777777,0.2562814070351759,0.4025974025974026,0.0,0.0,0.18595194085027728,0.06938346476618695,6.961538470588459e-22,0.0,0,-1.609437912
0.1606087735004476,0.29896078042038354,0.08251236233623269,0.16058394160583941,0.5056179775280899,0.48333333333333334,0.3972222222222222,0.10934013388587822,0.05747126436781609,0.26132184511926027,0.13980582524271845,0.14645922746781115,0.4305555555555556,0.3869346733668342,0.38961038961038963,0.25,0.0,0.17005545286506468,0.3899211265617128,2.68076923425423e-23,0.0,0,-1.609437912
0.37726051924798565,0.63060719060706,0.06375156972013298,0.08029197080291971,0.38202247191011235,0.75,0.6916666666666667,0.0870258208479439,0.1724137931034483,0.2562782389408427,0.10161812297734628,0.11131974248927039,0.7277777777777777,0.1658291457286432,0.3116883116883117,0.0,0.0,0.06839186691312385,0.19191822874869915,6.384615392915123e-28,0.0,0,-1.609437912
0.22059086839749326,0.9624663801211847,0.03127172953757918,0.09781021897810219,0.5955056179775281,0.16111111111111112,0.20833333333333334,0.04622250557857826,0.05747126436781609,0.24324892297993064,0.035275080906148865,0.0,0.20833333333333334,0.1658291457286432,0.36363636363636365,0.0,0.0,0.08613678373382624,0.926683605325165,1.1923076938576896e-26,0.0,0,-1.609437912
0.21038495971351837,0.4314741459112344,0.0401137913891141,0.14014598540145987,0.38764044943820225,0.6222222222222222,0.675,0.05769843799808735,0.13793103448275862,0.2646842492382053,0.16116504854368932,0.14189914163090128,0.6444444444444445,0.18592964824120603,0.4155844155844156,0.0,0.0,0.12902033271719038,0.07141531242351759,3.0730769270719225e-24,0.0,0,-1.609437912
0.43652641002685766,0.9186178321765586,0.08907058080466729,0.12481751824817518,0.3089887640449438,0.10833333333333334,0.2972222222222222,0.11699075549888428,0.42528735632183906,0.24682147735630974,0.1087378640776699,0.07349785407725322,0.36944444444444446,0.4824120603015075,0.4025974025974026,0.0,0.0,0.11349353049907579,0.8496177456443513,5.000000006499999e-25,0.0,0,-1.609437912
0.29776186213070727,0.10057662762126549,0.10291508327636387,0.13175182481751824,0.5,0.25555555555555554,0.2388888888888889,0.13292955052598024,0.05747126436781609,0.26111169486182617,0.1546925566343042,0.16389484978540772,0.2388888888888889,0.8492462311557789,0.4025974025974026,0.0,0.0,0.12051756007393716,0.8277622987606678,1.1615384630484615e-24,0.0,0,-1.609437912
0.3414503133393017,0.6779302636048568,0.04186316996778855,0.04854014598540146,0.6235955056179775,0.8055555555555556,0.8305555555555556,0.05992986930188078,0.1839080459770115,0.26310812230744984,0.08705501618122978,0.14028969957081544,0.8277777777777777,0.23115577889447236,0.37662337662337664,0.0,0.0,0.07911275415896488,0.3120315425863714,5.9615384690280755e-31,0.0,0,-1.609437912
0.43384064458370636,0.6401104977698393,0.062171595645669826,0.11167883211678832,0.6404494382022472,0.7444444444444445,0.8222222222222222,0.08511316544469238,0.13793103448275862,0.2489229799306504,0.08932038834951456,0.0407725321888412,0.8361111111111111,0.27638190954773867,0.37662337662337664,0.0,0.0,0.10018484288354898,0.21550430619687214,8.961538473188457e-26,0.0,0,-1.609437912
0.1525514771709937,0.5654304669749731,0.04920353591257418,0.08065693430656934,0.4438202247191011,0.7416666666666667,0.7638888888888888,0.06917437041759643,0.08045977011494253,0.23694441525690868,0.0,0.0,0.7555555555555555,0.39195979899497485,0.37662337662337664,0.0,0.0,0.06876155268022181,0.0533205101455306,6.8461538550535845e-28,0.0,0,-1.609437912
0.4168307967770815,0.594428154718051,0.05798225231897214,0.14963503649635038,0.3146067415730337,0.6333333333333333,0.6361111111111111,0.08001275103602168,0.14942528735632185,0.23631396448460648,0.05631067961165048,0.0,0.65,0.08040201005025126,0.3116883116883117,0.0,0.0,0.13863216266173753,0.10827789619187374,8.692307703607692e-24,0.0,0,-1.609437912
0.452461951656222,0.7071521200255383,0.11613231236327556,0.16423357664233576,0.6292134831460674,0.8194444444444444,0.002777777777777778,0.14791201785145042,0.40229885057471265,0.2492382053168015,0.14789644012944983,0.12097639484978541,0.9833333333333333,0.18592964824120603,0.33766233766233766,0.0,0.0,0.1534195933456562,0.38683979211111547,3.846153851153846e-23,0.0,0,-1.609437912
0.36562220232766335,0.6218973549605987,0.0779039158046205,0.03978102189781022,0.42696629213483145,0.75,0.18611111111111112,0.1039209435766656,0.19540229885057472,0.266890826941263,0.13559870550161812,0.17408798283261803,0.18055555555555555,0.36180904522613067,0.33766233766233766,0.0,0.0,0.1430683918669131,0.17075463340543984,4.6923076958038457e-32,0.0,0,-1.609437912
0.2802148612354521,0.7319425997649743,0.05798225231897214,0.12846715328467154,0.5168539325842697,0.8777777777777778,0.7388888888888889,0.08001275103602168,0.19540229885057472,0.25354628559419984,0.09611650485436893,0.08342274678111589,0.7305555555555555,0.12562814070351758,0.33766233766233766,0.0,0.0,0.11719038817005545,0.44902091389060755,7.846153856353846e-25,0.0,0,-1.609437912
0.5518352730528201,0.14199259684075896,0.0909944232456885,0.1437956204379562,0.4943820224719101,0.25833333333333336,0.20833333333333334,0.11922218680267772,0.25287356321839083,0.23547336345487022,0.09967637540453074,0.0,0.20833333333333334,0.1407035175879397,0.4025974025974026,0.0,0.0,0.13271719038817006,0.7478890592649455,4.615384621384615e-24,0.0,0,-1.609437912
0.12085944494180842,0.39702780629192597,0.11076679658228508,0.20437956204379562,0.6966292134831461,0.6638888888888889,0.8555555555555555,0.14185527574115397,0.022988505747126436,0.2589051171587685,0.18576051779935276,0.14458154506437768,0.8472222222222222,0.06532663316582915,0.3246753246753247,0.0,0.0,0.19408502772643252,0.14345888423955439,1.3423076940526921e-21,0.0,0,-1.609437912
0.47681289167412705,0.23765826035394194,0.14018693977650648,0.17883211678832117,0.4887640449438202,0.3611111111111111,0.26666666666666666,0.17468919349697162,0.09195402298850575,0.26300304717873274,0.22750809061488672,0.18106223175965666,0.26944444444444443,0.2663316582914573,0.3246753246753247,0.0,0.0,0.16820702402957485,0.5400794526981735,1.5192307712057689e-22,0.0,0,-1.609437912
0.19928379588182635,0.052119211235575315,0.053312853829298845,0.06605839416058394,0.5,0.23055555555555557,0.25833333333333336,0.07427478482626713,0.1724137931034483,0.2578543658715982,0.12168284789644013,0.10300429184549356,0.24722222222222223,0.06532663316582915,0.2597402597402597,0.0,0.0,0.13086876155268024,0.9143127462090616,3.923076928174319e-29,0.0,0,-1.609437912
0.1713518352730528,0.3019776511491508,0.07305965450397617,0.1478102189781022,0.5224719101123596,0.48333333333333334,0.23055555555555557,0.09818297736691106,0.20689655172413793,0.27130398234737835,0.14854368932038836,0.1861587982832618,0.2388888888888889,0.06532663316582915,0.35064935064935066,0.0,0.0,0.1367837338262477,0.3822625549474245,7.153846163146153e-24,0.0,0,-1.609437912
0.19033124440465535,0.6762173296633944,0.03127172953757918,0.1470802919708029,0.5112359550561798,0.8444444444444444,0.8055555555555556,0.04622250557857826,0.05747126436781609,0.2142481874540296,0.01262135922330097,0.0,0.8111111111111111,0.12562814070351758,0.3116883116883117,0.0,0.0,0.13604436229205175,0.3076242556224095,6.615384623984615e-24,0.0,0,-1.609437912
0.1450313339301701,0.5650361142267222,0.11840021863049063,0.19598540145985402,0.5224719101123596,0.7472222222222222,0.7638888888888888,0.15046222505578577,0.08045977011494253,0.2467164022275927,0.14433656957928803,0.11319742489270386,0.7527777777777778,0.33668341708542715,0.16883116883116883,0.0,0.0,0.1855822550831793,0.0526776994650265,6.730769239519229e-22,0.0,0,-1.609437912
0.2760966875559534,0.3262412771483543,0.020880302275665664,0.06240875912408759,0.5674157303370787,0.48333333333333334,0.825,0.032196365954733824,0.12643678160919541,0.27130398234737835,0.07313915857605179,0.17757510729613735,0.8166666666666667,0.1407035175879397,0.2077922077922078,0.0,0.0,0.05027726432532347,0.3201503319757728,1.769230771528165e-29,0.0,0,-1.609437912
0.38800358102059085,0.5467882419217736,0.09818169143576297,0.1467153284671533,0.4101123595505618,0.6416666666666667,0.6888888888888889,0.12751036021676762,0.25287356321839083,0.2586949669013344,0.14627831715210357,0.14914163090128754,0.6972222222222222,0.2814070351758794,0.2727272727272727,0.25,0.0,0.1356746765249538,0.02666992696559703,6.3461538544038455e-24,0.0,0,-1.609437912
0.37600716204118173,0.6429449660630561,0.21502908807423113,0.14233576642335766,0.38202247191011235,0.7638888888888888,0.6861111111111111,0.25502072043353524,0.26436781609195403,0.2598507933172218,0.286084142394822,0.23471030042918456,0.7194444444444444,0.18090452261306533,0.2857142857142857,0.5,0.0,0.1430683918669131,0.22261889796773174,3.923076928176923e-24,0.0,0,-1.609437912
0.40232766338406445,0.2441005433122555,0.10767415845800116,0.17518248175182483,0.5842696629213483,0.37777777777777777,0.18333333333333332,0.13834874083519286,0.19540229885057472,0.2579594410003152,0.16957928802588998,0.1427038626609442,0.19166666666666668,0.19095477386934673,0.24675324675324675,0.25,0.0,0.1645101663585952,0.5248750664943374,1.0884615398765384e-22,0.0,0,-1.609437912
0.40376007162041183,0.7276714977564157,0.03030665244688621,0.058394160583941604,0.39325842696629215,0.85,0.6944444444444444,0.04494740197641058,0.13793103448275862,0.2538615109803509,0.06666666666666667,0.06142703862660944,0.6805555555555556,0.06030150753768844,0.3116883116883117,0.0,0.0,0.04621072088724584,0.43842426942644075,7.076923086097038e-30,0.0,0,-1.609437912
0.8155774395702775,0.6794183065529424,0.02412996177265933,0.07846715328467153,0.6123595505617978,0.7555555555555555,0.8194444444444444,0.036659228562320685,0.11494252873563218,0.25911526741620255,0.05825242718446602,0.10890557939914162,0.8138888888888889,0.135678391959799,0.3246753246753247,0.0,0.0,0.066543438077634,0.3158598307903185,4.576923082872816e-28,0.0,0,-1.609437912
0.23670546105640106,0.6013717008127849,0.03862172892659765,0.11897810218978103,0.6853932584269663,0.6805555555555556,0.8583333333333333,0.05578578259483583,0.06896551724137931,0.26541977513922455,0.09158576051779935,0.15075107296137338,0.875,0.08040201005025126,0.2857142857142857,0.0,0.0,0.10757855822550831,0.12331358470277844,2.376923080013076e-25,0.0,0,-1.609437912
0.40644583706356313,0.18430268022205593,0.09984930502944989,0.1083941605839416,0.8314606741573034,0.24166666666666667,0.08611111111111111,0.12942301562001912,0.08045977011494253,0.25753914048544707,0.1540453074433657,0.13975321888412018,0.1,0.46733668341708545,0.5064935064935064,0.25,0.0,0.2713493530499076,0.6601353411291013,5.65384616119615e-26,0.0,0,-1.609437912
0.16615935541629367,0.17792012927162454,0.1956911001623836,0.0708029197080292,0.5674157303370787,0.3611111111111111,0.24722222222222223,0.23461906279885242,0.10344827586206896,0.23620888935588943,0.2058252427184466,0.18508583690987124,0.19722222222222222,0.5879396984924623,0.5454545454545454,0.25,0.0,0.1423290203327172,0.6737889377623454,1.0461538475135857e-28,0.0,0,-1.609437912
0.18889883616830797,0.054370891260678615,0.1521084985042949,0.19708029197080293,0.4606741573033708,0.23333333333333334,0.2777777777777778,0.1877590054191903,0.20689655172413793,0.2593254176736366,0.22653721682847897,0.1813304721030043,0.175,0.678391959798995,0.5974025974025974,0.0,0.0,0.1866913123844732,0.9104447031761708,7.384615394215384e-22,0.0,0,-1.609437912
0.37242614145031333,0.07287464698265841,0.09790407794243454,0.12335766423357664,0.5449438202247191,0.2111111111111111,0.225,0.12719158431622568,0.13793103448275862,0.2492382053168015,0.129126213592233,0.0979077253218884,0.21666666666666667,0.18090452261306533,0.23376623376623376,0.0,0.0,0.11201478743068392,0.8781037016284996,4.153846159246154e-25,0.0,0,-1.609437912
0.21790510295434196,0.4155093756856646,0.05902625761252247,0.15802919708029198,0.550561797752809,0.5861111111111111,0.8277777777777777,0.08128785463818936,0.2413793103448276,0.24535042555427128,0.06051779935275081,0.0,0.8361111111111111,0.06030150753768844,0.23376623376623376,0.0,0.0,0.15194085027726434,0.1027869177952248,2.0730769257719227e-23,0.0,0,-1.609437912
0.6562220232766338,0.7509155962598045,0.04665610681918111,0.12408759124087591,0.5224719101123596,0.8444444444444444,0.7888888888888889,0.06598661141217724,0.16091954022988506,0.24083219501943887,0.0,0.0,0.7916666666666666,0.12562814070351758,0.2727272727272727,0.0,0.0,0.11275415896487985,0.4954127315543347,4.5769230828730765e-25,0.0,0,-1.609437912
0.511727842435094,0.6656556323411911,0.04236466086548305,0.07664233576642336,0.38202247191011235,0.7694444444444445,0.8388888888888889,0.06056742110296462,0.11494252873563218,0.3469580750236419,0.11553398058252427,0.39511802575107297,0.8333333333333334,0.1507537688442211,0.2857142857142857,0.0,0.0,0.11275415896487985,0.28046592704056283,3.2576923119270475e-28,0.0,0,-1.609437912
0.4888093106535363,0.6375189360135645,0.063487909037727,0.07408759124087591,0.38202247191011235,0.7416666666666667,0.6888888888888889,0.08670704494740197,0.1724137931034483,0.2561731638121256,0.127831715210356,0.09763948497854077,0.6833333333333333,0.20100502512562815,0.2987012987012987,0.0,0.0,0.06210720887245841,0.20902896918276995,2.0000000025997393e-28,0.0,0,-1.609437912
0.1495076096687556,0.06681531767099318,0.11330466905345844,0.12153284671532846,0.5674157303370787,0.25,0.21944444444444444,0.14472425884603124,0.10344827586206896,0.2470316276137438,0.14433656957928803,0.10246781115879829,0.2,0.19095477386934673,0.2077922077922078,0.0,0.0,0.12606284658040665,0.8888044359467305,3.3000000042899995e-25,0.0,0,-1.609437912
0.1579230080572963,0.8020722244258698,0.05720073857109382,0.21277372262773722,0.550561797752809,0.9777777777777777,0.8638888888888889,0.07905642333439591,0.1724137931034483,0.24408952400966688,0.05663430420711974,0.0,0.8361111111111111,0.0,0.3246753246753247,0.5,0.0,0.20258780036968577,0.6142514567906602,2.5961538495288456e-21,0.0,0,-1.609437912
0.5511190689346462,0.7173662680593111,0.058243041799302,0.11642335766423358,0.5,0.8222222222222222,0.7388888888888889,0.08033152693656359,0.1724137931034483,0.25743406535673,0.129126213592233,0.10193133047210301,0.7,0.135678391959799,0.18181818181818182,0.0,0.0,0.10499075785582256,0.41264827104603624,1.7000000022099992e-25,0.0,0,-1.609437912
0.2712623097582811,0.13184370021902153,0.08742547580891952,0.12664233576642336,0.5,0.2916666666666667,0.24722222222222223,0.11507810009563277,0.25287356321839083,0.2538615109803509,0.13333333333333333,0.10997854077253219,0.2611111111111111,0.19095477386934673,0.18181818181818182,0.0,0.0,0.11534195933456562,0.7679953957477743,6.269230777380769e-25,0.0,0,-1.609437912
0.3378692927484333,0.9898836638573038,0.12637720739349256,0.18759124087591242,0.5168539325842697,0.12222222222222222,0.17222222222222222,0.1593879502709595,0.3793103448275862,0.24230324682147733,0.1284789644012945,0.12178111587982833,0.1638888888888889,0.05527638190954774,0.24675324675324675,0.0,0.0,0.17707948243992605,0.9721161357980294,3.3038461581411533e-22,0.0,0,-1.609437912
0.24207699194270366,0.20179913922921106,0.0866042928076821,0.11423357664233577,0.5112359550561798,0.36666666666666664,0.25,0.11412177239400702,0.12643678160919541,0.26394872333718605,0.16990291262135923,0.15236051502145923,0.28055555555555556,0.0,0.18181818181818182,0.0,0.0,0.10277264325323475,0.6219327704215598,1.2692307708807687e-25,0.0,0,-1.609437912
0.25192479856759176,0.16880783898339188,0.13614216616600172,0.17883211678832117,0.5561797752808989,0.33055555555555555,0.20555555555555555,0.17022633088938477,0.22988505747126436,0.3041924976358096,0.36763754045307445,0.2926502145922747,0.25,0.1658291457286432,0.12987012987012986,0.0,0.0,0.16820702402957485,0.693022977309224,1.5192307712057689e-22,0.0,0,-1.609437912
0.3729632945389436,0.7278361953340441,0.14018693977650648,0.09160583941605839,0.5786516853932584,0.8555555555555555,0.7277777777777777,0.17468919349697162,0.22988505747126436,0.27414101082273823,0.19741100323624594,0.23685622317596566,0.7805555555555556,0.18090452261306533,0.2597402597402597,0.0,0.0,0.07985212569316082,0.43883386210800135,4.461538467338435e-27,0.0,0,-1.609437912
0.281468218442256,0.8877631085945022,0.0234288050037266,0.14051094890510948,0.5561797752808989,0.03333333333333333,0.125,0.035702900860694935,0.19540229885057472,0.2447199747819691,0.03203883495145631,0.0,0.09444444444444444,0.07035175879396985,0.2857142857142857,0.25,0.0,0.12939001848428835,0.7918529988424673,3.2038461580111536e-24,0.0,0,-1.609437912
0.6257833482542524,0.1514955366234346,0.06112096031089402,0.04343065693430657,0.5842696629213483,0.25555555555555554,0.20277777777777778,0.08383806184252471,0.2413793103448276,0.2618472207628454,0.11359223300970873,0.1405579399141631,0.20555555555555555,0.06532663316582915,0.1038961038961039,0.0,0.0,0.031053604436229204,0.7287376483424735,1.4115384631130767e-31,0.0,0,-1.609437912
0.25729632945389436,0.5961375876064985,0.012605783103598056,0.07153284671532846,0.5393258426966292,0.7472222222222222,0.775,0.020401657634682817,0.13793103448275862,0.2549122622675213,0.07540453074433658,0.06437768240343347,0.7222222222222222,0.2914572864321608,0.18181818181818182,0.0,0.0,0.059519408502772646,0.11192340759053353,1.211538463113201e-28,0.0,0,-1.609437912
0.5792300805729633,0.6752467349862923,0.026248299839060425,0.03905109489051095,0.5112359550561798,0.7777777777777778,0.7972222222222223,0.03952821166719796,0.19540229885057472,0.25648838919827677,0.08187702265372168,0.08503218884120171,0.7722222222222223,0.0,0.16883116883116883,0.0,0.0,0.026617375231053605,0.3051269207628018,3.7230769253130763e-32,0.0,0,-1.609437912
0.37242614145031333,0.6416852143586113,0.13671915549310795,0.05291970802919708,0.48314606741573035,0.7722222222222223,0.7472222222222222,0.1708638826904686,0.25287356321839083,0.26794157822843334,0.2051779935275081,0.2065450643776824,0.7777777777777778,0.1507537688442211,0.19480519480519481,0.25,0.0,0.13123844731977818,0.21945292503005157,1.8653846177835766e-30,0.0,0,-1.609437912
0.29597135183527307,0.6196523612533805,0.031997959062504085,0.09854014598540146,0.46629213483146065,0.7638888888888888,0.7305555555555555,0.047178833280204016,0.21839080459770116,0.2569086897131449,0.12006472491909385,0.08476394849785408,0.7583333333333333,0.0,0.2077922077922078,0.25,0.0,0.08687615526802218,0.16538466631305604,1.334615386350382e-26,0.0,0,-1.609437912
0.26499552372426144,0.1163754333747942,0.04945918090001381,0.10948905109489052,0.48314606741573035,0.2777777777777778,0.2722222222222222,0.06949314631813835,0.2413793103448276,0.2547021120100872,0.08220064724919093,0.08878755364806867,0.2638888888888889,0.08040201005025126,0.22077922077922077,0.0,0.0,0.09796672828096119,0.7979664827313191,6.615384623984611e-26,0.0,0,-1.609437912
0.1597135183527305,0.29310052146050963,0.05902625761252247,0.020072992700729927,0.34269662921348315,0.48333333333333334,0.18611111111111112,0.08128785463818936,0.10344827586206896,0.18745402963118626,0.04983818770226537,0.0,0.175,0.11055276381909548,0.23376623376623376,0.0,0.0,0.0073937153419593345,0.4047419478866295,2.3999973992738423e-35,0.0,0,-1.609437912
0.4069829901521934,0.20620697903512616,0.07655457225313131,0.06824817518248175,0.7471910112359551,0.32222222222222224,0.2611111111111111,0.102327064073956,0.10344827586206896,0.308815803299359,0.1627831715210356,0.3114270386266094,0.24166666666666667,0.40703517587939697,0.24675324675324675,0.0,0.0,0.05619223659889094,0.6121286891754344,6.192307700355089e-29,0.0,0,-1.609437912
0.49113697403760065,0.4077771839070845,0.05486401205244936,0.10583941605839416,0.5337078651685393,0.5277777777777778,0.6972222222222222,0.07618744022951865,0.45977011494252873,0.2577492907428811,0.11909385113268608,0.1059549356223176,0.7,0.06532663316582915,0.2857142857142857,0.0,0.0,0.09426987060998152,0.11931241713394328,3.92307692817692e-26,0.0,0,-1.609437912
0.26230975828111014,0.18573591249654972,0.05305485596599,0.07591240875912408,0.4157303370786517,0.34444444444444444,0.3055555555555556,0.07395600892572521,0.20689655172413793,0.2593254176736366,0.13268608414239483,0.11239270386266094,0.31666666666666665,0.12562814070351758,0.15584415584415584,0.0,0.0,0.06395563770794824,0.6570486911580883,2.8384615421512775e-28,0.0,0,-1.609437912
0.35989256938227393,0.5993525403608757,0.08852180914209472,0.072992700729927,0.449438202247191,0.7305555555555555,0.6833333333333333,0.11635320369780044,0.21839080459770116,0.23778501628664492,0.10194174757281553,0.0,0.6805555555555556,0.5025125628140703,0.16883116883116883,0.0,0.0,0.06099815157116451,0.1188801256010807,1.6153846174843547e-28,0.0,0,-1.609437912
0.06213070725156668,0.3813002960051229,0.063487909037727,0.15729927007299271,0.5337078651685393,0.6,0.7694444444444445,0.08670704494740197,0.16091954022988506,0.2561731638121256,0.11650485436893204,0.1032725321888412,0.6833333333333333,0.11557788944723618,0.1038961038961039,0.0,0.0,0.14639556377079482,0.18072803830185816,1.926923079428077e-23,0.0,0,-1.609437912
0.4775290957923009,0.2632618671822652,0.0967945523039918,0.1927007299270073,0.4887640449438202,0.3861111111111111,0.2611111111111111,0.125916480714058,0.11494252873563218,0.2437742986235158,0.10388349514563107,0.0740343347639485,0.24166666666666667,0.19095477386934673,0.18181818181818182,0.0,0.0,0.1822550831792976,0.4787971166327856,5.1153846220346145e-22,0.0,0,-1.609437912
0.46786034019695605,0.4103091646328253,0.053312853829298845,0.11496350364963503,0.4550561797752809,0.5333333333333333,0.7805555555555556,0.07427478482626713,0.2413793103448276,0.25659346432699376,0.10938511326860842,0.0984442060085837,0.5972222222222222,0.27638190954773867,0.11688311688311688,0.0,0.0,0.10351201478743069,0.11381655282607003,1.4000000018199995e-25,0.0,0,-1.609437912
0.34646374216651743,0.41460874115066165,0.4517303282310479,0.4299270072992701,0.4101123595505618,0.5638888888888889,0.5583333333333333,0.4925087663372649,0.4482758620689655,0.25197015866344435,0.5077669902912622,0.421137339055794,1.0,0.5025125628140703,0.18181818181818182,0.25,0.5,0.422550831792976,0.10467128538644298,0.21692307714390457,0.9462115969098358,1,-1.609437912
0.31208594449418087,0.7608071181167293,0.152985121667175,0.20802919708029197,0.6460674157303371,0.9,0.8555555555555555,0.18871533312081606,0.40229885057471265,0.2421981716927603,0.1744336569579288,0.1333154506437768,0.95,0.507537688442211,0.5714285714285714,0.0,0.0,0.1977818853974122,0.5191256821785857,1.792307694637692e-21,0.7296546624199368,0,0.654094453
0.3154879140555058,0.3840416644823,0.16797323374993361,0.31386861313868614,0.38202247191011235,0.5416666666666666,0.525,0.20497290404845395,0.3448275862068966,0.23305663549437844,0.16440129449838187,0.1263412017167382,1.0,0.41708542713567837,0.05194805194805195,0.0,0.0,0.3049907578558225,0.17409462248455518,0.0036538461585787973,0.8650951675208389,1,0.941529537
0.1677708146821844,0.2555361001049825,0.30617431547388385,0.35036496350364965,0.7528089887640449,0.44166666666666665,0.05555555555555555,0.3487408351928594,0.735632183908046,0.3091310286855101,0.48511326860841425,0.3728540772532189,1.0,0.5276381909547738,0.35064935064935066,0.25,0.5,0.3419593345656192,0.49752604084953667,0.02857692311301144,0.9163161723488596,1,1.154772056
0.5099373321396597,0.573094705056756,0.34398383506644564,0.3795620437956204,0.3651685393258427,0.6416666666666667,0.6083333333333333,0.3866751673573478,0.40229885057471265,0.2524955343070295,0.4016181229773463,0.33261802575107297,1.0,0.32663316582914576,0.4025974025974026,0.25,0.5,0.37153419593345655,0.06642593217801818,0.0769230770153846,0.8816810343637149,1,1.26084451
0.12497761862130709,0.39083914376290835,0.18281623145873857,0.2518248175182482,0.42696629213483145,0.5888888888888889,0.6666666666666666,0.2209116990755499,0.3793103448275862,0.2428286224650625,0.19773462783171522,0.18293991416309013,1.0,0.2663316582914573,0.6103896103896104,0.0,0.0,0.24214417744916822,0.15788340145853336,9.500000012349997e-08,0.0,1,1.332708968
0.27538048343777977,0.38915243120782483,0.14047637039100777,0.21532846715328466,0.6067415730337079,0.5555555555555556,0.8333333333333334,0.17500796939751354,0.28735632183908044,0.2534412104654828,0.1906148867313916,0.15611587982832617,1.0,0.4472361809045226,0.18181818181818182,0.0,0.0,0.25397412199630315,0.1618723650084459,3.161538465648461e-21,0.9375395929199716,1,2.128564984
0.2784243509400179,0.46997394651993524,0.3331332195202497,0.3248175182481752,0.4550561797752809,0.6277777777777778,0.6222222222222222,0.3758367867389225,0.3448275862068966,0.2071030787012714,0.3213592233009709,0.26528969957081544,1.0,0.1658291457286432,0.05194805194805195,0.0,0.0,0.31608133086876156,0.01637125813267772,0.0077692307792522975,0.0,1,2.681569324
0.3414503133393017,0.673503366239541,0.45205936598950336,0.34306569343065696,0.21348314606741572,0.75,0.65,0.49282754223780684,0.28735632183908044,0.12913733319323314,0.2935275080906149,0.38680257510729615,0.5888888888888889,0.5879396984924623,0.5974025974025974,0.5,0.0,0.3345656192236599,0.3006414620647452,0.020730769257160536,0.0,0,2.911317522
0.6700089525514773,0.5740916274790446,0.4701945581207173,0.5072992700729927,0.6235955056179775,0.6277777777777778,0.9166666666666666,0.5103602167676123,0.41379310344827586,0.22622675212777132,0.4815533980582524,0.42757510729613735,1.0,0.135678391959799,0.4155844155844156,0.25,0.5,0.5009242144177449,0.06821296184551166,0.4846153849400769,0.8862328700438559,1,3.134232551
0.24744852282900626,0.45046837102313314,0.6374689915549789,0.7007299270072993,0.5898876404494382,0.6388888888888888,0.8694444444444445,0.669110615237488,0.45977011494252873,0.18598297782914783,0.602588996763754,0.5456008583690987,1.0,0.6934673366834171,0.09090909090909091,0.25,0.5,0.6968576709796673,0.040090870723296396,0.9153846154853077,0.919452901374374,1,3.914938751
0.1579230080572963,0.4194063839743783,0.36836949942888497,0.6897810218978102,0.5730337078651685,0.6111111111111112,0.8277777777777777,0.41090213579853363,0.632183908045977,0.20909950614689501,0.34757281553398056,0.3240343347639485,1.0,0.4623115577889447,0.12987012987012986,0.0,0.5,0.6857670979667283,0.09476510212918748,0.9038461539591345,0.9690570493738108,1,4.543124555
0.5079677708146823,0.45416987631724176,0.14686095524791257,0.23722627737226276,0.4606741573033708,0.5722222222222222,0.6666666666666666,0.18202103920943577,0.22988505747126436,0.3078701271409057,0.24660194174757283,0.3261802575107296,0.6472222222222223,0.5628140703517588,0.14285714285714285,0.0,0.0,0.22735674676524953,0.03488019413319334,5.6538461611961526e-11,0.0,0,4.605170186
0.06499552372426143,0.25901887425883996,0.38483115324872125,0.525912408759124,0.5337078651685393,0.4777777777777778,0.2,0.4271597067261715,0.4827586206896552,0.27456131133760636,0.4779935275080906,0.384656652360515,1.0,0.3065326633165829,0.4155844155844156,0.0,0.5,0.5197781885397412,0.48910762905720456,0.5461538464760769,0.8813110294823842,1,6.868109676
0.3312444046553268,0.369731431514937,0.6545376648353973,0.785036496350365,0.7247191011235955,0.5722222222222222,0.9055555555555556,0.685049410264584,0.6551724137931034,0.2817064200903646,0.7388349514563107,0.5944206008583691,1.0,0.5678391959798995,0.33766233766233766,0.0,0.5,0.7822550831792976,0.20922146487936494,0.9807692307937499,0.9781439703128778,1,8.732078739
0.4159355416293644,0.07425210268003807,0.033212848823477636,0.07664233576642336,0.46629213483146065,0.20833333333333334,0.7305555555555555,0.04877271278291361,0.20689655172413793,0.244404749395818,0.04919093851132686,0.0,0.6944444444444444,0.31155778894472363,0.12987012987012986,0.0,0.0,0.06469500924214418,0.8756559049193662,3.2576923119270475e-28,0.0,0,-1.609437912
0.39659803043867503,0.5636972860810247,0.15064874127660885,0.30620437956204377,0.5730337078651685,0.6777777777777778,0.7138888888888889,0.1861651259164807,0.42528735632183906,0.2818114952190816,0.3087378640776699,0.2317596566523605,0.7638888888888888,0.4020100502512563,0.23376623376623376,0.25,0.0,0.29722735674676526,0.05051926860898086,0.001953846156381191,0.0,0,-1.609437912
0.30134288272157567,0.6540548602086759,0.18221981830080833,0.22262773722627738,0.6629213483146067,0.7777777777777778,0.8722222222222222,0.22027414727446604,0.22988505747126436,0.2521803089208784,0.23171521035598705,0.19206008583690987,0.8388888888888889,0.4472361809045226,0.16883116883116883,0.25,0.0,0.25397412199630315,0.25076909741330405,6.384615392915385e-18,0.0,0,-1.609437912
0.5049239033124441,0.4428089423040813,0.09319899964628528,0.19708029197080293,0.6123595505617978,0.6055555555555555,0.8388888888888889,0.12177239400701308,0.47126436781609193,0.2556477881685405,0.14627831715210357,0.12258583690987125,0.9277777777777778,0.8492462311557789,0.22077922077922077,0.0,0.0,0.21626617375231053,0.05183904180468053,7.384615394215384e-22,0.0,0,-1.609437912
0.23867502238137872,0.6916042227784852,0.27073180663884083,0.5255474452554745,0.5224719101123596,0.8472222222222222,0.8472222222222222,0.31271915843162257,0.632183908045977,0.24913313018808447,0.3168284789644013,0.26743562231759654,0.9027777777777778,0.542713567839196,0.2727272727272727,0.0,0.5,0.5194085027726433,0.3471639685067016,0.5461538464760769,0.0,0,-1.609437912
0.21342882721575648,0.7281774390362384,0.09264727196175841,0.13503649635036497,0.43258426966292135,0.8888888888888888,0.9305555555555556,0.12113484220592924,0.28735632183908044,0.2549122622675213,0.1343042071197411,0.12473175965665236,0.9194444444444444,0.1658291457286432,0.1038961038961039,0.0,0.0,0.12384473197781885,0.43968226815679157,1.7115384637634614e-24,0.0,0,-1.609437912
0.19910474485228288,0.17382569559254155,0.2450141025310965,0.3248175182481752,0.6348314606741573,0.3416666666666667,0.17222222222222222,0.2862607586866433,0.1724137931034483,0.25711883997057894,0.312621359223301,0.252950643776824,0.08888888888888889,0.36683417085427134,0.12987012987012986,0.0,0.0,0.31608133086876156,0.6824689324325087,0.0077692307792522975,0.0,0,-1.609437912
0.4096687555953447,0.8962027707017092,0.1266632039246751,0.22846715328467154,0.7191011235955056,0.09722222222222222,0.09166666666666666,0.15970672617150145,0.3448275862068966,1.0,0.33624595469255664,1.0,0.15555555555555556,0.12060301507537688,0.025974025974025976,0.0,0.0,0.24584103512014788,0.8079589895565512,2.3000000029899996e-14,0.0,0,-1.609437912
0.21342882721575648,0.39741827033878896,0.07709397165372055,0.20437956204379562,0.651685393258427,0.5972222222222222,0.85,0.10296461587503984,0.28735632183908044,0.2620573710202795,0.14433656957928803,0.1427038626609442,0.8388888888888889,0.19095477386934673,0.06493506493506493,0.0,0.0,0.31608133086876156,0.1425606542238973,1.3423076940526921e-21,0.0,0,-1.609437912
0.10957923008057294,0.6203105888997212,0.09568652252609221,0.16605839416058393,0.7247191011235955,0.7111111111111111,0.8861111111111111,0.12464137711189034,0.3103448275862069,0.27088368183251027,0.26310679611650484,0.17677038626609443,0.8166666666666667,0.0,0.06493506493506493,0.0,0.0,0.15526802218114602,0.16695518447983168,4.576923082873077e-23,0.0,0,-1.609437912
0.06445837063563116,0.3511273004618523,0.1068324982850673,0.09124087591240876,0.601123595505618,0.575,0.14166666666666666,0.1373924131335671,0.26436781609195403,0.3132289587054744,0.20129449838187702,0.3283261802575107,0.14166666666666666,0.18592964824120603,0.06493506493506493,0.0,0.0,0.07948243992606285,0.25624334565944296,4.2307692362692046e-27,0.0,0,-1.609437912
0.09435989256938225,0.42188831780691194,0.15152440288513902,0.22664233576642337,0.38764044943820225,0.6444444444444445,0.6555555555555556,0.18712145361810648,0.28735632183908044,0.26090154460439213,0.23495145631067962,0.17757510729613735,0.7222222222222222,0.6130653266331658,0.36363636363636365,0.5,0.0,0.521996303142329,0.08977242143355268,2.5230769263569225e-15,0.0,0,-1.609437912
0.26678603401969564,0.1814915565532541,0.1664968487560762,0.20437956204379562,0.8651685393258427,0.18333333333333332,0.09722222222222222,0.20337902454574433,0.12643678160919541,0.2518650835347273,0.21423948220064726,0.1765021459227468,0.16666666666666666,0.44221105527638194,0.3246753246753247,0.25,0.0,0.24214417744916822,0.6661674172094193,1.3423076940526921e-21,0.0,0,-1.609437912
0.21880035810205906,0.9001603144721982,0.1983981122478471,0.2032846715328467,0.2696629213483146,0.15833333333333333,0.36666666666666664,0.23748804590372968,0.20689655172413793,0.26447409898077123,0.2877022653721683,0.2255901287553648,0.4305555555555556,0.32663316582914576,0.24675324675324675,0.5,0.0,0.4399260628465804,0.8154310659941787,1.2269230785180768e-21,0.0,0,-1.609437912
0.05514771709937334,0.6540344786068463,0.10235686149857406,0.09124087591240876,0.6067415730337079,0.8611111111111112,0.85,0.1322919987248964,0.12643678160919541,0.20983503204791423,0.07896440129449839,0.0,0.8194444444444444,0.25125628140703515,0.2077922077922078,0.0,0.0,0.07948243992606285,0.25071714048504323,4.2307692362692046e-27,0.0,0,-1.609437912
0.24297224709042076,0.2656585316108557,0.11274011896492399,0.2124087591240876,0.3651685393258427,0.4305555555555556,0.2972222222222222,0.14408670704494742,0.3793103448275862,0.24114742040558998,0.12394822006472492,0.06974248927038626,0.3138888888888889,0.6683417085427136,0.3246753246753247,0.25,0.0,0.2731977818853974,0.47294722861444205,2.5230769263569226e-21,0.0,0,-1.609437912
0.27358997314234557,0.08144219251647561,0.1673825026579313,0.21277372262773722,0.4157303370786517,0.23333333333333334,0.2972222222222222,0.2043353522473701,0.4827586206896552,0.24419459913838393,0.18414239482200648,0.16630901287553648,1.0,0.7135678391959799,0.33766233766233766,0.0,0.0,0.20258780036968577,0.8627861826294572,2.5961538495288456e-21,0.0,1,-1.609437912
0.29507609668755597,0.25478710734882976,0.17122644279155125,0.2029197080291971,0.6741573033707865,0.4083333333333333,0.11944444444444445,0.20847943895441504,0.39080459770114945,0.26069139434695804,0.24627831715210355,0.20010729613733905,0.175,0.3165829145728643,0.09090909090909091,0.0,0.0,0.19260628465804067,0.49933112370990457,1.1923076938576922e-21,0.0,0,-1.609437912
0.1557743957027753,0.789656351046661,0.03127172953757918,0.08759124087591241,0.4101123595505618,0.9666666666666667,0.3388888888888889,0.04622250557857826,0.14942528735632185,0.2500788063465378,0.05145631067961165,0.0,0.3277777777777778,0.09045226130653267,0.18181818181818182,0.0,0.0,0.11645101663585952,0.5862901853651122,2.300000002989974e-27,0.0,0,-1.609437912
0.20286481647269475,0.662991067906251,0.16443240191832748,0.20072992700729927,0.5730337078651685,0.825,0.8055555555555556,0.20114759324195092,0.45977011494252873,0.2787643164862877,0.3035598705501618,0.23873390557939914,0.8388888888888889,0.05527638190954774,0.12987012987012986,0.0,0.0,0.19038817005545286,0.27362704966197343,9.96153847448846e-22,0.0,0,-1.609437912
0.4691136974037601,0.22951363029423413,0.14134507247933323,0.25547445255474455,0.6910112359550562,0.35,0.8138888888888889,0.1759642970991393,0.5172413793103449,0.2487128296732163,0.17637540453074432,0.1459227467811159,0.8111111111111111,0.4020100502512563,0.14285714285714285,0.25,0.5,0.88909426987061,0.5590871058384942,3.3730769274619207e-07,0.0,0,-1.609437912
0.23992837958818264,0.31716804358886924,0.18281623145873857,0.34306569343065696,0.5224719101123596,0.48055555555555557,0.18055555555555555,0.2209116990755499,0.40229885057471265,0.250919407376274,0.229126213592233,0.18991416309012876,1.0,0.25125628140703515,0.18181818181818182,0.0,0.0,0.3345656192236599,0.34345943259110395,0.020730769257160536,0.6009371257516024,1,-1.609437912
0.25425246195165624,0.5967213612526815,0.13153645823406673,0.2427007299270073,0.5224719101123596,0.75,0.7555555555555555,0.16512591648071406,0.28735632183908044,0.2593254176736366,0.18122977346278318,0.17757510729613735,0.75,0.5276381909547738,0.33766233766233766,0.0,0.0,0.23290203327171904,0.1131769958716948,1.6076923097823076e-09,0.0,0,-1.609437912
0.3428827215756491,0.26134979661318714,0.09044425825425849,0.16058394160583941,0.6123595505617978,0.40555555555555556,0.19444444444444445,0.11858463500159389,0.3448275862068966,0.241252495534307,0.10647249190938511,0.0,0.2,0.46733668341708545,0.4805194805194805,0.0,0.0,0.14972273567467653,0.4834508022647923,2.68076923425423e-23,0.0,0,-1.609437912
0.24583706356311552,0.7762529118154402,0.12981406426324668,0.1678832116788321,0.6348314606741573,0.9305555555555556,0.8,0.16321326107746253,0.47126436781609193,0.25396658610906797,0.17928802588996764,0.1494098712446352,1.0,0.24120603015075376,0.18181818181818182,0.0,0.0,0.15711645101663585,0.5554627299137618,5.461538468638461e-23,0.0,1,-1.609437912
0.3025962399283796,0.5841728722169448,0.16502194568947343,0.17737226277372262,0.6235955056179775,0.6972222222222222,0.10833333333333334,0.20178514504303474,0.28735632183908044,0.25354628559419984,0.21877022653721684,0.1791845493562232,1.0,0.1457286432160804,0.22077922077922077,0.0,0.0,0.166728280961183,0.08726128487421335,1.3307692324992307e-22,0.0,1,-1.609437912
0.28522829006266787,0.8611428800882392,0.09319899964628528,0.1897810218978102,0.3258426966292135,0.022222222222222223,0.41388888888888886,0.12177239400701308,0.22988505747126436,0.2498686560891037,0.12394822006472492,0.09817596566523605,0.37777777777777777,0.17587939698492464,0.2077922077922078,0.0,0.0,0.17929759704251386,0.7394797128846899,4.0000000051999993e-22,0.0,0,-1.609437912
0.784601611459266,0.7826175121091162,0.19208826779435217,0.24452554744525548,0.6123595505617978,0.8666666666666667,0.775,0.2307937519923494,0.26436781609195403,0.2635284228223179,0.2773462783171521,0.22317596566523606,0.7722222222222223,0.4271356783919598,0.24675324675324675,0.0,0.0,0.23475046210720887,0.5701837509649587,4.115384620734615e-09,0.0,0,-1.609437912
0.155237242614145,0.2180682425403327,0.23978200499421184,0.3978102189781022,0.6292134831460674,0.4027777777777778,0.13333333333333333,0.2808415683774307,0.3793103448275862,0.2395712934748345,0.2550161812297735,0.23310085836909872,1.0,0.8894472361809045,0.33766233766233766,0.25,0.5,0.3900184842883549,0.5853866231689642,0.12038461552227518,0.8468745218925489,1,-1.609437912
0.31119068934646377,0.9166170461158021,0.13326145694265884,0.17664233576642335,0.4438202247191011,0.05555555555555555,0.16944444444444445,0.16703857188396556,0.1724137931034483,0.26310812230744984,0.22815533980582525,0.1724785407725322,0.17777777777777778,0.7437185929648241,0.35064935064935066,0.0,0.0,0.22365988909426987,0.8459637996734306,1.246153847773846e-22,0.0,0,-1.609437912
0.27269471799462847,0.7112740859519668,0.23548262568577255,0.10218978102189781,0.651685393258427,0.8527777777777777,0.8,0.2763787057698438,0.3563218390804598,0.22958915624671639,0.2453074433656958,0.19715665236051502,0.8277777777777777,0.9195979899497487,0.33766233766233766,0.0,0.0,0.09057301293900184,0.3972833738152724,2.3115384645434588e-26,0.0,0,-1.609437912
0.1722470904207699,0.10754259376715378,0.04236466086548305,0.09854014598540146,0.7191011235955056,0.19444444444444445,0.11388888888888889,0.06056742110296462,0.3563218390804598,0.25711883997057894,0.0964401294498382,0.09549356223175966,0.125,0.8090452261306532,0.3246753246753247,0.0,0.0,0.08687615526802218,0.8147246115516866,1.334615386350382e-26,0.0,0,-1.609437912
0.12032229185317814,0.3240050593467492,0.14569771308221485,0.19343065693430658,0.7752808988764045,0.5694444444444444,0.9833333333333333,0.1807459356072681,0.47126436781609193,0.2622675212777135,0.23915857605177993,0.17784334763948498,1.0,0.8743718592964824,0.36363636363636365,0.0,0.0,0.18299445471349354,0.32590054670734786,5.461538468638461e-22,0.0,1,-1.609437912
0.07072515666965085,0.8940438771140156,0.050739812438897275,0.10583941605839416,0.6910112359550562,0.14444444444444443,0.10277777777777777,0.07108702582084794,0.45977011494252873,0.25901019228748556,0.12362459546925567,0.10971030042918455,0.14722222222222223,0.4723618090452261,0.33766233766233766,0.0,0.0,0.09426987060998152,0.8038613383329449,3.92307692817692e-26,0.0,0,-1.609437912
0.20286481647269475,0.17636071015224877,0.06639534537860264,0.14233576642335766,0.7752808988764045,0.3055555555555556,0.8194444444444444,0.09021357985336309,0.1724137931034483,0.25459703688137014,0.10453074433656957,0.09951716738197425,0.8083333333333333,0.2814070351758794,0.12987012987012986,0.0,0.0,0.13123844731977818,0.6771020741994823,3.923076928176923e-24,0.0,0,-1.609437912
0.20053715308863027,0.6679575318657863,0.10431218907837841,0.18394160583941604,0.6235955056179775,0.825,0.825,0.13452343002868983,0.3448275862068966,0.25837974151518334,0.17378640776699028,0.1400214592274678,0.8388888888888889,0.1658291457286432,0.09090909090909091,0.0,0.0,0.1733826247689464,0.2863796909404534,2.40000000312e-22,0.0,0,-1.609437912
0.1677708146821844,0.058599520727595916,0.32708601972116286,0.30656934306569344,0.39325842696629215,0.2222222222222222,0.26666666666666666,0.36978004462862607,0.19540229885057472,0.22874855521698012,0.33495145631067963,0.2996244635193133,0.19444444444444445,0.12060301507537688,0.03896103896103896,0.0,0.0,0.2975970425138632,0.9031414823411572,0.0020153846179993347,0.6009371257516024,0,-1.609437912
0.17547000895255147,0.6577976786143627,0.07871486630106361,0.08759124087591241,0.5056179775280899,0.8305555555555556,0.7277777777777777,0.10487727127829136,0.3448275862068966,0.2743511610801723,0.19741100323624594,0.194206008583691,0.7444444444444445,0.24120603015075376,0.1038961038961039,0.0,0.0,0.07578558225508318,0.2603254155940309,2.300000002989974e-27,0.0,0,-1.609437912
0.250313339301701,0.3009538831628212,0.17656493236161946,0.23722627737226276,0.5786516853932584,0.4638888888888889,0.14722222222222223,0.2142174051641696,0.3448275862068966,0.24356414836608173,0.2029126213592233,0.16952789699570817,0.9833333333333333,0.6934673366834171,0.07792207792207792,0.0,0.0,0.22735674676524953,0.3848635425370178,5.6538461611961526e-11,0.7059771005911294,0,-1.609437912
0.21128021486123547,0.013537403478878827,0.3519857162792393,0.45985401459854014,0.5280898876404494,0.18055555555555555,0.2777777777777778,0.3946445648708958,0.7011494252873564,0.24598087632657348,0.3970873786407767,0.3342274678111588,0.15,0.5226130653266332,0.14285714285714285,0.0,0.5,0.45286506469500926,0.9784278478142123,0.31961538489808433,0.0,0,-1.609437912
0.2841539838854073,0.10055695521044139,0.21138787323533598,0.23722627737226276,0.6685393258426966,0.21666666666666667,0.14444444444444443,0.2511954096270322,0.45977011494252873,0.2511295576337081,0.2598705501618123,0.21700643776824036,1.0,0.2613065326633166,0.35064935064935066,0.25,0.0,0.22735674676524953,0.8277988977506293,5.6538461611961526e-11,0.0,1,-1.609437912
0.25067144136078784,0.43437289670815793,0.08961975310832575,0.12664233576642336,0.37640449438202245,0.625,0.6944444444444444,0.11762830729996812,0.3563218390804598,0.25417673636650207,0.13495145631067962,0.11507510729613733,0.6638888888888889,0.39195979899497485,0.5194805194805194,0.25,0.0,0.266913123844732,0.06617640867749609,6.269230777380769e-25,0.0,0,-1.609437912
0.1396598030438675,0.8827650837076106,0.2885508006550996,0.45255474452554745,0.2696629213483146,0.11944444444444445,0.37222222222222223,0.33088938476251195,0.28735632183908044,0.2254912262267521,0.28122977346278316,0.26207081545064376,1.0,0.5477386934673367,0.42857142857142855,0.0,0.5,0.4454713493530499,0.7822034890587986,0.29384615411590465,0.8697631373316255,1,-1.609437912
0.1686660698299015,0.42853089566066765,0.08169682562307205,0.2591240875912409,0.449438202247191,0.6111111111111112,0.6527777777777778,0.10838380618425247,0.3563218390804598,0.24734685299989492,0.09546925566343042,0.0713519313304721,0.6861111111111111,0.48743718592964824,0.4675324675324675,0.25,0.0,0.24953789279112754,0.07688780186338015,1.0307692321092293e-06,0.6297733709056175,0,-1.609437912
0.18030438675022378,0.7529580775244554,0.12780793551970354,0.22737226277372263,0.39325842696629215,0.9222222222222223,0.6916666666666667,0.16098182977366912,0.5287356321839081,0.24839760428706525,0.156957928802589,0.13090128755364808,0.6833333333333333,0.4623115577889447,0.4675324675324675,0.0,0.0,0.2680221811460259,0.5003367237677036,6.307692315892306e-15,0.0,0,-1.609437912
0.30581915846016117,0.8295190814099099,0.24378190475640044,0.24452554744525548,0.550561797752809,0.9694444444444444,0.8805555555555555,0.2849856550844756,0.2413793103448276,0.23526321319743615,0.26990291262135924,0.21486051502145923,1.0,0.5326633165829145,0.33766233766233766,0.0,0.0,0.23475046210720887,0.674026399980072,4.115384620734615e-09,0.0,1,-1.609437912
0.4177260519247986,0.7464291548570902,0.07118597686112968,0.10583941605839416,0.7752808988764045,0.8611111111111112,0.9277777777777778,0.09595154606311763,0.1724137931034483,0.2553325627823894,0.12588996763754046,0.10219957081545064,0.9222222222222223,0.4020100502512563,0.2987012987012987,0.25,0.0,0.3197781885397412,0.4845476161194582,3.92307692817692e-26,0.0,0,-1.609437912
0.162041181736795,0.7290191718820794,0.033944431403730144,0.09598540145985401,0.5955056179775281,0.9027777777777778,0.8305555555555556,0.04972904048453937,0.3103448275862069,0.25396658610906797,0.07378640776699029,0.06464592274678112,0.8055555555555556,0.5527638190954773,0.45454545454545453,0.0,0.0,0.08428835489833642,0.44177357282318896,9.000000011699973e-27,0.0,0,-1.609437912
0.3405550581915846,0.5478764189538455,0.2138145824272591,0.2281021897810219,0.42134831460674155,0.6666666666666666,0.7111111111111111,0.25374561683136754,0.22988505747126436,0.31585583692340025,0.4663430420711974,0.3186695278969957,0.6222222222222222,0.5879396984924623,0.6103896103896104,0.75,0.0,0.3345656192236599,0.028002922019711787,1.511538463503461e-14,0.0,0,-1.609437912
0.3360787824529991,0.782480336630525,0.17864597201423948,0.10656934306569343,0.4606741573033708,0.9166666666666666,0.6555555555555556,0.21644883646796304,0.28735632183908044,0.2494483555742356,0.22362459546925567,0.18186695278969958,0.6472222222222223,0.6633165829145728,0.5584415584415584,0.25,0.0,0.3345656192236599,0.569868041953338,4.384615390315382e-26,0.0,0,-1.609437912
0.37958818263205013,0.3145726452334155,0.10068434472553434,0.16058394160583941,0.7191011235955056,0.4722222222222222,0.9972222222222222,0.13037934332164489,0.28735632183908044,0.2486077545444993,0.13106796116504854,0.09951716738197425,1.0,0.37185929648241206,0.2077922077922078,0.25,0.0,0.16820702402957485,0.3501129448086823,2.68076923425423e-23,0.0,1,-1.609437912
0.1695613249776186,0.26540224903647586,0.13038790439161804,0.21532846715328466,0.33707865168539325,0.45,0.3277777777777778,0.1638508128785464,0.22988505747126436,0.26058631921824105,0.21359223300970873,0.16416309012875535,0.38333333333333336,0.7437185929648241,0.4805194805194805,0.25,0.0,0.20517560073937152,0.4735736584987661,3.161538465648461e-21,0.0,0,-1.609437912
0.25335720680393914,0.6870784529388217,0.16295959246609149,0.2576642335766423,0.2640449438202247,0.8141666666666667,0.6444444444444445,0.1995537137392413,0.22988505747126436,0.25375643585163393,0.215210355987055,0.17837982832618027,0.6361111111111111,0.6432160804020101,0.2857142857142857,0.0,0.0,0.24805914972273568,0.33555147953806175,6.692307701007686e-07,0.0,0,-1.609437912
0.1683079677708147,0.6919839098320598,0.08907058080466729,0.09562043795620438,0.8426966292134831,0.7694444444444445,0.9361111111111111,0.11699075549888428,0.27586206896551724,0.2777135651991174,0.2064724919093851,0.20976394849785407,0.925,0.2663316582914573,0.2727272727272727,0.0,0.0,0.08391866913123845,0.3481371831379221,8.500000011049974e-27,0.0,0,-1.609437912
0.19570277529095795,0.8427555920797901,0.1795386851734553,0.3091240875912409,0.24157303370786518,0.04722222222222222,0.4777777777777778,0.21740516416958877,0.4367816091954023,0.2554376379111064,0.23786407766990292,0.19715665236051502,1.0,0.1507537688442211,0.3116883116883117,0.5,0.0,0.30018484288354896,0.7018609935532868,0.002507692310944132,0.0,1,-1.609437912
0.18388540734109218,0.6117420757048535,0.1407658694911648,0.13503649635036497,0.29775280898876405,0.7222222222222222,0.6472222222222223,0.17532674529805548,0.11494252873563218,0.25964064305978773,0.20614886731391585,0.17784334763948498,0.6583333333333333,0.3065326633165829,0.35064935064935066,0.0,0.0,0.12384473197781885,0.1467894174918905,1.7115384637634614e-24,0.0,0,-1.609437912
0.20196956132497765,0.41769824904890784,0.07118597686112968,0.16423357664233576,0.5617977528089888,0.5944444444444444,0.8166666666666667,0.09595154606311763,0.19540229885057472,0.25711883997057894,0.12653721682847896,0.1134656652360515,0.8055555555555556,0.3969849246231156,0.37662337662337664,0.25,0.0,0.4269870609981516,0.09825440295749927,3.846153851153846e-23,0.0,0,-1.609437912
0.40590868397493285,0.13097627724224314,0.20593913927459112,0.2521897810218978,0.23595505617977527,0.18055555555555555,0.3861111111111111,0.24545744341727765,0.3448275862068966,0.2576442156141641,0.27346278317152106,0.22103004291845493,0.3416666666666667,0.16080402010050251,0.24675324675324675,0.0,0.0,0.24251386321626617,0.769697472946294,1.0846153860253842e-07,0.0,0,-1.609437912
0.11011638316920322,0.12255081624695671,0.12437733481459816,0.16167883211678832,0.398876404494382,0.3194444444444444,0.3472222222222222,0.1571565189671661,0.28735632183908044,0.24965850583166962,0.15566343042071198,0.1338519313304721,0.21944444444444444,0.4271356783919598,0.8831168831168831,0.0,0.0,0.15083179297597044,0.7860974217102065,2.9923076961976923e-23,0.0,0,-1.609437912
0.2877350044762757,0.6188455739941835,0.14221438743555806,0.17883211678832117,0.3707865168539326,0.75,0.6972222222222222,0.17692062480076506,0.367816091954023,0.25753914048544707,0.19902912621359223,0.17355150214592274,0.7,0.4221105527638191,0.4155844155844156,0.5,0.0,0.1866913123844732,0.16346426833180996,1.5192307712057689e-22,0.0,0,-1.609437912
0.13930170098478067,0.6507435044772583,0.12838074663141816,0.21642335766423357,0.449438202247191,0.8333333333333334,0.8277777777777777,0.16161938157475295,0.2988505747126437,0.2504991068614059,0.1673139158576052,0.13680257510729613,1.0,0.23618090452261306,0.37662337662337664,0.0,0.0,0.3068391866913124,0.24234107497179508,3.4384615429315375e-21,0.0,1,-1.609437912
0.25872873769024174,0.3657748458241347,0.08687791834979113,0.14233576642335766,0.6853932584269663,0.5555555555555556,0.9583333333333334,0.11444054829454893,0.39080459770114945,0.25711883997057894,0.1563106796116505,0.11722103004291845,0.9333333333333333,0.2864321608040201,0.2857142857142857,0.25,0.0,0.1789279112754159,0.21912034666564364,3.923076928176923e-24,0.0,0,-1.609437912
0.44368845120859446,0.3490462626553312,0.0613834160393553,0.09343065693430656,0.19662921348314608,0.5833333333333334,0.5638888888888889,0.08415683774306662,0.11494252873563218,0.24261847220762844,0.06440129449838188,0.0,0.5638888888888889,0.6582914572864321,0.4935064935064935,0.5,0.0,0.18853974121996303,0.26156228843053037,6.0000000077999735e-27,0.0,0,-1.609437912
0.52408236347359,0.16750479391490783,0.05538225906788029,0.06204379562043796,0.8370786516853933,0.14166666666666666,0.075,0.07682499203060249,0.1724137931034483,0.25333613533676574,0.09482200647249191,0.07698497854077253,0.08333333333333333,0.4020100502512563,0.2727272727272727,0.0,0.0,0.04990757855822551,0.6957486812352169,1.6307692328866266e-29,0.0,0,-1.609437912
0.17851387645478958,0.12322107318217508,0.1223811784090768,0.12408759124087591,0.6910112359550562,0.26666666666666666,0.35555555555555557,0.15492508766337265,0.40229885057471265,0.2189765682462961,0.1203883495145631,0.0,0.34444444444444444,0.2562814070351759,0.2987012987012987,0.0,0.0,0.11275415896487985,0.7848015404138193,4.5769230828730765e-25,0.0,0,-1.609437912
0.22864816472694716,0.69735103000004,0.15152440288513902,0.13394160583941606,0.3651685393258427,0.85,0.15555555555555556,0.18712145361810648,0.3793103448275862,0.3445413470631501,0.25210355987055016,0.4063841201716738,0.16111111111111112,0.10050251256281408,0.2987012987012987,0.0,0.0,0.1822550831792976,0.3618740657414721,1.5076923096523077e-24,0.0,0,-1.609437912
0.32103849597135187,0.14877983058195093,0.24378190475640044,0.27007299270072993,0.7471910112359551,0.24444444444444444,0.13333333333333333,0.2849856550844756,0.08045977011494253,0.25165493327729327,0.2961165048543689,0.2459763948497854,0.125,0.18090452261306533,0.3116883116883117,0.0,0.0,0.26062846580406657,0.7342430399879772,1.480769232694202e-05,0.0,0,-1.609437912
0.47144136078782445,0.44614817892542896,0.16590670908100646,0.17335766423357665,0.4550561797752809,0.5694444444444444,0.34444444444444444,0.2027414727446605,0.2988505747126437,0.21277713565199116,0.1789644012944984,0.0,1.0,0.6582914572864321,0.5064935064935064,0.5,0.0,0.18853974121996303,0.04656176063588616,9.192307704257691e-23,0.660199869712976,1,-1.609437912
0.6728737690241718,0.37946625685665575,0.1266632039246751,0.23905109489051096,0.29775280898876405,0.5222222222222223,0.525,0.15970672617150145,0.27586206896551724,0.241252495534307,0.11423948220064725,0.12821888412017168,0.5138888888888888,0.6432160804020101,0.42857142857142855,0.25,0.0,0.37153419593345655,0.18519365754335948,1.9038461563211535e-10,0.0,0,-1.609437912
0.3783348254252462,0.6986568666754083,0.015455188458667786,0.07737226277372262,0.8764044943820225,0.6777777777777778,0.575,0.024545744341727765,0.28735632183908044,0.20111379636440052,0.004530744336569579,0.0,0.5777777777777777,0.36180904522613067,0.4025974025974026,0.0,0.0,0.06543438077634012,0.36520997666631594,3.738461543321278e-28,0.0,0,-1.609437912
0.11817367949865712,0.65834018722587,0.26450926765988003,0.30656934306569344,0.550561797752809,0.8472222222222222,0.7555555555555555,0.3063436404207842,0.8045977011494253,0.34716822528107594,0.5511326860841423,0.4096030042918455,1.0,0.2663316582914573,0.2727272727272727,0.0,0.0,0.2975970425138632,0.26171286687577167,0.0020153846179993347,0.0,1,-1.609437912
0.1498657117278424,0.24222826859760566,0.07011794400502815,0.17883211678832117,0.6067415730337079,0.4305555555555556,0.1388888888888889,0.09467644246094996,0.3793103448275862,0.25407166123778496,0.1203883495145631,0.09254291845493562,0.09166666666666666,0.22613065326633167,0.23376623376623376,0.0,0.0,0.25951940850277266,0.5293090919579427,1.5192307712057689e-22,0.0,0,-1.609437912
0.22076991942703672,0.43814552593990214,0.0687856476746717,0.16058394160583941,0.3651685393258427,0.6611111111111111,0.7083333333333334,0.09308256295824036,0.3448275862068966,0.2556477881685405,0.11618122977346278,0.10515021459227468,0.7,0.19095477386934673,0.2077922077922078,0.0,0.0,0.14972273567467653,0.05959251147210011,2.68076923425423e-23,0.0,0,-1.609437912
0.20501342882721577,0.9587598159236776,0.368691538346923,0.6715328467153284,0.550561797752809,0.125,0.38055555555555554,0.41122091169907554,0.7471264367816092,0.2576442156141641,0.43656957928802587,0.3562231759656652,1.0,0.41708542713567837,0.24675324675324675,0.0,0.5,0.66728280961183,0.9203844444328617,0.8807692309057499,0.0,1,-1.609437912
0.4968666069829902,0.0431038432456406,0.26450926765988003,0.15328467153284672,0.5168539325842697,0.16666666666666666,0.15,0.3063436404207842,0.22988505747126436,0.23967636860355152,0.2889967637540453,0.2575107296137339,1.0,0.47738693467336685,0.3116883116883117,0.0,0.0,0.1423290203327172,0.929656802281783,1.2730769247319229e-23,0.0,1,-1.609437912
0.34646374216651743,0.7237606070636909,0.0613834160393553,0.13722627737226278,0.5898876404494382,0.8555555555555555,0.7861111111111111,0.08415683774306662,0.3793103448275862,0.2586949669013344,0.13915857605177995,0.11185622317596566,0.7944444444444444,0.47738693467336685,0.2987012987012987,0.25,0.0,0.22365988909426987,0.42867577091917947,2.2038461567111538e-24,0.0,0,-1.609437912
0.24315129811996422,0.8217835089406544,0.0401137913891141,0.10328467153284672,0.601123595505618,0.9777777777777777,0.9861111111111112,0.05769843799808735,0.5632183908045977,0.2553325627823894,0.08446601941747572,0.08208154506437768,0.9888888888888889,0.32160804020100503,0.2077922077922078,0.0,0.0,0.1423290203327172,0.6574622821266739,2.7153846189146124e-26,0.0,0,-1.609437912
0.35308863025962395,0.6389539776917629,0.18430822106668682,0.23357664233576642,0.2303370786516854,0.6666666666666666,0.6194444444444445,0.22250557857825948,0.27586206896551724,0.23557843858358724,0.1796116504854369,0.16469957081545064,0.5944444444444444,0.47738693467336685,0.2857142857142857,0.25,0.0,0.22365988909426987,0.21261094265843525,3.453846158336154e-12,0.0,0,-1.609437912
0.36615935541629363,0.8871250410730814,0.15913738015457607,0.2664233576642336,0.7247191011235955,0.08333333333333333,0.12777777777777777,0.19540962703219636,0.367816091954023,0.25659346432699376,0.22168284789644013,0.17972103004291845,1.0,0.4221105527638191,0.23376623376623376,0.25,0.5,0.822181146025878,0.7906257502958745,6.692307701007634e-06,0.0,1,-1.609437912
0.12981199641897942,0.33547552657555474,0.1662017492217441,0.28832116788321166,0.2808988764044944,0.5555555555555556,0.575,0.20306024864520242,0.3448275862068966,0.27351056005043606,0.3051779935275081,0.21834763948497854,0.5611111111111111,0.20100502512562815,0.2987012987012987,0.0,0.0,0.27911275415896486,0.2963934810638967,0.00029000000037689063,0.0,0,-1.609437912
0.1632945389435989,0.41455122034012515,0.08088225680115249,0.1678832116788321,0.5280898876404494,0.5972222222222222,0.7888888888888889,0.10742747848262671,0.22988505747126436,0.24041189450457073,0.08737864077669903,0.0,0.7583333333333333,0.5678391959798995,0.1038961038961039,0.0,0.0,0.15711645101663585,0.10479201183003602,5.461538468638461e-23,0.0,0,-1.609437912
0.4726947179946285,0.9883090687647605,0.15825680182700025,0.3248175182481752,0.4943820224719101,0.09722222222222222,0.17777777777777778,0.19445329933057062,0.3793103448275862,0.2503940317326888,0.19805825242718447,0.16738197424892703,1.0,0.3869346733668342,0.3246753246753247,0.0,0.0,0.31608133086876156,0.9695609312174837,0.0077692307792522975,0.0,1,-1.609437912
0.3450313339301701,0.0857892099382983,0.09513307309643707,0.1678832116788321,0.34269662921348315,0.19444444444444445,0.37777777777777777,0.1240038253108065,0.12643678160919541,0.2554376379111064,0.14627831715210357,0.12392703862660945,0.325,0.5276381909547738,0.4025974025974026,0.0,0.0,0.15711645101663585,0.8549291326536038,5.461538468638461e-23,0.0,0,-1.609437912
0.2757385854968666,0.2406102279730914,0.11613231236327556,0.15145985401459855,0.4438202247191011,0.3972222222222222,0.40555555555555556,0.14791201785145042,0.20689655172413793,0.24230324682147733,0.12880258899676375,0.08744635193133048,0.30833333333333335,0.5628140703517588,0.4805194805194805,0.0,0.0,0.14048059149722736,0.5331309658381925,1.0538461552161538e-23,0.0,0,-1.609437912
0.259265890778872,0.34833767609782024,0.07844443817316546,0.12773722627737227,0.2752808988764045,0.5416666666666666,0.44166666666666665,0.10455849537774944,0.21839080459770116,0.26520962488179045,0.16245954692556636,0.15638412017167383,0.49166666666666664,0.6884422110552764,0.42857142857142855,0.25,0.0,0.15378927911275417,0.26337519527155095,7.153846163146153e-25,0.0,0,-1.609437912
0.37726051924798565,0.25120454187350433,0.014571163783330468,0.0427007299270073,0.5224719101123596,0.3888888888888889,0.24166666666666667,0.02327064073956009,0.20689655172413793,0.25407166123778496,0.04110032362459547,0.05713519313304721,0.25277777777777777,0.4723618090452261,0.2727272727272727,0.25,0.0,0.17929759704251386,0.5079386434451568,1.1384615396811537e-31,0.0,0,-1.609437912
0.08415398388540735,0.11119723661085579,0.11925199200935534,0.16423357664233576,0.30337078651685395,0.28055555555555556,0.35,0.15141855275741153,0.3448275862068966,0.26216244614899653,0.20161812297734627,0.16389484978540772,0.35555555555555557,0.3015075376884422,0.16883116883116883,0.0,0.0,0.16820702402957485,0.8078217710853541,3.846153851153846e-23,0.0,0,-1.609437912
0.12085944494180842,0.21002813577688526,0.5501562162137973,0.42554744525547444,0.6629213483146067,0.4027777777777778,0.08611111111111111,0.5868664328976729,0.3793103448275862,0.24366922349479878,0.5932038834951456,0.4965128755364807,0.011111111111111112,0.21608040201005024,0.22077922077922077,0.0,0.5,0.41811460258780037,0.6035708682154166,0.20269230790239826,0.0,0,-1.609437912
0.07162041181736795,0.1066304150494239,0.035658972502262326,0.08467153284671533,0.5898876404494382,0.31666666666666665,0.16666666666666666,0.0519604717883328,0.25287356321839083,0.25522748765367237,0.08090614886731391,0.07725321888412018,0.175,0.5728643216080402,0.5064935064935064,0.0,0.0,0.11977818853974122,0.8164407604201915,1.3923076941176664e-27,0.0,0,-1.609437912
0.05335720680393914,0.7121452911295892,0.05538225906788029,0.13065693430656936,0.5786516853932584,0.925,0.8361111111111111,0.07682499203060249,0.25287356321839083,0.2528107596931806,0.09029126213592233,0.07510729613733906,0.9166666666666666,0.271356783919598,0.18181818181818182,0.0,0.0,0.11940850277264325,0.39948593010542693,1.0192307705557691e-24,0.0,0,-1.609437912
0.09400179051029543,0.6774702485798156,0.08934511700919934,0.1678832116788321,0.43820224719101125,0.875,0.6805555555555556,0.11730953139942621,0.40229885057471265,0.2872754019123673,0.16828478964401294,0.2446351931330472,0.7416666666666667,0.8040201005025126,0.15584415584415584,0.0,0.0,0.15711645101663585,0.31084797723076335,5.461538468638461e-23,0.0,0,-1.609437912
0.35631154879140553,0.3782742347641534,0.04362156240018147,0.14233576642335766,0.38202247191011235,0.5277777777777778,0.5861111111111111,0.06216130060567421,0.28735632183908044,0.2578543658715982,0.08414239482200647,0.10783261802575107,0.6027777777777777,0.5527638190954773,0.18181818181818182,0.0,0.0,0.13123844731977818,0.18810734771800025,3.923076928176923e-24,0.0,0,-1.609437912
0.3128021486123545,0.1728345046400354,0.05928761036769073,0.07481751824817519,0.43820224719101125,0.32222222222222224,0.28888888888888886,0.08160663053873127,0.10344827586206896,0.2528107596931806,0.0941747572815534,0.07939914163090128,0.31666666666666665,0.06532663316582915,0.45454545454545453,0.0,0.0,0.1656192236598891,0.6845609810416143,2.3038461568408933e-28,0.0,0,-1.609437912
0.29507609668755597,0.18518099051954273,0.05434635913040188,0.14927007299270073,0.3651685393258427,0.3333333333333333,0.7222222222222222,0.07554988842843481,0.11494252873563218,0.24850267941578227,0.08122977346278318,0.0,0.7333333333333333,0.06532663316582915,0.4675324675324675,0.25,0.0,0.1656192236598891,0.6582446883381023,8.346153857003846e-24,0.0,0,-1.609437912
0.39785138764547895,0.18455246552622895,0.07145328692371461,0.08759124087591241,0.7471910112359551,0.2916666666666667,0.13333333333333333,0.09627032196365955,0.25287356321839083,0.25743406535673,0.14919093851132686,0.10380901287553648,0.12222222222222222,0.2613065326633166,0.44155844155844154,0.25,0.0,0.17929759704251386,0.6595979432195633,2.300000002989974e-27,0.0,0,-1.609437912
0.1727842435094002,0.4224841173119576,0.06059645791800582,0.1135036496350365,0.34269662921348315,0.6527777777777778,0.6722222222222223,0.08320051004144087,0.22988505747126436,0.2531259850793317,0.0970873786407767,0.08261802575107297,0.6388888888888888,0.36180904522613067,0.44155844155844154,0.0,0.0,0.10203327171903882,0.08858789661029928,1.1500000014949994e-25,0.0,0,-1.609437912
0.15004476275738587,0.9108724475970368,0.2573730890604898,0.34306569343065696,0.34831460674157305,0.11388888888888889,0.3055555555555556,0.29901179470832007,0.632183908045977,0.25428181149521906,0.31715210355987056,0.2601931330472103,1.0,0.2864321608040201,0.33766233766233766,0.0,0.0,0.3345656192236599,0.8354031875226089,0.020730769257160536,0.8925889187056077,1,-1.609437912
0.2538943598925694,0.847912291154751,0.07065171821427131,0.13102189781021897,0.3089887640449438,0.016666666666666666,0.5166666666666667,0.0953139942620338,0.20689655172413793,0.2536513607229169,0.11003236245954692,0.09549356223175966,0.49722222222222223,0.5175879396984925,0.3116883116883117,0.5,0.0,0.2144177449168207,0.7125329001589087,1.0653846167696152e-24,0.0,0,-1.609437912
0.1593554162936437,0.07211136322551824,0.35390907837604085,0.41605839416058393,0.6067415730337079,0.2388888888888889,0.17777777777777778,0.39655722027414725,0.28735632183908044,0.26899232951560365,0.4453074433656958,0.3554184549356223,1.0,0.7688442211055276,0.2597402597402597,0.0,0.5,0.40850277264325324,0.8794576507337303,0.17269230787803824,0.7471584105151262,1,-1.609437912
0.20555058191584605,0.09680791722401508,0.11076679658228508,0.1678832116788321,0.39325842696629215,0.2611111111111111,0.3138888888888889,0.14185527574115397,0.19540229885057472,0.2547021120100872,0.16537216828478965,0.13143776824034334,0.29444444444444445,0.49246231155778897,0.23376623376623376,0.25,0.0,0.20517560073937152,0.8347512656712043,5.461538468638461e-23,0.0,0,-1.609437912
0.1949865711727842,0.09122435591842948,0.8100784241130826,0.781021897810219,0.6179775280898876,0.25,0.24722222222222223,0.8284985655084476,0.3448275862068966,0.19869706840390877,0.8106796116504854,0.6834763948497854,1.0,0.8040201005025126,0.2987012987012987,0.0,0.5,0.7781885397412199,0.8450234231956899,0.9769230769523845,0.8871139742756587,1,-1.609437912
0.1444941808415398,0.8665754082016601,0.11641552121339431,0.2956204379562044,0.5617977528089888,0.04722222222222222,0.14166666666666666,0.14823079375199236,0.26436781609195403,0.2553325627823894,0.16828478964401294,0.14216738197424894,0.18055555555555555,0.25125628140703515,0.24675324675324675,0.0,0.0,0.28650646950092423,0.7503655956538456,0.0006923076932070691,0.0,0,-1.609437912
0.26911369740376007,0.7669632749335547,0.2159404678648202,0.31386861313868614,0.2808988764044944,0.9166666666666666,0.6027777777777777,0.255977048135161,0.1724137931034483,0.2331617106230955,0.20550161812297735,0.20118025751072963,0.5527777777777778,0.08040201005025126,0.2077922077922078,0.0,0.0,0.3049907578558225,0.5337110206893916,0.0036538461585787973,0.0,0,-1.609437912
0.3213965980304387,0.1893577765875381,0.10487164777008558,0.16569343065693432,0.3202247191011236,0.3277777777777778,0.35,0.13516098182977368,0.20689655172413793,0.2495534307029526,0.13462783171521037,0.11185622317596566,0.3416666666666667,0.39195979899497485,0.44155844155844154,0.0,0.0,0.27911275415896486,0.6492146459714108,4.423076928826923e-23,0.0,0,-1.609437912
0.06893464637421665,0.8998780568488701,0.06480752454045723,0.11678832116788321,0.7191011235955056,0.20277777777777778,0.8944444444444445,0.08830092445011158,0.21839080459770116,0.2554376379111064,0.10938511326860842,0.10219957081545064,0.8666666666666667,0.5577889447236181,0.6103896103896104,0.0,0.0,0.43364140480591495,0.8148998314892464,1.78076923308423e-25,0.0,0,-1.609437912
0.26230975828111014,0.6622974977270015,0.10040590739699926,0.11386861313868613,0.25842696629213485,0.7722222222222223,0.08055555555555556,0.13006056742110297,0.27586206896551724,0.2551224125249553,0.1459546925566343,0.13143776824034334,0.09444444444444444,0.6683417085427136,0.7662337662337663,0.0,0.0,0.10240295748613679,0.27184832259581615,1.207692309262307e-25,0.0,0,-1.609437912
0.3169203222918532,0.7136640450983751,0.11613231236327556,0.16423357664233576,0.3146067415730337,0.8444444444444444,0.6416666666666667,0.14791201785145042,0.367816091954023,0.250814332247557,0.15210355987055016,0.12741416309012876,0.6333333333333333,0.5728643216080402,0.8051948051948052,0.25,0.0,0.1534195933456562,0.40332145086138665,3.846153851153846e-23,0.0,0,-1.609437912
0.22076991942703672,0.09175768297545922,0.033700352687101615,0.08759124087591241,0.4101123595505618,0.25555555555555554,0.3055555555555556,0.04941026458399745,0.28735632183908044,0.26142692024797726,0.12168284789644013,0.12124463519313304,0.29444444444444445,0.32663316582914576,0.8181818181818182,0.0,0.0,0.12754158964879853,0.8440464747061324,2.300000002989974e-27,0.0,0,-1.609437912
0.17761862130707248,0.09617129909647512,0.18969057054313065,0.20072992700729927,0.3707865168539326,0.2611111111111111,0.38055555555555554,0.22824354478801404,0.42528735632183906,0.2553325627823894,0.24724919093851133,0.20493562231759657,0.33055555555555555,0.3065326633165829,0.8441558441558441,0.25,0.0,0.19038817005545286,0.8359274135239153,9.96153847448846e-22,0.0,0,-1.609437912
0.35846016114592655,0.1884271231294606,0.062171595645669826,0.12408759124087591,0.33707865168539325,0.32222222222222224,0.3194444444444444,0.08511316544469238,0.1724137931034483,0.26037616896080695,0.16213592233009708,0.11856223175965665,0.3638888888888889,0.39195979899497485,0.4155844155844156,0.0,0.0,0.11275415896487985,0.6512322788670833,4.5769230828730765e-25,0.0,0,-1.609437912
0.8796777081468218,0.22784528050793876,0.08251236233623269,0.1332116788321168,0.7808988764044944,0.30277777777777776,0.10555555555555556,0.10934013388587822,0.20689655172413793,0.2576442156141641,0.1546925566343042,0.11802575107296137,0.11666666666666667,0.5025125628140703,0.3246753246753247,0.0,0.0,0.3345656192236599,0.5629507565934295,1.3846153864153845e-24,0.0,0,-1.609437912
0.38675022381378693,0.6420203576801691,0.06905186094341648,0.08759124087591241,0.3258426966292135,0.7472222222222222,0.6722222222222223,0.09340133885878228,0.3333333333333333,0.2566985394557108,0.13754045307443366,0.10354077253218884,0.6805555555555556,0.542713567839196,0.3246753246753247,0.0,0.0,0.07578558225508318,0.2202945935601656,2.300000002989974e-27,0.0,0,-1.609437912
0.385496866606983,0.7859045033961646,0.15708356425857145,0.2518248175182482,0.19101123595505617,0.9305555555555556,0.5222222222222223,0.19317819572840295,0.4942528735632184,0.27907954187243883,0.3067961165048544,0.22854077253218885,0.5222222222222223,0.35678391959798994,0.2987012987012987,0.5,0.0,0.24214417744916822,0.5777279584997169,9.500000012349997e-08,0.0,0,-1.609437912
0.37958818263205013,0.8681941450341486,0.09016932396701274,0.1678832116788321,0.3258426966292135,0.013888888888888888,0.4861111111111111,0.11826585910105196,0.40229885057471265,0.25396658610906797,0.13851132686084142,0.11185622317596566,0.5,0.25125628140703515,0.3246753246753247,0.0,0.0,0.15711645101663585,0.7535894125940338,5.461538468638461e-23,0.0,0,-1.609437912
0.39928379588182633,0.27329372625445014,0.06507183906407732,0.10218978102189781,0.3202247191011236,0.4111111111111111,0.3972222222222222,0.08861970035065349,0.20689655172413793,0.2550173373962383,0.12103559870550162,0.09254291845493562,0.4027777777777778,0.45226130653266333,0.38961038961038963,0.0,0.0,0.09057301293900184,0.45418973873983287,2.3115384645434588e-26,0.0,0,-1.609437912
0.25872873769024174,0.8935618749850671,0.1309620360957006,0.22445255474452555,0.7247191011235955,0.125,0.13055555555555556,0.1644883646796302,0.2413793103448276,0.244509824524535,0.1423948220064725,0.13063304721030042,0.11666666666666667,0.5175879396984925,0.2987012987012987,0.25,0.0,0.2144177449168207,0.8029443962875742,1.2038461554111537e-16,0.0,0,-1.609437912
0.22524619516562222,0.12154340415890505,0.15094056408719206,0.19708029197080293,0.3651685393258427,0.2777777777777778,0.3111111111111111,0.18648390181702262,0.22988505747126436,0.23011453189030157,0.12459546925566344,0.11319742489270386,0.32222222222222224,0.678391959798995,0.4805194805194805,0.25,0.0,0.244362292051756,0.7880423345616318,7.384615394215384e-22,0.0,0,-1.609437912
0.05246195165622204,0.47018259083691194,0.1138695471253084,0.16970802919708028,0.5280898876404494,0.6944444444444444,0.7416666666666667,0.1453618106471151,0.11494252873563218,0.2586949669013344,0.17313915857605178,0.15504291845493562,0.7583333333333333,0.7386934673366834,0.6103896103896104,0.5,0.5,0.37153419593345655,0.01616972134558508,6.538461546961537e-23,0.0,0,-1.609437912
0.10080572963294541,0.3655925137180624,0.12152683292152548,0.3248175182481752,0.6348314606741573,0.5833333333333334,0.8888888888888888,0.1539687599617469,0.28735632183908044,0.2498686560891037,0.1576051779935275,0.12795064377682402,0.8555555555555555,0.36683417085427134,0.45454545454545453,0.0,0.0,0.31608133086876156,0.21957809890191324,0.0077692307792522975,0.0,0,-1.609437912
0.1495076096687556,0.6460961022571495,0.0920959320477373,0.1708029197080292,0.33707865168539325,0.8083333333333333,0.6638888888888889,0.1204972904048454,0.1724137931034483,0.2500788063465378,0.12394822006472492,0.09629828326180258,0.6916666666666667,0.7035175879396985,0.5584415584415584,0.0,0.0,0.16007393715341958,0.23056398218302204,7.23076924016923e-23,0.0,0,-1.609437912
0.08325872873769025,0.6666436457676209,0.04767309097919402,0.07372262773722628,0.20786516853932585,0.7972222222222223,0.325,0.06726171501434491,0.11494252873563218,0.2409372701481559,0.06116504854368932,0.0,0.32222222222222224,0.5728643216080402,0.38961038961038963,0.0,0.0,0.061737523105360445,0.28300364636862213,1.8615384639582011e-28,0.0,0,-1.609437912
0.11674127126230974,0.1118932081690184,0.1439548432779238,0.1521897810218978,0.48314606741573035,0.3138888888888889,0.30277777777777776,0.17883328020401656,0.4827586206896552,0.23789009141536197,0.141747572815534,0.11963519313304721,1.0,0.6934673366834171,0.42857142857142855,0.25,0.0,0.14121996303142328,0.8065022954736645,1.1384615399415384e-23,0.0,1,-1.609437912
0.04619516562220235,0.47793233323613465,0.060858640766552716,0.12883211678832115,0.4438202247191011,0.7222222222222222,0.7416666666666667,0.08351928594198278,0.11494252873563218,0.2536513607229169,0.09838187702265372,0.08717811158798283,0.7861111111111111,0.7236180904522613,0.44155844155844154,0.25,0.0,0.3567467652495379,0.009519781323115583,8.192307702957692e-25,0.0,0,-1.609437912
0.06302596239928378,0.456360177672207,0.11133018780693395,0.09854014598540146,0.5056179775280899,0.6722222222222223,0.7416666666666667,0.1424928275422378,0.2988505747126437,0.2536513607229169,0.15598705501618124,0.1333154506437768,0.7527777777777778,0.6633165829145728,0.45454545454545453,0.0,0.0,0.32717190388170053,0.031946955923025086,1.334615386350382e-26,0.7682860114261978,0,-1.609437912
0.13464637421665174,0.19271810799868033,0.07467026465252999,0.10218978102189781,0.8820224719101124,0.24722222222222223,0.06111111111111111,0.10009563277016258,0.28735632183908044,0.2566985394557108,0.1436893203883495,0.10836909871244635,0.06111111111111111,0.6231155778894473,0.4155844155844156,0.0,0.0,0.20517560073937152,0.6419027670772737,2.3115384645434588e-26,0.0,0,-1.609437912
0.3437779767233662,0.09386155147111165,0.13729642494228983,0.29014598540145986,0.43258426966292135,0.2361111111111111,0.26666666666666666,0.17150143449155245,0.5057471264367817,0.22244404749395816,0.09741100323624595,0.0,0.2,0.7336683417085427,0.38961038961038963,0.0,0.0,0.2809611829944547,0.840183933656506,0.0003650000004743268,0.0,0,-1.609437912
0.20179051029543418,0.47291916945425255,0.08469179922700276,0.13978102189781022,0.5449438202247191,0.6555555555555556,0.7611111111111111,0.11189034109021358,0.1839080459770115,0.2586949669013344,0.14692556634304207,0.13063304721030042,0.7722222222222223,0.5879396984924623,0.4155844155844156,0.0,0.0,0.12865064695009243,0.013634461201260365,2.9500000038349997e-24,0.0,0,-1.609437912
0.14019695613249777,0.2812434859163423,0.10459187461702808,0.19708029197080293,0.5056179775280899,0.4722222222222222,0.48333333333333334,0.13484220592923174,0.40229885057471265,0.24419459913838393,0.12362459546925567,0.07778969957081545,1.0,0.5527638190954773,0.3116883116883117,0.0,0.0,0.1866913123844732,0.4344725652039186,7.384615394215384e-22,0.0,1,-1.609437912
0.46875559534467315,0.8737496590232153,0.07709397165372055,0.19708029197080293,0.38202247191011235,0.9944444444444445,0.48055555555555557,0.10296461587503984,0.40229885057471265,0.24429967426710097,0.07249190938511327,0.05203862660944206,1.0,0.3869346733668342,0.2727272727272727,0.0,0.0,0.1866913123844732,0.7645847609867243,7.384615394215384e-22,0.0,1,-1.609437912
0.5729632945389436,0.7873837649392745,0.07925605486972838,0.14233576642335766,0.43820224719101125,0.8888888888888888,0.675,0.1055148230793752,0.5172413793103449,0.2487128296732163,0.09514563106796116,0.08127682403433477,0.6444444444444445,0.6884422110552764,0.24675324675324675,0.0,0.0,0.13123844731977818,0.5811100694189779,3.923076928176923e-24,0.0,0,-1.609437912
0.24583706356311552,0.07064143943012427,0.06164600747962167,0.08759124087591241,0.5955056179775281,0.21944444444444444,0.21666666666666667,0.08447561364360855,0.28735632183908044,0.2493432804455185,0.08025889967637541,0.0536480686695279,0.2361111111111111,0.2663316582914573,0.2727272727272727,0.0,0.0,0.07578558225508318,0.8820601877004298,2.300000002989974e-27,0.0,0,-1.609437912
0.5350044762757385,0.902069032697831,0.0474185940711172,0.28832116788321166,0.5730337078651685,0.011111111111111112,0.013888888888888888,0.066942939113803,0.11494252873563218,0.26962278028790587,0.1080906148867314,0.16952789699570817,0.9805555555555555,0.35678391959798994,0.2727272727272727,0.0,0.0,0.27911275415896486,0.8190166895411717,0.00029000000037689063,0.0,0,-1.609437912
0.6207699194270367,0.5493990458629594,0.05798225231897214,0.17883211678832117,0.4606741573033708,0.6472222222222223,0.9333333333333333,0.08001275103602168,0.13793103448275862,0.24556057581170534,0.06763754045307444,0.0,0.9694444444444444,0.5226130653266332,0.7272727272727273,0.0,0.0,0.16820702402957485,0.029916846948635115,1.5192307712057689e-22,0.0,0,-1.609437912
0.21074306177260518,0.6132188890677732,0.1175491565971751,0.18905109489051095,0.6573033707865169,0.7444444444444445,0.8722222222222222,0.14950589735416003,0.27586206896551724,0.27056845644635913,0.2320388349514563,0.1869635193133047,0.7972222222222223,0.47738693467336685,0.44155844155844154,0.25,0.0,0.17855822550831793,0.1502197676706361,3.7500000048749997e-22,0.0,0,-1.609437912
0.09722470904207701,0.563565620170098,0.08934511700919934,0.041240875912408756,0.5955056179775281,0.7361111111111112,0.8,0.11730953139942621,0.022988505747126436,0.2658400756540927,0.1517799352750809,0.16791845493562232,0.7666666666666667,0.7537688442211056,0.6363636363636364,0.75,0.0,0.37153419593345655,0.050309009808492476,7.346153853099999e-32,0.0,0,-1.609437912
0.35631154879140553,0.42445965642237404,0.13643062574049616,0.19708029197080293,0.6235955056179775,0.5944444444444444,0.9,0.17054510678992668,0.3218390804597701,0.24198802143532622,0.15048543689320387,0.1174892703862661,0.9194444444444444,0.6231155778894473,0.45454545454545453,0.0,0.0,0.1866913123844732,0.08470009520520151,7.384615394215384e-22,0.0,0,-1.609437912
0.18925693822739478,0.5365623819463653,0.060858640766552716,0.11751824817518249,0.5561797752808989,0.6861111111111111,0.1388888888888889,0.08351928594198278,0.3333333333333333,0.25165493327729327,0.09158576051779935,0.0713519313304721,0.18333333333333332,0.8844221105527639,0.38961038961038963,0.0,0.0,0.10609981515711644,0.015613112471416961,1.961538464088461e-25,0.0,0,-1.609437912
0.1566696508504924,0.23527429619316825,0.22233200535400455,0.28613138686131384,0.24157303370786518,0.4166666666666667,0.4027777777777778,0.2626713420465413,0.2988505747126437,0.2523904591783125,0.2754045307443366,0.22800429184549356,0.37777777777777777,0.6130653266331658,0.7142857142857143,0.25,0.0,0.27689463955637705,0.5456680180692889,0.00021692307720501573,0.0,0,-1.609437912
0.23222918531781556,0.9691430758224623,0.08907058080466729,0.17992700729927008,0.5617977528089888,0.1361111111111111,0.225,0.11699075549888428,0.1839080459770115,0.24293369759377953,0.10485436893203884,0.022263948497854076,0.25277777777777777,0.1306532663316583,0.35064935064935066,0.25,0.0,0.1855822550831793,0.937934296280459,1.6769230791030766e-22,0.0,0,-1.609437912
0.18263205013428827,0.8056606067528351,0.06112096031089402,0.08175182481751825,0.898876404494382,0.11388888888888889,0.044444444444444446,0.08383806184252471,0.05747126436781609,0.28590942523904594,0.13042071197411004,0.23819742489270387,0.044444444444444446,0.7939698492462312,0.7922077922077922,0.0,0.0,0.06987060998151572,0.62222561438397,8.346153857003584e-28,0.0,0,-1.609437912
0.39695613249776185,0.13753266644807438,0.1175491565971751,0.20145985401459854,0.3707865168539326,0.2638888888888889,0.3055555555555556,0.14950589735416003,0.08045977011494253,0.2447199747819691,0.12006472491909385,0.12178111587982833,0.2611111111111111,0.7688442211055276,0.974025974025974,0.0,0.0,0.1911275415896488,0.7567685286390234,1.0576923090673075e-21,0.0,0,-1.609437912
0.6911369740376008,0.2774201313004358,0.26637436900937267,0.21277372262773722,0.2247191011235955,0.39166666666666666,0.24722222222222223,0.3082562958240357,0.45977011494252873,0.20100872123568353,0.24660194174757283,0.17140557939914164,1.0,0.6683417085427136,0.974025974025974,0.0,0.0,0.2643253234750462,0.44397830600898786,2.5961538495288456e-21,0.0,1,-1.609437912
0.3142345568487019,0.8181551972721539,0.21563662704180736,0.21532846715328466,0.8258426966292135,0.019444444444444445,0.9944444444444445,0.25565827223461907,0.27586206896551724,0.22937900598928232,0.20194174757281552,0.19206008583690987,1.0,0.7738693467336684,0.7922077922077922,0.25,0.5,0.36044362292051757,0.6496168268451221,3.161538465648461e-21,0.8483624907883806,1,-1.609437912
0.10510295434198745,0.136286327178911,0.13268616972025432,0.21350364963503649,0.38202247191011235,0.3333333333333333,0.275,0.16640102008288174,0.3448275862068966,0.26163707050541135,0.22103559870550163,0.16899141630901288,0.24444444444444444,0.5678391959798995,0.7012987012987013,0.0,0.0,0.2033271719038817,0.7592376230841136,2.746153849723846e-21,0.0,0,-1.609437912
0.20984780662488808,0.12554900980780545,0.10207788439286522,0.20255474452554745,0.28651685393258425,0.25555555555555554,0.35,0.13197322282435447,0.4942528735632184,0.35694021225176,0.23495145631067962,0.41389484978540775,0.32222222222222224,0.37185929648241206,0.4805194805194805,0.0,0.0,0.1922365988909427,0.7802889694105708,1.1576923091973076e-21,0.0,0,-1.609437912
0.22524619516562222,0.12232146305937756,0.3001822726443174,0.4594890510948905,0.4550561797752809,0.2916666666666667,0.26944444444444443,0.342684093082563,0.3793103448275862,0.22149837133550485,0.29644012944983816,0.2561695278969957,0.34444444444444444,0.6834170854271356,0.6233766233766234,0.25,0.5,0.45249537892791125,0.7865405104270072,0.31807692335889826,0.0,0,-1.609437912
0.06392121754700088,0.23023060652634644,0.05022708111648242,0.06934306569343066,0.12921348314606743,0.425,0.475,0.0704494740197641,0.25287356321839083,0.2593254176736366,0.12880258899676375,0.10997854077253219,0.46944444444444444,0.5326633165829145,0.6623376623376623,0.0,0.0,0.18114602587800369,0.5574235595540196,7.769230779328165e-29,0.0,0,-1.609437912
1.0,0.30671287841774264,0.09596338897473944,0.14233576642335766,0.6629213483146067,0.39444444444444443,0.09722222222222222,0.12496015301243225,0.21839080459770116,0.2622675212777135,0.1825242718446602,0.1488733905579399,0.11666666666666667,0.5879396984924623,0.4675324675324675,0.0,0.0,0.13123844731977818,0.37020632887429944,3.923076928176923e-24,0.0,0,-1.609437912
0.2820053715308863,0.8891387645262357,0.07011794400502815,0.12627737226277372,0.7415730337078652,0.15,0.10277777777777777,0.09467644246094996,0.14942528735632185,0.2523904591783125,0.10485436893203884,0.08744635193133048,0.13055555555555556,0.4020100502512563,0.44155844155844154,0.0,0.0,0.11497227356746766,0.7944943079526264,6.000000007799999e-25,0.0,0,-1.609437912
0.1382273948075201,0.058595075598426055,0.11896798876498998,0.17883211678832117,0.43258426966292135,0.24722222222222223,0.25277777777777777,0.15109977685686962,0.1839080459770115,0.24965850583166962,0.14983818770226537,0.12687768240343347,0.28888888888888886,0.37185929648241206,0.4935064935064935,0.25,0.0,0.1922365988909427,0.9031491861101646,1.5192307712057689e-22,0.0,0,-1.609437912
0.18495971351835275,0.5837398623508506,0.16178243098446732,0.13503649635036497,0.42134831460674155,0.7472222222222222,0.2388888888888889,0.19827861013707362,0.3563218390804598,0.3033518966060733,0.2459546925566343,0.31223175965665234,0.24722222222222223,0.25125628140703515,0.24675324675324675,0.0,0.0,0.13123844731977818,0.08640842936754418,1.7115384637634614e-24,0.0,0,-1.609437912
0.1584601611459266,0.18221261484321177,0.12067318342929015,0.26204379562043795,0.5112359550561798,0.36944444444444446,0.19722222222222222,0.15301243226012112,0.3333333333333333,0.2447199747819691,0.14142394822006474,0.1046137339055794,0.26666666666666666,0.6934673366834171,0.4025974025974026,0.25,0.0,0.2524953789279113,0.664622959957155,2.296153849138839e-06,0.0,0,-1.609437912
0.20143240823634737,0.3341565512991489,0.2047304725414424,0.10364963503649635,0.29775280898876405,0.5277777777777778,0.6111111111111112,0.24418233981510998,0.28735632183908044,0.2544919617526531,0.2621359223300971,0.21646995708154507,0.49722222222222223,0.8241206030150754,0.33766233766233766,0.25,0.0,0.2144177449168207,0.2997864697258406,2.8653846191096126e-26,0.0,0,-1.609437912
0.38263205013428825,0.900542674669582,0.04818258237905997,0.06934306569343066,0.29213483146067415,0.08333333333333333,0.48333333333333334,0.06789926681542875,0.40229885057471265,0.25197015866344435,0.07540453074433658,0.06223175965665236,0.4888888888888889,0.6633165829145728,0.4155844155844156,0.0,0.0,0.17190388170055454,0.8161502921989243,7.769230779328165e-29,0.0,0,-1.609437912
0.35398388540734105,0.8113664599938714,0.05382930486744825,0.07664233576642336,0.39325842696629215,0.9444444444444444,0.625,0.07491233662735097,0.22988505747126436,0.2782389408427025,0.11715210355987055,0.21110515021459228,0.6055555555555555,0.8140703517587939,0.44155844155844154,0.0,0.0,0.13863216266173753,0.6348063540482642,3.2576923119270475e-28,0.0,0,-1.609437912
0.047448522829006266,0.8432513692617889,0.25985281429736057,0.3978102189781022,0.6629213483146067,0.07222222222222222,0.025,0.3015620019126554,0.632183908045977,0.22465062519701584,0.25210355987055016,0.23122317596566525,1.0,0.6633165829145728,0.7012987012987013,0.0,0.5,0.3900184842883549,0.7028911784697863,0.12038461552227518,0.0,1,-1.609437912
0.1700984780662489,0.6706170974367615,0.07925605486972838,0.13138686131386862,0.6573033707865169,0.8305555555555556,0.8111111111111111,0.1055148230793752,0.1724137931034483,0.2584848166439004,0.13300970873786408,0.1298283261802575,0.8083333333333333,0.6381909547738693,0.987012987012987,0.0,0.0,0.12754158964879853,0.29321721164114395,1.1153846168346152e-24,0.0,0,-1.609437912
0.2769919427036705,0.3466868669539424,0.08961975310832575,0.11861313868613138,0.30337078651685395,0.525,0.7027777777777777,0.11762830729996812,0.12643678160919541,0.23442261216769988,0.11974110032362459,0.0,0.6972222222222222,0.7386934673366834,0.8441558441558441,0.0,0.0,0.13123844731977818,0.267602024417253,2.2653846183296144e-25,0.0,0,-1.609437912
0.24261414503133394,0.6498781456890896,0.04286688066309594,0.06386861313868614,0.6685393258426966,0.7833333333333333,0.8583333333333333,0.06120497290404845,0.1839080459770115,0.260481244089524,0.12977346278317153,0.11587982832618025,0.8416666666666667,0.8592964824120602,0.7792207792207793,0.25,0.0,0.09463955637707948,0.24014329997357384,2.4423076954800882e-29,0.0,0,-1.609437912
0.3375111906893465,0.40258593324363245,0.07763382215436729,0.15693430656934307,0.6123595505617978,0.5611111111111111,0.8972222222222223,0.10360216767612368,0.45977011494252873,0.25554271303982345,0.1268608414239482,0.11131974248927039,0.9388888888888889,0.7939698492462312,0.922077922077922,0.25,0.0,0.1756007393715342,0.13081742942807428,1.8576923101073075e-23,0.0,0,-1.609437912
0.15094001790510297,0.6735555823478457,0.32041621954186544,0.3722627737226277,0.4606741573033708,0.8527777777777777,0.6944444444444444,0.3630857507172458,0.4942528735632184,0.2181359672165598,0.3161812297734628,0.28969957081545067,1.0,0.6532663316582915,0.974025974025974,0.0,0.5,0.36414048059149723,0.30077579984845737,0.06230769238364538,0.0,1,-1.609437912
0.21486123545210384,0.9431907021071293,0.04589513990944212,0.07481751824817519,0.48314606741573035,0.1,0.23333333333333334,0.06503028371055149,0.4482758620689655,0.2526006094357465,0.07605177993527508,0.06491416309012875,0.2611111111111111,0.592964824120603,0.6753246753246753,0.0,0.0,0.14011090573012938,0.893500058393646,2.3038461568408933e-28,0.0,0,-1.609437912
0.1677708146821844,0.1424803730170297,0.06480752454045723,0.05364963503649635,0.7078651685393258,0.2916666666666667,0.13055555555555556,0.08830092445011158,0.3793103448275862,0.2617421456341284,0.18284789644012944,0.12446351931330472,0.15555555555555556,0.6180904522613065,0.7792207792207793,0.0,0.0,0.37153419593345655,0.746913735773766,2.2423076951966535e-30,0.0,0,-1.609437912
0.20411817367949867,0.5747745026451955,0.1116120082875013,0.14489051094890512,0.6348314606741573,0.6777777777777778,0.8,0.14281160344277974,0.19540229885057472,0.2584848166439004,0.16957928802588998,0.15128755364806867,0.8166666666666667,0.6180904522613065,0.7792207792207793,0.5,0.5,0.37153419593345655,0.06944753706491952,5.192307699057693e-24,0.0,0,-1.609437912
0.13339301700984782,0.2804384813010646,0.02389596103514448,0.08394160583941605,0.2696629213483146,0.48333333333333334,0.7638888888888888,0.03634045266177877,0.1839080459770115,0.2278028790585268,0.030097087378640777,0.0,0.7527777777777778,0.6030150753768844,0.7662337662337663,0.5,0.0,0.266173752310536,0.436477445386345,1.2269230785180508e-27,0.0,0,-1.609437912
0.1597135183527305,0.014677562527828628,0.06639534537860264,0.12773722627737227,0.4550561797752809,0.19166666666666668,0.275,0.09021357985336309,0.25287356321839083,0.2514447830198592,0.09676375404530745,0.07698497854077253,0.2722222222222222,0.8341708542713567,0.8051948051948052,0.0,0.0,0.1589648798521257,0.9765897648741927,7.153846163146153e-25,0.0,0,-1.609437912
0.13428827215756492,0.8024186525246508,0.06666043040520901,0.19744525547445255,0.7696629213483146,0.008333333333333333,0.0,0.090532355753905,0.3563218390804598,0.2527056845644636,0.1022653721682848,0.08610515021459228,0.8444444444444444,0.7587939698492462,0.8571428571428571,0.0,0.0,0.1977818853974122,0.6150233900325034,7.615384625284614e-22,0.0,0,-1.609437912
0.30134288272157567,0.11088691834781093,0.05460511104439579,0.10875912408759124,0.6629213483146067,0.23333333333333334,0.18888888888888888,0.07586866432897672,0.22988505747126436,0.2506041819901229,0.08025889967637541,0.054989270386266095,0.18055555555555555,0.6130653266331658,0.6363636363636364,0.0,0.0,0.09722735674676525,0.8084095858411158,5.961538469288457e-26,0.0,0,-1.609437912
0.1432408236347359,0.11227093727940207,0.18909167529185547,0.12153284671532846,0.5056179775280899,0.3055555555555556,0.3888888888888889,0.22760599298693018,0.4827586206896552,0.2501838814752548,0.23462783171521034,0.19340128755364808,1.0,0.6984924623115578,0.6363636363636364,0.0,0.0,0.11016635859519408,0.8057855047643147,3.3000000042899995e-25,0.0,1,-1.609437912
0.08630259623992836,0.19741576648463854,0.09154498183284099,0.09124087591240876,0.2640449438202247,0.39166666666666666,0.3888888888888889,0.11985973860376156,0.19540229885057472,0.23652411474204055,0.1022653721682848,0.0,0.35555555555555557,0.6331658291457286,0.6623376623376623,0.25,0.0,0.07948243992606285,0.6316105579257368,4.2307692362692046e-27,0.0,0,-1.609437912
0.1606087735004476,0.1698452075739171,0.09734912903115558,0.14963503649635038,0.7471910112359551,0.3194444444444444,0.11944444444444445,0.12655403251514186,0.41379310344827586,0.24839760428706525,0.12006472491909385,0.10005364806866952,0.125,0.6331658291457286,0.6493506493506493,0.25,0.0,0.1622920517560074,0.6908486041895378,8.692307703607692e-24,0.0,0,-1.609437912
0.29328558639212177,0.7644527804728577,0.0642792856252971,0.17956204379562044,0.9887640449438202,0.14444444444444443,0.019444444444444445,0.08766337264902774,0.20689655172413793,0.25680361458442785,0.13559870550161812,0.09951716738197425,0.0,0.6884422110552764,0.6753246753246753,0.5,0.0,0.22624768946395563,0.527779344885245,1.623076925186923e-22,0.0,0,-1.609437912
0.1495076096687556,0.8220295045036201,0.008371157439199615,0.11313868613138686,0.6741573033707865,0.011111111111111112,0.9972222222222222,0.014026139623844438,0.10344827586206896,0.2550173373962383,0.03365695792880259,0.06786480686695279,0.002777777777777778,0.5125628140703518,0.8311688311688312,0.0,0.0,0.10166358595194085,0.6579924305126453,1.092307693727692e-25,0.0,0,-1.609437912
0.1142345568487019,0.13166657793700143,0.12209631952697043,0.11167883211678832,0.3258426966292135,0.3111111111111111,0.28055555555555556,0.15460631176283074,0.1839080459770115,0.2345276872964169,0.11488673139158576,0.03755364806866953,0.24444444444444444,0.38190954773869346,0.5454545454545454,0.0,0.0,0.22365988909426987,0.7683431577883704,8.961538473188457e-26,0.0,0,-1.609437912
0.1615040286481647,0.7138540993868191,0.063487909037727,0.07700729927007299,0.9044943820224719,0.7416666666666667,0.21388888888888888,0.08670704494740197,0.21839080459770116,0.23662918987075757,0.06601941747572816,0.0,0.18611111111111112,0.5025125628140703,0.5194805194805194,0.25,0.0,0.06506469500924214,0.4038010442433019,3.492307696847432e-28,0.0,0,-1.609437912
0.38943598925693823,0.9324052471705075,0.2888645066793785,0.635036496350365,0.46629213483146065,0.05555555555555555,0.34444444444444444,0.33120816066305386,0.40229885057471265,0.22696227802879057,0.298705501618123,0.2583154506437768,0.3277777777777778,0.6482412060301508,0.5714285714285714,0.0,0.5,0.6303142329020333,0.8744628217441922,0.8192307694232884,0.0,0,-1.609437912
0.15541629364368847,0.16130346397251327,0.1641377198709781,0.354014598540146,0.601123595505618,0.34444444444444444,0.18333333333333332,0.20082881734140898,0.10344827586206896,0.22086792056320267,0.15080906148867315,0.0,0.1527777777777778,0.3869346733668342,0.6103896103896104,0.75,0.5,0.3456561922365989,0.7086363849207492,0.033115384657008994,0.0,0,-1.609437912
0.13393017009847807,0.21733721452950872,0.10823569340650381,0.24379562043795622,0.550561797752809,0.4111111111111111,0.06388888888888888,0.1389862926362767,0.40229885057471265,0.24545550068298833,0.1203883495145631,0.0992489270386266,0.022222222222222223,0.46733668341708545,0.6363636363636364,0.0,0.0,0.23401109057301295,0.5870499237675314,2.8576923114073072e-09,0.0,0,-1.609437912
0.1611459265890779,0.6233352967872259,0.07172071695427575,0.12408759124087591,0.5955056179775281,0.7916666666666666,0.8305555555555556,0.09658909786420147,0.14942528735632185,0.2531259850793317,0.11067961165048544,0.09281115879828326,0.7777777777777778,0.6381909547738693,0.7272727272727273,0.0,0.0,0.12421441774491682,0.17421365032129543,4.5769230828730765e-25,0.0,0,-1.609437912
0.29328558639212177,0.1402066229723708,0.05954910269190217,0.1510948905109489,0.3089887640449438,0.26944444444444443,0.8388888888888889,0.0819254064392732,0.20689655172413793,0.2875906272985184,0.12977346278317153,0.24678111587982832,0.8361111111111111,0.2864321608040201,0.7532467532467533,0.25,0.0,0.15748613678373383,0.7514531101116386,1.0153846167046154e-23,0.0,0,-1.609437912
0.19964189794091317,0.6017742121206694,0.17063442594040243,0.08759124087591241,0.3595505617977528,0.7444444444444445,0.19722222222222222,0.2078418871533312,0.034482758620689655,0.21529893874119993,0.2022653721682848,0.0,0.2111111111111111,0.7437185929648241,0.7272727272727273,0.0,0.0,0.3035120147874307,0.12420309319765,2.300000002989974e-27,0.0,0,-1.609437912
0.49919427036705455,0.3121197511255831,0.024598798733329066,0.06569343065693431,0.848314606741573,0.5277777777777778,0.6027777777777777,0.03729678036340452,0.1839080459770115,0.25753914048544707,0.127831715210356,0.10756437768240343,0.025,0.7537688442211056,0.7402597402597403,0.25,0.0,0.11608133086876156,0.35639342022017917,3.6230769277843186e-29,0.0,0,-1.609437912
0.07394807520143243,0.39308139016996313,0.04640228126732807,0.08686131386861314,0.2752808988764045,0.7111111111111111,0.6305555555555555,0.06566783551163533,0.12643678160919541,0.25575286329725755,0.08058252427184466,0.09549356223175966,0.6361111111111111,0.3869346733668342,0.7012987012987013,0.25,0.0,0.16081330868761554,0.15261764526669955,2.0307692334092045e-27,0.0,0,-1.609437912
0.15541629364368847,0.15022821331710506,0.09596338897473944,0.07664233576642336,0.8033707865168539,0.20555555555555555,0.15555555555555556,0.12496015301243225,0.25287356321839083,0.212251760008406,0.07540453074433658,0.0,0.125,0.5778894472361809,0.7012987012987013,0.25,0.0,0.2953789279112754,0.7313100598728348,3.2576923119270475e-28,0.0,0,-1.609437912
0.49740376007162035,0.3291188861557756,0.062171595645669826,0.12408759124087591,0.7247191011235955,0.4777777777777778,0.03888888888888889,0.08511316544469238,0.16091954022988506,0.25753914048544707,0.127831715210356,0.10756437768240343,0.025,0.7537688442211056,0.7272727272727273,0.25,0.0,0.18373382624768947,0.3127479007983816,4.5769230828730765e-25,0.0,0,-1.609437912
0.39247985675917635,0.16757411338125694,0.10543145632903042,0.17408759124087592,0.39325842696629215,0.3,0.3111111111111111,0.1357985336308575,0.12643678160919541,0.2511295576337081,0.141747572815534,0.11722103004291845,0.31666666666666665,0.457286432160804,0.8051948051948052,0.0,0.0,0.1634011090573013,0.6956038341874363,9.846153858953846e-23,0.0,0,-1.609437912
0.17457475380483437,0.09838773217552996,0.09044425825425849,0.19635036496350364,0.6348314606741573,0.25833333333333336,0.2222222222222222,0.11858463500159389,0.3103448275862069,0.2383103919302301,0.06763754045307444,0.028433476394849784,0.20277777777777778,0.24120603015075376,0.9090909090909091,0.25,0.0,0.19815157116451015,0.8318270311064583,6.961538470588459e-22,0.0,0,-1.609437912
0.1444941808415398,0.8872002048878839,0.02273021536055864,0.11569343065693431,0.25842696629213485,0.14166666666666666,0.24722222222222223,0.03474657315906918,0.4942528735632184,0.24230324682147733,0.03300970873786408,0.0,0.24722222222222223,0.4371859296482412,0.8051948051948052,0.0,0.0,0.17634011090573012,0.7907703896580628,1.5423076943126915e-25,0.0,0,-1.609437912
0.14019695613249777,0.15463407335246196,0.17775376131932286,0.22445255474452555,0.4101123595505618,0.34444444444444444,0.3111111111111111,0.21549250876633727,0.20689655172413793,0.2428286224650625,0.19838187702265372,0.1724785407725322,0.29444444444444445,0.6633165829145728,0.6363636363636364,0.0,0.0,0.24214417744916822,0.722342552529906,1.2038461554111537e-16,0.0,0,-1.609437912
0.1561324977618621,0.1268335206067585,0.0757463246572334,0.05693430656934306,0.7528089887640449,0.21666666666666667,0.6722222222222223,0.10137073637233025,0.06896551724137931,0.20909950614689501,0.08608414239482201,0.0,0.6861111111111111,0.41708542713567837,0.45454545454545453,0.0,0.0,0.2532347504621072,0.7777912083970073,5.0000000064739615e-30,0.0,0,-1.609437912
0.38352730528200535,0.7487830706703644,0.0682535928096229,0.1343065693430657,0.5898876404494382,0.875,0.75,0.09244501115715652,0.5287356321839081,0.2578543658715982,0.12491909385113269,0.11668454935622317,0.7777777777777778,0.5678391959798995,0.45454545454545453,0.0,0.0,0.12310536044362293,0.49025663237018907,1.573076925121923e-24,0.0,0,-1.609437912
0.5760071620411819,0.23648423285640183,0.2159404678648202,0.11532846715328467,0.7247191011235955,0.34444444444444444,0.3472222222222222,0.255977048135161,0.19540229885057472,0.13134391089629086,0.1925566343042071,0.0,0.3611111111111111,0.8743718592964824,0.7272727272727273,0.0,0.0,0.22365988909426987,0.5428342142160648,1.4692307711407687e-25,0.0,0,-1.609437912
0.24476275738585496,0.0636791672118052,0.0948564905090249,0.1386861313868613,0.48314606741573035,0.23055555555555557,0.24444444444444444,0.12368504941026458,0.1724137931034483,0.23967636860355152,0.07605177993527508,0.06035407725321888,0.19166666666666668,0.45226130653266333,0.7532467532467533,0.0,0.0,0.12754158964879853,0.8943003849955297,2.6076923110823075e-24,0.0,0,-1.609437912
0.33178155774395707,0.3558528396109627,0.0948564905090249,0.13138686131386862,0.6629213483146067,0.5194444444444445,0.8972222222222223,0.12368504941026458,0.3333333333333333,0.25354628559419984,0.13689320388349516,0.11775751072961374,0.8944444444444445,0.46733668341708545,0.7532467532467533,0.0,0.0,0.12014787430683918,0.24419981091885273,1.1153846168346152e-24,0.0,0,-1.609437912
0.3863921217547001,0.05610844947722227,0.04691010126295866,0.17335766423357665,0.4044943820224719,0.17777777777777778,0.7194444444444444,0.06630538731271916,0.09195402298850575,0.26930755490175473,0.0970873786407767,0.17221030042918456,0.6888888888888889,0.7839195979899497,0.7402597402597403,0.0,0.0,0.28170055452865067,0.9074499788841108,9.192307704257691e-23,0.0,0,-1.609437912
0.22954341987466426,0.5886363280129149,0.12494834998839081,0.10583941605839416,0.4606741573033708,0.7472222222222222,0.05277777777777778,0.15779407076824992,0.1724137931034483,0.24535042555427128,0.14336569579288025,0.12017167381974249,0.03888888888888889,0.457286432160804,0.8181818181818182,0.25,0.0,0.1467652495378928,0.09622075168088223,3.92307692817692e-26,0.0,0,-1.609437912
0.32282900626678607,0.8584614588878106,0.022265943189255292,0.059124087591240874,0.7471910112359551,0.04722222222222222,0.019444444444444445,0.03410902135798534,0.367816091954023,0.2559630135546916,0.08090614886731391,0.07725321888412018,0.03333333333333333,0.7336683417085427,0.4805194805194805,0.0,0.0,0.16266173752310537,0.7340685043240122,8.384615395489346e-30,0.0,0,-1.609437912
0.19104744852282898,0.354371494659821,0.11982023398640676,0.19708029197080293,0.38764044943820225,0.5361111111111111,0.5694444444444444,0.1520561045584954,0.10344827586206896,0.2646842492382053,0.19579288025889968,0.1786480686695279,0.5972222222222222,0.7236180904522613,0.6623376623376623,0.25,0.0,0.266173752310536,0.24796949520752695,7.384615394215384e-22,0.0,0,-1.609437912
0.1303491495076097,0.6680402912642301,0.19208826779435217,0.22445255474452555,0.37640449438202245,0.8472222222222222,0.7222222222222222,0.2307937519923494,0.21839080459770116,0.215509088998634,0.16181229773462782,0.1059549356223176,0.6916666666666667,0.17587939698492464,0.44155844155844154,0.0,0.0,0.2144177449168207,0.2865923879119191,1.2038461554111537e-16,0.0,0,-1.609437912
0.19247985675917637,0.7348693671500188,0.027672417446393767,0.18248175182481752,0.6741573033707865,0.8972222222222223,0.9083333333333333,0.04144086707044947,0.14942528735632185,0.25375643585163393,0.061488673139158574,0.05847639484978541,0.9277777777777778,0.31155778894472363,0.45454545454545453,0.25,0.0,0.1733826247689464,0.4562511364104439,2.1076923104323074e-22,0.0,0,-1.609437912
0.18263205013428827,0.07486441617586456,0.13067493387541457,0.15693430656934307,0.38202247191011235,0.2361111111111111,0.30277777777777776,0.1641695887790883,0.13793103448275862,0.23505306294000208,0.13818770226537216,0.054184549356223174,0.2972222222222222,0.5175879396984925,0.7142857142857143,0.0,0.0,0.17190388170055454,0.8745659761958028,1.8576923101073075e-23,0.0,0,-1.609437912
0.027394807520143262,0.7701275747309427,0.063487909037727,0.12226277372262774,0.9775280898876404,0.23333333333333334,0.12222222222222222,0.08670704494740197,0.25287356321839083,0.257223915099296,0.11650485436893204,0.10783261802575107,0.1111111111111111,0.9296482412060302,0.6623376623376623,0.25,0.0,0.11534195933456562,0.5411552988270811,3.6230769277869227e-25,0.0,0,-1.609437912
0.12497761862130709,0.15211130763093034,0.15884379234269472,0.23357664233576642,0.3258426966292135,0.3333333333333333,0.35,0.19509085113165445,0.1839080459770115,0.23169065882105705,0.12168284789644013,0.14484978540772533,0.3861111111111111,0.6130653266331658,0.4935064935064935,0.5,0.0,0.22365988909426987,0.7274857061486242,3.453846158336154e-12,0.0,0,-1.609437912
0.1312444046553268,0.8890785218430011,0.06772203623675871,0.07445255474452554,0.651685393258427,0.09444444444444444,0.13055555555555556,0.09180745935607268,0.28735632183908044,0.24808237890091414,0.08673139158576051,0.04586909871244635,0.13333333333333333,0.6733668341708543,0.6623376623376623,0.0,0.0,0.2144177449168207,0.7943787713917777,2.1461538489435855e-28,0.0,0,-1.609437912
0.06624888093106536,0.36514484467715475,0.04971498722234007,0.08759124087591241,0.550561797752809,0.5833333333333334,0.8055555555555556,0.06981192221868027,0.11494252873563218,0.2945255857938426,0.12750809061488674,0.2658261802575107,0.7055555555555556,0.7537688442211056,0.4675324675324675,0.0,0.0,0.07578558225508318,0.22070254812993975,2.300000002989974e-27,0.0,0,-1.609437912
0.13661593554162937,0.6568971576100167,0.08142519474536523,0.08394160583941605,0.7808988764044944,0.75,0.9305555555555556,0.10806503028371055,0.05747126436781609,0.26195229589156244,0.1284789644012945,0.15289699570815452,0.9166666666666666,0.6030150753768844,0.4675324675324675,0.0,0.0,0.07208872458410351,0.2580235673021527,1.2269230785180508e-27,0.0,0,-1.609437912
0.036347358997314255,0.2509445631037769,0.05954910269190217,0.05145985401459854,0.7471910112359551,0.48333333333333334,0.9333333333333333,0.0819254064392732,0.1724137931034483,0.25837974151518334,0.1,0.1223175965665236,0.9222222222222223,0.9296482412060302,0.6623376623376623,0.0,0.0,0.11534195933456562,0.5085615538237168,1.284615386259346e-30,0.0,0,-1.609437912
0.19606087735004477,0.6879031648320167,0.04767309097919402,0.1478102189781022,0.19662921348314608,0.8,0.6194444444444445,0.06726171501434491,0.0,0.21529893874119993,0.02394822006472492,0.0,0.625,0.4221105527638191,0.7532467532467533,0.0,0.0,0.26062846580406657,0.33766908726931166,7.153846163146153e-24,0.0,0,-1.609437912
0.1668755595344673,0.2473186704178194,0.026485006783324532,0.09306569343065693,0.702247191011236,0.4305555555555556,0.058333333333333334,0.039846987567739876,0.25287356321839083,0.2544919617526531,0.0634304207119741,0.06625536480686696,0.08333333333333333,0.8291457286432161,0.5064935064935064,0.0,0.0,0.1589648798521257,0.5172247341284055,5.653846161196128e-27,0.0,0,-1.609437912
0.21539838854073412,0.8907707962096945,0.09901508535069357,0.16058394160583941,0.5674157303370787,0.05277777777777778,0.05555555555555555,0.12846668791839336,0.40229885057471265,0.23631396448460648,0.09579288025889968,0.0,0.15833333333333333,0.6180904522613065,0.5194805194805194,0.25,0.0,0.14972273567467653,0.7976197280874223,2.68076923425423e-23,0.0,0,-1.609437912
0.20984780662488808,0.08095661353401877,0.04036313943538816,0.060218978102189784,0.42696629213483145,0.25,0.2861111111111111,0.058017213898629266,0.28735632183908044,0.2610066197331092,0.07864077669902912,0.1298283261802575,0.28888888888888886,0.6180904522613065,0.5064935064935064,0.0,0.0,0.04805914972273567,0.8636602607518066,1.0807692321716266e-29,0.0,0,-1.609437912
0.18889883616830797,0.6212146297796429,0.10599161322018964,0.023722627737226276,0.3089887640449438,0.75,0.2777777777777778,0.13643608543194136,0.28735632183908044,0.2504991068614059,0.141747572815534,0.11427038626609443,0.2722222222222222,0.5879396984924623,0.5844155844155844,0.25,0.0,0.20147874306839186,0.16911757419707252,1.2769228181984612e-34,0.0,0,-1.609437912
0.26051924798567594,0.038979260302918595,0.22111297961439635,0.30656934306569344,0.449438202247191,0.19722222222222222,0.24166666666666667,0.2613962384443736,0.21839080459770116,0.2486077545444993,0.26472491909385115,0.22156652360515022,0.25277777777777777,0.4824120603015075,0.42857142857142855,0.25,0.5,0.5933456561922366,0.9366015075571145,0.0020153846179993347,0.0,0,-1.609437912
0.23008057296329454,0.2027559940321756,0.07601562655033132,0.10583941605839416,0.7921348314606742,0.3388888888888889,0.10277777777777777,0.10168951227287217,0.22988505747126436,0.2305348324051697,0.043042071197411005,0.0,0.075,0.3768844221105528,0.5454545454545454,0.0,0.0,0.09426987060998152,0.6198106585184399,3.92307692817692e-26,0.0,0,-1.609437912
0.1133393017009848,0.2604148579893599,0.18102765129714246,0.06934306569343066,0.8876404494382022,0.48333333333333334,0.25,0.2189990436722984,0.05747126436781609,0.2538615109803509,0.2320388349514563,0.1968884120171674,0.25277777777777777,0.21105527638190955,0.5584415584415584,0.5,0.0,0.32754158964879854,0.4857219292871463,7.769230779328165e-29,0.0,0,-1.609437912
0.3271262309758281,0.05250219904063595,0.22172239965464932,0.2773722627737226,0.43258426966292135,0.19444444444444445,0.25,0.2620337902454574,0.5402298850574713,0.26794157822843334,0.3233009708737864,0.24812231759656653,1.0,0.37185929648241206,0.5454545454545454,0.0,0.0,0.2680221811460259,0.9136558470487988,5.769230776730336e-05,0.0,1,-1.609437912
0.3047448522829006,0.899080958247752,0.19539057841401947,0.26824817518248173,0.5674157303370787,0.041666666666666664,0.06388888888888888,0.23430028689831048,0.47126436781609193,0.2383103919302301,0.2203883495145631,0.1671137339055794,1.0,0.507537688442211,0.5844155844155844,0.25,0.0,0.2587800369685767,0.8133982248144976,1.0076923090022944e-05,0.0,1,-1.609437912
0.23581020590868396,0.12408236833819801,0.18909167529185547,0.14854014598540147,0.5168539325842697,0.2916666666666667,0.25277777777777777,0.22760599298693018,0.19540229885057472,0.2393611432174004,0.2051779935275081,0.17355150214592274,0.17222222222222222,0.5829145728643216,0.4805194805194805,0.0,0.0,0.13752310536044363,0.7831340914841599,7.730769240819231e-24,0.0,0,-1.609437912
0.29149507609668757,0.13538643896978508,0.12409194091782627,0.12007299270072992,0.550561797752809,0.28888888888888886,0.23333333333333334,0.15683774306662415,0.21839080459770116,0.25375643585163393,0.17540453074433657,0.14163090128755365,0.17777777777777778,0.5125628140703518,0.4675324675324675,0.25,0.0,0.38632162661737524,0.7610170459609937,2.738461542021538e-25,0.0,0,-1.609437912
0.5905102954341986,0.29814028452569663,0.026248299839060425,0.043795620437956206,0.33707865168539325,0.41388888888888886,0.39444444444444443,0.03952821166719796,0.4482758620689655,0.24734685299989492,0.038834951456310676,0.0,0.39444444444444443,0.5577889447236181,0.5844155844155844,0.0,0.0,0.031423290203327174,0.3920007587764283,1.573076924861538e-31,0.0,0,-1.609437912
0.3604297224709042,0.09176158837336586,0.10795488324679639,0.1781021897810219,0.6573033707865169,0.19444444444444445,0.16944444444444445,0.13866751673573477,0.3448275862068966,0.24808237890091414,0.13203883495145632,0.10836909871244635,0.2,0.49246231155778897,0.5194805194805194,0.0,0.0,0.23696857670979668,0.8440393177070156,1.423076924926923e-22,0.0,0,-1.609437912
0.2769919427036705,0.08667540388398001,0.1556184192958387,0.20072992700729927,0.6573033707865169,0.2,0.18055555555555555,0.19158431622569333,0.4827586206896552,0.26520962488179045,0.2543689320388349,0.19179184549356224,0.15833333333333333,0.5477386934673367,0.5844155844155844,0.25,0.0,0.28761552680221814,0.8533202557573627,9.96153847448846e-22,0.0,0,-1.609437912
0.40734109221128023,0.7027968696892971,0.07225593558110115,0.06788321167883211,0.8146067415730337,0.775,0.9111111111111111,0.09722664966528531,0.10344827586206896,0.2494483555742356,0.09870550161812297,0.06679184549356224,0.9083333333333333,0.4321608040201005,0.6103896103896104,0.0,0.0,0.26062846580406657,0.3757673989601842,5.769230776728165e-29,0.0,0,-1.609437912
0.17367949865711726,0.709814866240785,0.29608987639169004,0.27007299270072993,0.24157303370786518,0.8611111111111112,0.6333333333333333,0.338540006375518,0.20689655172413793,0.20857413050330986,0.27249190938511325,0.24356223175965666,0.65,0.4221105527638191,0.7272727272727273,0.0,0.0,0.2975970425138632,0.39359042316176274,1.480769232694202e-05,0.0,0,-1.609437912
0.2538943598925694,0.42739116485332473,0.05099641551704448,0.0645985401459854,0.3595505617977528,0.625,0.65,0.07140580172138987,0.3563218390804598,0.24829252915834818,0.07313915857605179,0.0,0.6833333333333333,0.5376884422110553,0.4675324675324675,0.0,0.0,0.10499075785582256,0.07904702998909148,2.865384619107011e-29,0.0,0,-1.609437912
0.37332139659803043,0.22166463675836248,0.13124921093439743,0.19708029197080293,0.9044943820224719,0.2916666666666667,0.041666666666666664,0.16480714058017215,0.25287356321839083,0.2615319953766943,0.2174757281553398,0.16684549356223177,0.10555555555555556,0.5125628140703518,0.5974025974025974,0.25,0.0,0.24214417744916822,0.5771749019855104,7.384615394215384e-22,0.0,0,-1.609437912
0.7371530886302597,0.8022944440329656,0.05408775690086123,0.06934306569343066,0.8876404494382022,0.9861111111111112,0.9833333333333333,0.07523111252789288,0.28735632183908044,0.25648838919827677,0.11844660194174757,0.09415236051502146,0.030555555555555555,0.2864321608040201,0.44155844155844154,0.0,0.0,0.05730129390018484,0.6147466721315762,7.769230779328165e-29,0.0,0,-1.609437912
0.4712623097582812,0.6343744222143519,0.12124220555242304,0.1251824817518248,0.5224719101123596,0.75,0.7694444444444445,0.15364998406120497,0.28735632183908044,0.25354628559419984,0.170873786407767,0.1392167381974249,0.7916666666666666,0.34673366834170855,0.38961038961038963,0.0,0.0,0.11386321626617375,0.20121388859618353,5.23076923756923e-25,0.0,0,-1.609437912
0.21611459265890776,0.19103106482985077,0.06190873415937828,0.10948905109489052,0.5617977528089888,0.3611111111111111,0.23055555555555557,0.08479438954415046,0.3218390804597701,0.2593254176736366,0.12297734627831715,0.11936695278969957,0.19444444444444445,0.7889447236180904,0.5714285714285714,0.5,0.0,0.09796672828096119,0.6455789144277015,6.615384623984611e-26,0.0,0,-1.609437912
0.19570277529095795,0.2126893765841244,0.03639692217818197,0.15693430656934307,0.5056179775280899,0.3888888888888889,0.7333333333333333,0.05291679948995856,0.26436781609195403,0.22979930650415045,0.039482200647249194,0.0,0.6777777777777778,0.4623115577889447,0.4935064935064935,0.25,0.0,0.14602587800369685,0.5975786144383919,1.8576923101073075e-23,0.0,0,-1.609437912
0.24709042076991944,0.17630249542986384,0.09319899964628528,0.11131386861313869,0.6292134831460674,0.3333333333333333,0.24444444444444444,0.12177239400701308,0.39080459770114945,0.24577072606913944,0.10776699029126213,0.07966738197424893,0.12777777777777777,0.3417085427135678,0.5064935064935064,0.25,0.0,0.09981515711645102,0.6772255842509065,8.500000011049995e-26,0.0,0,-1.609437912
0.7033124440465531,0.22356785760563988,0.05642051766708503,0.08394160583941605,0.8820224719101124,0.2777777777777778,0.06388888888888888,0.07810009563277016,0.4367816091954023,0.2617421456341284,0.17216828478964402,0.1255364806866953,0.05555555555555555,0.4723618090452261,0.33766233766233766,0.0,0.0,0.07208872458410351,0.5728098516208987,1.2269230785180508e-27,0.0,0,-1.609437912
0.17761862130707248,0.09270728003707197,0.05954910269190217,0.08759124087591241,0.6573033707865169,0.2361111111111111,0.2,0.0819254064392732,0.3103448275862069,0.2495534307029526,0.0773462783171521,0.05472103004291846,0.16666666666666666,0.6884422110552764,0.4155844155844156,0.0,0.0,0.07578558225508318,0.8423048028696368,2.300000002989974e-27,0.0,0,-1.609437912
0.26320501342882724,0.43850352359218114,0.05228178008384994,0.10693430656934307,0.5112359550561798,0.5944444444444444,0.7888888888888889,0.07299968122409946,0.20689655172413793,0.24965850583166962,0.07249190938511327,0.03969957081545064,0.7555555555555555,0.6130653266331658,0.36363636363636365,0.0,0.0,0.09537892791127542,0.05898194887412851,4.615384621384612e-26,0.0,0,-1.609437912
0.30760966875559537,0.22805728626782154,0.11302235291779777,0.16423357664233576,0.949438202247191,0.25,0.027777777777777776,0.14440548294548933,0.10344827586206896,0.24976358096038664,0.14563106796116504,0.11990343347639484,0.03611111111111111,0.6231155778894473,0.4025974025974026,0.0,0.0,0.2199630314232902,0.5624603494323255,3.846153851153846e-23,0.0,0,-1.609437912
0.2957923008057296,0.5865101777155499,0.12609128568485686,0.18248175182481752,0.6348314606741573,0.6944444444444444,0.8194444444444444,0.1590691743704176,0.022988505747126436,0.27098875696122726,0.1889967637540453,0.21539699570815452,0.8083333333333333,0.507537688442211,0.42857142857142855,0.0,0.0,0.2902033271719039,0.0919152548176021,2.1076923104323074e-22,0.0,0,-1.609437912
0.5863921217547001,0.7609179401108488,0.23824552911165534,0.3905109489051095,0.4606741573033708,0.8611111111111112,0.7222222222222222,0.27924768887472107,0.04597701149425287,0.23400231165283175,0.2407766990291262,0.2261266094420601,0.6138888888888889,0.44221105527638194,0.36363636363636365,0.25,0.5,0.3826247689463956,0.5193894303830173,0.1019230770420721,0.0,0,-1.609437912
0.07305282005371533,0.26788338466770106,0.13124921093439743,0.16058394160583941,0.5449438202247191,0.48333333333333334,0.23333333333333334,0.16480714058017215,0.04597701149425287,0.24230324682147733,0.143042071197411,0.11668454935622317,0.19166666666666668,0.21608040201005024,0.45454545454545453,0.0,0.0,0.46395563770794823,0.4675002335262498,2.68076923425423e-23,0.0,0,-1.609437912
0.06857654431512983,0.747708799372074,0.08961975310832575,0.17518248175182483,0.9775280898876404,0.75,0.9888888888888889,0.11762830729996812,0.2413793103448276,0.24724177787117788,0.11423948220064725,0.07430257510729614,0.9694444444444444,0.2814070351758794,0.4675324675324675,0.0,0.0,0.46395563770794823,0.487653455118396,1.0884615398765384e-22,0.0,0,-1.609437912
0.3369740376007162,0.17048895106124373,0.06586555782171298,0.08357664233576642,0.4887640449438202,0.31666666666666665,0.2833333333333333,0.08957602805227925,0.1724137931034483,0.23137543343490594,0.05954692556634304,0.0,0.25277777777777777,0.44221105527638194,0.5454545454545454,0.25,0.0,0.07171903881700555,0.6894973193749223,1.1500000014949739e-27,0.0,0,-1.609437912
0.4632050134288273,0.21501915776402486,0.026485006783324532,0.03686131386861314,0.2303370786516854,0.325,0.4,0.039846987567739876,0.41379310344827586,0.2642639487233372,0.11067961165048544,0.13894849785407726,0.36944444444444446,0.4221105527638191,0.5194805194805194,0.0,0.0,0.13900184842883548,0.592311038778873,1.8384615382476918e-32,0.0,0,-1.609437912
0.24977618621307074,0.6684441668109159,0.22690992216109027,0.177007299270073,0.5,0.8222222222222222,0.725,0.2674529805546701,0.12643678160919541,0.20899443101817797,0.1692556634304207,0.17677038626609443,0.6583333333333333,0.5025125628140703,0.36363636363636365,0.0,0.0,0.16635859519408502,0.2876304461164504,1.2884615401365384e-22,0.0,0,-1.609437912
0.12748433303491494,0.418025908815078,0.062171595645669826,0.10583941605839416,0.601123595505618,0.6277777777777778,0.8444444444444444,0.08511316544469238,0.1724137931034483,0.2578543658715982,0.1080906148867314,0.11775751072961374,0.8444444444444444,0.2914572864321608,0.4675324675324675,0.25,0.0,0.09426987060998152,0.0975817838157027,3.92307692817692e-26,0.0,0,-1.609437912
0.3747538048343778,0.6687574075883542,0.08305658725973869,0.10948905109489052,0.4438202247191011,0.7972222222222223,0.6472222222222223,0.10997768568696206,0.14942528735632185,0.2418829463066092,0.09029126213592233,0.0,0.6666666666666666,0.22110552763819097,0.44155844155844154,0.5,0.0,0.27171903881700554,0.288435630067042,6.615384623984611e-26,0.0,0,-1.609437912
0.13661593554162937,0.6964119216403842,0.09901508535069357,0.25985401459854013,0.34269662921348315,0.8722222222222222,0.6083333333333333,0.12846668791839336,0.16091954022988506,0.24598087632657348,0.11941747572815534,0.08208154506437768,0.6027777777777777,0.2914572864321608,0.4155844155844156,0.0,0.0,0.3027726432532348,0.35947338391624384,1.269230770880767e-06,0.0,0,-1.609437912
0.5174574753804835,0.6483735688788147,0.19779619496861497,0.17116788321167883,0.5112359550561798,0.7583333333333333,0.7638888888888888,0.23685049410264583,0.3448275862068966,0.23925606808868338,0.215210355987055,0.18186695278969958,0.7472222222222222,0.32663316582914576,0.5324675324675324,0.25,0.0,0.40850277264325324,0.23632718716666953,7.500000009749999e-23,0.0,0,-1.609437912
0.39749328558639213,0.6420781321700687,0.06745644575452557,0.06167883211678832,0.7134831460674157,0.7222222222222222,0.85,0.09148868345553077,0.26436781609195403,0.2529158348218976,0.10453074433656957,0.08744635193133048,0.8444444444444444,0.32663316582914576,0.5714285714285714,0.25,0.0,0.3049907578558225,0.22043973145472606,1.5038461557985497e-29,0.0,0,-1.609437912
0.3410922112802149,0.3122507645399647,0.10571149134132206,0.27007299270072993,0.7471910112359551,0.48333333333333334,0.13333333333333333,0.13611730953139942,0.14942528735632185,0.2493432804455185,0.13527508090614887,0.11185622317596566,0.15555555555555556,0.21105527638190955,0.6233766233766234,0.5,0.0,0.26062846580406657,0.3560581740399801,1.480769232694202e-05,0.0,0,-1.609437912
0.38263205013428825,0.6098258297021538,0.07628504250746965,0.13138686131386862,0.702247191011236,0.6527777777777778,0.8861111111111111,0.10200828817341409,0.3563218390804598,0.2597457181885048,0.16116504854368932,0.12312231759656653,0.8861111111111111,0.10552763819095477,0.44155844155844154,0.0,0.0,0.27171903881700554,0.1423688022886834,1.1153846168346152e-24,0.0,0,-1.609437912
0.2494180841539839,0.11661803634124784,0.039366891905371945,0.06934306569343066,0.5617977528089888,0.2777777777777778,0.21388888888888888,0.05674211029646159,0.13793103448275862,0.24829252915834818,0.04660194174757282,0.0,0.21944444444444444,0.2814070351758794,0.6233766233766234,0.25,0.0,0.1866913123844732,0.797502589547761,7.769230779328165e-29,0.0,0,-1.609437912
0.31477170993733217,0.5877527149975025,0.026248299839060425,0.122992700729927,0.5955056179775281,0.7138888888888889,0.3055555555555556,0.03952821166719796,0.14942528735632185,0.20048334559209835,0.016828478964401296,0.0,0.3055555555555556,0.507537688442211,0.5584415584415584,0.0,0.0,0.11164510166358595,0.09442325269229551,3.961538466688461e-25,0.0,0,-1.609437912
0.42309758281110116,0.27494814110931676,0.11925199200935534,0.18175182481751825,0.5561797752808989,0.40555555555555556,0.175,0.15141855275741153,0.22988505747126436,0.24577072606913944,0.1284789644012945,0.12285407725321888,0.19444444444444445,0.2663316582914573,0.4155844155844156,0.5,0.0,0.17116451016635859,0.4501017070207971,1.9769230794930767e-22,0.0,0,-1.609437912
0.5094001790510295,0.32336306219053995,0.22172239965464932,0.06934306569343066,0.7640449438202247,0.48333333333333334,0.06111111111111111,0.2620337902454574,0.40229885057471265,0.2495534307029526,0.2715210355987055,0.220225321888412,1.0,0.17587939698492464,0.38961038961038963,0.25,0.0,0.12384473197781885,0.3275508709521229,7.769230779328165e-29,0.0,1,-1.609437912
0.24261414503133394,0.1120270430966122,0.07118597686112968,0.12445255474452555,0.5786516853932584,0.2722222222222222,0.21944444444444444,0.09595154606311763,0.3448275862068966,0.2526006094357465,0.10679611650485436,0.08932403433476395,0.17222222222222222,0.7085427135678392,0.4935064935064935,0.25,0.0,0.24399260628465805,0.8062483793942605,4.769230775430769e-25,0.0,0,-1.609437912
0.5219337511190689,0.31776444490561234,0.14686095524791257,0.11058394160583941,0.6741573033707865,0.44722222222222224,0.058333333333333334,0.18202103920943577,0.11494252873563218,0.26069139434695804,0.2174757281553398,0.18240343347639484,0.09166666666666666,0.5025125628140703,0.4675324675324675,0.0,0.0,0.09907578558225508,0.34192943992987224,7.692307702307687e-26,0.0,0,-1.609437912
0.15362578334825427,0.4865453638199381,0.17063442594040243,0.181021897810219,0.4887640449438202,0.6694444444444444,0.7916666666666666,0.2078418871533312,0.42528735632183906,0.24913313018808447,0.20711974110032363,0.17703862660944206,0.8222222222222222,0.5175879396984925,0.42857142857142855,0.0,0.0,0.3345656192236599,0.004098113301618591,1.8500000024049999e-22,0.0,0,-1.609437912
0.3199641897940913,0.5983727277314526,0.22446708105488697,0.20693430656934306,0.6067415730337079,0.7222222222222222,0.8083333333333333,0.26490277335033474,0.5172413793103449,0.2494483555742356,0.2682847896440129,0.22719957081545064,1.0,0.5879396984924623,0.5064935064935064,0.0,0.0,0.1966728280961183,0.11674637251600914,1.642307694442692e-21,0.0,1,-1.609437912
0.11011638316920322,0.7669068571987874,0.08934511700919934,0.5529197080291971,0.5617977528089888,0.9583333333333334,0.8777777777777778,0.11730953139942621,0.40229885057471265,0.2518650835347273,0.12718446601941746,0.1032725321888412,0.8722222222222222,0.32663316582914576,0.5844155844155844,0.25,0.5,0.5471349353049908,0.5335779669535694,0.6269230772271345,0.0,0,-1.609437912
0.30940017905102957,0.8896215036831696,0.1950901083841333,0.33394160583941607,0.5842696629213483,0.03333333333333333,0.06388888888888888,0.23398151099776857,0.4942528735632184,0.2550173373962383,0.2543689320388349,0.20761802575107297,1.0,0.09547738693467336,0.5974025974025974,0.25,0.0,0.32532347504621073,0.7954196953171645,0.013153846170721224,0.0,1,-1.609437912
0.7672336615935542,0.5881017159475923,0.024598798733329066,0.06934306569343066,0.47191011235955055,0.675,0.7388888888888889,0.03729678036340452,0.13793103448275862,0.25880004203005147,0.060841423948220064,0.10783261802575107,0.7222222222222222,0.5879396984924623,0.4805194805194805,0.0,0.0,0.1323475046210721,0.09513183598363097,7.769230779328165e-29,0.0,0,-1.609437912
0.21307072515666964,0.11505603195447651,0.19298827211752853,0.2762773722627737,0.7247191011235955,0.20833333333333334,0.14722222222222223,0.23175007969397513,0.47126436781609193,0.24335399810864766,0.21553398058252426,0.18776824034334763,1.0,0.22110552763819097,0.6623376623376623,0.5,0.0,0.266913123844732,0.8004859750042302,4.769230775430474e-05,0.0,1,-1.609437912
0.170993733213966,0.5125334265790527,0.10291508327636387,0.14890510948905109,0.47752808988764045,0.6833333333333333,0.725,0.13292955052598024,0.1839080459770115,0.2514447830198592,0.14110032362459546,0.11507510729613733,0.75,0.8291457286432161,0.6623376623376623,0.0,0.0,0.19038817005545286,0.0009182799753839478,8.038461548911537e-24,0.0,0,-1.609437912
0.05729632945389436,0.7644266799874158,0.0909944232456885,0.13686131386861314,0.1797752808988764,0.9805555555555555,0.5416666666666666,0.11922218680267772,0.5172413793103449,0.24976358096038664,0.12103559870550162,0.09388412017167382,0.5027777777777778,0.07035175879396985,0.4675324675324675,0.0,0.0,0.1256931608133087,0.5277175578171192,2.115384618134615e-24,0.0,0,-1.609437912
0.394449418084154,0.19528172746492448,0.1477340795022584,0.19708029197080293,0.7752808988764045,0.3,0.1111111111111111,0.18297736691106153,0.3448275862068966,0.2635284228223179,0.24951456310679612,0.1813304721030043,0.11666666666666667,0.5175879396984925,0.6233766233766234,0.0,0.0,0.1866913123844732,0.6362962569936654,7.384615394215384e-22,0.0,0,-1.609437912
0.6252461951656223,0.1356892979426714,0.10347366047109104,0.14343065693430657,0.5056179775280899,0.24444444444444444,0.25,0.13356710232706406,0.14942528735632185,0.25417673636650207,0.15080906148867315,0.12660944206008584,0.25555555555555554,0.5025125628140703,0.4805194805194805,0.25,0.0,0.1323475046210721,0.7604184888945278,4.4230769288269226e-24,0.0,0,-1.609437912
0.5025962399283797,0.2593341805572078,0.17152253804434203,0.25547445255474455,0.7921348314606742,0.3861111111111111,0.07777777777777778,0.20879821485495698,0.14942528735632185,0.2518650835347273,0.21877022653721684,0.1821351931330472,0.08055555555555556,0.45226130653266333,0.2987012987012987,0.25,0.0,0.24584103512014788,0.48834347807894013,3.3730769274619207e-07,0.0,0,-1.609437912
0.5625783348254253,0.3661296199144355,0.17389337392252988,0.1332116788321168,0.5898876404494382,0.48333333333333334,0.20833333333333334,0.21134842205929233,0.06896551724137931,0.24366922349479878,0.20258899676375405,0.1636266094420601,0.18611111111111112,0.47738693467336685,0.2987012987012987,0.0,0.0,0.12199630314232902,0.2182300539284125,1.3846153864153845e-24,0.0,0,-1.609437912
0.14735899731423457,0.7093032696885347,0.08224040969402277,0.033576642335766425,0.7415730337078652,0.8694444444444445,0.24166666666666667,0.10902135798533631,0.3218390804597701,0.25816959125774924,0.15889967637540453,0.11829399141630902,0.2722222222222222,0.3417085427135678,0.4025974025974026,0.0,0.0,0.1878003696857671,0.39229458610642326,5.999999981761538e-33,0.0,0,-1.609437912
0.4458370635631155,0.18717258584131927,0.16915540129683246,0.20656934306569344,0.7134831460674157,0.2972222222222222,0.11388888888888889,0.20624800765062162,0.28735632183908044,0.24240832195019438,0.17475728155339806,0.17006437768240343,0.11666666666666667,0.49748743718592964,0.35064935064935066,0.0,0.0,0.19630314232902032,0.6539470015013736,1.5961538482288458e-21,0.0,0,-1.609437912
0.36526410026857653,0.6832056396063878,0.1309620360957006,0.14233576642335766,0.19101123595505617,0.75,0.6027777777777777,0.1644883646796302,0.034482758620689655,0.25880004203005147,0.18770226537216828,0.1697961373390558,0.6055555555555555,0.5628140703517588,0.4025974025974026,0.0,0.0,0.13974121996303143,0.325600058985741,3.923076928176923e-24,0.0,0,-1.609437912
0.5120859444941809,0.6390529886423302,0.07925605486972838,0.13686131386861314,0.4887640449438202,0.75,0.7222222222222222,0.1055148230793752,0.1839080459770115,0.24387937375223284,0.08640776699029126,0.006169527896995708,0.7722222222222223,0.35175879396984927,0.3116883116883117,0.0,0.0,0.1756007393715342,0.2128584201656802,2.115384618134615e-24,0.0,0,-1.609437912
0.45801253357206795,0.2100284974875428,0.13297377747488626,0.15693430656934307,0.6629213483146067,0.33055555555555555,0.18333333333333332,0.16671979598342365,0.14942528735632185,0.29084795628874643,0.25210355987055016,0.266362660944206,0.9,0.4020100502512563,0.33766233766233766,0.25,0.0,0.1756007393715342,0.6035700556048462,1.8576923101073075e-23,0.0,0,-1.609437912
0.3333930170098478,0.6207492565611467,0.03787832835138976,0.04562043795620438,0.5898876404494382,0.75,0.8083333333333333,0.054829454893210075,0.26436781609195403,0.2520752337921614,0.06375404530744337,0.050965665236051505,0.7861111111111111,0.21608040201005024,0.44155844155844154,0.0,0.0,0.033271719038817,0.16800367196828617,2.6538461570357687e-31,0.0,0,-1.609437912
0.05371530886302596,0.3613174665404333,0.035658972502262326,0.05802919708029197,0.2247191011235955,0.675,0.3388888888888889,0.0519604717883328,0.28735632183908044,0.2622675212777135,0.08349514563106795,0.12258583690987125,0.35555555555555557,0.45226130653266333,0.3116883116883117,0.0,0.0,0.04584103512014787,0.2303467197158731,6.500000008423961e-30,0.0,0,-1.609437912
0.23401969561324976,0.6690876522250586,0.0800686638211076,0.11605839416058394,0.6123595505617978,0.8194444444444444,0.8111111111111111,0.10647115078100096,0.42528735632183906,0.24850267941578227,0.09870550161812297,0.07725321888412018,0.8583333333333333,0.18090452261306533,0.4675324675324675,0.0,0.0,0.10462107208872458,0.2892845936920403,1.6192307713357687e-25,0.0,0,-1.609437912
0.1489704565801253,0.2392796182563776,0.05099641551704448,0.09452554744525547,0.25280898876404495,0.425,0.4388888888888889,0.07140580172138987,0.21839080459770116,0.2528107596931806,0.0831715210355987,0.07188841201716738,0.4222222222222222,0.18090452261306533,0.4805194805194805,0.0,0.0,0.10462107208872458,0.5362668963734667,7.153846163146128e-27,0.0,0,-1.609437912
0.6598030438675022,0.7082584596382587,0.09568652252609221,0.07116788321167883,0.7584269662921348,0.7777777777777778,0.325,0.12464137711189034,0.45977011494252873,0.2586949669013344,0.14692556634304207,0.14511802575107297,0.34444444444444444,0.4623115577889447,0.44155844155844154,0.0,0.0,0.059149722735674676,0.38964641587118143,1.1230769245366625e-28,0.0,0,-1.609437912
0.24350940017905104,0.6474026060278866,0.10571149134132206,0.12554744525547445,0.6573033707865169,0.7833333333333333,0.9666666666666667,0.13611730953139942,0.3448275862068966,0.28118104444677944,0.2343042071197411,0.21620171673819744,0.9666666666666667,0.18090452261306533,0.4155844155844156,0.0,0.0,0.21478743068391867,0.23386811589974238,5.461538468638461e-25,0.0,0,-1.609437912
0.40465532676812893,0.3490747656252282,0.04640228126732807,0.08832116788321168,0.25280898876404495,0.5277777777777778,0.5055555555555555,0.06566783551163533,0.20689655172413793,0.25964064305978773,0.11197411003236246,0.11319742489270386,0.5166666666666667,0.18592964824120603,0.4025974025974026,0.0,0.0,0.07652495378927911,0.26148938260521853,2.6000000033799737e-27,0.0,0,-1.609437912
0.36526410026857653,0.790188740093843,0.07386443400988489,0.21532846715328466,0.25280898876404495,0.9305555555555556,0.4361111111111111,0.09913930506853681,0.47126436781609193,0.2547021120100872,0.12071197411003236,0.10219957081545064,0.45,0.3417085427135678,0.4675324675324675,0.0,0.0,0.20517560073937152,0.5875009362793566,3.161538465648461e-21,0.0,0,-1.609437912
0.7126230975828111,0.3732373851989407,0.04640228126732807,0.04708029197080292,0.3651685393258427,0.48333333333333334,0.5444444444444444,0.06566783551163533,0.26436781609195403,0.2428286224650625,0.05663430420711974,0.0,0.5111111111111111,0.41708542713567837,0.3116883116883117,0.0,0.0,0.21293900184842884,0.20050991944667387,4.000000004939615e-31,0.0,0,-1.609437912
0.09364368845120861,0.8532627188861359,0.023662241435182262,0.09562043795620438,0.6067415730337079,0.05555555555555555,0.35555555555555557,0.036021676761236854,0.26436781609195403,0.25806451612903225,0.14401294498381878,0.0979077253218884,0.38055555555555554,0.2562814070351759,0.33766233766233766,0.0,0.0,0.08391866913123845,0.7235049743956983,8.500000011049974e-27,0.0,0,-1.609437912
0.19695613249776187,0.16252137834005165,0.029585314584703277,0.04854014598540146,0.4101123595505618,0.33611111111111114,0.30833333333333335,0.043991074274784825,0.20689655172413793,0.2270673531575076,0.00744336569579288,0.0,0.3,0.3768844221105528,0.42857142857142855,0.25,0.0,0.03622920517560074,0.7061162464506383,5.9615384690280755e-31,0.0,0,-1.609437912
0.22560429722470904,0.4373317132165578,0.08907058080466729,0.11605839416058394,0.38764044943820225,0.6277777777777778,0.6527777777777778,0.11699075549888428,0.06896551724137931,0.24965850583166962,0.11326860841423948,0.0971030042918455,0.6361111111111111,0.23618090452261306,0.38961038961038963,0.0,0.0,0.10462107208872458,0.06098974264577365,1.6192307713357687e-25,0.0,0,-1.609437912
0.41450313339301703,0.17827396535207746,0.07467026465252999,0.08029197080291971,0.8033707865168539,0.25,0.09444444444444444,0.10009563277016258,0.12643678160919541,0.26489439949563937,0.13656957928802588,0.15933476394849785,0.09444444444444444,0.21105527638190955,0.4025974025974026,0.25,0.0,0.09057301293900184,0.6730359361231731,6.384615392915123e-28,0.0,0,-1.609437912
0.3267681289167413,0.2281364652977004,0.21685227494292555,0.4481751824817518,0.5112359550561798,0.375,0.25,0.2569333758367867,0.06896551724137931,0.20994010717663128,0.1935275080906149,0.11883047210300429,0.25,0.40703517587939697,0.36363636363636365,0.0,0.5,0.4410351201478743,0.5622771518936421,0.2784615387227354,0.0,0,-1.609437912
0.24315129811996422,0.6631348287298932,0.2567535652212437,0.18576642335766425,0.7359550561797753,0.775,0.8777777777777778,0.2983742429072362,0.21839080459770116,0.2547021120100872,0.3181229773462783,0.2604613733905579,0.8888888888888888,0.27638190954773867,0.5064935064935064,0.0,0.0,0.17523105360443622,0.27399581526166533,2.819230772895769e-22,0.0,0,-1.609437912
0.36705461056401073,0.6428833453642665,0.05668044678652521,0.07956204379562044,0.4101123595505618,0.7694444444444445,0.6805555555555556,0.07841887153331208,0.3448275862068966,0.24881790480193336,0.07702265372168285,0.028433476394849784,0.6972222222222222,0.40703517587939697,0.37662337662337664,0.0,0.0,0.06765249537892791,0.22246389213321804,5.615384622684355e-28,0.0,0,-1.609437912
0.30940017905102957,0.12834707645889828,0.06985123952882177,0.08394160583941605,0.43258426966292135,0.2777777777777778,0.2972222222222222,0.09435766656040803,0.1839080459770115,0.25554271303982345,0.12653721682847896,0.09978540772532189,0.28888888888888886,0.09045226130653267,0.4025974025974026,0.0,0.0,0.11866913123844731,0.7748409104246282,1.2269230785180508e-27,0.0,0,-1.609437912
0.2739480752014324,0.3279485682051286,0.05642051766708503,0.1427007299270073,0.5056179775280899,0.48333333333333334,0.7638888888888888,0.07810009563277016,0.25287356321839083,0.2635284228223179,0.1889967637540453,0.13492489270386265,0.7722222222222223,0.2814070351758794,0.4025974025974026,0.0,0.0,0.13160813308687616,0.3157587494896901,4.0769230822230764e-24,0.0,0,-1.609437912
0.20286481647269475,0.033644419012594615,0.0401137913891141,0.0572992700729927,0.5561797752808989,0.19722222222222222,0.21388888888888888,0.05769843799808735,0.14942528735632185,0.22601660187033729,0.04466019417475728,0.0,0.2111111111111111,0.1708542713567839,0.4155844155844156,0.0,0.0,0.27060998151571164,0.9455149653561157,5.461538468612422e-30,0.0,0,-1.609437912
0.2963294538943599,0.6462063465063701,0.16443240191832748,0.023722627737226276,0.6404494382022472,0.775,0.8333333333333334,0.20114759324195092,0.09195402298850575,0.2039508248397604,0.13980582524271845,0.0,0.7972222222222223,0.38190954773869346,0.19480519480519481,0.5,0.0,0.155637707948244,0.23084257245834552,1.2769228181984612e-34,0.0,0,-1.609437912
0.7144136078782453,0.2117948199220572,0.04589513990944212,0.09781021897810219,0.5,0.3111111111111111,0.25,0.06503028371055149,0.14942528735632185,0.24314384785121362,0.04660194174757282,0.0,0.24722222222222223,0.2613065326633166,0.11688311688311688,0.25,0.0,0.08946395563770795,0.5995958121765871,1.1923076938576896e-26,0.0,0,-1.609437912
0.5367949865711727,0.11757758016247045,0.09154498183284099,0.13211678832116788,0.4943820224719101,0.2361111111111111,0.26666666666666666,0.11985973860376156,0.14942528735632185,0.26825680361458437,0.17993527508090615,0.17381974248927037,0.2777777777777778,0.4120603015075377,0.4675324675324675,0.0,0.0,0.13419593345656192,0.7956658900897398,1.2153846169646152e-24,0.0,0,-1.609437912
0.13017009847806624,0.9449900861997149,0.07038477037782975,0.11642335766423358,0.3707865168539326,0.1638888888888889,0.33611111111111114,0.09499521836149187,0.4482758620689655,0.25806451612903225,0.14983818770226537,0.10917381974248927,0.3972222222222222,0.4271356783919598,0.4155844155844156,0.0,0.0,0.21109057301293901,0.8966428275432723,1.7000000022099992e-25,0.0,0,-1.609437912
0.4753804834377798,0.24873971312819598,0.06296098429932456,0.0645985401459854,0.7247191011235955,0.37222222222222223,0.11666666666666667,0.08606949314631814,0.09195402298850575,0.27172428286224654,0.17605177993527507,0.180793991416309,0.10555555555555556,0.32663316582914576,0.3116883116883117,0.0,0.0,0.05249537892791128,0.5138349612411018,2.865384619107011e-29,0.0,0,-1.609437912
0.44995523724261416,0.28973878448030443,0.14163477620990633,0.21532846715328466,0.5617977528089888,0.4166666666666667,0.9277777777777778,0.1762830729996812,0.45977011494252873,0.24524535042555426,0.17119741100323624,0.13063304721030042,1.0,0.3165829145728643,0.2987012987012987,0.0,0.0,0.20517560073937152,0.4132078109473818,3.161538465648461e-21,0.5531069314859551,1,-1.609437912
0.09006266786034021,0.2745651351336815,0.0504833674287922,0.08759124087591241,0.4438202247191011,0.48333333333333334,0.7166666666666667,0.07076824992030603,0.20689655172413793,0.25333613533676574,0.08608414239482201,0.07457081545064377,0.6972222222222222,0.46733668341708545,0.37662337662337664,0.0,0.0,0.11349353049907579,0.4510488382387731,2.300000002989974e-27,0.0,0,-1.609437912
0.30581915846016117,0.9590968429470303,0.04086240222705747,0.08138686131386862,0.550561797752809,0.10277777777777777,0.19166666666666668,0.058654765699713104,0.08045977011494253,0.2527056845644636,0.06957928802588997,0.06062231759656652,0.2222222222222222,0.39195979899497485,0.35064935064935066,0.0,0.0,0.11460258780036968,0.9209587961759902,7.807692317842046e-28,0.0,0,-1.609437912
0.8340196956132497,0.2266550359852015,0.25458652273849264,0.3105839416058394,0.47752808988764045,0.31666666666666665,0.24444444444444444,0.2961428116034428,0.20689655172413793,0.23232110959335925,0.27249190938511325,0.22478540772532188,0.2361111111111111,0.21608040201005024,0.4155844155844156,0.0,0.0,0.30166358595194087,0.565700936780623,0.002826923080587688,0.6421112349266251,0,-1.609437912
0.5085049239033125,0.3633296759963689,0.07844443817316546,0.040145985401459854,0.42696629213483145,0.48333333333333334,0.3138888888888889,0.10455849537774944,0.13793103448275862,0.2331617106230955,0.0889967637540453,0.0,0.28055555555555556,0.32663316582914576,0.33766233766233766,0.25,0.0,0.027726432532347505,0.2252697491475844,5.230769234965383e-32,0.0,0,-1.609437912
0.6549686660698298,0.3640336526139134,0.07655457225313131,0.1291970802919708,0.7696629213483146,0.5861111111111111,0.9722222222222222,0.102327064073956,0.3448275862068966,0.2582746663864663,0.15663430420711974,0.11587982832618025,0.9361111111111111,0.2613065326633166,0.33766233766233766,0.0,0.0,0.11792975970425139,0.22349698037602772,8.576923088073077e-25,0.0,0,-1.609437912
0.40107430617726053,0.5513827767559631,0.0613834160393553,0.08029197080291971,0.4044943820224719,0.6472222222222223,0.6805555555555556,0.08415683774306662,0.10344827586206896,0.24041189450457073,0.07346278317152104,0.0,0.7138888888888889,0.36683417085427134,0.4155844155844156,0.0,0.0,0.06839186691312385,0.03249449148394481,6.384615392915123e-28,0.0,0,-1.609437912
0.3136974037600716,0.15967920481610692,0.09126965343819837,0.1551094890510949,0.8033707865168539,0.21666666666666667,0.10277777777777777,0.11954096270321964,0.21839080459770116,0.24724177787117788,0.11197411003236246,0.08315450643776824,0.1388888888888889,0.38190954773869346,0.4155844155844156,0.0,0.0,0.14417744916820702,0.7119890455747472,1.5384615404615383e-23,0.0,0,-1.609437912
0.5412712623097582,0.1504351387430833,0.18102765129714246,0.2240875912408759,0.5786516853932584,0.2638888888888889,0.21666666666666667,0.2189990436722984,0.08045977011494253,0.2493432804455185,0.22362459546925567,0.18401287553648069,0.20555555555555555,0.38190954773869346,0.33766233766233766,0.0,0.0,0.21404805914972275,0.7308904306980082,6.923076932076922e-17,0.0,0,-1.609437912
0.367591763652641,0.11790149971004447,0.029345346692006787,0.04708029197080292,0.601123595505618,0.25,0.19444444444444445,0.043672298374242906,0.3103448275862069,0.2492382053168015,0.040453074433656956,0.0,0.20277777777777778,0.1658291457286432,0.3246753246753247,0.25,0.0,0.06839186691312385,0.7950451752239429,4.000000004939615e-31,0.0,0,-1.609437912
0.17547000895255147,0.4706350012922398,0.1169821792431799,0.18065693430656934,0.4943820224719101,0.6472222222222223,0.7416666666666667,0.14886834555307618,0.16091954022988506,0.24030681937585371,0.11521035598705502,0.08851931330472103,0.7277777777777777,0.3869346733668342,0.37662337662337664,0.0,0.0,0.17005545286506468,0.015736713302711102,1.7923076946376924e-22,0.0,0,-1.609437912
0.30760966875559537,0.4325648236792615,0.15503280002828165,0.19927007299270072,0.3595505617977528,0.6277777777777778,0.6666666666666666,0.1909467644246095,0.10344827586206896,0.22212882210780707,0.143042071197411,0.0,0.6583333333333333,0.48743718592964824,0.4025974025974026,0.0,0.0,0.20961182994454713,0.06942623297047781,8.846153857653845e-22,0.0,0,-1.609437912
0.5242614145031333,0.7764466257879992,0.2589226124838071,0.32116788321167883,0.4550561797752809,0.8833333333333333,0.7,0.3006056742110296,0.45977011494252873,0.2660502259115267,0.3511326860841424,0.27548283261802575,1.0,0.15577889447236182,0.4025974025974026,0.0,0.0,0.3123844731977819,0.5559129738585771,0.006153846161796921,0.0,1,-1.609437912
0.30044762757385857,0.21036666293566095,0.09651740408016687,0.12408759124087591,0.34831460674157305,0.35833333333333334,0.31666666666666665,0.1255977048135161,0.19540229885057472,0.23662918987075757,0.0854368932038835,0.0,0.33055555555555555,0.35175879396984927,0.4025974025974026,0.0,0.0,0.11275415896487985,0.6028100798738916,4.5769230828730765e-25,0.0,0,-1.609437912
0.03706356311548789,0.1249298076515646,0.11330466905345844,0.19160583941605838,0.47752808988764045,0.35833333333333334,0.25277777777777777,0.14472425884603124,0.22988505747126436,0.2550173373962383,0.16601941747572815,0.1378755364806867,0.2777777777777778,0.18090452261306533,0.38961038961038963,0.0,0.0,0.28133086876155267,0.7814910355294934,4.653846159896153e-22,0.0,0,-1.609437912
0.1435989256938227,0.27024651888685214,0.07091878716011668,0.0864963503649635,0.10112359550561797,0.5027777777777778,0.5083333333333333,0.09563277016257571,0.2988505747126437,0.20552695177051591,0.05889967637540453,0.0,0.5194444444444445,0.2914572864321608,0.44155844155844154,0.0,0.0,0.07467652495378928,0.46169759966659263,1.9076923101722814e-27,0.0,0,-1.609437912
0.21038495971351837,0.2934652585533831,0.04061267668312601,0.04854014598540146,0.7471910112359551,0.48333333333333334,0.8861111111111111,0.058335989799171185,0.08045977011494253,0.25743406535673,0.0854368932038835,0.10032188841201717,0.8638888888888889,0.18592964824120603,0.42857142857142855,0.25,0.0,0.12902033271719038,0.40382179565120335,5.9615384690280755e-31,0.0,0,-1.609437912
0.37421665174574753,0.217967246745053,0.03224048972779665,0.04854014598540146,0.33707865168539325,0.3527777777777778,0.33611111111111114,0.047497609180745935,0.11494252873563218,0.2554376379111064,0.06310679611650485,0.08395922746781116,0.3388888888888889,0.7638190954773869,0.38961038961038963,0.0,0.0,0.03622920517560074,0.585616535565944,5.9615384690280755e-31,0.0,0,-1.609437912
0.2757385854968666,0.6867827584165526,0.06985123952882177,0.11386861313868613,0.21910112359550563,0.7916666666666666,0.24722222222222223,0.09435766656040803,0.367816091954023,0.27172428286224654,0.1168284789644013,0.19554721030042918,0.25277777777777777,0.32160804020100503,0.4025974025974026,0.5,0.0,0.10240295748613679,0.33479208087465534,1.207692309262307e-25,0.0,0,-1.609437912
0.3043867502238138,0.3139003426770232,0.048437575453904515,0.08284671532846716,0.2752808988764045,0.48333333333333334,0.7305555555555555,0.06821804271597068,0.12643678160919541,0.14615950404539244,0.015210355987055016,0.0,0.7361111111111112,0.32160804020100503,0.38961038961038963,0.0,0.0,0.2399260628465804,0.35183511915134646,1.0115384628534354e-27,0.0,0,-1.609437912
0.4538943598925694,0.6284232941670256,0.08142519474536523,0.032846715328467155,0.38202247191011235,0.7361111111111112,0.3388888888888889,0.10806503028371055,0.14942528735632185,0.1964904907008511,0.0,0.0,0.3138888888888889,0.2663316582914573,0.3246753246753247,0.0,0.0,0.02033271719038817,0.186566209462236,4.653846133857691e-33,0.0,0,-1.609437912
0.37278424350940015,0.2221559066173682,0.07091878716011668,0.12043795620437957,0.5112359550561798,0.3611111111111111,0.24722222222222223,0.09563277016257571,0.08045977011494253,0.25659346432699376,0.12168284789644013,0.11266094420600858,0.2111111111111111,0.3969849246231156,0.37662337662337664,0.5,0.0,0.22365988909426987,0.5760494541740575,2.8692307729607684e-25,0.0,0,-1.609437912
0.153088630259624,0.06295052206915304,0.12209631952697043,0.17335766423357665,0.42134831460674155,0.24444444444444444,0.30277777777777776,0.15460631176283074,0.16091954022988506,0.2551224125249553,0.17572815533980582,0.1459227467811159,0.30277777777777776,0.44221105527638194,0.38961038961038963,0.25,0.0,0.16266173752310537,0.895573186762906,9.192307704257691e-23,0.0,0,-1.609437912
0.23849597135183526,0.13324485051572038,0.1031943275548491,0.13686131386861314,0.6629213483146067,0.2777777777777778,0.14722222222222223,0.13324832642652215,0.3103448275862069,0.26384364820846906,0.21650485436893205,0.15370171673819744,0.14166666666666666,0.20100502512562815,0.33766233766233766,0.0,0.0,0.1256931608133087,0.7652406007480764,2.115384618134615e-24,0.0,0,-1.609437912
0.23419874664279322,0.2547407693505293,0.07198826663793649,0.09087591240875913,0.1404494382022472,0.42777777777777776,0.34444444444444444,0.09690787376474339,0.20689655172413793,0.24829252915834818,0.09158576051779935,0.05847639484978541,0.3138888888888889,0.1658291457286432,0.3246753246753247,0.25,0.0,0.07911275415896488,0.4994427363243319,3.961538466688435e-27,0.0,0,-1.609437912
0.2886302596239928,0.17811294939932046,0.04136241477921845,0.07846715328467153,0.34831460674157305,0.325,0.30833333333333335,0.05929231750079694,0.20689655172413793,0.25585793842597454,0.0825242718446602,0.0890557939914163,0.3138888888888889,0.1658291457286432,0.3116883116883117,0.0,0.0,0.066543438077634,0.6733786526740504,4.576923082872816e-28,0.0,0,-1.609437912
0.18406445837063565,0.2537371751241374,0.13124921093439743,0.16824817518248175,0.6853932584269663,0.43333333333333335,0.06944444444444445,0.16480714058017215,0.3448275862068966,0.2527056845644636,0.17702265372168285,0.1467274678111588,0.07222222222222222,0.1708542713567839,0.42857142857142855,0.25,0.0,0.15748613678373383,0.5018582600658268,5.692307699707692e-23,0.0,0,-1.609437912
0.15720680393912267,0.1129139176592913,0.24563045717694496,0.318978102189781,0.6123595505617978,0.28888888888888886,0.18611111111111112,0.2868983104877271,0.5172413793103449,0.23746979090049383,0.2576051779935275,0.2344420600858369,1.0,0.11557788944723618,0.38961038961038963,0.0,0.0,0.3101663585951941,0.8045642901689722,0.005307692314555685,0.0,1,-1.609437912
0.23008057296329454,0.737250598892925,0.04920353591257418,0.09306569343065693,0.702247191011236,0.8888888888888888,0.8972222222222223,0.06917437041759643,0.3563218390804598,0.25585793842597454,0.09611650485436893,0.09146995708154507,0.9305555555555556,0.06532663316582915,0.2987012987012987,0.0,0.0,0.08133086876155268,0.4621144714142076,5.653846161196128e-27,0.0,0,-1.609437912
0.6585496866606982,0.6338400038740006,0.12924051677329496,0.17481751824817518,0.34831460674157305,0.7111111111111111,0.6805555555555556,0.1625757092763787,0.22988505747126436,0.23715456551434272,0.10841423948220065,0.11212446351931331,0.6611111111111111,0.34673366834170855,0.3116883116883117,0.0,0.0,0.16414048059149722,0.19989058600491286,1.0538461552161537e-22,0.0,0,-1.609437912
0.23598925693822742,0.6282143197465531,0.19418900931381453,0.1470802919708029,0.6067415730337079,0.775,0.8111111111111111,0.2330251832961428,0.12643678160919541,0.2395712934748345,0.22491909385113268,0.1684549356223176,0.8194444444444444,0.1457286432160804,0.3116883116883117,0.0,0.0,0.13604436229205175,0.18605558307619718,6.615384623984615e-24,0.0,0,-1.609437912
0.20465532676812895,0.07720680705418129,0.09458000301433923,0.14452554744525548,0.4044943820224719,0.24166666666666667,0.28888888888888886,0.12336627350972267,0.11494252873563218,0.26289797205001575,0.18737864077669902,0.14994635193133046,0.2833333333333333,0.12060301507537688,0.35064935064935066,0.0,0.0,0.133456561922366,0.8703860906147883,5.0000000065e-24,0.0,0,-1.609437912
0.17063563115487915,0.37766247593858054,0.09182040807538021,0.15583941605839416,0.6235955056179775,0.5722222222222222,0.8583333333333333,0.12017851450430347,0.3448275862068966,0.2579594410003152,0.15922330097087378,0.1298283261802575,0.9055555555555556,0.12562814070351758,0.3246753246753247,0.25,0.0,0.14491682070240297,0.18960602143176988,1.6615384636984613e-23,0.0,0,-1.609437912
0.09256938227394805,0.9454765158825503,0.18969057054313065,0.2416058394160584,0.39325842696629215,0.16111111111111112,0.24444444444444444,0.22824354478801404,0.4367816091954023,0.24009666911841965,0.2,0.18240343347639484,0.2833333333333333,0.1407035175879397,0.14285714285714285,0.0,0.0,0.23179297597042514,0.8974907993085489,8.807692319142307e-10,0.0,0,-1.609437912
0.7197851387645479,0.45691466222310456,0.03738372026209369,0.05693430656934306,0.4157303370786517,0.5722222222222222,0.6361111111111111,0.05419190309212624,0.3103448275862069,0.25911526741620255,0.13980582524271845,0.1046137339055794,0.5305555555555556,0.24623115577889448,0.2077922077922078,0.0,0.0,0.04473197781885398,0.031222467001977464,5.0000000064739615e-30,0.0,0,-1.609437912
0.37099373321396595,0.5379674915857499,0.06454333990342552,0.14233576642335766,0.42696629213483145,0.6416666666666667,0.6944444444444444,0.08798214854956965,0.26436781609195403,0.2627928969212987,0.1423948220064725,0.13760729613733905,0.6805555555555556,0.2613065326633166,0.2857142857142857,0.5,0.0,0.1356746765249538,0.016970921353843663,3.923076928176923e-24,0.0,0,-1.609437912
0.1615040286481647,0.4336259403886765,0.008164861400785275,0.10583941605839416,0.5449438202247191,0.6194444444444445,0.7333333333333333,0.013707363723302519,0.2988505747126437,0.25354628559419984,0.04919093851132686,0.043186695278969955,0.7111111111111111,0.11557788944723618,0.3246753246753247,0.0,0.0,0.09981515711645102,0.06751171904048124,3.92307692817692e-26,0.0,0,-1.609437912
0.44279319606087736,0.34307481843158255,0.04362156240018147,0.10766423357664233,0.651685393258427,0.48333333333333334,0.19722222222222222,0.06216130060567421,0.12643678160919541,0.2586949669013344,0.1407766990291262,0.10300429184549356,0.19722222222222222,0.2814070351758794,0.2597402597402597,0.0,0.0,0.09611829944547134,0.2768643244710412,5.115384622034612e-26,0.0,0,-1.609437912
0.07394807520143243,0.5676479302774157,0.1524006423709089,0.13722627737226278,0.5224719101123596,0.775,0.7944444444444444,0.18807778131973224,0.08045977011494253,0.25680361458442785,0.21132686084142394,0.17784334763948498,0.7861111111111111,0.07035175879396985,0.18181818181818182,0.0,0.0,0.12606284658040665,0.05699380464715072,2.2038461567111538e-24,0.0,0,-1.609437912
0.22291853178155774,0.09377283796373914,0.13038790439161804,0.20474452554744527,0.3595505617977528,0.24166666666666667,0.3333333333333333,0.1638508128785464,0.22988505747126436,0.2450352001681202,0.13754045307443366,0.13572961373390557,0.26944444444444443,0.20603015075376885,0.35064935064935066,0.25,0.0,0.1944547134935305,0.840347084728736,1.3807692325642307e-21,0.0,0,-1.609437912
0.2769919427036705,0.689105903651596,0.10263592787179275,0.1467153284671533,0.6797752808988764,0.8222222222222222,0.8777777777777778,0.13261077462543833,0.16091954022988506,0.2589051171587685,0.15954692556634303,0.14726394849785407,0.8833333333333333,0.07537688442211055,0.2987012987012987,0.25,0.0,0.1356746765249538,0.3407562134454249,6.3461538544038455e-24,0.0,0,-1.609437912
0.25067144136078784,0.6217417687780531,0.048437575453904515,0.12408759124087591,0.33707865168539325,0.75,0.3277777777777778,0.06821804271597068,0.26436781609195403,0.26006094357465587,0.10323624595469255,0.11239270386266094,0.3861111111111111,0.07537688442211055,0.3246753246753247,0.25,0.0,0.1356746765249538,0.17038126191187747,4.5769230828730765e-25,0.0,0,-1.609437912
0.25640107430617726,0.19993943506545248,0.05798225231897214,0.0364963503649635,0.6741573033707865,0.3527777777777778,0.16111111111111112,0.08001275103602168,0.19540229885057472,0.29105810654618053,0.14951456310679612,0.25160944206008584,0.13333333333333333,0.3417085427135678,0.4935064935064935,0.0,0.0,0.024029574861367836,0.6260474507730615,1.6269230764342308e-32,0.0,0,-1.609437912
0.2775290957923008,0.0841226629508029,0.09182040807538021,0.11715328467153285,0.4550561797752809,0.24166666666666667,0.2611111111111111,0.12017851450430347,0.19540229885057472,0.2678365030997163,0.18673139158576052,0.16791845493562232,0.2916666666666667,0.9095477386934674,0.5844155844155844,0.0,0.0,0.10573012939001848,0.8579481889000495,1.8692307716607686e-25,0.0,0,-1.609437912
0.13017009847806624,0.9667175671800174,0.06164600747962167,0.19160583941605838,0.5,0.14722222222222223,0.25,0.08447561364360855,0.16091954022988506,0.2803404434170432,0.12588996763754046,0.22210300429184548,0.23055555555555557,0.12060301507537688,0.35064935064935066,0.25,0.0,0.18114602587800369,0.9338613427203094,4.653846159896153e-22,0.0,0,-1.609437912
0.19247985675917637,0.09990038063283062,0.1031943275548491,0.14197080291970804,0.6853932584269663,0.2222222222222222,0.15833333333333333,0.13324832642652215,0.21839080459770116,0.263738573079752,0.1935275080906149,0.15853004291845493,0.23333333333333334,0.0,0.24675324675324675,0.0,0.0,0.14713493530499075,0.8290197021993998,3.773076927981923e-24,0.0,0,-1.609437912
0.06535362578334826,0.9414084065753336,0.04437784709520624,0.11897810218978103,0.5674157303370787,0.15555555555555556,0.19444444444444445,0.06311762830729997,0.06896551724137931,0.24230324682147733,0.027184466019417475,0.0,0.19444444444444445,0.1708542713567839,0.22077922077922077,0.0,0.0,0.1567467652495379,0.8903778199444702,2.376923080013076e-25,0.0,0,-1.609437912
0.5070725156669652,0.7602573417856452,0.05408775690086123,0.10072992700729927,0.5730337078651685,0.8694444444444445,0.8388888888888889,0.07523111252789288,0.25287356321839083,0.25165493327729327,0.08284789644012945,0.0638412017167382,0.7833333333333333,0.06532663316582915,0.33766233766233766,0.0,0.0,0.08909426987060998,0.5178166162493169,1.857692310107305e-26,0.0,0,-1.609437912
0.43921217547000896,0.6378213312541117,0.0653362830806901,0.16678832116788322,0.4943820224719101,0.7583333333333333,0.2916666666666667,0.08893847625119541,0.08045977011494253,0.3162761374382683,0.16601941747572815,0.3269849785407725,0.29444444444444445,0.20603015075376885,0.2987012987012987,0.0,0.0,0.15600739371534195,0.20978299624919208,4.923076929476923e-23,0.0,0,-1.609437912
0.27358997314234557,0.6935584244468165,0.06190873415937828,0.07591240875912408,0.5842696629213483,0.8388888888888889,0.8472222222222222,0.08479438954415046,0.13793103448275862,0.2521803089208784,0.0941747572815534,0.07752145922746781,0.8305555555555556,0.3015075376884422,0.2597402597402597,0.25,0.0,0.11792975970425139,0.35217109580664807,2.8384615421512775e-28,0.0,0,-1.609437912
0.33894359892569387,0.6403252049073725,0.07413292789032423,0.09233576642335767,0.6460674157303371,0.7583333333333333,0.8333333333333334,0.09945808096907874,0.05747126436781609,0.24577072606913944,0.08349514563106795,0.03782188841201717,0.8055555555555556,0.05527638190954774,0.22077922077922077,0.0,0.0,0.08059149722735674,0.21604208445498363,5.038461545011512e-27,0.0,0,-1.609437912
0.37994628469113695,0.13166568755050034,0.05357100365991612,0.03467153284671533,0.6573033707865169,0.25,0.16944444444444445,0.07459356072680905,0.06896551724137931,0.2570137648418619,0.10614886731391586,0.10354077253218884,0.1638888888888889,0.16080402010050251,0.16883116883116883,0.0,0.0,0.022181146025878003,0.7683449053426001,8.807692293103845e-33,0.0,0,-1.609437912
0.5269471799462846,0.6150745608947282,0.11528316840063467,0.11094890510948906,0.5842696629213483,0.7166666666666667,0.05277777777777778,0.14695569014982468,0.12643678160919541,0.2547021120100872,0.16601941747572815,0.13894849785407726,0.075,0.1407035175879397,0.4155844155844156,0.5,0.0,0.23068391866913124,0.15455796927675494,8.115384625934611e-26,0.0,0,-1.609437912
0.5563115487914057,0.8238542868640608,0.16354853580696285,0.32262773722627736,0.5674157303370787,0.9277777777777778,0.8777777777777778,0.20019126554032515,0.3218390804597701,0.2579594410003152,0.22880258899676376,0.1888412017167382,0.85,0.0,0.22077922077922077,0.0,0.0,0.31386321626617375,0.6619180601136713,0.006769230777971199,0.0,0,-1.609437912
0.2805729632945389,0.6866087931088669,0.03639692217818197,0.0948905109489051,0.5,0.8333333333333334,0.7833333333333333,0.05291679948995856,0.28735632183908044,0.2699380056740569,0.10906148867313915,0.16952789699570817,0.7111111111111111,0.0,0.19480519480519481,0.25,0.0,0.10277264325323475,0.33434527073510323,7.576923086773051e-27,0.0,0,-1.609437912
0.38263205013428825,0.8529905035525835,0.035658972502262326,0.09160583941605839,0.3258426966292135,0.9944444444444445,0.4861111111111111,0.0519604717883328,0.28735632183908044,0.2543868866239361,0.04951456310679612,0.060890557939914165,0.5888888888888889,0.05527638190954774,0.2077922077922078,0.25,0.0,0.07985212569316082,0.7229492088322886,4.461538467338435e-27,0.0,0,-1.609437912
0.6216651745747539,0.08541025112506803,0.03590474893893623,0.05072992700729927,0.550561797752809,0.19166666666666668,0.2222222222222222,0.05227924768887472,0.19540229885057472,0.2694126300304718,0.1203883495145631,0.1609442060085837,0.225,0.1507537688442211,0.18181818181818182,0.0,0.0,0.03844731977818854,0.8556163908485988,1.0615384628924229e-30,0.0,0,-1.609437912
0.3846016114592659,0.6761981682964366,0.02436424166400437,0.024452554744525547,0.550561797752809,0.8027777777777778,0.7583333333333333,0.036978004462862604,0.1839080459770115,0.2576442156141641,0.08122977346278318,0.0944206008583691,0.775,0.06030150753768844,0.2727272727272727,0.0,0.0,0.011829944547134935,0.3075749532957378,1.7499997418903842e-34,0.0,0,-1.609437912
0.23867502238137872,0.6385832229071233,0.07118597686112968,0.10145985401459855,0.5674157303370787,0.7916666666666666,0.7916666666666666,0.09595154606311763,0.12643678160919541,0.24850267941578227,0.09546925566343042,0.05284334763948498,0.7638888888888888,0.0,0.14285714285714285,0.0,0.0,0.08983364140480592,0.21168462577017713,2.0730769257719205e-26,0.0,0,-1.609437912
0.5314234556848701,0.6892069555460443,0.06112096031089402,0.07883211678832117,0.6123595505617978,0.7916666666666666,0.6722222222222223,0.08383806184252471,0.2413793103448276,0.24818745402963116,0.08284789644012945,0.039163090128755365,0.6611111111111111,0.2814070351758794,0.16883116883116883,0.0,0.0,0.12347504621072089,0.34101552335987184,4.884615390965124e-28,0.0,0,-1.609437912
0.06982990152193375,0.9667987071578934,0.15737678047673126,0.2518248175182482,0.5842696629213483,0.20277777777777778,0.18611111111111112,0.19349697162894486,0.1724137931034483,0.2428286224650625,0.16310679611650486,0.15665236051502146,0.20833333333333334,0.3165829145728643,0.2727272727272727,0.0,0.0,0.24214417744916822,0.9339978552629329,9.500000012349997e-08,0.6142813364543939,0,-1.609437912
0.8442256042972247,0.37479414619853924,0.04792775398466571,0.08832116788321168,0.5955056179775281,0.46944444444444444,0.21666666666666667,0.06758049091488684,0.05747126436781609,0.2570137648418619,0.08381877022653722,0.10139484978540772,0.21388888888888888,0.25125628140703515,0.1038961038961039,0.0,0.0,0.07652495378927911,0.1966616294455894,2.6000000033799737e-27,0.0,0,-1.609437912
0.40823634735899733,0.6185778375796995,0.04818258237905997,0.08357664233576642,0.4438202247191011,0.7416666666666667,0.7333333333333333,0.06789926681542875,0.09195402298850575,0.2547021120100872,0.0854368932038835,0.08583690987124463,0.725,0.05527638190954774,0.2077922077922078,0.0,0.0,0.07171903881700555,0.16282810567241515,1.1500000014949739e-27,0.0,0,-1.609437912
0.22417188898836166,0.10371752709193123,0.16767783874329262,0.17153284671532848,0.5842696629213483,0.26666666666666666,0.2111111111111111,0.204654128147912,0.3218390804597701,0.2742460859514553,0.2928802588996764,0.22639484978540772,0.22777777777777777,0.15577889447236182,0.2597402597402597,0.0,0.0,0.16081330868761554,0.8219030091123007,7.73076924081923e-23,0.0,0,-1.609437912
0.6118173679498657,0.6898676642270151,0.08088225680115249,0.11094890510948906,0.4943820224719101,0.7888888888888889,0.7666666666666667,0.10742747848262671,0.21839080459770116,0.2909530314174634,0.2190938511326861,0.2513412017167382,0.725,0.3969849246231156,0.2727272727272727,0.0,0.0,0.09944547134935305,0.34271071286099164,8.115384625934611e-26,0.0,0,-1.609437912
0.18299015219337508,0.34493887930949996,0.03590474893893623,0.1072992700729927,0.3539325842696629,0.5333333333333333,0.8388888888888889,0.05227924768887472,0.21839080459770116,0.2538615109803509,0.0634304207119741,0.06866952789699571,0.8305555555555556,0.08040201005025126,0.24675324675324675,0.0,0.0,0.09574861367837338,0.2720821907298064,4.8461538524538427e-26,0.0,0,-1.609437912
0.22327663384064456,0.5543972671961566,0.21776450777352388,0.24817518248175183,0.5786516853932584,0.6944444444444444,0.7527777777777778,0.2578897035384125,0.40229885057471265,0.23631396448460648,0.21941747572815534,0.20895922746781115,0.7861111111111111,0.135678391959799,0.2857142857142857,0.25,0.0,0.23844731977818853,0.036590055803259275,2.219230772115769e-08,0.0,0,-1.609437912
0.04171888988361685,0.96708167261156,0.033212848823477636,0.11021897810218978,0.4438202247191011,0.18888888888888888,0.275,0.04877271278291361,0.22988505747126436,0.2501838814752548,0.05210355987055016,0.0,0.24722222222222223,0.0,0.16883116883116883,0.0,0.0,0.09870609981515711,0.9344737839840861,7.307692317192304e-26,0.0,0,-1.609437912
0.7489704565801253,0.5532307891896616,0.10879756909082339,0.12226277372262774,0.47191011235955055,0.6416666666666667,0.7166666666666667,0.13962384443736053,0.1839080459770115,0.25648838919827677,0.16213592233009708,0.14136266094420602,0.725,0.48743718592964824,0.22077922077922077,0.25,0.0,0.1855822550831793,0.03498001372332435,3.6230769277869227e-25,0.0,0,-1.609437912
0.42220232766338406,0.2874725760461606,0.06480752454045723,0.06788321167883211,0.6797752808988764,0.425,0.25277777777777777,0.08830092445011158,0.21839080459770116,0.26289797205001575,0.11650485436893204,0.14726394849785407,0.25555555555555554,0.3065326633165829,0.16883116883116883,0.25,0.0,0.1822550831792976,0.4188989625821326,5.769230776728165e-29,0.0,0,-1.609437912
0.21611459265890776,0.07535832612580909,0.07493910686518368,0.08357664233576642,0.3707865168539326,0.2222222222222222,0.3111111111111111,0.10041440867070449,0.11494252873563218,0.2640537984659031,0.14401294498381878,0.15316523605150215,0.2916666666666667,0.12060301507537688,0.12987012987012986,0.0,0.0,0.07171903881700555,0.8736859887658512,1.1500000014949739e-27,0.0,0,-1.609437912
0.17367949865711726,0.6610173163438247,0.06958465726408722,0.1,0.6629213483146067,0.8166666666666667,0.8361111111111111,0.09403889065986612,0.28735632183908044,0.2554376379111064,0.12071197411003236,0.10193133047210301,0.8361111111111111,0.15577889447236182,0.11688311688311688,0.0,0.0,0.08835489833641405,0.2685668961514601,1.6653846175496128e-26,0.0,0,-1.609437912
0.38406445837063563,0.3998895160466008,0.05616073382382601,0.13613138686131387,0.3539325842696629,0.5583333333333333,0.6138888888888889,0.07778131973222824,0.10344827586206896,0.25480718713880424,0.09514563106796116,0.09254291845493562,0.6111111111111112,0.10050251256281408,0.11688311688311688,0.0,0.0,0.12495378927911276,0.13691066334580185,1.9423076948326923e-24,0.0,0,-1.609437912
0.2574753804834378,0.6021513412052311,0.16178243098446732,0.24197080291970802,0.34269662921348315,0.7222222222222222,0.6555555555555556,0.19827861013707362,0.7701149425287356,0.24713670274246083,0.18964401294498381,0.16523605150214593,0.5861111111111111,0.45226130653266333,0.19480519480519481,0.0,0.0,0.23216266173752312,0.1250382028328302,1.0807692321742307e-09,0.6791938188246083,0,0.48205571
0.38764547896150403,0.40823254681148075,0.18072974735392827,0.30656934306569344,0.5168539325842697,0.5416666666666666,0.7916666666666666,0.21868026777175645,0.3448275862068966,0.23599873909845537,0.17928802588996764,0.15987124463519314,0.8,0.47738693467336685,0.1038961038961039,0.0,0.0,0.2975970425138632,0.11831822166215532,0.0020153846179993347,0.7784601248619257,0,0.973729107
0.17940913160250668,0.37570662817493794,0.042113823885950544,0.21532846715328466,0.43820224719101125,0.5555555555555556,0.6416666666666667,0.0602486452024227,0.3448275862068966,0.25197015866344435,0.06925566343042071,0.053111587982832616,0.6694444444444444,0.48743718592964824,0.45454545454545453,0.0,0.0,0.20517560073937152,0.1944120524663822,3.161538465648461e-21,0.0,0,1.129206154
0.44279319606087736,0.2498734337557889,0.28134584262015633,0.21423357664233578,0.3707865168539326,0.37777777777777777,0.38055555555555554,0.3235575390500478,0.4827586206896552,0.2415677209204581,0.3106796116504854,0.26824034334763946,0.39444444444444443,0.3316582914572864,0.4935064935064935,0.0,0.0,0.20406654343807765,0.5111255162100187,2.907692311472307e-21,0.5819431766399702,0,1.238924804
0.04118173679498657,0.4516601678968914,0.1756739024538702,0.21532846715328466,0.5337078651685393,0.6805555555555556,0.8222222222222222,0.21326107746254383,0.632183908045977,0.2395712934748345,0.18608414239482202,0.16523605150214593,1.0,0.7386934673366834,0.5584415584415584,0.25,0.0,0.2975970425138632,0.03837890991571631,3.161538465648461e-21,0.0,1,1.512398238
0.6155774395702774,0.5655197869429889,0.3773978209389233,0.28832116788321166,0.4943820224719101,0.6666666666666666,0.7805555555555556,0.41982786101370734,0.1724137931034483,0.20783860460229064,0.35275080906148865,0.32376609442060084,0.8472222222222222,0.35175879396984927,0.12987012987012986,0.0,0.0,0.27911275415896486,0.0534665475407288,0.00029000000037689063,0.757450511897614,0,1.687324451
0.10152193375111905,0.6564320180010446,0.27010884403248686,0.33941605839416056,0.7865168539325843,0.75,0.8638888888888889,0.31208160663053874,0.5747126436781609,0.27088368183251027,0.3766990291262136,0.2880901287553648,1.0,0.8743718592964824,0.37662337662337664,0.0,0.0,0.33086876155268025,0.25683522539780784,0.017423076945332287,0.0,1,2.635766206
0.19570277529095795,0.6384441075992214,0.5835038629442011,0.3795620437956204,0.5224719101123596,0.8055555555555556,0.8083333333333333,0.618425247051323,0.7471264367816092,0.08500577913207943,0.4330097087378641,0.4801502145922747,1.0,0.4020100502512563,0.2987012987012987,0.0,0.5,0.37153419593345655,0.211337208872014,0.0769230770153846,0.0,1,2.704978823
0.6051924798567592,0.6187869558907126,0.25242149979539347,0.28978102189781024,0.47191011235955055,0.7194444444444444,0.7444444444444445,0.29391138029964936,0.40229885057471265,0.24230324682147733,0.2828478964401295,0.243293991416309,1.0,0.6683417085427136,0.974025974025974,0.25,0.0,0.28059149722735677,0.16332493838032816,0.0003488461542994956,0.6516858766380792,1,3.362802994
0.1432408236347359,0.5969365516821427,0.305542972939082,0.2587591240875912,0.4887640449438202,0.7805555555555556,0.7888888888888889,0.3481032833917756,0.6896551724137931,0.22423032468214774,0.3200647249190938,0.2593884120171674,1.0,0.5025125628140703,0.6623376623376623,0.0,0.0,0.2491682070240296,0.11364018571627864,9.269230781280757e-07,0.7437298335484966,1,3.458553924
0.09704565801253355,0.12174950779867935,0.409500506805499,0.5248175182481751,0.4101123595505618,0.325,0.25,0.45138667516735737,0.8045977011494253,0.2543868866239361,0.47055016181229775,0.3878755364806867,1.0,0.7537688442211056,0.2857142857142857,0.0,0.5,0.5186691312384473,0.7876447062436467,0.5423076926303654,0.8507691882199933,1,4.102263127
0.45532676812891676,0.5922054382486412,0.25551500878957284,0.3795620437956204,0.3258426966292135,0.65,0.6694444444444444,0.29709913930506854,0.45977011494252873,0.3190080907849112,0.4889967637540453,0.35380901287553645,0.7083333333333334,0.4321608040201005,0.5584415584415584,0.0,0.5,0.37153419593345655,0.10359574339152129,0.0769230770153846,0.9109389082994774,0,4.945278661
0.023634735899731404,0.3557538898904126,0.3248611139440634,0.3795620437956204,0.6404494382022472,0.6055555555555555,0.9527777777777777,0.36754861332483263,0.7471264367816092,0.2467164022275927,0.36957928802588996,0.31223175965665234,1.0,0.21608040201005024,0.33766233766233766,0.0,0.5,0.37153419593345655,0.2444514404136926,0.0769230770153846,0.947089694282134,1,5.358377123
0.3452103849597135,0.5901901835631527,0.41732398930078934,0.41605839416058393,0.550561797752809,0.7222222222222222,0.7972222222222223,0.4590372967803634,0.632183908045977,0.23841546705894714,0.4511326860841424,0.3857296137339056,1.0,0.6582914572864321,0.2987012987012987,0.25,0.5,0.40850277264325324,0.09940929476278877,0.17269230787803824,0.986455402787886,1,7.416318345
