Event ID,Timestamp,Target Timestamp,Proton Intensity,e0.5_tminus24,e0.5_tminus23,e0.5_tminus22,e0.5_tminus21,e0.5_tminus20,e0.5_tminus19,e0.5_tminus18,e0.5_tminus17,e0.5_tminus16,e0.5_tminus15,e0.5_tminus14,e0.5_tminus13,e0.5_tminus12,e0.5_tminus11,e0.5_tminus10,e0.5_tminus9,e0.5_tminus8,e0.5_tminus7,e0.5_tminus6,e0.5_tminus5,e0.5_tminus4,e0.5_tminus3,e0.5_tminus2,e0.5_tminus1,e0.5_t,e0.5_max_intensity,e1.8_tminus24,e1.8_tminus23,e1.8_tminus22,e1.8_tminus21,e1.8_tminus20,e1.8_tminus19,e1.8_tminus18,e1.8_tminus17,e1.8_tminus16,e1.8_tminus15,e1.8_tminus14,e1.8_tminus13,e1.8_tminus12,e1.8_tminus11,e1.8_tminus10,e1.8_tminus9,e1.8_tminus8,e1.8_tminus7,e1.8_tminus6,e1.8_tminus5,e1.8_tminus4,e1.8_tminus3,e1.8_tminus2,e1.8_tminus1,e1.8_t,e1.8_max_intensity,e4.4_tminus24,e4.4_tminus23,e4.4_tminus22,e4.4_tminus21,e4.4_tminus20,e4.4_tminus19,e4.4_tminus18,e4.4_tminus17,e4.4_tminus16,e4.4_tminus15,e4.4_tminus14,e4.4_tminus13,e4.4_tminus12,e4.4_tminus11,e4.4_tminus10,e4.4_tminus9,e4.4_tminus8,e4.4_tminus7,e4.4_tminus6,e4.4_tminus5,e4.4_tminus4,e4.4_tminus3,e4.4_tminus2,e4.4_tminus1,e4.4_t,e4.4_max_intensity,p6.1_tminus24,p6.1_tminus23,p6.1_tminus22,p6.1_tminus21,p6.1_tminus20,p6.1_tminus19,p6.1_tminus18,p6.1_tminus17,p6.1_tminus16,p6.1_tminus15,p6.1_tminus14,p6.1_tminus13,p6.1_tminus12,p6.1_tminus11,p6.1_tminus10,p6.1_tminus9,p6.1_tminus8,p6.1_tminus7,p6.1_tminus6,p6.1_tminus5,p6.1_tminus4,p6.1_tminus3,p6.1_tminus2,p6.1_tminus1,p6.1_t,p6.1_max_intensity,p33.0_tminus24,p33.0_tminus23,p33.0_tminus22,p33.0_tminus21,p33.0_tminus20,p33.0_tminus19,p33.0_tminus18,p33.0_tminus17,p33.0_tminus16,p33.0_tminus15,p33.0_tminus14,p33.0_tminus13,p33.0_tminus12,p33.0_tminus11,p33.0_tminus10,p33.0_tminus9,p33.0_tminus8,p33.0_tminus7,p33.0_tminus6,p33.0_tminus5,p33.0_tminus4,p33.0_tminus3,p33.0_tminus2,p33.0_tminus1,p33.0_t,p33.0_max_intensity,p_tminus24,p_tminus23,p_tminus22,p_tminus21,p_tminus20,p_tminus19,p_tminus18,p_tminus17,p_tminus16,p_tminus15,p_tminus14,p_tminus13,p_tminus12,p_tminus11,p_tminus10,p_tminus9,p_tminus8,p_tminus7,p_tminus6,p_tminus5,p_tminus4,p_tminus3,p_tminus2,p_tminus1,p_t,p_max_intensity,Sunspot Number,cme_donki_time,CME_DONKI_latitude,CME_DONKI_longitude,CME_DONKI_speed,CME_CDAW_MPA,CME_CDAW_LinearSpeed,VlogV,DONKI_half_width,Accelaration,2nd_order_speed_final,2nd_order_speed_20R,CPA,Halo,Type2_Viz_Area,solar_wind_speed,diffusive_shock,half_richardson_value,CMEs Past Month,CMEs Past 9 Hours,CMEs Speed > 1000,Max CME Speed,delta_log_Intensity
36,11/2/2014 10:09,11/2/2014 10:39,0.186742,726.85,681.778,666.12,684.624,651.888,674.664,644.296,592.82,608.478,630.062,626.74,609.188,560.558,552.254,533.512,541.104,506.71,513.824,525.448,528.77,505.05,491.052,488.875,489.626,466.618,726.85,2.06398,1.97188,1.9434,1.90426,1.9605,1.91406,1.80814,1.7682,1.7853,1.84642,1.87086,1.8513,1.63458,1.571,1.60198,1.67124,1.57914,1.61418,1.62234,1.67856,1.5995,1.56936,1.58285,1.52862,1.56856,2.06398,0.0310552,0.0303038,0.0293026,0.0300536,0.0305546,0.0267978,0.025796,0.0305546,0.0283004,0.0310554,0.0318066,0.0255454,0.0237924,0.028551,0.025295,0.025796,0.0265472,0.0227906,0.0222898,0.023542,0.0272986,0.0240428,0.024418333,0.0227906,0.021288,0.0318066,6.55396,6.62294,6.35016,6.28322,6.08794,6.18272,5.75234,5.63902,5.58988,5.54056,5.58636,5.54038,4.73912,4.38586,4.53012,5.04358,4.94272,4.45356,4.687,4.4773,4.49898,4.52032,4.3650833,4.3395,4.28574,6.62294,0.00502668,0.00455458,0.0048878,0.00480454,0.00527662,0.0049156,0.00461014,0.00469344,0.0044157,0.00533216,0.00472118,0.00527662,0.00416578,0.00397134,0.00397136,0.00433238,0.0042213,0.00433238,0.00419352,0.00438794,0.00497114,0.00519332,0.0045129,0.0042213,0.00361032,0.00533216,0.249832,0.260588,0.247116,0.24889,0.251758,0.242438,0.235872,0.232704,0.22825,0.231684,0.233496,0.227722,0.199272,0.181952,0.191764,0.21078,0.212212,0.191988,0.193914,0.204062,0.196552,0.199988,0.19187333,0.192742,0.183574,0.260588,98,0,0,0,0,0,0,0,0,0,0,0,0,0,0,0,0,0,40,0,0,736,0.002673063
36,11/2/2014 10:14,11/2/2014 10:44,0.183838,681.778,666.12,684.624,651.888,674.664,644.296,592.82,608.478,630.062,626.74,609.188,560.558,552.254,533.512,541.104,506.71,513.824,525.448,528.77,505.05,491.052,488.875,489.626,466.618,492.236,684.624,1.97188,1.9434,1.90426,1.9605,1.91406,1.80814,1.7682,1.7853,1.84642,1.87086,1.8513,1.63458,1.571,1.60198,1.67124,1.57914,1.61418,1.62234,1.67856,1.5995,1.56936,1.58285,1.52862,1.56856,1.6044,1.97188,0.0303038,0.0293026,0.0300536,0.0305546,0.0267978,0.025796,0.0305546,0.0283004,0.0310554,0.0318066,0.0255454,0.0237924,0.028551,0.025295,0.025796,0.0265472,0.0227906,0.0222898,0.023542,0.0272986,0.0240428,0.024418333,0.0227906,0.021288,0.0288014,0.0318066,6.62294,6.35016,6.28322,6.08794,6.18272,5.75234,5.63902,5.58988,5.54056,5.58636,5.54038,4.73912,4.38586,4.53012,5.04358,4.94272,4.45356,4.687,4.4773,4.49898,4.52032,4.3650833,4.3395,4.28574,4.23454,6.62294,0.00455458,0.0048878,0.00480454,0.00527662,0.0049156,0.00461014,0.00469344,0.0044157,0.00533216,0.00472118,0.00527662,0.00416578,0.00397134,0.00397136,0.00433238,0.0042213,0.00433238,0.00419352,0.00438794,0.00497114,0.00519332,0.0045129,0.0042213,0.00361032,0.00311044,0.00533216,0.260588,0.247116,0.24889,0.251758,0.242438,0.235872,0.232704,0.22825,0.231684,0.233496,0.227722,0.199272,0.181952,0.191764,0.21078,0.212212,0.191988,0.193914,0.204062,0.196552,0.199988,0.19187333,0.192742,0.183574,0.192024,0.260588,98,0,0,0,0,0,0,0,0,0,0,0,0,0,0,0,0,0,40,0,0,736,-0.006891
36,11/2/2014 10:19,11/2/2014 10:49,0.18214,666.12,684.624,651.888,674.664,644.296,592.82,608.478,630.062,626.74,609.188,560.558,552.254,533.512,541.104,506.71,513.824,525.448,528.77,505.05,491.052,488.875,489.626,466.618,492.236,484.882,684.624,1.9434,1.90426,1.9605,1.91406,1.80814,1.7682,1.7853,1.84642,1.87086,1.8513,1.63458,1.571,1.60198,1.67124,1.57914,1.61418,1.62234,1.67856,1.5995,1.56936,1.58285,1.52862,1.56856,1.6044,1.5873,1.9605,0.0293026,0.0300536,0.0305546,0.0267978,0.025796,0.0305546,0.0283004,0.0310554,0.0318066,0.0255454,0.0237924,0.028551,0.025295,0.025796,0.0265472,0.0227906,0.0222898,0.023542,0.0272986,0.0240428,0.024418333,0.0227906,0.021288,0.0288014,0.0250448,0.0318066,6.35016,6.28322,6.08794,6.18272,5.75234,5.63902,5.58988,5.54056,5.58636,5.54038,4.73912,4.38586,4.53012,5.04358,4.94272,4.45356,4.687,4.4773,4.49898,4.52032,4.3650833,4.3395,4.28574,4.23454,4.35656,6.35016,0.0048878,0.00480454,0.00527662,0.0049156,0.00461014,0.00469344,0.0044157,0.00533216,0.00472118,0.00527662,0.00416578,0.00397134,0.00397136,0.00433238,0.0042213,0.00433238,0.00419352,0.00438794,0.00497114,0.00519332,0.0045129,0.0042213,0.00361032,0.00311044,0.00483226,0.00533216,0.247116,0.24889,0.251758,0.242438,0.235872,0.232704,0.22825,0.231684,0.233496,0.227722,0.199272,0.181952,0.191764,0.21078,0.212212,0.191988,0.193914,0.204062,0.196552,0.199988,0.19187333,0.192742,0.183574,0.192024,0.1875,0.251758,98,0,0,0,0,0,0,0,0,0,0,0,0,0,0,0,0,0,40,0,0,736,-0.004523902
36,11/2/2014 10:24,11/2/2014 10:54,0.186064,684.624,651.888,674.664,644.296,592.82,608.478,630.062,626.74,609.188,560.558,552.254,533.512,541.104,506.71,513.824,525.448,528.77,505.05,491.052,488.875,489.626,466.618,492.236,484.882,481.562,684.624,1.90426,1.9605,1.91406,1.80814,1.7682,1.7853,1.84642,1.87086,1.8513,1.63458,1.571,1.60198,1.67124,1.57914,1.61418,1.62234,1.67856,1.5995,1.56936,1.58285,1.52862,1.56856,1.6044,1.5873,1.56364,1.9605,0.0300536,0.0305546,0.0267978,0.025796,0.0305546,0.0283004,0.0310554,0.0318066,0.0255454,0.0237924,0.028551,0.025295,0.025796,0.0265472,0.0227906,0.0222898,0.023542,0.0272986,0.0240428,0.024418333,0.0227906,0.021288,0.0288014,0.0250448,0.021789,0.0318066,6.28322,6.08794,6.18272,5.75234,5.63902,5.58988,5.54056,5.58636,5.54038,4.73912,4.38586,4.53012,5.04358,4.94272,4.45356,4.687,4.4773,4.49898,4.52032,4.3650833,4.3395,4.28574,4.23454,4.35656,4.29408,6.28322,0.00480454,0.00527662,0.0049156,0.00461014,0.00469344,0.0044157,0.00533216,0.00472118,0.00527662,0.00416578,0.00397134,0.00397136,0.00433238,0.0042213,0.00433238,0.00419352,0.00438794,0.00497114,0.00519332,0.0045129,0.0042213,0.00361032,0.00311044,0.00483226,0.00416576,0.00533216,0.24889,0.251758,0.242438,0.235872,0.232704,0.22825,0.231684,0.233496,0.227722,0.199272,0.181952,0.191764,0.21078,0.212212,0.191988,0.193914,0.204062,0.196552,0.199988,0.19187333,0.192742,0.183574,0.192024,0.1875,0.183272,0.251758,98,0,0,0,0,0,0,0,0,0,0,0,0,0,0,0,0,0,40,0,0,736,0.00235678
36,11/2/2014 10:29,11/2/2014 10:59,0.192706,651.888,674.664,644.296,592.82,608.478,630.062,626.74,609.188,560.558,552.254,533.512,541.104,506.71,513.824,525.448,528.77,505.05,491.052,488.875,489.626,466.618,492.236,484.882,481.562,495.318,674.664,1.9605,1.91406,1.80814,1.7682,1.7853,1.84642,1.87086,1.8513,1.63458,1.571,1.60198,1.67124,1.57914,1.61418,1.62234,1.67856,1.5995,1.56936,1.58285,1.52862,1.56856,1.6044,1.5873,1.56364,1.63132,1.9605,0.0305546,0.0267978,0.025796,0.0305546,0.0283004,0.0310554,0.0318066,0.0255454,0.0237924,0.028551,0.025295,0.025796,0.0265472,0.0227906,0.0222898,0.023542,0.0272986,0.0240428,0.024418333,0.0227906,0.021288,0.0288014,0.0250448,0.021789,0.020787,0.0318066,6.08794,6.18272,5.75234,5.63902,5.58988,5.54056,5.58636,5.54038,4.73912,4.38586,4.53012,5.04358,4.94272,4.45356,4.687,4.4773,4.49898,4.52032,4.3650833,4.3395,4.28574,4.23454,4.35656,4.29408,4.2483,6.18272,0.00527662,0.0049156,0.00461014,0.00469344,0.0044157,0.00533216,0.00472118,0.00527662,0.00416578,0.00397134,0.00397136,0.00433238,0.0042213,0.00433238,0.00419352,0.00438794,0.00497114,0.00519332,0.0045129,0.0042213,0.00361032,0.00311044,0.00483226,0.00416576,0.0044157,0.00533216,0.251758,0.242438,0.235872,0.232704,0.22825,0.231684,0.233496,0.227722,0.199272,0.181952,0.191764,0.21078,0.212212,0.191988,0.193914,0.204062,0.196552,0.199988,0.19187333,0.192742,0.183574,0.192024,0.1875,0.183272,0.186064,0.251758,98,0,0,0,0,0,0,0,0,0,0,0,0,0,0,0,0,0,41,1,0,736,0.005584413
36,11/2/2014 10:34,11/2/2014 11:04,0.186966,674.664,644.296,592.82,608.478,630.062,626.74,609.188,560.558,552.254,533.512,541.104,506.71,513.824,525.448,528.77,505.05,491.052,488.875,489.626,466.618,492.236,484.882,481.562,495.318,478.714,674.664,1.91406,1.80814,1.7682,1.7853,1.84642,1.87086,1.8513,1.63458,1.571,1.60198,1.67124,1.57914,1.61418,1.62234,1.67856,1.5995,1.56936,1.58285,1.52862,1.56856,1.6044,1.5873,1.56364,1.63132,1.50828,1.91406,0.0267978,0.025796,0.0305546,0.0283004,0.0310554,0.0318066,0.0255454,0.0237924,0.028551,0.025295,0.025796,0.0265472,0.0227906,0.0222898,0.023542,0.0272986,0.0240428,0.024418333,0.0227906,0.021288,0.0288014,0.0250448,0.021789,0.020787,0.0252952,0.0318066,6.18272,5.75234,5.63902,5.58988,5.54056,5.58636,5.54038,4.73912,4.38586,4.53012,5.04358,4.94272,4.45356,4.687,4.4773,4.49898,4.52032,4.3650833,4.3395,4.28574,4.23454,4.35656,4.29408,4.2483,4.19802,6.18272,0.0049156,0.00461014,0.00469344,0.0044157,0.00533216,0.00472118,0.00527662,0.00416578,0.00397134,0.00397136,0.00433238,0.0042213,0.00433238,0.00419352,0.00438794,0.00497114,0.00519332,0.0045129,0.0042213,0.00361032,0.00311044,0.00483226,0.00416576,0.0044157,0.0045268,0.00533216,0.242438,0.235872,0.232704,0.22825,0.231684,0.233496,0.227722,0.199272,0.181952,0.191764,0.21078,0.212212,0.191988,0.193914,0.204062,0.196552,0.199988,0.19187333,0.192742,0.183574,0.192024,0.1875,0.183272,0.186064,0.18414,0.242438,98,0,0,0,0,0,0,0,0,0,0,0,0,0,0,0,0,0,41,1,0,736,0.002383699
36,11/2/2014 10:39,11/2/2014 11:09,0.195346,644.296,592.82,608.478,630.062,626.74,609.188,560.558,552.254,533.512,541.104,506.71,513.824,525.448,528.77,505.05,491.052,488.875,489.626,466.618,492.236,484.882,481.562,495.318,478.714,465.43,644.296,1.80814,1.7682,1.7853,1.84642,1.87086,1.8513,1.63458,1.571,1.60198,1.67124,1.57914,1.61418,1.62234,1.67856,1.5995,1.56936,1.58285,1.52862,1.56856,1.6044,1.5873,1.56364,1.63132,1.50828,1.55716,1.87086,0.025796,0.0305546,0.0283004,0.0310554,0.0318066,0.0255454,0.0237924,0.028551,0.025295,0.025796,0.0265472,0.0227906,0.0222898,0.023542,0.0272986,0.0240428,0.024418333,0.0227906,0.021288,0.0288014,0.0250448,0.021789,0.020787,0.0252952,0.0220392,0.0318066,5.75234,5.63902,5.58988,5.54056,5.58636,5.54038,4.73912,4.38586,4.53012,5.04358,4.94272,4.45356,4.687,4.4773,4.49898,4.52032,4.3650833,4.3395,4.28574,4.23454,4.35656,4.29408,4.2483,4.19802,4.15556,5.75234,0.00461014,0.00469344,0.0044157,0.00533216,0.00472118,0.00527662,0.00416578,0.00397134,0.00397136,0.00433238,0.0042213,0.00433238,0.00419352,0.00438794,0.00497114,0.00519332,0.0045129,0.0042213,0.00361032,0.00311044,0.00483226,0.00416576,0.0044157,0.0045268,0.00444348,0.00533216,0.235872,0.232704,0.22825,0.231684,0.233496,0.227722,0.199272,0.181952,0.191764,0.21078,0.212212,0.191988,0.193914,0.204062,0.196552,0.199988,0.19187333,0.192742,0.183574,0.192024,0.1875,0.183272,0.186064,0.18414,0.186742,0.235872,98,0,0,0,0,0,0,0,0,0,0,0,0,0,0,0,0,0,41,1,0,736,0.007223946
36,11/2/2014 10:44,11/2/2014 11:14,0.195872,592.82,608.478,630.062,626.74,609.188,560.558,552.254,533.512,541.104,506.71,513.824,525.448,528.77,505.05,491.052,488.875,489.626,466.618,492.236,484.882,481.562,495.318,478.714,465.43,466.854,630.062,1.7682,1.7853,1.84642,1.87086,1.8513,1.63458,1.571,1.60198,1.67124,1.57914,1.61418,1.62234,1.67856,1.5995,1.56936,1.58285,1.52862,1.56856,1.6044,1.5873,1.56364,1.63132,1.50828,1.55716,1.50664,1.87086,0.0305546,0.0283004,0.0310554,0.0318066,0.0255454,0.0237924,0.028551,0.025295,0.025796,0.0265472,0.0227906,0.0222898,0.023542,0.0272986,0.0240428,0.024418333,0.0227906,0.021288,0.0288014,0.0250448,0.021789,0.020787,0.0252952,0.0220392,0.0232916,0.0318066,5.63902,5.58988,5.54056,5.58636,5.54038,4.73912,4.38586,4.53012,5.04358,4.94272,4.45356,4.687,4.4773,4.49898,4.52032,4.3650833,4.3395,4.28574,4.23454,4.35656,4.29408,4.2483,4.19802,4.15556,4.22676,5.63902,0.00469344,0.0044157,0.00533216,0.00472118,0.00527662,0.00416578,0.00397134,0.00397136,0.00433238,0.0042213,0.00433238,0.00419352,0.00438794,0.00497114,0.00519332,0.0045129,0.0042213,0.00361032,0.00311044,0.00483226,0.00416576,0.0044157,0.0045268,0.00444348,0.00505444,0.00533216,0.232704,0.22825,0.231684,0.233496,0.227722,0.199272,0.181952,0.191764,0.21078,0.212212,0.191988,0.193914,0.204062,0.196552,0.199988,0.19187333,0.192742,0.183574,0.192024,0.1875,0.183272,0.186064,0.18414,0.186742,0.183838,0.233496,98,0,0,0,0,0,0,0,0,0,0,0,0,0,0,0,0,0,41,1,0,736,0.010113924
36,11/2/2014 10:49,11/2/2014 11:19,0.196816,608.478,630.062,626.74,609.188,560.558,552.254,533.512,541.104,506.71,513.824,525.448,528.77,505.05,491.052,488.875,489.626,466.618,492.236,484.882,481.562,495.318,478.714,465.43,466.854,459.264,630.062,1.7853,1.84642,1.87086,1.8513,1.63458,1.571,1.60198,1.67124,1.57914,1.61418,1.62234,1.67856,1.5995,1.56936,1.58285,1.52862,1.56856,1.6044,1.5873,1.56364,1.63132,1.50828,1.55716,1.50664,1.4284,1.87086,0.0283004,0.0310554,0.0318066,0.0255454,0.0237924,0.028551,0.025295,0.025796,0.0265472,0.0227906,0.0222898,0.023542,0.0272986,0.0240428,0.024418333,0.0227906,0.021288,0.0288014,0.0250448,0.021789,0.020787,0.0252952,0.0220392,0.0232916,0.0205366,0.0318066,5.58988,5.54056,5.58636,5.54038,4.73912,4.38586,4.53012,5.04358,4.94272,4.45356,4.687,4.4773,4.49898,4.52032,4.3650833,4.3395,4.28574,4.23454,4.35656,4.29408,4.2483,4.19802,4.15556,4.22676,4.1554,5.58988,0.0044157,0.00533216,0.00472118,0.00527662,0.00416578,0.00397134,0.00397136,0.00433238,0.0042213,0.00433238,0.00419352,0.00438794,0.00497114,0.00519332,0.0045129,0.0042213,0.00361032,0.00311044,0.00483226,0.00416576,0.0044157,0.0045268,0.00444348,0.00505444,0.004138,0.00533216,0.22825,0.231684,0.233496,0.227722,0.199272,0.181952,0.191764,0.21078,0.212212,0.191988,0.193914,0.204062,0.196552,0.199988,0.19187333,0.192742,0.183574,0.192024,0.1875,0.183272,0.186064,0.18414,0.186742,0.183838,0.18214,0.233496,98,0,0,0,0,0,0,0,0,0,0,0,0,0,0,0,0,0,41,1,0,736,0.012338342
36,11/2/2014 10:54,11/2/2014 11:24,0.219344,630.062,626.74,609.188,560.558,552.254,533.512,541.104,506.71,513.824,525.448,528.77,505.05,491.052,488.875,489.626,466.618,492.236,484.882,481.562,495.318,478.714,465.43,466.854,459.264,456.652,630.062,1.84642,1.87086,1.8513,1.63458,1.571,1.60198,1.67124,1.57914,1.61418,1.62234,1.67856,1.5995,1.56936,1.58285,1.52862,1.56856,1.6044,1.5873,1.56364,1.63132,1.50828,1.55716,1.50664,1.4284,1.50664,1.87086,0.0310554,0.0318066,0.0255454,0.0237924,0.028551,0.025295,0.025796,0.0265472,0.0227906,0.0222898,0.023542,0.0272986,0.0240428,0.024418333,0.0227906,0.021288,0.0288014,0.0250448,0.021789,0.020787,0.0252952,0.0220392,0.0232916,0.0205366,0.0245438,0.0318066,5.54056,5.58636,5.54038,4.73912,4.38586,4.53012,5.04358,4.94272,4.45356,4.687,4.4773,4.49898,4.52032,4.3650833,4.3395,4.28574,4.23454,4.35656,4.29408,4.2483,4.19802,4.15556,4.22676,4.1554,4.15148,5.58636,0.00533216,0.00472118,0.00527662,0.00416578,0.00397134,0.00397136,0.00433238,0.0042213,0.00433238,0.00419352,0.00438794,0.00497114,0.00519332,0.0045129,0.0042213,0.00361032,0.00311044,0.00483226,0.00416576,0.0044157,0.0045268,0.00444348,0.00505444,0.004138,0.00397134,0.00533216,0.231684,0.233496,0.227722,0.199272,0.181952,0.191764,0.21078,0.212212,0.191988,0.193914,0.204062,0.196552,0.199988,0.19187333,0.192742,0.183574,0.192024,0.1875,0.183272,0.186064,0.18414,0.186742,0.183838,0.18214,0.186064,0.233496,98,11/2/2014 10:24,29,-110,548,61,461,2827.496498,35,-4,408,404,72,0,0,457.8,3.70E-31,-5.709526074,41,1,0,736,0.027672747
36,11/2/2014 10:59,11/2/2014 11:29,0.2247,626.74,609.188,560.558,552.254,533.512,541.104,506.71,513.824,525.448,528.77,505.05,491.052,488.875,489.626,466.618,492.236,484.882,481.562,495.318,478.714,465.43,466.854,459.264,456.652,454.994,626.74,1.87086,1.8513,1.63458,1.571,1.60198,1.67124,1.57914,1.61418,1.62234,1.67856,1.5995,1.56936,1.58285,1.52862,1.56856,1.6044,1.5873,1.56364,1.63132,1.50828,1.55716,1.50664,1.4284,1.50664,1.4838,1.87086,0.0318066,0.0255454,0.0237924,0.028551,0.025295,0.025796,0.0265472,0.0227906,0.0222898,0.023542,0.0272986,0.0240428,0.024418333,0.0227906,0.021288,0.0288014,0.0250448,0.021789,0.020787,0.0252952,0.0220392,0.0232916,0.0205366,0.0245438,0.0230412,0.0318066,5.58636,5.54038,4.73912,4.38586,4.53012,5.04358,4.94272,4.45356,4.687,4.4773,4.49898,4.52032,4.3650833,4.3395,4.28574,4.23454,4.35656,4.29408,4.2483,4.19802,4.15556,4.22676,4.1554,4.15148,4.1496,5.58636,0.00472118,0.00527662,0.00416578,0.00397134,0.00397136,0.00433238,0.0042213,0.00433238,0.00419352,0.00438794,0.00497114,0.00519332,0.0045129,0.0042213,0.00361032,0.00311044,0.00483226,0.00416576,0.0044157,0.0045268,0.00444348,0.00505444,0.004138,0.00397134,0.00486006,0.00527662,0.233496,0.227722,0.199272,0.181952,0.191764,0.21078,0.212212,0.191988,0.193914,0.204062,0.196552,0.199988,0.19187333,0.192742,0.183574,0.192024,0.1875,0.183272,0.186064,0.18414,0.186742,0.183838,0.18214,0.186064,0.192706,0.233496,98,11/2/2014 10:24,29,-110,548,61,461,2827.496498,35,-4,408,404,72,0,0,457.8,3.70E-31,-5.709526074,41,1,0,736,0.026471241
36,11/2/2014 11:04,11/2/2014 11:34,0.21338,609.188,560.558,552.254,533.512,541.104,506.71,513.824,525.448,528.77,505.05,491.052,488.875,489.626,466.618,492.236,484.882,481.562,495.318,478.714,465.43,466.854,459.264,456.652,454.994,450.486,609.188,1.8513,1.63458,1.571,1.60198,1.67124,1.57914,1.61418,1.62234,1.67856,1.5995,1.56936,1.58285,1.52862,1.56856,1.6044,1.5873,1.56364,1.63132,1.50828,1.55716,1.50664,1.4284,1.50664,1.4838,1.51642,1.8513,0.0255454,0.0237924,0.028551,0.025295,0.025796,0.0265472,0.0227906,0.0222898,0.023542,0.0272986,0.0240428,0.024418333,0.0227906,0.021288,0.0288014,0.0250448,0.021789,0.020787,0.0252952,0.0220392,0.0232916,0.0205366,0.0245438,0.0230412,0.0227906,0.0288014,5.54038,4.73912,4.38586,4.53012,5.04358,4.94272,4.45356,4.687,4.4773,4.49898,4.52032,4.3650833,4.3395,4.28574,4.23454,4.35656,4.29408,4.2483,4.19802,4.15556,4.22676,4.1554,4.15148,4.1496,4.1539,5.54038,0.00527662,0.00416578,0.00397134,0.00397136,0.00433238,0.0042213,0.00433238,0.00419352,0.00438794,0.00497114,0.00519332,0.0045129,0.0042213,0.00361032,0.00311044,0.00483226,0.00416576,0.0044157,0.0045268,0.00444348,0.00505444,0.004138,0.00397134,0.00486006,0.00424906,0.00527662,0.227722,0.199272,0.181952,0.191764,0.21078,0.212212,0.191988,0.193914,0.204062,0.196552,0.199988,0.19187333,0.192742,0.183574,0.192024,0.1875,0.183272,0.186064,0.18414,0.186742,0.183838,0.18214,0.186064,0.192706,0.186966,0.227722,98,11/2/2014 10:24,29,-110,548,61,461,2827.496498,35,-4,408,404,72,0,0,457.8,3.70E-31,-5.709526074,41,1,0,736,0.022009382
36,11/2/2014 11:09,11/2/2014 11:39,0.218628,560.558,552.254,533.512,541.104,506.71,513.824,525.448,528.77,505.05,491.052,488.875,489.626,466.618,492.236,484.882,481.562,495.318,478.714,465.43,466.854,459.264,456.652,454.994,450.486,450.248,560.558,1.63458,1.571,1.60198,1.67124,1.57914,1.61418,1.62234,1.67856,1.5995,1.56936,1.58285,1.52862,1.56856,1.6044,1.5873,1.56364,1.63132,1.50828,1.55716,1.50664,1.4284,1.50664,1.4838,1.51642,1.48708,1.67856,0.0237924,0.028551,0.025295,0.025796,0.0265472,0.0227906,0.0222898,0.023542,0.0272986,0.0240428,0.024418333,0.0227906,0.021288,0.0288014,0.0250448,0.021789,0.020787,0.0252952,0.0220392,0.0232916,0.0205366,0.0245438,0.0230412,0.0227906,0.0205366,0.0288014,4.73912,4.38586,4.53012,5.04358,4.94272,4.45356,4.687,4.4773,4.49898,4.52032,4.3650833,4.3395,4.28574,4.23454,4.35656,4.29408,4.2483,4.19802,4.15556,4.22676,4.1554,4.15148,4.1496,4.1539,4.32856,5.04358,0.00416578,0.00397134,0.00397136,0.00433238,0.0042213,0.00433238,0.00419352,0.00438794,0.00497114,0.00519332,0.0045129,0.0042213,0.00361032,0.00311044,0.00483226,0.00416576,0.0044157,0.0045268,0.00444348,0.00505444,0.004138,0.00397134,0.00486006,0.00424906,0.0042213,0.00519332,0.199272,0.181952,0.191764,0.21078,0.212212,0.191988,0.193914,0.204062,0.196552,0.199988,0.19187333,0.192742,0.183574,0.192024,0.1875,0.183272,0.186064,0.18414,0.186742,0.183838,0.18214,0.186064,0.192706,0.186966,0.195346,0.212212,98,11/2/2014 10:24,29,-110,548,61,461,2827.496498,35,-4,408,404,72,0,0,457.8,3.70E-31,-5.709526074,41,1,0,736,0.019289953
36,11/2/2014 11:14,11/2/2014 11:44,0.23689,552.254,533.512,541.104,506.71,513.824,525.448,528.77,505.05,491.052,488.875,489.626,466.618,492.236,484.882,481.562,495.318,478.714,465.43,466.854,459.264,456.652,454.994,450.486,450.248,445.74,552.254,1.571,1.60198,1.67124,1.57914,1.61418,1.62234,1.67856,1.5995,1.56936,1.58285,1.52862,1.56856,1.6044,1.5873,1.56364,1.63132,1.50828,1.55716,1.50664,1.4284,1.50664,1.4838,1.51642,1.48708,1.44472,1.67856,0.028551,0.025295,0.025796,0.0265472,0.0227906,0.0222898,0.023542,0.0272986,0.0240428,0.024418333,0.0227906,0.021288,0.0288014,0.0250448,0.021789,0.020787,0.0252952,0.0220392,0.0232916,0.0205366,0.0245438,0.0230412,0.0227906,0.0205366,0.0197852,0.0288014,4.38586,4.53012,5.04358,4.94272,4.45356,4.687,4.4773,4.49898,4.52032,4.3650833,4.3395,4.28574,4.23454,4.35656,4.29408,4.2483,4.19802,4.15556,4.22676,4.1554,4.15148,4.1496,4.1539,4.32856,4.4454,5.04358,0.00397134,0.00397136,0.00433238,0.0042213,0.00433238,0.00419352,0.00438794,0.00497114,0.00519332,0.0045129,0.0042213,0.00361032,0.00311044,0.00483226,0.00416576,0.0044157,0.0045268,0.00444348,0.00505444,0.004138,0.00397134,0.00486006,0.00424906,0.0042213,0.00511,0.00519332,0.181952,0.191764,0.21078,0.212212,0.191988,0.193914,0.204062,0.196552,0.199988,0.19187333,0.192742,0.183574,0.192024,0.1875,0.183272,0.186064,0.18414,0.186742,0.183838,0.18214,0.186064,0.192706,0.186966,0.195346,0.195872,0.212212,98,11/2/2014 10:24,29,-110,548,61,461,2827.496498,35,-4,408,404,72,0,0,457.8,3.70E-31,-5.709526074,41,1,0,736,0.033724538
36,11/2/2014 11:19,11/2/2014 11:49,0.266776,533.512,541.104,506.71,513.824,525.448,528.77,505.05,491.052,488.875,489.626,466.618,492.236,484.882,481.562,495.318,478.714,465.43,466.854,459.264,456.652,454.994,450.486,450.248,445.74,439.574,541.104,1.60198,1.67124,1.57914,1.61418,1.62234,1.67856,1.5995,1.56936,1.58285,1.52862,1.56856,1.6044,1.5873,1.56364,1.63132,1.50828,1.55716,1.50664,1.4284,1.50664,1.4838,1.51642,1.48708,1.44472,1.4333,1.67856,0.025295,0.025796,0.0265472,0.0227906,0.0222898,0.023542,0.0272986,0.0240428,0.024418333,0.0227906,0.021288,0.0288014,0.0250448,0.021789,0.020787,0.0252952,0.0220392,0.0232916,0.0205366,0.0245438,0.0230412,0.0227906,0.0205366,0.0197852,0.0217888,0.0288014,4.53012,5.04358,4.94272,4.45356,4.687,4.4773,4.49898,4.52032,4.3650833,4.3395,4.28574,4.23454,4.35656,4.29408,4.2483,4.19802,4.15556,4.22676,4.1554,4.15148,4.1496,4.1539,4.32856,4.4454,4.22694,5.04358,0.00397136,0.00433238,0.0042213,0.00433238,0.00419352,0.00438794,0.00497114,0.00519332,0.0045129,0.0042213,0.00361032,0.00311044,0.00483226,0.00416576,0.0044157,0.0045268,0.00444348,0.00505444,0.004138,0.00397134,0.00486006,0.00424906,0.0042213,0.00511,0.00511,0.00519332,0.191764,0.21078,0.212212,0.191988,0.193914,0.204062,0.196552,0.199988,0.19187333,0.192742,0.183574,0.192024,0.1875,0.183272,0.186064,0.18414,0.186742,0.183838,0.18214,0.186064,0.192706,0.186966,0.195346,0.195872,0.196816,0.212212,98,11/2/2014 10:24,29,-110,548,61,461,2827.496498,35,-4,408,404,72,0,0,457.8,3.70E-31,-5.709526074,41,1,0,736,0.056810393
36,11/2/2014 11:24,11/2/2014 11:54,0.27308,541.104,506.71,513.824,525.448,528.77,505.05,491.052,488.875,489.626,466.618,492.236,484.882,481.562,495.318,478.714,465.43,466.854,459.264,456.652,454.994,450.486,450.248,445.74,439.574,448.586,541.104,1.67124,1.57914,1.61418,1.62234,1.67856,1.5995,1.56936,1.58285,1.52862,1.56856,1.6044,1.5873,1.56364,1.63132,1.50828,1.55716,1.50664,1.4284,1.50664,1.4838,1.51642,1.48708,1.44472,1.4333,1.40396,1.67856,0.025796,0.0265472,0.0227906,0.0222898,0.023542,0.0272986,0.0240428,0.024418333,0.0227906,0.021288,0.0288014,0.0250448,0.021789,0.020787,0.0252952,0.0220392,0.0232916,0.0205366,0.0245438,0.0230412,0.0227906,0.0205366,0.0197852,0.0217888,0.020286,0.0288014,5.04358,4.94272,4.45356,4.687,4.4773,4.49898,4.52032,4.3650833,4.3395,4.28574,4.23454,4.35656,4.29408,4.2483,4.19802,4.15556,4.22676,4.1554,4.15148,4.1496,4.1539,4.32856,4.4454,4.22694,4.70054,5.04358,0.00433238,0.0042213,0.00433238,0.00419352,0.00438794,0.00497114,0.00519332,0.0045129,0.0042213,0.00361032,0.00311044,0.00483226,0.00416576,0.0044157,0.0045268,0.00444348,0.00505444,0.004138,0.00397134,0.00486006,0.00424906,0.0042213,0.00511,0.00511,0.00527662,0.00527662,0.21078,0.212212,0.191988,0.193914,0.204062,0.196552,0.199988,0.19187333,0.192742,0.183574,0.192024,0.1875,0.183272,0.186064,0.18414,0.186742,0.183838,0.18214,0.186064,0.192706,0.186966,0.195346,0.195872,0.196816,0.219344,0.219344,98,11/2/2014 10:24,29,-110,548,61,461,2827.496498,35,-4,408,404,72,0,0,457.8,3.70E-31,-5.709526074,41,1,0,736,0.043126152
36,11/2/2014 11:29,11/2/2014 11:59,0.25568,506.71,513.824,525.448,528.77,505.05,491.052,488.875,489.626,466.618,492.236,484.882,481.562,495.318,478.714,465.43,466.854,459.264,456.652,454.994,450.486,450.248,445.74,439.574,448.586,455.94,528.77,1.57914,1.61418,1.62234,1.67856,1.5995,1.56936,1.58285,1.52862,1.56856,1.6044,1.5873,1.56364,1.63132,1.50828,1.55716,1.50664,1.4284,1.50664,1.4838,1.51642,1.48708,1.44472,1.4333,1.40396,1.46752,1.67856,0.0265472,0.0227906,0.0222898,0.023542,0.0272986,0.0240428,0.024418333,0.0227906,0.021288,0.0288014,0.0250448,0.021789,0.020787,0.0252952,0.0220392,0.0232916,0.0205366,0.0245438,0.0230412,0.0227906,0.0205366,0.0197852,0.0217888,0.020286,0.0210374,0.0288014,4.94272,4.45356,4.687,4.4773,4.49898,4.52032,4.3650833,4.3395,4.28574,4.23454,4.35656,4.29408,4.2483,4.19802,4.15556,4.22676,4.1554,4.15148,4.1496,4.1539,4.32856,4.4454,4.22694,4.70054,4.84852,4.94272,0.0042213,0.00433238,0.00419352,0.00438794,0.00497114,0.00519332,0.0045129,0.0042213,0.00361032,0.00311044,0.00483226,0.00416576,0.0044157,0.0045268,0.00444348,0.00505444,0.004138,0.00397134,0.00486006,0.00424906,0.0042213,0.00511,0.00511,0.00527662,0.00472118,0.00527662,0.212212,0.191988,0.193914,0.204062,0.196552,0.199988,0.19187333,0.192742,0.183574,0.192024,0.1875,0.183272,0.186064,0.18414,0.186742,0.183838,0.18214,0.186064,0.192706,0.186966,0.195346,0.195872,0.196816,0.219344,0.2247,0.2247,98,11/2/2014 10:24,29,-110,548,61,461,2827.496498,35,-4,408,404,72,0,0,457.8,3.70E-31,-5.709526074,41,1,0,736,0.024981342
36,11/2/2014 11:34,11/2/2014 12:04,0.256588,513.824,525.448,528.77,505.05,491.052,488.875,489.626,466.618,492.236,484.882,481.562,495.318,478.714,465.43,466.854,459.264,456.652,454.994,450.486,450.248,445.74,439.574,448.586,455.94,462.822,528.77,1.61418,1.62234,1.67856,1.5995,1.56936,1.58285,1.52862,1.56856,1.6044,1.5873,1.56364,1.63132,1.50828,1.55716,1.50664,1.4284,1.50664,1.4838,1.51642,1.48708,1.44472,1.4333,1.40396,1.46752,1.47402,1.67856,0.0227906,0.0222898,0.023542,0.0272986,0.0240428,0.024418333,0.0227906,0.021288,0.0288014,0.0250448,0.021789,0.020787,0.0252952,0.0220392,0.0232916,0.0205366,0.0245438,0.0230412,0.0227906,0.0205366,0.0197852,0.0217888,0.020286,0.0210374,0.0222896,0.0288014,4.45356,4.687,4.4773,4.49898,4.52032,4.3650833,4.3395,4.28574,4.23454,4.35656,4.29408,4.2483,4.19802,4.15556,4.22676,4.1554,4.15148,4.1496,4.1539,4.32856,4.4454,4.22694,4.70054,4.84852,4.8285,4.84852,0.00433238,0.00419352,0.00438794,0.00497114,0.00519332,0.0045129,0.0042213,0.00361032,0.00311044,0.00483226,0.00416576,0.0044157,0.0045268,0.00444348,0.00505444,0.004138,0.00397134,0.00486006,0.00424906,0.0042213,0.00511,0.00511,0.00527662,0.00472118,0.00547102,0.00547102,0.191988,0.193914,0.204062,0.196552,0.199988,0.19187333,0.192742,0.183574,0.192024,0.1875,0.183272,0.186064,0.18414,0.186742,0.183838,0.18214,0.186064,0.192706,0.186966,0.195346,0.195872,0.196816,0.219344,0.2247,0.21338,0.2247,98,11/2/2014 10:24,29,-110,548,61,461,2827.496498,35,-4,408,404,72,0,0,457.8,3.70E-31,-5.709526074,41,1,0,736,0.034990258
36,11/2/2014 11:39,11/2/2014 12:09,0.276512,525.448,528.77,505.05,491.052,488.875,489.626,466.618,492.236,484.882,481.562,495.318,478.714,465.43,466.854,459.264,456.652,454.994,450.486,450.248,445.74,439.574,448.586,455.94,462.822,459.976,528.77,1.62234,1.67856,1.5995,1.56936,1.58285,1.52862,1.56856,1.6044,1.5873,1.56364,1.63132,1.50828,1.55716,1.50664,1.4284,1.50664,1.4838,1.51642,1.48708,1.44472,1.4333,1.40396,1.46752,1.47402,1.4659,1.67856,0.0222898,0.023542,0.0272986,0.0240428,0.024418333,0.0227906,0.021288,0.0288014,0.0250448,0.021789,0.020787,0.0252952,0.0220392,0.0232916,0.0205366,0.0245438,0.0230412,0.0227906,0.0205366,0.0197852,0.0217888,0.020286,0.0210374,0.0222896,0.0205366,0.0288014,4.687,4.4773,4.49898,4.52032,4.3650833,4.3395,4.28574,4.23454,4.35656,4.29408,4.2483,4.19802,4.15556,4.22676,4.1554,4.15148,4.1496,4.1539,4.32856,4.4454,4.22694,4.70054,4.84852,4.8285,4.73152,4.84852,0.00419352,0.00438794,0.00497114,0.00519332,0.0045129,0.0042213,0.00361032,0.00311044,0.00483226,0.00416576,0.0044157,0.0045268,0.00444348,0.00505444,0.004138,0.00397134,0.00486006,0.00424906,0.0042213,0.00511,0.00511,0.00527662,0.00472118,0.00547102,0.00591538,0.00591538,0.193914,0.204062,0.196552,0.199988,0.19187333,0.192742,0.183574,0.192024,0.1875,0.183272,0.186064,0.18414,0.186742,0.183838,0.18214,0.186064,0.192706,0.186966,0.195346,0.195872,0.196816,0.219344,0.2247,0.21338,0.218628,0.2247,98,11/2/2014 10:24,29,-110,548,61,461,2827.496498,35,-4,408,404,72,0,0,457.8,3.70E-31,-5.709526074,41,1,0,736,0.046405723
36,11/2/2014 11:44,11/2/2014 12:14,0.28183,528.77,505.05,491.052,488.875,489.626,466.618,492.236,484.882,481.562,495.318,478.714,465.43,466.854,459.264,456.652,454.994,450.486,450.248,445.74,439.574,448.586,455.94,462.822,459.976,440.048,528.77,1.67856,1.5995,1.56936,1.58285,1.52862,1.56856,1.6044,1.5873,1.56364,1.63132,1.50828,1.55716,1.50664,1.4284,1.50664,1.4838,1.51642,1.48708,1.44472,1.4333,1.40396,1.46752,1.47402,1.4659,1.47404,1.67856,0.023542,0.0272986,0.0240428,0.024418333,0.0227906,0.021288,0.0288014,0.0250448,0.021789,0.020787,0.0252952,0.0220392,0.0232916,0.0205366,0.0245438,0.0230412,0.0227906,0.0205366,0.0197852,0.0217888,0.020286,0.0210374,0.0222896,0.0205366,0.0240428,0.0288014,4.4773,4.49898,4.52032,4.3650833,4.3395,4.28574,4.23454,4.35656,4.29408,4.2483,4.19802,4.15556,4.22676,4.1554,4.15148,4.1496,4.1539,4.32856,4.4454,4.22694,4.70054,4.84852,4.8285,4.73152,4.99314,4.99314,0.00438794,0.00497114,0.00519332,0.0045129,0.0042213,0.00361032,0.00311044,0.00483226,0.00416576,0.0044157,0.0045268,0.00444348,0.00505444,0.004138,0.00397134,0.00486006,0.00424906,0.0042213,0.00511,0.00511,0.00527662,0.00472118,0.00547102,0.00591538,0.00583208,0.00591538,0.204062,0.196552,0.199988,0.19187333,0.192742,0.183574,0.192024,0.1875,0.183272,0.186064,0.18414,0.186742,0.183838,0.18214,0.186064,0.192706,0.186966,0.195346,0.195872,0.196816,0.219344,0.2247,0.21338,0.218628,0.23689,0.23689,98,11/2/2014 10:24,29,-110,548,61,461,2827.496498,35,-4,408,404,72,0,0,457.8,3.70E-31,-5.709526074,41,1,0,736,0.03568858
36,11/2/2014 11:49,11/2/2014 12:19,0.256134,505.05,491.052,488.875,489.626,466.618,492.236,484.882,481.562,495.318,478.714,465.43,466.854,459.264,456.652,454.994,450.486,450.248,445.74,439.574,448.586,455.94,462.822,459.976,440.048,495.32,505.05,1.5995,1.56936,1.58285,1.52862,1.56856,1.6044,1.5873,1.56364,1.63132,1.50828,1.55716,1.50664,1.4284,1.50664,1.4838,1.51642,1.48708,1.44472,1.4333,1.40396,1.46752,1.47402,1.4659,1.47404,1.505,1.63132,0.0272986,0.0240428,0.024418333,0.0227906,0.021288,0.0288014,0.0250448,0.021789,0.020787,0.0252952,0.0220392,0.0232916,0.0205366,0.0245438,0.0230412,0.0227906,0.0205366,0.0197852,0.0217888,0.020286,0.0210374,0.0222896,0.0205366,0.0240428,0.0275492,0.0288014,4.49898,4.52032,4.3650833,4.3395,4.28574,4.23454,4.35656,4.29408,4.2483,4.19802,4.15556,4.22676,4.1554,4.15148,4.1496,4.1539,4.32856,4.4454,4.22694,4.70054,4.84852,4.8285,4.73152,4.99314,5.76974,5.76974,0.00497114,0.00519332,0.0045129,0.0042213,0.00361032,0.00311044,0.00483226,0.00416576,0.0044157,0.0045268,0.00444348,0.00505444,0.004138,0.00397134,0.00486006,0.00424906,0.0042213,0.00511,0.00511,0.00527662,0.00472118,0.00547102,0.00591538,0.00583208,0.00610978,0.00610978,0.196552,0.199988,0.19187333,0.192742,0.183574,0.192024,0.1875,0.183272,0.186064,0.18414,0.186742,0.183838,0.18214,0.186064,0.192706,0.186966,0.195346,0.195872,0.196816,0.219344,0.2247,0.21338,0.218628,0.23689,0.266776,0.266776,98,11/2/2014 10:24,29,-110,548,61,461,2827.496498,35,-4,408,404,72,0,0,457.8,3.70E-31,-5.709526074,41,1,0,736,-0.00843634
36,11/2/2014 11:54,11/2/2014 12:24,0.214362,491.052,488.875,489.626,466.618,492.236,484.882,481.562,495.318,478.714,465.43,466.854,459.264,456.652,454.994,450.486,450.248,445.74,439.574,448.586,455.94,462.822,459.976,440.048,495.32,485.358,495.32,1.56936,1.58285,1.52862,1.56856,1.6044,1.5873,1.56364,1.63132,1.50828,1.55716,1.50664,1.4284,1.50664,1.4838,1.51642,1.48708,1.44472,1.4333,1.40396,1.46752,1.47402,1.4659,1.47404,1.505,1.54004,1.63132,0.0240428,0.024418333,0.0227906,0.021288,0.0288014,0.0250448,0.021789,0.020787,0.0252952,0.0220392,0.0232916,0.0205366,0.0245438,0.0230412,0.0227906,0.0205366,0.0197852,0.0217888,0.020286,0.0210374,0.0222896,0.0205366,0.0240428,0.0275492,0.026297,0.0288014,4.52032,4.3650833,4.3395,4.28574,4.23454,4.35656,4.29408,4.2483,4.19802,4.15556,4.22676,4.1554,4.15148,4.1496,4.1539,4.32856,4.4454,4.22694,4.70054,4.84852,4.8285,4.73152,4.99314,5.76974,5.8226,5.8226,0.00519332,0.0045129,0.0042213,0.00361032,0.00311044,0.00483226,0.00416576,0.0044157,0.0045268,0.00444348,0.00505444,0.004138,0.00397134,0.00486006,0.00424906,0.0042213,0.00511,0.00511,0.00527662,0.00472118,0.00547102,0.00591538,0.00583208,0.00610978,0.00669296,0.00669296,0.199988,0.19187333,0.192742,0.183574,0.192024,0.1875,0.183272,0.186064,0.18414,0.186742,0.183838,0.18214,0.186064,0.192706,0.186966,0.195346,0.195872,0.196816,0.219344,0.2247,0.21338,0.218628,0.23689,0.266776,0.27308,0.27308,98,11/2/2014 10:24,29,-110,548,61,461,2827.496498,35,-4,408,404,72,0,0,457.8,3.70E-31,-5.709526074,41,1,0,736,-0.047220325
36,11/2/2014 11:59,11/2/2014 12:29,0.19825,488.875,489.626,466.618,492.236,484.882,481.562,495.318,478.714,465.43,466.854,459.264,456.652,454.994,450.486,450.248,445.74,439.574,448.586,455.94,462.822,459.976,440.048,495.32,485.358,465.432,495.32,1.58285,1.52862,1.56856,1.6044,1.5873,1.56364,1.63132,1.50828,1.55716,1.50664,1.4284,1.50664,1.4838,1.51642,1.48708,1.44472,1.4333,1.40396,1.46752,1.47402,1.4659,1.47404,1.505,1.54004,1.43738,1.63132,0.024418333,0.0227906,0.021288,0.0288014,0.0250448,0.021789,0.020787,0.0252952,0.0220392,0.0232916,0.0205366,0.0245438,0.0230412,0.0227906,0.0205366,0.0197852,0.0217888,0.020286,0.0210374,0.0222896,0.0205366,0.0240428,0.0275492,0.026297,0.0212882,0.0288014,4.3650833,4.3395,4.28574,4.23454,4.35656,4.29408,4.2483,4.19802,4.15556,4.22676,4.1554,4.15148,4.1496,4.1539,4.32856,4.4454,4.22694,4.70054,4.84852,4.8285,4.73152,4.99314,5.76974,5.8226,5.19064,5.8226,0.0045129,0.0042213,0.00361032,0.00311044,0.00483226,0.00416576,0.0044157,0.0045268,0.00444348,0.00505444,0.004138,0.00397134,0.00486006,0.00424906,0.0042213,0.00511,0.00511,0.00527662,0.00472118,0.00547102,0.00591538,0.00583208,0.00610978,0.00669296,0.00605426,0.00669296,0.19187333,0.192742,0.183574,0.192024,0.1875,0.183272,0.186064,0.18414,0.186742,0.183838,0.18214,0.186064,0.192706,0.186966,0.195346,0.195872,0.196816,0.219344,0.2247,0.21338,0.218628,0.23689,0.266776,0.27308,0.25568,0.27308,98,11/2/2014 10:24,29,-110,548,61,461,2827.496498,35,-4,408,404,72,0,0,457.8,3.70E-31,-5.709526074,41,1,0,736,-0.046815099
36,11/2/2014 12:04,11/2/2014 12:34,0.193308,489.626,466.618,492.236,484.882,481.562,495.318,478.714,465.43,466.854,459.264,456.652,454.994,450.486,450.248,445.74,439.574,448.586,455.94,462.822,459.976,440.048,495.32,485.358,465.432,423.204,495.32,1.52862,1.56856,1.6044,1.5873,1.56364,1.63132,1.50828,1.55716,1.50664,1.4284,1.50664,1.4838,1.51642,1.48708,1.44472,1.4333,1.40396,1.46752,1.47402,1.4659,1.47404,1.505,1.54004,1.43738,1.33878,1.63132,0.0227906,0.021288,0.0288014,0.0250448,0.021789,0.020787,0.0252952,0.0220392,0.0232916,0.0205366,0.0245438,0.0230412,0.0227906,0.0205366,0.0197852,0.0217888,0.020286,0.0210374,0.0222896,0.0205366,0.0240428,0.0275492,0.026297,0.0212882,0.018032,0.0288014,4.3395,4.28574,4.23454,4.35656,4.29408,4.2483,4.19802,4.15556,4.22676,4.1554,4.15148,4.1496,4.1539,4.32856,4.4454,4.22694,4.70054,4.84852,4.8285,4.73152,4.99314,5.76974,5.8226,5.19064,5.25852,5.8226,0.0042213,0.00361032,0.00311044,0.00483226,0.00416576,0.0044157,0.0045268,0.00444348,0.00505444,0.004138,0.00397134,0.00486006,0.00424906,0.0042213,0.00511,0.00511,0.00527662,0.00472118,0.00547102,0.00591538,0.00583208,0.00610978,0.00669296,0.00605426,0.00583206,0.00669296,0.192742,0.183574,0.192024,0.1875,0.183272,0.186064,0.18414,0.186742,0.183838,0.18214,0.186064,0.192706,0.186966,0.195346,0.195872,0.196816,0.219344,0.2247,0.21338,0.218628,0.23689,0.266776,0.27308,0.25568,0.256588,0.27308,98,11/2/2014 10:24,29,-110,548,61,461,2827.496498,35,-4,408,404,72,0,0,457.8,3.70E-31,-5.709526074,41,1,0,736,-0.051670829
36,11/2/2014 12:09,11/2/2014 12:39,0.200892,466.618,492.236,484.882,481.562,495.318,478.714,465.43,466.854,459.264,456.652,454.994,450.486,450.248,445.74,439.574,448.586,455.94,462.822,459.976,440.048,495.32,485.358,465.432,423.204,441.946,495.32,1.56856,1.6044,1.5873,1.56364,1.63132,1.50828,1.55716,1.50664,1.4284,1.50664,1.4838,1.51642,1.48708,1.44472,1.4333,1.40396,1.46752,1.47402,1.4659,1.47404,1.505,1.54004,1.43738,1.33878,1.43736,1.63132,0.021288,0.0288014,0.0250448,0.021789,0.020787,0.0252952,0.0220392,0.0232916,0.0205366,0.0245438,0.0230412,0.0227906,0.0205366,0.0197852,0.0217888,0.020286,0.0210374,0.0222896,0.0205366,0.0240428,0.0275492,0.026297,0.0212882,0.018032,0.0232914,0.0288014,4.28574,4.23454,4.35656,4.29408,4.2483,4.19802,4.15556,4.22676,4.1554,4.15148,4.1496,4.1539,4.32856,4.4454,4.22694,4.70054,4.84852,4.8285,4.73152,4.99314,5.76974,5.8226,5.19064,5.25852,5.70486,5.8226,0.00361032,0.00311044,0.00483226,0.00416576,0.0044157,0.0045268,0.00444348,0.00505444,0.004138,0.00397134,0.00486006,0.00424906,0.0042213,0.00511,0.00511,0.00527662,0.00472118,0.00547102,0.00591538,0.00583208,0.00610978,0.00669296,0.00605426,0.00583206,0.00597092,0.00669296,0.183574,0.192024,0.1875,0.183272,0.186064,0.18414,0.186742,0.183838,0.18214,0.186064,0.192706,0.186966,0.195346,0.195872,0.196816,0.219344,0.2247,0.21338,0.218628,0.23689,0.266776,0.27308,0.25568,0.256588,0.276512,0.276512,98,11/2/2014 10:24,29,-110,548,61,461,2827.496498,35,-4,408,404,72,0,0,457.8,3.70E-31,-5.709526074,41,1,0,736,-0.061066744
36,11/2/2014 12:14,11/2/2014 12:44,0.206968,492.236,484.882,481.562,495.318,478.714,465.43,466.854,459.264,456.652,454.994,450.486,450.248,445.74,439.574,448.586,455.94,462.822,459.976,440.048,495.32,485.358,465.432,423.204,441.946,440.996,495.32,1.6044,1.5873,1.56364,1.63132,1.50828,1.55716,1.50664,1.4284,1.50664,1.4838,1.51642,1.48708,1.44472,1.4333,1.40396,1.46752,1.47402,1.4659,1.47404,1.505,1.54004,1.43738,1.33878,1.43736,1.41214,1.63132,0.0288014,0.0250448,0.021789,0.020787,0.0252952,0.0220392,0.0232916,0.0205366,0.0245438,0.0230412,0.0227906,0.0205366,0.0197852,0.0217888,0.020286,0.0210374,0.0222896,0.0205366,0.0240428,0.0275492,0.026297,0.0212882,0.018032,0.0232914,0.0275492,0.0288014,4.23454,4.35656,4.29408,4.2483,4.19802,4.15556,4.22676,4.1554,4.15148,4.1496,4.1539,4.32856,4.4454,4.22694,4.70054,4.84852,4.8285,4.73152,4.99314,5.76974,5.8226,5.19064,5.25852,5.70486,6.01134,6.01134,0.00311044,0.00483226,0.00416576,0.0044157,0.0045268,0.00444348,0.00505444,0.004138,0.00397134,0.00486006,0.00424906,0.0042213,0.00511,0.00511,0.00527662,0.00472118,0.00547102,0.00591538,0.00583208,0.00610978,0.00669296,0.00605426,0.00583206,0.00597092,0.00591538,0.00669296,0.192024,0.1875,0.183272,0.186064,0.18414,0.186742,0.183838,0.18214,0.186064,0.192706,0.186966,0.195346,0.195872,0.196816,0.219344,0.2247,0.21338,0.218628,0.23689,0.266776,0.27308,0.25568,0.256588,0.276512,0.28183,0.28183,98,11/2/2014 10:24,29,-110,548,61,461,2827.496498,35,-4,408,404,72,0,0,457.8,3.70E-31,-5.709526074,41,1,0,736,-0.060177315
36,11/2/2014 12:19,11/2/2014 12:49,0.21108,484.882,481.562,495.318,478.714,465.43,466.854,459.264,456.652,454.994,450.486,450.248,445.74,439.574,448.586,455.94,462.822,459.976,440.048,495.32,485.358,465.432,423.204,441.946,440.996,439.812,495.32,1.5873,1.56364,1.63132,1.50828,1.55716,1.50664,1.4284,1.50664,1.4838,1.51642,1.48708,1.44472,1.4333,1.40396,1.46752,1.47402,1.4659,1.47404,1.505,1.54004,1.43738,1.33878,1.43736,1.41214,1.45042,1.63132,0.0250448,0.021789,0.020787,0.0252952,0.0220392,0.0232916,0.0205366,0.0245438,0.0230412,0.0227906,0.0205366,0.0197852,0.0217888,0.020286,0.0210374,0.0222896,0.0205366,0.0240428,0.0275492,0.026297,0.0212882,0.018032,0.0232914,0.0275492,0.0232914,0.0275492,4.35656,4.29408,4.2483,4.19802,4.15556,4.22676,4.1554,4.15148,4.1496,4.1539,4.32856,4.4454,4.22694,4.70054,4.84852,4.8285,4.73152,4.99314,5.76974,5.8226,5.19064,5.25852,5.70486,6.01134,5.59044,6.01134,0.00483226,0.00416576,0.0044157,0.0045268,0.00444348,0.00505444,0.004138,0.00397134,0.00486006,0.00424906,0.0042213,0.00511,0.00511,0.00527662,0.00472118,0.00547102,0.00591538,0.00583208,0.00610978,0.00669296,0.00605426,0.00583206,0.00597092,0.00591538,0.00533218,0.00669296,0.1875,0.183272,0.186064,0.18414,0.186742,0.183838,0.18214,0.186064,0.192706,0.186966,0.195346,0.195872,0.196816,0.219344,0.2247,0.21338,0.218628,0.23689,0.266776,0.27308,0.25568,0.256588,0.276512,0.28183,0.256134,0.28183,98,11/2/2014 10:24,29,-110,548,61,461,2827.496498,35,-4,408,404,72,0,0,457.8,3.70E-31,-5.709526074,41,1,0,736,-0.036526227
36,11/2/2014 12:24,11/2/2014 12:54,0.215798,481.562,495.318,478.714,465.43,466.854,459.264,456.652,454.994,450.486,450.248,445.74,439.574,448.586,455.94,462.822,459.976,440.048,495.32,485.358,465.432,423.204,441.946,440.996,439.812,426.762,495.32,1.56364,1.63132,1.50828,1.55716,1.50664,1.4284,1.50664,1.4838,1.51642,1.48708,1.44472,1.4333,1.40396,1.46752,1.47402,1.4659,1.47404,1.505,1.54004,1.43738,1.33878,1.43736,1.41214,1.45042,1.39744,1.63132,0.021789,0.020787,0.0252952,0.0220392,0.0232916,0.0205366,0.0245438,0.0230412,0.0227906,0.0205366,0.0197852,0.0217888,0.020286,0.0210374,0.0222896,0.0205366,0.0240428,0.0275492,0.026297,0.0212882,0.018032,0.0232914,0.0275492,0.0232914,0.0215382,0.0275492,4.29408,4.2483,4.19802,4.15556,4.22676,4.1554,4.15148,4.1496,4.1539,4.32856,4.4454,4.22694,4.70054,4.84852,4.8285,4.73152,4.99314,5.76974,5.8226,5.19064,5.25852,5.70486,6.01134,5.59044,4.52216,6.01134,0.00416576,0.0044157,0.0045268,0.00444348,0.00505444,0.004138,0.00397134,0.00486006,0.00424906,0.0042213,0.00511,0.00511,0.00527662,0.00472118,0.00547102,0.00591538,0.00583208,0.00610978,0.00669296,0.00605426,0.00583206,0.00597092,0.00591538,0.00533218,0.00555436,0.00669296,0.183272,0.186064,0.18414,0.186742,0.183838,0.18214,0.186064,0.192706,0.186966,0.195346,0.195872,0.196816,0.219344,0.2247,0.21338,0.218628,0.23689,0.266776,0.27308,0.25568,0.256588,0.276512,0.28183,0.256134,0.214362,0.28183,98,11/2/2014 10:24,29,-110,548,61,461,2827.496498,35,-4,408,404,72,0,0,457.8,3.70E-31,-5.709526074,41,1,0,736,0.001181815
36,11/2/2014 12:29,11/2/2014 12:59,0.211912,495.318,478.714,465.43,466.854,459.264,456.652,454.994,450.486,450.248,445.74,439.574,448.586,455.94,462.822,459.976,440.048,495.32,485.358,465.432,423.204,441.946,440.996,439.812,426.762,405.65,495.32,1.63132,1.50828,1.55716,1.50664,1.4284,1.50664,1.4838,1.51642,1.48708,1.44472,1.4333,1.40396,1.46752,1.47402,1.4659,1.47404,1.505,1.54004,1.43738,1.33878,1.43736,1.41214,1.45042,1.39744,1.33634,1.63132,0.020787,0.0252952,0.0220392,0.0232916,0.0205366,0.0245438,0.0230412,0.0227906,0.0205366,0.0197852,0.0217888,0.020286,0.0210374,0.0222896,0.0205366,0.0240428,0.0275492,0.026297,0.0212882,0.018032,0.0232914,0.0275492,0.0232914,0.0215382,0.0212878,0.0275492,4.2483,4.19802,4.15556,4.22676,4.1554,4.15148,4.1496,4.1539,4.32856,4.4454,4.22694,4.70054,4.84852,4.8285,4.73152,4.99314,5.76974,5.8226,5.19064,5.25852,5.70486,6.01134,5.59044,4.52216,4.22046,6.01134,0.0044157,0.0045268,0.00444348,0.00505444,0.004138,0.00397134,0.00486006,0.00424906,0.0042213,0.00511,0.00511,0.00527662,0.00472118,0.00547102,0.00591538,0.00583208,0.00610978,0.00669296,0.00605426,0.00583206,0.00597092,0.00591538,0.00533218,0.00555436,0.00438794,0.00669296,0.186064,0.18414,0.186742,0.183838,0.18214,0.186064,0.192706,0.186966,0.195346,0.195872,0.196816,0.219344,0.2247,0.21338,0.218628,0.23689,0.266776,0.27308,0.25568,0.256588,0.276512,0.28183,0.256134,0.214362,0.19825,0.28183,98,11/2/2014 10:24,29,-110,548,61,461,2827.496498,35,-4,408,404,72,0,0,457.8,3.70E-31,-5.709526074,41,1,0,736,0.011337119
36,11/2/2014 12:34,11/2/2014 13:04,0.223156,478.714,465.43,466.854,459.264,456.652,454.994,450.486,450.248,445.74,439.574,448.586,455.94,462.822,459.976,440.048,495.32,485.358,465.432,423.204,441.946,440.996,439.812,426.762,405.65,394.976,495.32,1.50828,1.55716,1.50664,1.4284,1.50664,1.4838,1.51642,1.48708,1.44472,1.4333,1.40396,1.46752,1.47402,1.4659,1.47404,1.505,1.54004,1.43738,1.33878,1.43736,1.41214,1.45042,1.39744,1.33634,1.22716,1.55716,0.0252952,0.0220392,0.0232916,0.0205366,0.0245438,0.0230412,0.0227906,0.0205366,0.0197852,0.0217888,0.020286,0.0210374,0.0222896,0.0205366,0.0240428,0.0275492,0.026297,0.0212882,0.018032,0.0232914,0.0275492,0.0232914,0.0215382,0.0212878,0.0232916,0.0275492,4.19802,4.15556,4.22676,4.1554,4.15148,4.1496,4.1539,4.32856,4.4454,4.22694,4.70054,4.84852,4.8285,4.73152,4.99314,5.76974,5.8226,5.19064,5.25852,5.70486,6.01134,5.59044,4.52216,4.22046,4.17724,6.01134,0.0045268,0.00444348,0.00505444,0.004138,0.00397134,0.00486006,0.00424906,0.0042213,0.00511,0.00511,0.00527662,0.00472118,0.00547102,0.00591538,0.00583208,0.00610978,0.00669296,0.00605426,0.00583206,0.00597092,0.00591538,0.00533218,0.00555436,0.00438794,0.00430462,0.00669296,0.18414,0.186742,0.183838,0.18214,0.186064,0.192706,0.186966,0.195346,0.195872,0.196816,0.219344,0.2247,0.21338,0.218628,0.23689,0.266776,0.27308,0.25568,0.256588,0.276512,0.28183,0.256134,0.214362,0.19825,0.193308,0.28183,98,11/2/2014 10:24,29,-110,548,61,461,2827.496498,35,-4,408,404,72,0,0,457.8,3.70E-31,-5.709526074,41,1,0,736,0.024705121
36,11/2/2014 12:39,11/2/2014 13:09,0.21512,465.43,466.854,459.264,456.652,454.994,450.486,450.248,445.74,439.574,448.586,455.94,462.822,459.976,440.048,495.32,485.358,465.432,423.204,441.946,440.996,439.812,426.762,405.65,394.976,410.394,495.32,1.55716,1.50664,1.4284,1.50664,1.4838,1.51642,1.48708,1.44472,1.4333,1.40396,1.46752,1.47402,1.4659,1.47404,1.505,1.54004,1.43738,1.33878,1.43736,1.41214,1.45042,1.39744,1.33634,1.22716,1.32248,1.55716,0.0220392,0.0232916,0.0205366,0.0245438,0.0230412,0.0227906,0.0205366,0.0197852,0.0217888,0.020286,0.0210374,0.0222896,0.0205366,0.0240428,0.0275492,0.026297,0.0212882,0.018032,0.0232914,0.0275492,0.0232914,0.0215382,0.0212878,0.0232916,0.017531,0.0275492,4.15556,4.22676,4.1554,4.15148,4.1496,4.1539,4.32856,4.4454,4.22694,4.70054,4.84852,4.8285,4.73152,4.99314,5.76974,5.8226,5.19064,5.25852,5.70486,6.01134,5.59044,4.52216,4.22046,4.17724,4.36192,6.01134,0.00444348,0.00505444,0.004138,0.00397134,0.00486006,0.00424906,0.0042213,0.00511,0.00511,0.00527662,0.00472118,0.00547102,0.00591538,0.00583208,0.00610978,0.00669296,0.00605426,0.00583206,0.00597092,0.00591538,0.00533218,0.00555436,0.00438794,0.00430462,0.00399912,0.00669296,0.186742,0.183838,0.18214,0.186064,0.192706,0.186966,0.195346,0.195872,0.196816,0.219344,0.2247,0.21338,0.218628,0.23689,0.266776,0.27308,0.25568,0.256588,0.276512,0.28183,0.256134,0.214362,0.19825,0.193308,0.200892,0.28183,98,11/2/2014 10:24,29,-110,548,61,461,2827.496498,35,-4,408,404,72,0,0,457.8,3.70E-31,-5.709526074,41,1,0,736,0.011778223
36,11/2/2014 12:44,11/2/2014 13:14,0.21478,466.854,459.264,456.652,454.994,450.486,450.248,445.74,439.574,448.586,455.94,462.822,459.976,440.048,495.32,485.358,465.432,423.204,441.946,440.996,439.812,426.762,405.65,394.976,410.394,430.084,495.32,1.50664,1.4284,1.50664,1.4838,1.51642,1.48708,1.44472,1.4333,1.40396,1.46752,1.47402,1.4659,1.47404,1.505,1.54004,1.43738,1.33878,1.43736,1.41214,1.45042,1.39744,1.33634,1.22716,1.32248,1.36812,1.54004,0.0232916,0.0205366,0.0245438,0.0230412,0.0227906,0.0205366,0.0197852,0.0217888,0.020286,0.0210374,0.0222896,0.0205366,0.0240428,0.0275492,0.026297,0.0212882,0.018032,0.0232914,0.0275492,0.0232914,0.0215382,0.0212878,0.0232916,0.017531,0.0262968,0.0275492,4.22676,4.1554,4.15148,4.1496,4.1539,4.32856,4.4454,4.22694,4.70054,4.84852,4.8285,4.73152,4.99314,5.76974,5.8226,5.19064,5.25852,5.70486,6.01134,5.59044,4.52216,4.22046,4.17724,4.36192,4.56148,6.01134,0.00505444,0.004138,0.00397134,0.00486006,0.00424906,0.0042213,0.00511,0.00511,0.00527662,0.00472118,0.00547102,0.00591538,0.00583208,0.00610978,0.00669296,0.00605426,0.00583206,0.00597092,0.00591538,0.00533218,0.00555436,0.00438794,0.00430462,0.00399912,0.00430464,0.00669296,0.183838,0.18214,0.186064,0.192706,0.186966,0.195346,0.195872,0.196816,0.219344,0.2247,0.21338,0.218628,0.23689,0.266776,0.27308,0.25568,0.256588,0.276512,0.28183,0.256134,0.214362,0.19825,0.193308,0.200892,0.206968,0.28183,98,11/2/2014 10:24,29,-110,548,61,461,2827.496498,35,-4,408,404,72,0,0,457.8,3.70E-31,-5.709526074,41,1,0,736,0.006451561
36,11/2/2014 12:49,11/2/2014 13:19,0.18648,459.264,456.652,454.994,450.486,450.248,445.74,439.574,448.586,455.94,462.822,459.976,440.048,495.32,485.358,465.432,423.204,441.946,440.996,439.812,426.762,405.65,394.976,410.394,430.084,386.436,495.32,1.4284,1.50664,1.4838,1.51642,1.48708,1.44472,1.4333,1.40396,1.46752,1.47402,1.4659,1.47404,1.505,1.54004,1.43738,1.33878,1.43736,1.41214,1.45042,1.39744,1.33634,1.22716,1.32248,1.36812,1.29804,1.54004,0.0205366,0.0245438,0.0230412,0.0227906,0.0205366,0.0197852,0.0217888,0.020286,0.0210374,0.0222896,0.0205366,0.0240428,0.0275492,0.026297,0.0212882,0.018032,0.0232914,0.0275492,0.0232914,0.0215382,0.0212878,0.0232916,0.017531,0.0262968,0.0232916,0.0275492,4.1554,4.15148,4.1496,4.1539,4.32856,4.4454,4.22694,4.70054,4.84852,4.8285,4.73152,4.99314,5.76974,5.8226,5.19064,5.25852,5.70486,6.01134,5.59044,4.52216,4.22046,4.17724,4.36192,4.56148,4.42036,6.01134,0.004138,0.00397134,0.00486006,0.00424906,0.0042213,0.00511,0.00511,0.00527662,0.00472118,0.00547102,0.00591538,0.00583208,0.00610978,0.00669296,0.00605426,0.00583206,0.00597092,0.00591538,0.00533218,0.00555436,0.00438794,0.00430462,0.00399912,0.00430464,0.00433238,0.00669296,0.18214,0.186064,0.192706,0.186966,0.195346,0.195872,0.196816,0.219344,0.2247,0.21338,0.218628,0.23689,0.266776,0.27308,0.25568,0.256588,0.276512,0.28183,0.256134,0.214362,0.19825,0.193308,0.200892,0.206968,0.21108,0.28183,98,11/2/2014 10:24,29,-110,548,61,461,2827.496498,35,-4,408,404,72,0,0,457.8,3.70E-31,-5.709526074,41,1,0,736,-0.020521583
36,11/2/2014 12:54,11/2/2014 13:24,0.18097,456.652,454.994,450.486,450.248,445.74,439.574,448.586,455.94,462.822,459.976,440.048,495.32,485.358,465.432,423.204,441.946,440.996,439.812,426.762,405.65,394.976,410.394,430.084,386.436,400.906,495.32,1.50664,1.4838,1.51642,1.48708,1.44472,1.4333,1.40396,1.46752,1.47402,1.4659,1.47404,1.505,1.54004,1.43738,1.33878,1.43736,1.41214,1.45042,1.39744,1.33634,1.22716,1.32248,1.36812,1.29804,1.27848,1.54004,0.0245438,0.0230412,0.0227906,0.0205366,0.0197852,0.0217888,0.020286,0.0210374,0.0222896,0.0205366,0.0240428,0.0275492,0.026297,0.0212882,0.018032,0.0232914,0.0275492,0.0232914,0.0215382,0.0212878,0.0232916,0.017531,0.0262968,0.0232916,0.0247944,0.0275492,4.15148,4.1496,4.1539,4.32856,4.4454,4.22694,4.70054,4.84852,4.8285,4.73152,4.99314,5.76974,5.8226,5.19064,5.25852,5.70486,6.01134,5.59044,4.52216,4.22046,4.17724,4.36192,4.56148,4.42036,4.5216,6.01134,0.00397134,0.00486006,0.00424906,0.0042213,0.00511,0.00511,0.00527662,0.00472118,0.00547102,0.00591538,0.00583208,0.00610978,0.00669296,0.00605426,0.00583206,0.00597092,0.00591538,0.00533218,0.00555436,0.00438794,0.00430462,0.00399912,0.00430464,0.00433238,0.00497112,0.00669296,0.186064,0.192706,0.186966,0.195346,0.195872,0.196816,0.219344,0.2247,0.21338,0.218628,0.23689,0.266776,0.27308,0.25568,0.256588,0.276512,0.28183,0.256134,0.214362,0.19825,0.193308,0.200892,0.206968,0.21108,0.215798,0.28183,98,11/2/2014 10:24,29,-110,548,61,461,2827.496498,35,-4,408,404,72,0,0,457.8,3.70E-31,-5.709526074,41,1,0,736,-0.029064517
36,11/2/2014 12:59,11/2/2014 13:29,0.17761,454.994,450.486,450.248,445.74,439.574,448.586,455.94,462.822,459.976,440.048,495.32,485.358,465.432,423.204,441.946,440.996,439.812,426.762,405.65,394.976,410.394,430.084,386.436,400.906,398.532,495.32,1.4838,1.51642,1.48708,1.44472,1.4333,1.40396,1.46752,1.47402,1.4659,1.47404,1.505,1.54004,1.43738,1.33878,1.43736,1.41214,1.45042,1.39744,1.33634,1.22716,1.32248,1.36812,1.29804,1.27848,1.31676,1.54004,0.0230412,0.0227906,0.0205366,0.0197852,0.0217888,0.020286,0.0210374,0.0222896,0.0205366,0.0240428,0.0275492,0.026297,0.0212882,0.018032,0.0232914,0.0275492,0.0232914,0.0215382,0.0212878,0.0232916,0.017531,0.0262968,0.0232916,0.0247944,0.0215384,0.0275492,4.1496,4.1539,4.32856,4.4454,4.22694,4.70054,4.84852,4.8285,4.73152,4.99314,5.76974,5.8226,5.19064,5.25852,5.70486,6.01134,5.59044,4.52216,4.22046,4.17724,4.36192,4.56148,4.42036,4.5216,4.52754,6.01134,0.00486006,0.00424906,0.0042213,0.00511,0.00511,0.00527662,0.00472118,0.00547102,0.00591538,0.00583208,0.00610978,0.00669296,0.00605426,0.00583206,0.00597092,0.00591538,0.00533218,0.00555436,0.00438794,0.00430462,0.00399912,0.00430464,0.00433238,0.00497112,0.00472122,0.00669296,0.192706,0.186966,0.195346,0.195872,0.196816,0.219344,0.2247,0.21338,0.218628,0.23689,0.266776,0.27308,0.25568,0.256588,0.276512,0.28183,0.256134,0.214362,0.19825,0.193308,0.200892,0.206968,0.21108,0.215798,0.211912,0.28183,98,11/2/2014 10:24,29,-110,548,61,461,2827.496498,35,-4,408,404,72,0,0,457.8,3.70E-31,-5.709526074,41,1,0,736,-0.028712317
36,11/2/2014 13:04,11/2/2014 13:34,0.221496,450.486,450.248,445.74,439.574,448.586,455.94,462.822,459.976,440.048,495.32,485.358,465.432,423.204,441.946,440.996,439.812,426.762,405.65,394.976,410.394,430.084,386.436,400.906,398.532,411.106,495.32,1.51642,1.48708,1.44472,1.4333,1.40396,1.46752,1.47402,1.4659,1.47404,1.505,1.54004,1.43738,1.33878,1.43736,1.41214,1.45042,1.39744,1.33634,1.22716,1.32248,1.36812,1.29804,1.27848,1.31676,1.33962,1.54004,0.0227906,0.0205366,0.0197852,0.0217888,0.020286,0.0210374,0.0222896,0.0205366,0.0240428,0.0275492,0.026297,0.0212882,0.018032,0.0232914,0.0275492,0.0232914,0.0215382,0.0212878,0.0232916,0.017531,0.0262968,0.0232916,0.0247944,0.0215384,0.0250444,0.0275492,4.1539,4.32856,4.4454,4.22694,4.70054,4.84852,4.8285,4.73152,4.99314,5.76974,5.8226,5.19064,5.25852,5.70486,6.01134,5.59044,4.52216,4.22046,4.17724,4.36192,4.56148,4.42036,4.5216,4.52754,4.93528,6.01134,0.00424906,0.0042213,0.00511,0.00511,0.00527662,0.00472118,0.00547102,0.00591538,0.00583208,0.00610978,0.00669296,0.00605426,0.00583206,0.00597092,0.00591538,0.00533218,0.00555436,0.00438794,0.00430462,0.00399912,0.00430464,0.00433238,0.00497112,0.00472122,0.00436018,0.00669296,0.186966,0.195346,0.195872,0.196816,0.219344,0.2247,0.21338,0.218628,0.23689,0.266776,0.27308,0.25568,0.256588,0.276512,0.28183,0.256134,0.214362,0.19825,0.193308,0.200892,0.206968,0.21108,0.215798,0.211912,0.223156,0.28183,98,11/2/2014 10:24,29,-110,548,61,461,2827.496498,35,-4,408,404,72,0,0,457.8,3.70E-31,-5.709526074,41,1,0,736,-0.001358067
36,11/2/2014 13:09,11/2/2014 13:39,0.223722,450.248,445.74,439.574,448.586,455.94,462.822,459.976,440.048,495.32,485.358,465.432,423.204,441.946,440.996,439.812,426.762,405.65,394.976,410.394,430.084,386.436,400.906,398.532,411.106,409.922,495.32,1.48708,1.44472,1.4333,1.40396,1.46752,1.47402,1.4659,1.47404,1.505,1.54004,1.43738,1.33878,1.43736,1.41214,1.45042,1.39744,1.33634,1.22716,1.32248,1.36812,1.29804,1.27848,1.31676,1.33962,1.28174,1.54004,0.0205366,0.0197852,0.0217888,0.020286,0.0210374,0.0222896,0.0205366,0.0240428,0.0275492,0.026297,0.0212882,0.018032,0.0232914,0.0275492,0.0232914,0.0215382,0.0212878,0.0232916,0.017531,0.0262968,0.0232916,0.0247944,0.0215384,0.0250444,0.024043,0.0275492,4.32856,4.4454,4.22694,4.70054,4.84852,4.8285,4.73152,4.99314,5.76974,5.8226,5.19064,5.25852,5.70486,6.01134,5.59044,4.52216,4.22046,4.17724,4.36192,4.56148,4.42036,4.5216,4.52754,4.93528,4.50436,6.01134,0.0042213,0.00511,0.00511,0.00527662,0.00472118,0.00547102,0.00591538,0.00583208,0.00610978,0.00669296,0.00605426,0.00583206,0.00597092,0.00591538,0.00533218,0.00555436,0.00438794,0.00430462,0.00399912,0.00430464,0.00433238,0.00497112,0.00472122,0.00436018,0.0044157,0.00669296,0.195346,0.195872,0.196816,0.219344,0.2247,0.21338,0.218628,0.23689,0.266776,0.27308,0.25568,0.256588,0.276512,0.28183,0.256134,0.214362,0.19825,0.193308,0.200892,0.206968,0.21108,0.215798,0.211912,0.223156,0.21512,0.28183,98,11/2/2014 10:24,29,-110,548,61,461,2827.496498,35,-4,408,404,72,0,0,457.8,3.70E-31,-5.709526074,41,1,0,736,0.007054197
36,11/2/2014 13:14,11/2/2014 13:44,0.220248,445.74,439.574,448.586,455.94,462.822,459.976,440.048,495.32,485.358,465.432,423.204,441.946,440.996,439.812,426.762,405.65,394.976,410.394,430.084,386.436,400.906,398.532,411.106,409.922,417.034,495.32,1.44472,1.4333,1.40396,1.46752,1.47402,1.4659,1.47404,1.505,1.54004,1.43738,1.33878,1.43736,1.41214,1.45042,1.39744,1.33634,1.22716,1.32248,1.36812,1.29804,1.27848,1.31676,1.33962,1.28174,1.3673,1.54004,0.0197852,0.0217888,0.020286,0.0210374,0.0222896,0.0205366,0.0240428,0.0275492,0.026297,0.0212882,0.018032,0.0232914,0.0275492,0.0232914,0.0215382,0.0212878,0.0232916,0.017531,0.0262968,0.0232916,0.0247944,0.0215384,0.0250444,0.024043,0.0215384,0.0275492,4.4454,4.22694,4.70054,4.84852,4.8285,4.73152,4.99314,5.76974,5.8226,5.19064,5.25852,5.70486,6.01134,5.59044,4.52216,4.22046,4.17724,4.36192,4.56148,4.42036,4.5216,4.52754,4.93528,4.50436,4.49398,6.01134,0.00511,0.00511,0.00527662,0.00472118,0.00547102,0.00591538,0.00583208,0.00610978,0.00669296,0.00605426,0.00583206,0.00597092,0.00591538,0.00533218,0.00555436,0.00438794,0.00430462,0.00399912,0.00430464,0.00433238,0.00497112,0.00472122,0.00436018,0.0044157,0.00580428,0.00669296,0.195872,0.196816,0.219344,0.2247,0.21338,0.218628,0.23689,0.266776,0.27308,0.25568,0.256588,0.276512,0.28183,0.256134,0.214362,0.19825,0.193308,0.200892,0.206968,0.21108,0.215798,0.211912,0.223156,0.21512,0.21478,0.28183,98,11/2/2014 10:24,29,-110,548,61,461,2827.496498,35,-4,408,404,72,0,0,457.8,3.70E-31,-5.709526074,41,1,0,736,0.004491126
36,11/2/2014 13:19,11/2/2014 13:49,0.219986,439.574,448.586,455.94,462.822,459.976,440.048,495.32,485.358,465.432,423.204,441.946,440.996,439.812,426.762,405.65,394.976,410.394,430.084,386.436,400.906,398.532,411.106,409.922,417.034,401.38,495.32,1.4333,1.40396,1.46752,1.47402,1.4659,1.47404,1.505,1.54004,1.43738,1.33878,1.43736,1.41214,1.45042,1.39744,1.33634,1.22716,1.32248,1.36812,1.29804,1.27848,1.31676,1.33962,1.28174,1.3673,1.24914,1.54004,0.0217888,0.020286,0.0210374,0.0222896,0.0205366,0.0240428,0.0275492,0.026297,0.0212882,0.018032,0.0232914,0.0275492,0.0232914,0.0215382,0.0212878,0.0232916,0.017531,0.0262968,0.0232916,0.0247944,0.0215384,0.0250444,0.024043,0.0215384,0.0222896,0.0275492,4.22694,4.70054,4.84852,4.8285,4.73152,4.99314,5.76974,5.8226,5.19064,5.25852,5.70486,6.01134,5.59044,4.52216,4.22046,4.17724,4.36192,4.56148,4.42036,4.5216,4.52754,4.93528,4.50436,4.49398,4.07286,6.01134,0.00511,0.00527662,0.00472118,0.00547102,0.00591538,0.00583208,0.00610978,0.00669296,0.00605426,0.00583206,0.00597092,0.00591538,0.00533218,0.00555436,0.00438794,0.00430462,0.00399912,0.00430464,0.00433238,0.00497112,0.00472122,0.00436018,0.0044157,0.00580428,0.00413798,0.00669296,0.196816,0.219344,0.2247,0.21338,0.218628,0.23689,0.266776,0.27308,0.25568,0.256588,0.276512,0.28183,0.256134,0.214362,0.19825,0.193308,0.200892,0.206968,0.21108,0.215798,0.211912,0.223156,0.21512,0.21478,0.18648,0.28183,98,11/2/2014 10:24,29,-110,548,61,461,2827.496498,35,-4,408,404,72,0,0,457.8,3.70E-31,-5.709526074,41,1,0,736,0.027848443
36,11/2/2014 13:24,11/2/2014 13:54,0.202326,448.586,455.94,462.822,459.976,440.048,495.32,485.358,465.432,423.204,441.946,440.996,439.812,426.762,405.65,394.976,410.394,430.084,386.436,400.906,398.532,411.106,409.922,417.034,401.38,398.296,495.32,1.40396,1.46752,1.47402,1.4659,1.47404,1.505,1.54004,1.43738,1.33878,1.43736,1.41214,1.45042,1.39744,1.33634,1.22716,1.32248,1.36812,1.29804,1.27848,1.31676,1.33962,1.28174,1.3673,1.24914,1.3184,1.54004,0.020286,0.0210374,0.0222896,0.0205366,0.0240428,0.0275492,0.026297,0.0212882,0.018032,0.0232914,0.0275492,0.0232914,0.0215382,0.0212878,0.0232916,0.017531,0.0262968,0.0232916,0.0247944,0.0215384,0.0250444,0.024043,0.0215384,0.0222896,0.0237926,0.0275492,4.70054,4.84852,4.8285,4.73152,4.99314,5.76974,5.8226,5.19064,5.25852,5.70486,6.01134,5.59044,4.52216,4.22046,4.17724,4.36192,4.56148,4.42036,4.5216,4.52754,4.93528,4.50436,4.49398,4.07286,3.91302,6.01134,0.00527662,0.00472118,0.00547102,0.00591538,0.00583208,0.00610978,0.00669296,0.00605426,0.00583206,0.00597092,0.00591538,0.00533218,0.00555436,0.00438794,0.00430462,0.00399912,0.00430464,0.00433238,0.00497112,0.00472122,0.00436018,0.0044157,0.00580428,0.00413798,0.00399914,0.00669296,0.219344,0.2247,0.21338,0.218628,0.23689,0.266776,0.27308,0.25568,0.256588,0.276512,0.28183,0.256134,0.214362,0.19825,0.193308,0.200892,0.206968,0.21108,0.215798,0.211912,0.223156,0.21512,0.21478,0.18648,0.18097,0.28183,98,11/2/2014 10:24,29,-110,548,61,461,2827.496498,35,-4,408,404,72,0,0,457.8,3.70E-31,-5.709526074,41,1,0,736,0.017921879
36,11/2/2014 13:29,11/2/2014 13:59,0.224286,455.94,462.822,459.976,440.048,495.32,485.358,465.432,423.204,441.946,440.996,439.812,426.762,405.65,394.976,410.394,430.084,386.436,400.906,398.532,411.106,409.922,417.034,401.38,398.296,381.692,495.32,1.46752,1.47402,1.4659,1.47404,1.505,1.54004,1.43738,1.33878,1.43736,1.41214,1.45042,1.39744,1.33634,1.22716,1.32248,1.36812,1.29804,1.27848,1.31676,1.33962,1.28174,1.3673,1.24914,1.3184,1.20514,1.54004,0.0210374,0.0222896,0.0205366,0.0240428,0.0275492,0.026297,0.0212882,0.018032,0.0232914,0.0275492,0.0232914,0.0215382,0.0212878,0.0232916,0.017531,0.0262968,0.0232916,0.0247944,0.0215384,0.0250444,0.024043,0.0215384,0.0222896,0.0237926,0.0227906,0.0275492,4.84852,4.8285,4.73152,4.99314,5.76974,5.8226,5.19064,5.25852,5.70486,6.01134,5.59044,4.52216,4.22046,4.17724,4.36192,4.56148,4.42036,4.5216,4.52754,4.93528,4.50436,4.49398,4.07286,3.91302,3.80972,6.01134,0.00472118,0.00547102,0.00591538,0.00583208,0.00610978,0.00669296,0.00605426,0.00583206,0.00597092,0.00591538,0.00533218,0.00555436,0.00438794,0.00430462,0.00399912,0.00430464,0.00433238,0.00497112,0.00472122,0.00436018,0.0044157,0.00580428,0.00413798,0.00399914,0.00394358,0.00669296,0.2247,0.21338,0.218628,0.23689,0.266776,0.27308,0.25568,0.256588,0.276512,0.28183,0.256134,0.214362,0.19825,0.193308,0.200892,0.206968,0.21108,0.215798,0.211912,0.223156,0.21512,0.21478,0.18648,0.18097,0.17761,0.28183,98,11/2/2014 10:24,29,-110,548,61,461,2827.496498,35,-4,408,404,72,0,0,457.8,3.70E-31,-5.709526074,41,1,0,736,0.038870856
36,11/2/2014 13:34,11/2/2014 14:04,0.22523,462.822,459.976,440.048,495.32,485.358,465.432,423.204,441.946,440.996,439.812,426.762,405.65,394.976,410.394,430.084,386.436,400.906,398.532,411.106,409.922,417.034,401.38,398.296,381.692,380.032,495.32,1.47402,1.4659,1.47404,1.505,1.54004,1.43738,1.33878,1.43736,1.41214,1.45042,1.39744,1.33634,1.22716,1.32248,1.36812,1.29804,1.27848,1.31676,1.33962,1.28174,1.3673,1.24914,1.3184,1.20514,1.23284,1.54004,0.0222896,0.0205366,0.0240428,0.0275492,0.026297,0.0212882,0.018032,0.0232914,0.0275492,0.0232914,0.0215382,0.0212878,0.0232916,0.017531,0.0262968,0.0232916,0.0247944,0.0215384,0.0250444,0.024043,0.0215384,0.0222896,0.0237926,0.0227906,0.0195346,0.0275492,4.8285,4.73152,4.99314,5.76974,5.8226,5.19064,5.25852,5.70486,6.01134,5.59044,4.52216,4.22046,4.17724,4.36192,4.56148,4.42036,4.5216,4.52754,4.93528,4.50436,4.49398,4.07286,3.91302,3.80972,4.54756,6.01134,0.00547102,0.00591538,0.00583208,0.00610978,0.00669296,0.00605426,0.00583206,0.00597092,0.00591538,0.00533218,0.00555436,0.00438794,0.00430462,0.00399912,0.00430464,0.00433238,0.00497112,0.00472122,0.00436018,0.0044157,0.00580428,0.00413798,0.00399914,0.00394358,0.00524884,0.00669296,0.21338,0.218628,0.23689,0.266776,0.27308,0.25568,0.256588,0.276512,0.28183,0.256134,0.214362,0.19825,0.193308,0.200892,0.206968,0.21108,0.215798,0.211912,0.223156,0.21512,0.21478,0.18648,0.18097,0.17761,0.221496,0.28183,98,11/2/2014 10:24,29,-110,548,61,461,2827.496498,35,-4,408,404,72,0,0,457.8,3.70E-31,-5.709526074,41,1,0,736,0.003052244
36,11/2/2014 13:39,11/2/2014 14:09,0.232662,459.976,440.048,495.32,485.358,465.432,423.204,441.946,440.996,439.812,426.762,405.65,394.976,410.394,430.084,386.436,400.906,398.532,411.106,409.922,417.034,401.38,398.296,381.692,380.032,405.648,495.32,1.4659,1.47404,1.505,1.54004,1.43738,1.33878,1.43736,1.41214,1.45042,1.39744,1.33634,1.22716,1.32248,1.36812,1.29804,1.27848,1.31676,1.33962,1.28174,1.3673,1.24914,1.3184,1.20514,1.23284,1.32248,1.54004,0.0205366,0.0240428,0.0275492,0.026297,0.0212882,0.018032,0.0232914,0.0275492,0.0232914,0.0215382,0.0212878,0.0232916,0.017531,0.0262968,0.0232916,0.0247944,0.0215384,0.0250444,0.024043,0.0215384,0.0222896,0.0237926,0.0227906,0.0195346,0.024544,0.0275492,4.73152,4.99314,5.76974,5.8226,5.19064,5.25852,5.70486,6.01134,5.59044,4.52216,4.22046,4.17724,4.36192,4.56148,4.42036,4.5216,4.52754,4.93528,4.50436,4.49398,4.07286,3.91302,3.80972,4.54756,4.74876,6.01134,0.00591538,0.00583208,0.00610978,0.00669296,0.00605426,0.00583206,0.00597092,0.00591538,0.00533218,0.00555436,0.00438794,0.00430462,0.00399912,0.00430464,0.00433238,0.00497112,0.00472122,0.00436018,0.0044157,0.00580428,0.00413798,0.00399914,0.00394358,0.00524884,0.0058876,0.00669296,0.218628,0.23689,0.266776,0.27308,0.25568,0.256588,0.276512,0.28183,0.256134,0.214362,0.19825,0.193308,0.200892,0.206968,0.21108,0.215798,0.211912,0.223156,0.21512,0.21478,0.18648,0.18097,0.17761,0.221496,0.223722,0.28183,98,11/2/2014 10:24,29,-110,548,61,461,2827.496498,35,-4,408,404,72,0,0,457.8,3.70E-31,-5.709526074,41,1,0,736,0.007279024
36,11/2/2014 13:44,11/2/2014 14:14,0.249002,440.048,495.32,485.358,465.432,423.204,441.946,440.996,439.812,426.762,405.65,394.976,410.394,430.084,386.436,400.906,398.532,411.106,409.922,417.034,401.38,398.296,381.692,380.032,405.648,411.106,495.32,1.47404,1.505,1.54004,1.43738,1.33878,1.43736,1.41214,1.45042,1.39744,1.33634,1.22716,1.32248,1.36812,1.29804,1.27848,1.31676,1.33962,1.28174,1.3673,1.24914,1.3184,1.20514,1.23284,1.32248,1.36402,1.54004,0.0240428,0.0275492,0.026297,0.0212882,0.018032,0.0232914,0.0275492,0.0232914,0.0215382,0.0212878,0.0232916,0.017531,0.0262968,0.0232916,0.0247944,0.0215384,0.0250444,0.024043,0.0215384,0.0222896,0.0237926,0.0227906,0.0195346,0.024544,0.0232914,0.0275492,4.99314,5.76974,5.8226,5.19064,5.25852,5.70486,6.01134,5.59044,4.52216,4.22046,4.17724,4.36192,4.56148,4.42036,4.5216,4.52754,4.93528,4.50436,4.49398,4.07286,3.91302,3.80972,4.54756,4.74876,4.64066,6.01134,0.00583208,0.00610978,0.00669296,0.00605426,0.00583206,0.00597092,0.00591538,0.00533218,0.00555436,0.00438794,0.00430462,0.00399912,0.00430464,0.00433238,0.00497112,0.00472122,0.00436018,0.0044157,0.00580428,0.00413798,0.00399914,0.00394358,0.00524884,0.0058876,0.00538772,0.00669296,0.23689,0.266776,0.27308,0.25568,0.256588,0.276512,0.28183,0.256134,0.214362,0.19825,0.193308,0.200892,0.206968,0.21108,0.215798,0.211912,0.223156,0.21512,0.21478,0.18648,0.18097,0.17761,0.221496,0.223722,0.220248,0.28183,98,11/2/2014 10:24,29,-110,548,61,461,2827.496498,35,-4,408,404,72,0,0,457.8,3.70E-31,-5.709526074,41,1,0,736,0.023290716
36,11/2/2014 13:49,11/2/2014 14:19,0.238214,495.32,485.358,465.432,423.204,441.946,440.996,439.812,426.762,405.65,394.976,410.394,430.084,386.436,400.906,398.532,411.106,409.922,417.034,401.38,398.296,381.692,380.032,405.648,411.106,422.73,495.32,1.505,1.54004,1.43738,1.33878,1.43736,1.41214,1.45042,1.39744,1.33634,1.22716,1.32248,1.36812,1.29804,1.27848,1.31676,1.33962,1.28174,1.3673,1.24914,1.3184,1.20514,1.23284,1.32248,1.36402,1.45774,1.54004,0.0275492,0.026297,0.0212882,0.018032,0.0232914,0.0275492,0.0232914,0.0215382,0.0212878,0.0232916,0.017531,0.0262968,0.0232916,0.0247944,0.0215384,0.0250444,0.024043,0.0215384,0.0222896,0.0237926,0.0227906,0.0195346,0.024544,0.0232914,0.0255456,0.0275492,5.76974,5.8226,5.19064,5.25852,5.70486,6.01134,5.59044,4.52216,4.22046,4.17724,4.36192,4.56148,4.42036,4.5216,4.52754,4.93528,4.50436,4.49398,4.07286,3.91302,3.80972,4.54756,4.74876,4.64066,4.64212,6.01134,0.00610978,0.00669296,0.00605426,0.00583206,0.00597092,0.00591538,0.00533218,0.00555436,0.00438794,0.00430462,0.00399912,0.00430464,0.00433238,0.00497112,0.00472122,0.00436018,0.0044157,0.00580428,0.00413798,0.00399914,0.00394358,0.00524884,0.0058876,0.00538772,0.00491562,0.00669296,0.266776,0.27308,0.25568,0.256588,0.276512,0.28183,0.256134,0.214362,0.19825,0.193308,0.200892,0.206968,0.21108,0.215798,0.211912,0.223156,0.21512,0.21478,0.18648,0.18097,0.17761,0.221496,0.223722,0.220248,0.219986,0.28183,98,11/2/2014 10:24,29,-110,548,61,461,2827.496498,35,-4,408,404,72,0,0,457.8,3.70E-31,-5.709526074,41,1,0,736,0.014830636
36,11/2/2014 13:54,11/2/2014 14:24,0.252736,485.358,465.432,423.204,441.946,440.996,439.812,426.762,405.65,394.976,410.394,430.084,386.436,400.906,398.532,411.106,409.922,417.034,401.38,398.296,381.692,380.032,405.648,411.106,422.73,396.874,485.358,1.54004,1.43738,1.33878,1.43736,1.41214,1.45042,1.39744,1.33634,1.22716,1.32248,1.36812,1.29804,1.27848,1.31676,1.33962,1.28174,1.3673,1.24914,1.3184,1.20514,1.23284,1.32248,1.36402,1.45774,1.27684,1.54004,0.026297,0.0212882,0.018032,0.0232914,0.0275492,0.0232914,0.0215382,0.0212878,0.0232916,0.017531,0.0262968,0.0232916,0.0247944,0.0215384,0.0250444,0.024043,0.0215384,0.0222896,0.0237926,0.0227906,0.0195346,0.024544,0.0232914,0.0255456,0.026297,0.0275492,5.8226,5.19064,5.25852,5.70486,6.01134,5.59044,4.52216,4.22046,4.17724,4.36192,4.56148,4.42036,4.5216,4.52754,4.93528,4.50436,4.49398,4.07286,3.91302,3.80972,4.54756,4.74876,4.64066,4.64212,4.30132,6.01134,0.00669296,0.00605426,0.00583206,0.00597092,0.00591538,0.00533218,0.00555436,0.00438794,0.00430462,0.00399912,0.00430464,0.00433238,0.00497112,0.00472122,0.00436018,0.0044157,0.00580428,0.00413798,0.00399914,0.00394358,0.00524884,0.0058876,0.00538772,0.00491562,0.00472118,0.00669296,0.27308,0.25568,0.256588,0.276512,0.28183,0.256134,0.214362,0.19825,0.193308,0.200892,0.206968,0.21108,0.215798,0.211912,0.223156,0.21512,0.21478,0.18648,0.18097,0.17761,0.221496,0.223722,0.220248,0.219986,0.202326,0.28183,98,11/2/2014 10:24,29,-110,548,61,461,2827.496498,35,-4,408,404,72,0,0,457.8,3.70E-31,-5.709526074,41,1,0,736,0.041071945
36,11/2/2014 13:59,11/2/2014 14:29,0.246816,465.432,423.204,441.946,440.996,439.812,426.762,405.65,394.976,410.394,430.084,386.436,400.906,398.532,411.106,409.922,417.034,401.38,398.296,381.692,380.032,405.648,411.106,422.73,396.874,396.398,465.432,1.43738,1.33878,1.43736,1.41214,1.45042,1.39744,1.33634,1.22716,1.32248,1.36812,1.29804,1.27848,1.31676,1.33962,1.28174,1.3673,1.24914,1.3184,1.20514,1.23284,1.32248,1.36402,1.45774,1.27684,1.329,1.45774,0.0212882,0.018032,0.0232914,0.0275492,0.0232914,0.0215382,0.0212878,0.0232916,0.017531,0.0262968,0.0232916,0.0247944,0.0215384,0.0250444,0.024043,0.0215384,0.0222896,0.0237926,0.0227906,0.0195346,0.024544,0.0232914,0.0255456,0.026297,0.0237924,0.0275492,5.19064,5.25852,5.70486,6.01134,5.59044,4.52216,4.22046,4.17724,4.36192,4.56148,4.42036,4.5216,4.52754,4.93528,4.50436,4.49398,4.07286,3.91302,3.80972,4.54756,4.74876,4.64066,4.64212,4.30132,4.48914,6.01134,0.00605426,0.00583206,0.00597092,0.00591538,0.00533218,0.00555436,0.00438794,0.00430462,0.00399912,0.00430464,0.00433238,0.00497112,0.00472122,0.00436018,0.0044157,0.00580428,0.00413798,0.00399914,0.00394358,0.00524884,0.0058876,0.00538772,0.00491562,0.00472118,0.00599868,0.00605426,0.25568,0.256588,0.276512,0.28183,0.256134,0.214362,0.19825,0.193308,0.200892,0.206968,0.21108,0.215798,0.211912,0.223156,0.21512,0.21478,0.18648,0.18097,0.17761,0.221496,0.223722,0.220248,0.219986,0.202326,0.224286,0.28183,98,11/2/2014 10:24,29,-110,548,61,461,2827.496498,35,-4,408,404,72,0,0,457.8,3.70E-31,-5.709526074,41,1,0,736,0.018235285
36,11/2/2014 14:04,11/2/2014 14:34,0.235646,423.204,441.946,440.996,439.812,426.762,405.65,394.976,410.394,430.084,386.436,400.906,398.532,411.106,409.922,417.034,401.38,398.296,381.692,380.032,405.648,411.106,422.73,396.874,396.398,409.208,441.946,1.33878,1.43736,1.41214,1.45042,1.39744,1.33634,1.22716,1.32248,1.36812,1.29804,1.27848,1.31676,1.33962,1.28174,1.3673,1.24914,1.3184,1.20514,1.23284,1.32248,1.36402,1.45774,1.27684,1.329,1.373,1.45774,0.018032,0.0232914,0.0275492,0.0232914,0.0215382,0.0212878,0.0232916,0.017531,0.0262968,0.0232916,0.0247944,0.0215384,0.0250444,0.024043,0.0215384,0.0222896,0.0237926,0.0227906,0.0195346,0.024544,0.0232914,0.0255456,0.026297,0.0237924,0.0260462,0.0275492,5.25852,5.70486,6.01134,5.59044,4.52216,4.22046,4.17724,4.36192,4.56148,4.42036,4.5216,4.52754,4.93528,4.50436,4.49398,4.07286,3.91302,3.80972,4.54756,4.74876,4.64066,4.64212,4.30132,4.48914,4.5726,6.01134,0.00583206,0.00597092,0.00591538,0.00533218,0.00555436,0.00438794,0.00430462,0.00399912,0.00430464,0.00433238,0.00497112,0.00472122,0.00436018,0.0044157,0.00580428,0.00413798,0.00399914,0.00394358,0.00524884,0.0058876,0.00538772,0.00491562,0.00472118,0.00599868,0.00474898,0.00599868,0.256588,0.276512,0.28183,0.256134,0.214362,0.19825,0.193308,0.200892,0.206968,0.21108,0.215798,0.211912,0.223156,0.21512,0.21478,0.18648,0.18097,0.17761,0.221496,0.223722,0.220248,0.219986,0.202326,0.224286,0.22523,0.28183,98,11/2/2014 10:24,29,-110,548,61,461,2827.496498,35,-4,408,404,72,0,0,457.8,3.70E-31,-5.709526074,41,1,0,736,0.008465329
36,11/2/2014 14:09,11/2/2014 14:39,0.244664,441.946,440.996,439.812,426.762,405.65,394.976,410.394,430.084,386.436,400.906,398.532,411.106,409.922,417.034,401.38,398.296,381.692,380.032,405.648,411.106,422.73,396.874,396.398,409.208,398.77,441.946,1.43736,1.41214,1.45042,1.39744,1.33634,1.22716,1.32248,1.36812,1.29804,1.27848,1.31676,1.33962,1.28174,1.3673,1.24914,1.3184,1.20514,1.23284,1.32248,1.36402,1.45774,1.27684,1.329,1.373,1.30292,1.45774,0.0232914,0.0275492,0.0232914,0.0215382,0.0212878,0.0232916,0.017531,0.0262968,0.0232916,0.0247944,0.0215384,0.0250444,0.024043,0.0215384,0.0222896,0.0237926,0.0227906,0.0195346,0.024544,0.0232914,0.0255456,0.026297,0.0237924,0.0260462,0.0217888,0.0275492,5.70486,6.01134,5.59044,4.52216,4.22046,4.17724,4.36192,4.56148,4.42036,4.5216,4.52754,4.93528,4.50436,4.49398,4.07286,3.91302,3.80972,4.54756,4.74876,4.64066,4.64212,4.30132,4.48914,4.5726,4.62008,6.01134,0.00597092,0.00591538,0.00533218,0.00555436,0.00438794,0.00430462,0.00399912,0.00430464,0.00433238,0.00497112,0.00472122,0.00436018,0.0044157,0.00580428,0.00413798,0.00399914,0.00394358,0.00524884,0.0058876,0.00538772,0.00491562,0.00472118,0.00599868,0.00474898,0.00516554,0.00599868,0.276512,0.28183,0.256134,0.214362,0.19825,0.193308,0.200892,0.206968,0.21108,0.215798,0.211912,0.223156,0.21512,0.21478,0.18648,0.18097,0.17761,0.221496,0.223722,0.220248,0.219986,0.202326,0.224286,0.22523,0.232662,0.28183,98,11/2/2014 10:24,29,-110,548,61,461,2827.496498,35,-4,408,404,72,0,0,457.8,3.70E-31,-5.709526074,41,1,0,736,0.009689556
36,11/2/2014 14:14,11/2/2014 14:44,0.247114,440.996,439.812,426.762,405.65,394.976,410.394,430.084,386.436,400.906,398.532,411.106,409.922,417.034,401.38,398.296,381.692,380.032,405.648,411.106,422.73,396.874,396.398,409.208,398.77,415.852,440.996,1.41214,1.45042,1.39744,1.33634,1.22716,1.32248,1.36812,1.29804,1.27848,1.31676,1.33962,1.28174,1.3673,1.24914,1.3184,1.20514,1.23284,1.32248,1.36402,1.45774,1.27684,1.329,1.373,1.30292,1.37626,1.45774,0.0275492,0.0232914,0.0215382,0.0212878,0.0232916,0.017531,0.0262968,0.0232916,0.0247944,0.0215384,0.0250444,0.024043,0.0215384,0.0222896,0.0237926,0.0227906,0.0195346,0.024544,0.0232914,0.0255456,0.026297,0.0237924,0.0260462,0.0217888,0.0227906,0.0275492,6.01134,5.59044,4.52216,4.22046,4.17724,4.36192,4.56148,4.42036,4.5216,4.52754,4.93528,4.50436,4.49398,4.07286,3.91302,3.80972,4.54756,4.74876,4.64066,4.64212,4.30132,4.48914,4.5726,4.62008,4.88378,6.01134,0.00591538,0.00533218,0.00555436,0.00438794,0.00430462,0.00399912,0.00430464,0.00433238,0.00497112,0.00472122,0.00436018,0.0044157,0.00580428,0.00413798,0.00399914,0.00394358,0.00524884,0.0058876,0.00538772,0.00491562,0.00472118,0.00599868,0.00474898,0.00516554,0.00513776,0.00599868,0.28183,0.256134,0.214362,0.19825,0.193308,0.200892,0.206968,0.21108,0.215798,0.211912,0.223156,0.21512,0.21478,0.18648,0.18097,0.17761,0.221496,0.223722,0.220248,0.219986,0.202326,0.224286,0.22523,0.232662,0.249002,0.28183,98,11/2/2014 10:24,29,-110,548,61,461,2827.496498,35,-4,408,404,72,0,0,457.8,3.70E-31,-5.709526074,41,1,0,736,-0.00151275
36,11/2/2014 14:19,11/2/2014 14:49,0.222552,439.812,426.762,405.65,394.976,410.394,430.084,386.436,400.906,398.532,411.106,409.922,417.034,401.38,398.296,381.692,380.032,405.648,411.106,422.73,396.874,396.398,409.208,398.77,415.852,479.19,479.19,1.45042,1.39744,1.33634,1.22716,1.32248,1.36812,1.29804,1.27848,1.31676,1.33962,1.28174,1.3673,1.24914,1.3184,1.20514,1.23284,1.32248,1.36402,1.45774,1.27684,1.329,1.373,1.30292,1.37626,1.53028,1.53028,0.0232914,0.0215382,0.0212878,0.0232916,0.017531,0.0262968,0.0232916,0.0247944,0.0215384,0.0250444,0.024043,0.0215384,0.0222896,0.0237926,0.0227906,0.0195346,0.024544,0.0232914,0.0255456,0.026297,0.0237924,0.0260462,0.0217888,0.0227906,0.024043,0.026297,5.59044,4.52216,4.22046,4.17724,4.36192,4.56148,4.42036,4.5216,4.52754,4.93528,4.50436,4.49398,4.07286,3.91302,3.80972,4.54756,4.74876,4.64066,4.64212,4.30132,4.48914,4.5726,4.62008,4.88378,4.8105,5.59044,0.00533218,0.00555436,0.00438794,0.00430462,0.00399912,0.00430464,0.00433238,0.00497112,0.00472122,0.00436018,0.0044157,0.00580428,0.00413798,0.00399914,0.00394358,0.00524884,0.0058876,0.00538772,0.00491562,0.00472118,0.00599868,0.00474898,0.00516554,0.00513776,0.00566544,0.00599868,0.256134,0.214362,0.19825,0.193308,0.200892,0.206968,0.21108,0.215798,0.211912,0.223156,0.21512,0.21478,0.18648,0.18097,0.17761,0.221496,0.223722,0.220248,0.219986,0.202326,0.224286,0.22523,0.232662,0.249002,0.238214,0.256134,98,11/2/2014 10:24,29,-110,548,61,461,2827.496498,35,-4,408,404,72,0,0,457.8,3.70E-31,-5.709526074,41,1,0,736,-0.012729542
36,11/2/2014 14:24,11/2/2014 14:54,0.212516,426.762,405.65,394.976,410.394,430.084,386.436,400.906,398.532,411.106,409.922,417.034,401.38,398.296,381.692,380.032,405.648,411.106,422.73,396.874,396.398,409.208,398.77,415.852,479.19,481.562,481.562,1.39744,1.33634,1.22716,1.32248,1.36812,1.29804,1.27848,1.31676,1.33962,1.28174,1.3673,1.24914,1.3184,1.20514,1.23284,1.32248,1.36402,1.45774,1.27684,1.329,1.373,1.30292,1.37626,1.53028,1.60198,1.60198,0.0215382,0.0212878,0.0232916,0.017531,0.0262968,0.0232916,0.0247944,0.0215384,0.0250444,0.024043,0.0215384,0.0222896,0.0237926,0.0227906,0.0195346,0.024544,0.0232914,0.0255456,0.026297,0.0237924,0.0260462,0.0217888,0.0227906,0.024043,0.023542,0.026297,4.52216,4.22046,4.17724,4.36192,4.56148,4.42036,4.5216,4.52754,4.93528,4.50436,4.49398,4.07286,3.91302,3.80972,4.54756,4.74876,4.64066,4.64212,4.30132,4.48914,4.5726,4.62008,4.88378,4.8105,5.0985,5.0985,0.00555436,0.00438794,0.00430462,0.00399912,0.00430464,0.00433238,0.00497112,0.00472122,0.00436018,0.0044157,0.00580428,0.00413798,0.00399914,0.00394358,0.00524884,0.0058876,0.00538772,0.00491562,0.00472118,0.00599868,0.00474898,0.00516554,0.00513776,0.00566544,0.0054155,0.00599868,0.214362,0.19825,0.193308,0.200892,0.206968,0.21108,0.215798,0.211912,0.223156,0.21512,0.21478,0.18648,0.18097,0.17761,0.221496,0.223722,0.220248,0.219986,0.202326,0.224286,0.22523,0.232662,0.249002,0.238214,0.252736,0.252736,98,11/2/2014 10:24,29,-110,548,61,461,2827.496498,35,-4,408,404,72,0,0,457.8,3.70E-31,-5.709526074,41,1,0,736,-0.03263242
36,11/2/2014 14:29,11/2/2014 14:59,0.210778,405.65,394.976,410.394,430.084,386.436,400.906,398.532,411.106,409.922,417.034,401.38,398.296,381.692,380.032,405.648,411.106,422.73,396.874,396.398,409.208,398.77,415.852,479.19,481.562,501.966,501.966,1.33634,1.22716,1.32248,1.36812,1.29804,1.27848,1.31676,1.33962,1.28174,1.3673,1.24914,1.3184,1.20514,1.23284,1.32248,1.36402,1.45774,1.27684,1.329,1.373,1.30292,1.37626,1.53028,1.60198,1.52296,1.60198,0.0212878,0.0232916,0.017531,0.0262968,0.0232916,0.0247944,0.0215384,0.0250444,0.024043,0.0215384,0.0222896,0.0237926,0.0227906,0.0195346,0.024544,0.0232914,0.0255456,0.026297,0.0237924,0.0260462,0.0217888,0.0227906,0.024043,0.023542,0.0242932,0.026297,4.22046,4.17724,4.36192,4.56148,4.42036,4.5216,4.52754,4.93528,4.50436,4.49398,4.07286,3.91302,3.80972,4.54756,4.74876,4.64066,4.64212,4.30132,4.48914,4.5726,4.62008,4.88378,4.8105,5.0985,5.18732,5.18732,0.00438794,0.00430462,0.00399912,0.00430464,0.00433238,0.00497112,0.00472122,0.00436018,0.0044157,0.00580428,0.00413798,0.00399914,0.00394358,0.00524884,0.0058876,0.00538772,0.00491562,0.00472118,0.00599868,0.00474898,0.00516554,0.00513776,0.00566544,0.0054155,0.0050267,0.00599868,0.19825,0.193308,0.200892,0.206968,0.21108,0.215798,0.211912,0.223156,0.21512,0.21478,0.18648,0.18097,0.17761,0.221496,0.223722,0.220248,0.219986,0.202326,0.224286,0.22523,0.232662,0.249002,0.238214,0.252736,0.246816,0.252736,98,11/2/2014 10:24,29,-110,548,61,461,2827.496498,35,-4,408,404,72,0,0,457.8,3.70E-31,-5.709526074,40,1,0,736,-0.029329973
36,11/2/2014 14:34,11/2/2014 15:04,0.20576,394.976,410.394,430.084,386.436,400.906,398.532,411.106,409.922,417.034,401.38,398.296,381.692,380.032,405.648,411.106,422.73,396.874,396.398,409.208,398.77,415.852,479.19,481.562,501.966,506.472,506.472,1.22716,1.32248,1.36812,1.29804,1.27848,1.31676,1.33962,1.28174,1.3673,1.24914,1.3184,1.20514,1.23284,1.32248,1.36402,1.45774,1.27684,1.329,1.373,1.30292,1.37626,1.53028,1.60198,1.52296,1.50988,1.60198,0.0232916,0.017531,0.0262968,0.0232916,0.0247944,0.0215384,0.0250444,0.024043,0.0215384,0.0222896,0.0237926,0.0227906,0.0195346,0.024544,0.0232914,0.0255456,0.026297,0.0237924,0.0260462,0.0217888,0.0227906,0.024043,0.023542,0.0242932,0.0242932,0.026297,4.17724,4.36192,4.56148,4.42036,4.5216,4.52754,4.93528,4.50436,4.49398,4.07286,3.91302,3.80972,4.54756,4.74876,4.64066,4.64212,4.30132,4.48914,4.5726,4.62008,4.88378,4.8105,5.0985,5.18732,4.93826,5.18732,0.00430462,0.00399912,0.00430464,0.00433238,0.00497112,0.00472122,0.00436018,0.0044157,0.00580428,0.00413798,0.00399914,0.00394358,0.00524884,0.0058876,0.00538772,0.00491562,0.00472118,0.00599868,0.00474898,0.00516554,0.00513776,0.00566544,0.0054155,0.0050267,0.0054988,0.00599868,0.193308,0.200892,0.206968,0.21108,0.215798,0.211912,0.223156,0.21512,0.21478,0.18648,0.18097,0.17761,0.221496,0.223722,0.220248,0.219986,0.202326,0.224286,0.22523,0.232662,0.249002,0.238214,0.252736,0.246816,0.235646,0.252736,98,11/2/2014 10:24,29,-110,548,61,461,2827.496498,35,-4,408,404,72,0,0,457.8,3.70E-31,-5.709526074,40,1,0,736,-0.024483837
36,11/2/2014 14:39,11/2/2014 15:09,0.179764,410.394,430.084,386.436,400.906,398.532,411.106,409.922,417.034,401.38,398.296,381.692,380.032,405.648,411.106,422.73,396.874,396.398,409.208,398.77,415.852,479.19,481.562,501.966,506.472,483.934,506.472,1.32248,1.36812,1.29804,1.27848,1.31676,1.33962,1.28174,1.3673,1.24914,1.3184,1.20514,1.23284,1.32248,1.36402,1.45774,1.27684,1.329,1.373,1.30292,1.37626,1.53028,1.60198,1.52296,1.50988,1.54494,1.60198,0.017531,0.0262968,0.0232916,0.0247944,0.0215384,0.0250444,0.024043,0.0215384,0.0222896,0.0237926,0.0227906,0.0195346,0.024544,0.0232914,0.0255456,0.026297,0.0237924,0.0260462,0.0217888,0.0227906,0.024043,0.023542,0.0242932,0.0242932,0.0232914,0.026297,4.36192,4.56148,4.42036,4.5216,4.52754,4.93528,4.50436,4.49398,4.07286,3.91302,3.80972,4.54756,4.74876,4.64066,4.64212,4.30132,4.48914,4.5726,4.62008,4.88378,4.8105,5.0985,5.18732,4.93826,5.02672,5.18732,0.00399912,0.00430464,0.00433238,0.00497112,0.00472122,0.00436018,0.0044157,0.00580428,0.00413798,0.00399914,0.00394358,0.00524884,0.0058876,0.00538772,0.00491562,0.00472118,0.00599868,0.00474898,0.00516554,0.00513776,0.00566544,0.0054155,0.0050267,0.0054988,0.0056099,0.00599868,0.200892,0.206968,0.21108,0.215798,0.211912,0.223156,0.21512,0.21478,0.18648,0.18097,0.17761,0.221496,0.223722,0.220248,0.219986,0.202326,0.224286,0.22523,0.232662,0.249002,0.238214,0.252736,0.246816,0.235646,0.244664,0.252736,98,11/2/2014 10:24,29,-110,548,61,461,2827.496498,35,-4,408,404,72,0,0,457.8,3.70E-31,-5.709526074,40,1,0,736,-0.053551195
36,11/2/2014 14:44,11/2/2014 15:14,0.178404,430.084,386.436,400.906,398.532,411.106,409.922,417.034,401.38,398.296,381.692,380.032,405.648,411.106,422.73,396.874,396.398,409.208,398.77,415.852,479.19,481.562,501.966,506.472,483.934,473.734,506.472,1.36812,1.29804,1.27848,1.31676,1.33962,1.28174,1.3673,1.24914,1.3184,1.20514,1.23284,1.32248,1.36402,1.45774,1.27684,1.329,1.373,1.30292,1.37626,1.53028,1.60198,1.52296,1.50988,1.54494,1.43166,1.60198,0.0262968,0.0232916,0.0247944,0.0215384,0.0250444,0.024043,0.0215384,0.0222896,0.0237926,0.0227906,0.0195346,0.024544,0.0232914,0.0255456,0.026297,0.0237924,0.0260462,0.0217888,0.0227906,0.024043,0.023542,0.0242932,0.0242932,0.0232914,0.0247942,0.026297,4.56148,4.42036,4.5216,4.52754,4.93528,4.50436,4.49398,4.07286,3.91302,3.80972,4.54756,4.74876,4.64066,4.64212,4.30132,4.48914,4.5726,4.62008,4.88378,4.8105,5.0985,5.18732,4.93826,5.02672,5.05342,5.18732,0.00430464,0.00433238,0.00497112,0.00472122,0.00436018,0.0044157,0.00580428,0.00413798,0.00399914,0.00394358,0.00524884,0.0058876,0.00538772,0.00491562,0.00472118,0.00599868,0.00474898,0.00516554,0.00513776,0.00566544,0.0054155,0.0050267,0.0054988,0.0056099,0.00563766,0.00599868,0.206968,0.21108,0.215798,0.211912,0.223156,0.21512,0.21478,0.18648,0.18097,0.17761,0.221496,0.223722,0.220248,0.219986,0.202326,0.224286,0.22523,0.232662,0.249002,0.238214,0.252736,0.246816,0.235646,0.244664,0.247114,0.252736,98,11/2/2014 10:24,29,-110,548,61,461,2827.496498,35,-4,408,404,72,0,0,457.8,3.70E-31,-5.709526074,40,1,0,736,-0.056671101
36,11/2/2014 14:49,11/2/2014 15:19,0.183158,386.436,400.906,398.532,411.106,409.922,417.034,401.38,398.296,381.692,380.032,405.648,411.106,422.73,396.874,396.398,409.208,398.77,415.852,479.19,481.562,501.966,506.472,483.934,473.734,380.506,506.472,1.29804,1.27848,1.31676,1.33962,1.28174,1.3673,1.24914,1.3184,1.20514,1.23284,1.32248,1.36402,1.45774,1.27684,1.329,1.373,1.30292,1.37626,1.53028,1.60198,1.52296,1.50988,1.54494,1.43166,1.23858,1.60198,0.0232916,0.0247944,0.0215384,0.0250444,0.024043,0.0215384,0.0222896,0.0237926,0.0227906,0.0195346,0.024544,0.0232914,0.0255456,0.026297,0.0237924,0.0260462,0.0217888,0.0227906,0.024043,0.023542,0.0242932,0.0242932,0.0232914,0.0247942,0.0260464,0.026297,4.42036,4.5216,4.52754,4.93528,4.50436,4.49398,4.07286,3.91302,3.80972,4.54756,4.74876,4.64066,4.64212,4.30132,4.48914,4.5726,4.62008,4.88378,4.8105,5.0985,5.18732,4.93826,5.02672,5.05342,4.67662,5.18732,0.00433238,0.00497112,0.00472122,0.00436018,0.0044157,0.00580428,0.00413798,0.00399914,0.00394358,0.00524884,0.0058876,0.00538772,0.00491562,0.00472118,0.00599868,0.00474898,0.00516554,0.00513776,0.00566544,0.0054155,0.0050267,0.0054988,0.0056099,0.00563766,0.0049989,0.00599868,0.21108,0.215798,0.211912,0.223156,0.21512,0.21478,0.18648,0.18097,0.17761,0.221496,0.223722,0.220248,0.219986,0.202326,0.224286,0.22523,0.232662,0.249002,0.238214,0.252736,0.246816,0.235646,0.244664,0.247114,0.222552,0.252736,98,11/2/2014 10:24,29,-110,548,61,461,2827.496498,35,-4,408,404,72,0,0,457.8,3.70E-31,-5.709526074,40,1,0,736,-0.032753342
36,11/2/2014 14:54,11/2/2014 15:24,0.189798,400.906,398.532,411.106,409.922,417.034,401.38,398.296,381.692,380.032,405.648,411.106,422.73,396.874,396.398,409.208,398.77,415.852,479.19,481.562,501.966,506.472,483.934,473.734,380.506,376.472,506.472,1.27848,1.31676,1.33962,1.28174,1.3673,1.24914,1.3184,1.20514,1.23284,1.32248,1.36402,1.45774,1.27684,1.329,1.373,1.30292,1.37626,1.53028,1.60198,1.52296,1.50988,1.54494,1.43166,1.23858,1.23038,1.60198,0.0247944,0.0215384,0.0250444,0.024043,0.0215384,0.0222896,0.0237926,0.0227906,0.0195346,0.024544,0.0232914,0.0255456,0.026297,0.0237924,0.0260462,0.0217888,0.0227906,0.024043,0.023542,0.0242932,0.0242932,0.0232914,0.0247942,0.0260464,0.0182828,0.026297,4.5216,4.52754,4.93528,4.50436,4.49398,4.07286,3.91302,3.80972,4.54756,4.74876,4.64066,4.64212,4.30132,4.48914,4.5726,4.62008,4.88378,4.8105,5.0985,5.18732,4.93826,5.02672,5.05342,4.67662,4.35452,5.18732,0.00497112,0.00472122,0.00436018,0.0044157,0.00580428,0.00413798,0.00399914,0.00394358,0.00524884,0.0058876,0.00538772,0.00491562,0.00472118,0.00599868,0.00474898,0.00516554,0.00513776,0.00566544,0.0054155,0.0050267,0.0054988,0.0056099,0.00563766,0.0049989,0.00441572,0.00599868,0.215798,0.211912,0.223156,0.21512,0.21478,0.18648,0.18097,0.17761,0.221496,0.223722,0.220248,0.219986,0.202326,0.224286,0.22523,0.232662,0.249002,0.238214,0.252736,0.246816,0.235646,0.244664,0.247114,0.222552,0.212516,0.252736,98,11/2/2014 10:24,29,-110,548,61,461,2827.496498,35,-4,408,404,72,0,0,457.8,3.70E-31,-5.709526074,40,1,0,736,-0.018913995
36,11/2/2014 14:59,11/2/2014 15:29,0.227004,398.532,411.106,409.922,417.034,401.38,398.296,381.692,380.032,405.648,411.106,422.73,396.874,396.398,409.208,398.77,415.852,479.19,481.562,501.966,506.472,483.934,473.734,380.506,376.472,405.414,506.472,1.31676,1.33962,1.28174,1.3673,1.24914,1.3184,1.20514,1.23284,1.32248,1.36402,1.45774,1.27684,1.329,1.373,1.30292,1.37626,1.53028,1.60198,1.52296,1.50988,1.54494,1.43166,1.23858,1.23038,1.307,1.60198,0.0215384,0.0250444,0.024043,0.0215384,0.0222896,0.0237926,0.0227906,0.0195346,0.024544,0.0232914,0.0255456,0.026297,0.0237924,0.0260462,0.0217888,0.0227906,0.024043,0.023542,0.0242932,0.0242932,0.0232914,0.0247942,0.0260464,0.0182828,0.0177816,0.026297,4.52754,4.93528,4.50436,4.49398,4.07286,3.91302,3.80972,4.54756,4.74876,4.64066,4.64212,4.30132,4.48914,4.5726,4.62008,4.88378,4.8105,5.0985,5.18732,4.93826,5.02672,5.05342,4.67662,4.35452,4.4209,5.18732,0.00472122,0.00436018,0.0044157,0.00580428,0.00413798,0.00399914,0.00394358,0.00524884,0.0058876,0.00538772,0.00491562,0.00472118,0.00599868,0.00474898,0.00516554,0.00513776,0.00566544,0.0054155,0.0050267,0.0054988,0.0056099,0.00563766,0.0049989,0.00441572,0.00427682,0.00599868,0.211912,0.223156,0.21512,0.21478,0.18648,0.18097,0.17761,0.221496,0.223722,0.220248,0.219986,0.202326,0.224286,0.22523,0.232662,0.249002,0.238214,0.252736,0.246816,0.235646,0.244664,0.247114,0.222552,0.212516,0.210778,0.252736,98,11/2/2014 10:24,29,-110,548,61,461,2827.496498,35,-4,408,404,72,0,0,457.8,3.70E-31,-5.709526074,40,1,0,736,0.013312298
36,11/2/2014 15:04,11/2/2014 15:34,0.232212,411.106,409.922,417.034,401.38,398.296,381.692,380.032,405.648,411.106,422.73,396.874,396.398,409.208,398.77,415.852,479.19,481.562,501.966,506.472,483.934,473.734,380.506,376.472,405.414,404.228,506.472,1.33962,1.28174,1.3673,1.24914,1.3184,1.20514,1.23284,1.32248,1.36402,1.45774,1.27684,1.329,1.373,1.30292,1.37626,1.53028,1.60198,1.52296,1.50988,1.54494,1.43166,1.23858,1.23038,1.307,1.25566,1.60198,0.0250444,0.024043,0.0215384,0.0222896,0.0237926,0.0227906,0.0195346,0.024544,0.0232914,0.0255456,0.026297,0.0237924,0.0260462,0.0217888,0.0227906,0.024043,0.023542,0.0242932,0.0242932,0.0232914,0.0247942,0.0260464,0.0182828,0.0177816,0.023041,0.026297,4.93528,4.50436,4.49398,4.07286,3.91302,3.80972,4.54756,4.74876,4.64066,4.64212,4.30132,4.48914,4.5726,4.62008,4.88378,4.8105,5.0985,5.18732,4.93826,5.02672,5.05342,4.67662,4.35452,4.4209,4.2952,5.18732,0.00436018,0.0044157,0.00580428,0.00413798,0.00399914,0.00394358,0.00524884,0.0058876,0.00538772,0.00491562,0.00472118,0.00599868,0.00474898,0.00516554,0.00513776,0.00566544,0.0054155,0.0050267,0.0054988,0.0056099,0.00563766,0.0049989,0.00441572,0.00427682,0.00444348,0.00599868,0.223156,0.21512,0.21478,0.18648,0.18097,0.17761,0.221496,0.223722,0.220248,0.219986,0.202326,0.224286,0.22523,0.232662,0.249002,0.238214,0.252736,0.246816,0.235646,0.244664,0.247114,0.222552,0.212516,0.210778,0.20576,0.252736,98,11/2/2014 10:24,29,-110,548,61,461,2827.496498,35,-4,408,404,72,0,0,457.8,3.70E-31,-5.709526074,40,1,0,736,0.021700855
36,11/2/2014 15:09,11/2/2014 15:39,0.25187,409.922,417.034,401.38,398.296,381.692,380.032,405.648,411.106,422.73,396.874,396.398,409.208,398.77,415.852,479.19,481.562,501.966,506.472,483.934,473.734,380.506,376.472,405.414,404.228,366.034,506.472,1.28174,1.3673,1.24914,1.3184,1.20514,1.23284,1.32248,1.36402,1.45774,1.27684,1.329,1.373,1.30292,1.37626,1.53028,1.60198,1.52296,1.50988,1.54494,1.43166,1.23858,1.23038,1.307,1.25566,1.15708,1.60198,0.024043,0.0215384,0.0222896,0.0237926,0.0227906,0.0195346,0.024544,0.0232914,0.0255456,0.026297,0.0237924,0.0260462,0.0217888,0.0227906,0.024043,0.023542,0.0242932,0.0242932,0.0232914,0.0247942,0.0260464,0.0182828,0.0177816,0.023041,0.0160286,0.026297,4.50436,4.49398,4.07286,3.91302,3.80972,4.54756,4.74876,4.64066,4.64212,4.30132,4.48914,4.5726,4.62008,4.88378,4.8105,5.0985,5.18732,4.93826,5.02672,5.05342,4.67662,4.35452,4.4209,4.2952,3.90188,5.18732,0.0044157,0.00580428,0.00413798,0.00399914,0.00394358,0.00524884,0.0058876,0.00538772,0.00491562,0.00472118,0.00599868,0.00474898,0.00516554,0.00513776,0.00566544,0.0054155,0.0050267,0.0054988,0.0056099,0.00563766,0.0049989,0.00441572,0.00427682,0.00444348,0.0046101,0.00599868,0.21512,0.21478,0.18648,0.18097,0.17761,0.221496,0.223722,0.220248,0.219986,0.202326,0.224286,0.22523,0.232662,0.249002,0.238214,0.252736,0.246816,0.235646,0.244664,0.247114,0.222552,0.212516,0.210778,0.20576,0.179764,0.252736,98,11/2/2014 10:24,29,-110,548,61,461,2827.496498,35,-4,408,404,72,0,0,457.8,3.70E-31,-5.709526074,40,1,0,736,0.059324015
36,11/2/2014 15:14,11/2/2014 15:44,0.266662,417.034,401.38,398.296,381.692,380.032,405.648,411.106,422.73,396.874,396.398,409.208,398.77,415.852,479.19,481.562,501.966,506.472,483.934,473.734,380.506,376.472,405.414,404.228,366.034,363.188,506.472,1.3673,1.24914,1.3184,1.20514,1.23284,1.32248,1.36402,1.45774,1.27684,1.329,1.373,1.30292,1.37626,1.53028,1.60198,1.52296,1.50988,1.54494,1.43166,1.23858,1.23038,1.307,1.25566,1.15708,1.14402,1.60198,0.0215384,0.0222896,0.0237926,0.0227906,0.0195346,0.024544,0.0232914,0.0255456,0.026297,0.0237924,0.0260462,0.0217888,0.0227906,0.024043,0.023542,0.0242932,0.0242932,0.0232914,0.0247942,0.0260464,0.0182828,0.0177816,0.023041,0.0160286,0.0227906,0.026297,4.49398,4.07286,3.91302,3.80972,4.54756,4.74876,4.64066,4.64212,4.30132,4.48914,4.5726,4.62008,4.88378,4.8105,5.0985,5.18732,4.93826,5.02672,5.05342,4.67662,4.35452,4.4209,4.2952,3.90188,3.87424,5.18732,0.00580428,0.00413798,0.00399914,0.00394358,0.00524884,0.0058876,0.00538772,0.00491562,0.00472118,0.00599868,0.00474898,0.00516554,0.00513776,0.00566544,0.0054155,0.0050267,0.0054988,0.0056099,0.00563766,0.0049989,0.00441572,0.00427682,0.00444348,0.0046101,0.00427686,0.00599868,0.21478,0.18648,0.18097,0.17761,0.221496,0.223722,0.220248,0.219986,0.202326,0.224286,0.22523,0.232662,0.249002,0.238214,0.252736,0.246816,0.235646,0.244664,0.247114,0.222552,0.212516,0.210778,0.20576,0.179764,0.178404,0.252736,98,11/2/2014 10:24,29,-110,548,61,461,2827.496498,35,-4,408,404,72,0,0,457.8,3.70E-31,-5.709526074,40,1,0,736,0.072224113
36,11/2/2014 15:19,11/2/2014 15:49,0.238362,401.38,398.296,381.692,380.032,405.648,411.106,422.73,396.874,396.398,409.208,398.77,415.852,479.19,481.562,501.966,506.472,483.934,473.734,380.506,376.472,405.414,404.228,366.034,363.188,358.444,506.472,1.24914,1.3184,1.20514,1.23284,1.32248,1.36402,1.45774,1.27684,1.329,1.373,1.30292,1.37626,1.53028,1.60198,1.52296,1.50988,1.54494,1.43166,1.23858,1.23038,1.307,1.25566,1.15708,1.14402,1.19372,1.60198,0.0222896,0.0237926,0.0227906,0.0195346,0.024544,0.0232914,0.0255456,0.026297,0.0237924,0.0260462,0.0217888,0.0227906,0.024043,0.023542,0.0242932,0.0242932,0.0232914,0.0247942,0.0260464,0.0182828,0.0177816,0.023041,0.0160286,0.0227906,0.0210374,0.026297,4.07286,3.91302,3.80972,4.54756,4.74876,4.64066,4.64212,4.30132,4.48914,4.5726,4.62008,4.88378,4.8105,5.0985,5.18732,4.93826,5.02672,5.05342,4.67662,4.35452,4.4209,4.2952,3.90188,3.87424,3.8038,5.18732,0.00413798,0.00399914,0.00394358,0.00524884,0.0058876,0.00538772,0.00491562,0.00472118,0.00599868,0.00474898,0.00516554,0.00513776,0.00566544,0.0054155,0.0050267,0.0054988,0.0056099,0.00563766,0.0049989,0.00441572,0.00427682,0.00444348,0.0046101,0.00427686,0.00424908,0.00599868,0.18648,0.18097,0.17761,0.221496,0.223722,0.220248,0.219986,0.202326,0.224286,0.22523,0.232662,0.249002,0.238214,0.252736,0.246816,0.235646,0.244664,0.247114,0.222552,0.212516,0.210778,0.20576,0.179764,0.178404,0.183158,0.252736,98,11/2/2014 10:24,29,-110,548,61,461,2827.496498,35,-4,408,404,72,0,0,457.8,3.70E-31,-5.709526074,40,1,0,736,0.045602404
36,11/2/2014 15:24,11/2/2014 15:54,0.260286,398.296,381.692,380.032,405.648,411.106,422.73,396.874,396.398,409.208,398.77,415.852,479.19,481.562,501.966,506.472,483.934,473.734,380.506,376.472,405.414,404.228,366.034,363.188,358.444,353.462,506.472,1.3184,1.20514,1.23284,1.32248,1.36402,1.45774,1.27684,1.329,1.373,1.30292,1.37626,1.53028,1.60198,1.52296,1.50988,1.54494,1.43166,1.23858,1.23038,1.307,1.25566,1.15708,1.14402,1.19372,1.15462,1.60198,0.0237926,0.0227906,0.0195346,0.024544,0.0232914,0.0255456,0.026297,0.0237924,0.0260462,0.0217888,0.0227906,0.024043,0.023542,0.0242932,0.0242932,0.0232914,0.0247942,0.0260464,0.0182828,0.0177816,0.023041,0.0160286,0.0227906,0.0210374,0.0197852,0.026297,3.91302,3.80972,4.54756,4.74876,4.64066,4.64212,4.30132,4.48914,4.5726,4.62008,4.88378,4.8105,5.0985,5.18732,4.93826,5.02672,5.05342,4.67662,4.35452,4.4209,4.2952,3.90188,3.87424,3.8038,3.93412,5.18732,0.00399914,0.00394358,0.00524884,0.0058876,0.00538772,0.00491562,0.00472118,0.00599868,0.00474898,0.00516554,0.00513776,0.00566544,0.0054155,0.0050267,0.0054988,0.0056099,0.00563766,0.0049989,0.00441572,0.00427682,0.00444348,0.0046101,0.00427686,0.00424908,0.0042213,0.00599868,0.18097,0.17761,0.221496,0.223722,0.220248,0.219986,0.202326,0.224286,0.22523,0.232662,0.249002,0.238214,0.252736,0.246816,0.235646,0.244664,0.247114,0.222552,0.212516,0.210778,0.20576,0.179764,0.178404,0.183158,0.189798,0.252736,98,11/2/2014 10:24,29,-110,548,61,461,2827.496498,35,-4,408,404,72,0,0,457.8,3.70E-31,-5.709526074,40,1,0,736,0.057555135
36,11/2/2014 15:29,11/2/2014 15:59,0.293678,381.692,380.032,405.648,411.106,422.73,396.874,396.398,409.208,398.77,415.852,479.19,481.562,501.966,506.472,483.934,473.734,380.506,376.472,405.414,404.228,366.034,363.188,358.444,353.462,344.922,506.472,1.20514,1.23284,1.32248,1.36402,1.45774,1.27684,1.329,1.373,1.30292,1.37626,1.53028,1.60198,1.52296,1.50988,1.54494,1.43166,1.23858,1.23038,1.307,1.25566,1.15708,1.14402,1.19372,1.15462,1.045424,1.60198,0.0227906,0.0195346,0.024544,0.0232914,0.0255456,0.026297,0.0237924,0.0260462,0.0217888,0.0227906,0.024043,0.023542,0.0242932,0.0242932,0.0232914,0.0247942,0.0260464,0.0182828,0.0177816,0.023041,0.0160286,0.0227906,0.0210374,0.0197852,0.0190338,0.026297,3.80972,4.54756,4.74876,4.64066,4.64212,4.30132,4.48914,4.5726,4.62008,4.88378,4.8105,5.0985,5.18732,4.93826,5.02672,5.05342,4.67662,4.35452,4.4209,4.2952,3.90188,3.87424,3.8038,3.93412,4.5544,5.18732,0.00394358,0.00524884,0.0058876,0.00538772,0.00491562,0.00472118,0.00599868,0.00474898,0.00516554,0.00513776,0.00566544,0.0054155,0.0050267,0.0054988,0.0056099,0.00563766,0.0049989,0.00441572,0.00427682,0.00444348,0.0046101,0.00427686,0.00424908,0.0042213,0.00583208,0.00599868,0.17761,0.221496,0.223722,0.220248,0.219986,0.202326,0.224286,0.22523,0.232662,0.249002,0.238214,0.252736,0.246816,0.235646,0.244664,0.247114,0.222552,0.212516,0.210778,0.20576,0.179764,0.178404,0.183158,0.189798,0.227004,0.252736,98,11/2/2014 10:24,29,-110,548,61,461,2827.496498,35,-4,408,404,72,0,0,457.8,3.70E-31,-5.709526074,40,1,0,736,0.052913899
36,11/2/2014 15:34,11/2/2014 16:04,0.295414,380.032,405.648,411.106,422.73,396.874,396.398,409.208,398.77,415.852,479.19,481.562,501.966,506.472,483.934,473.734,380.506,376.472,405.414,404.228,366.034,363.188,358.444,353.462,344.922,344.448,506.472,1.23284,1.32248,1.36402,1.45774,1.27684,1.329,1.373,1.30292,1.37626,1.53028,1.60198,1.52296,1.50988,1.54494,1.43166,1.23858,1.23038,1.307,1.25566,1.15708,1.14402,1.19372,1.15462,1.045424,1.10898,1.60198,0.0195346,0.024544,0.0232914,0.0255456,0.026297,0.0237924,0.0260462,0.0217888,0.0227906,0.024043,0.023542,0.0242932,0.0242932,0.0232914,0.0247942,0.0260464,0.0182828,0.0177816,0.023041,0.0160286,0.0227906,0.0210374,0.0197852,0.0190338,0.0222896,0.026297,4.54756,4.74876,4.64066,4.64212,4.30132,4.48914,4.5726,4.62008,4.88378,4.8105,5.0985,5.18732,4.93826,5.02672,5.05342,4.67662,4.35452,4.4209,4.2952,3.90188,3.87424,3.8038,3.93412,4.5544,4.79344,5.18732,0.00524884,0.0058876,0.00538772,0.00491562,0.00472118,0.00599868,0.00474898,0.00516554,0.00513776,0.00566544,0.0054155,0.0050267,0.0054988,0.0056099,0.00563766,0.0049989,0.00441572,0.00427682,0.00444348,0.0046101,0.00427686,0.00424908,0.0042213,0.00583208,0.00630418,0.00630418,0.221496,0.223722,0.220248,0.219986,0.202326,0.224286,0.22523,0.232662,0.249002,0.238214,0.252736,0.246816,0.235646,0.244664,0.247114,0.222552,0.212516,0.210778,0.20576,0.179764,0.178404,0.183158,0.189798,0.227004,0.232212,0.252736,98,11/2/2014 10:24,29,-110,548,61,461,2827.496498,35,-4,408,404,72,0,0,457.8,3.70E-31,-5.709526074,40,1,0,736,0.050019407
36,11/2/2014 15:39,11/2/2014 16:09,0.277416,405.648,411.106,422.73,396.874,396.398,409.208,398.77,415.852,479.19,481.562,501.966,506.472,483.934,473.734,380.506,376.472,405.414,404.228,366.034,363.188,358.444,353.462,344.922,344.448,346.346,506.472,1.32248,1.36402,1.45774,1.27684,1.329,1.373,1.30292,1.37626,1.53028,1.60198,1.52296,1.50988,1.54494,1.43166,1.23858,1.23038,1.307,1.25566,1.15708,1.14402,1.19372,1.15462,1.045424,1.10898,1.052768,1.60198,0.024544,0.0232914,0.0255456,0.026297,0.0237924,0.0260462,0.0217888,0.0227906,0.024043,0.023542,0.0242932,0.0242932,0.0232914,0.0247942,0.0260464,0.0182828,0.0177816,0.023041,0.0160286,0.0227906,0.0210374,0.0197852,0.0190338,0.0222896,0.020286,0.026297,4.74876,4.64066,4.64212,4.30132,4.48914,4.5726,4.62008,4.88378,4.8105,5.0985,5.18732,4.93826,5.02672,5.05342,4.67662,4.35452,4.4209,4.2952,3.90188,3.87424,3.8038,3.93412,4.5544,4.79344,4.83462,5.18732,0.0058876,0.00538772,0.00491562,0.00472118,0.00599868,0.00474898,0.00516554,0.00513776,0.00566544,0.0054155,0.0050267,0.0054988,0.0056099,0.00563766,0.0049989,0.00441572,0.00427682,0.00444348,0.0046101,0.00427686,0.00424908,0.0042213,0.00583208,0.00630418,0.00633194,0.00633194,0.223722,0.220248,0.219986,0.202326,0.224286,0.22523,0.232662,0.249002,0.238214,0.252736,0.246816,0.235646,0.244664,0.247114,0.222552,0.212516,0.210778,0.20576,0.179764,0.178404,0.183158,0.189798,0.227004,0.232212,0.25187,0.252736,98,11/2/2014 10:24,29,-110,548,61,461,2827.496498,35,-4,408,404,72,0,0,457.8,3.70E-31,-5.709526074,40,1,0,736,0.020200854
36,11/2/2014 15:44,11/2/2014 16:14,0.28334,411.106,422.73,396.874,396.398,409.208,398.77,415.852,479.19,481.562,501.966,506.472,483.934,473.734,380.506,376.472,405.414,404.228,366.034,363.188,358.444,353.462,344.922,344.448,346.346,366.508,506.472,1.36402,1.45774,1.27684,1.329,1.373,1.30292,1.37626,1.53028,1.60198,1.52296,1.50988,1.54494,1.43166,1.23858,1.23038,1.307,1.25566,1.15708,1.14402,1.19372,1.15462,1.045424,1.10898,1.052768,1.14974,1.60198,0.0232914,0.0255456,0.026297,0.0237924,0.0260462,0.0217888,0.0227906,0.024043,0.023542,0.0242932,0.0242932,0.0232914,0.0247942,0.0260464,0.0182828,0.0177816,0.023041,0.0160286,0.0227906,0.0210374,0.0197852,0.0190338,0.0222896,0.020286,0.0222898,0.026297,4.64066,4.64212,4.30132,4.48914,4.5726,4.62008,4.88378,4.8105,5.0985,5.18732,4.93826,5.02672,5.05342,4.67662,4.35452,4.4209,4.2952,3.90188,3.87424,3.8038,3.93412,4.5544,4.79344,4.83462,5.11278,5.18732,0.00538772,0.00491562,0.00472118,0.00599868,0.00474898,0.00516554,0.00513776,0.00566544,0.0054155,0.0050267,0.0054988,0.0056099,0.00563766,0.0049989,0.00441572,0.00427682,0.00444348,0.0046101,0.00427686,0.00424908,0.0042213,0.00583208,0.00630418,0.00633194,0.00635974,0.00635974,0.220248,0.219986,0.202326,0.224286,0.22523,0.232662,0.249002,0.238214,0.252736,0.246816,0.235646,0.244664,0.247114,0.222552,0.212516,0.210778,0.20576,0.179764,0.178404,0.183158,0.189798,0.227004,0.232212,0.25187,0.266662,0.266662,98,11/2/2014 10:24,29,-110,548,61,461,2827.496498,35,-4,408,404,72,0,0,457.8,3.70E-31,-5.709526074,40,1,0,736,0.013080961
36,11/2/2014 15:49,11/2/2014 16:19,0.273758,422.73,396.874,396.398,409.208,398.77,415.852,479.19,481.562,501.966,506.472,483.934,473.734,380.506,376.472,405.414,404.228,366.034,363.188,358.444,353.462,344.922,344.448,346.346,366.508,373.626,506.472,1.45774,1.27684,1.329,1.373,1.30292,1.37626,1.53028,1.60198,1.52296,1.50988,1.54494,1.43166,1.23858,1.23038,1.307,1.25566,1.15708,1.14402,1.19372,1.15462,1.045424,1.10898,1.052768,1.14974,1.1864,1.60198,0.0255456,0.026297,0.0237924,0.0260462,0.0217888,0.0227906,0.024043,0.023542,0.0242932,0.0242932,0.0232914,0.0247942,0.0260464,0.0182828,0.0177816,0.023041,0.0160286,0.0227906,0.0210374,0.0197852,0.0190338,0.0222896,0.020286,0.0222898,0.0220394,0.026297,4.64212,4.30132,4.48914,4.5726,4.62008,4.88378,4.8105,5.0985,5.18732,4.93826,5.02672,5.05342,4.67662,4.35452,4.4209,4.2952,3.90188,3.87424,3.8038,3.93412,4.5544,4.79344,4.83462,5.11278,4.54682,5.18732,0.00491562,0.00472118,0.00599868,0.00474898,0.00516554,0.00513776,0.00566544,0.0054155,0.0050267,0.0054988,0.0056099,0.00563766,0.0049989,0.00441572,0.00427682,0.00444348,0.0046101,0.00427686,0.00424908,0.0042213,0.00583208,0.00630418,0.00633194,0.00635974,0.00647082,0.00647082,0.219986,0.202326,0.224286,0.22523,0.232662,0.249002,0.238214,0.252736,0.246816,0.235646,0.244664,0.247114,0.222552,0.212516,0.210778,0.20576,0.179764,0.178404,0.183158,0.189798,0.227004,0.232212,0.25187,0.266662,0.238362,0.266662,98,11/2/2014 10:24,29,-110,548,61,461,2827.496498,35,-4,408,404,72,0,0,457.8,3.70E-31,-5.709526074,40,1,0,736,0.028182048
36,11/2/2014 15:54,11/2/2014 16:24,0.25972,396.874,396.398,409.208,398.77,415.852,479.19,481.562,501.966,506.472,483.934,473.734,380.506,376.472,405.414,404.228,366.034,363.188,358.444,353.462,344.922,344.448,346.346,366.508,373.626,371.254,506.472,1.27684,1.329,1.373,1.30292,1.37626,1.53028,1.60198,1.52296,1.50988,1.54494,1.43166,1.23858,1.23038,1.307,1.25566,1.15708,1.14402,1.19372,1.15462,1.045424,1.10898,1.052768,1.14974,1.1864,1.23368,1.60198,0.026297,0.0237924,0.0260462,0.0217888,0.0227906,0.024043,0.023542,0.0242932,0.0242932,0.0232914,0.0247942,0.0260464,0.0182828,0.0177816,0.023041,0.0160286,0.0227906,0.0210374,0.0197852,0.0190338,0.0222896,0.020286,0.0222898,0.0220394,0.0210376,0.026297,4.30132,4.48914,4.5726,4.62008,4.88378,4.8105,5.0985,5.18732,4.93826,5.02672,5.05342,4.67662,4.35452,4.4209,4.2952,3.90188,3.87424,3.8038,3.93412,4.5544,4.79344,4.83462,5.11278,4.54682,4.93788,5.18732,0.00472118,0.00599868,0.00474898,0.00516554,0.00513776,0.00566544,0.0054155,0.0050267,0.0054988,0.0056099,0.00563766,0.0049989,0.00441572,0.00427682,0.00444348,0.0046101,0.00427686,0.00424908,0.0042213,0.00583208,0.00630418,0.00633194,0.00635974,0.00647082,0.00585986,0.00647082,0.202326,0.224286,0.22523,0.232662,0.249002,0.238214,0.252736,0.246816,0.235646,0.244664,0.247114,0.222552,0.212516,0.210778,0.20576,0.179764,0.178404,0.183158,0.189798,0.227004,0.232212,0.25187,0.266662,0.238362,0.260286,0.266662,98,11/2/2014 10:24,29,-110,548,61,461,2827.496498,35,-4,408,404,72,0,0,457.8,3.70E-31,-5.709526074,40,1,0,736,-0.000449205
36,11/2/2014 15:59,11/2/2014 16:29,0.360394,396.398,409.208,398.77,415.852,479.19,481.562,501.966,506.472,483.934,473.734,380.506,376.472,405.414,404.228,366.034,363.188,358.444,353.462,344.922,344.448,346.346,366.508,373.626,371.254,382.164,506.472,1.329,1.373,1.30292,1.37626,1.53028,1.60198,1.52296,1.50988,1.54494,1.43166,1.23858,1.23038,1.307,1.25566,1.15708,1.14402,1.19372,1.15462,1.045424,1.10898,1.052768,1.14974,1.1864,1.23368,1.16034,1.60198,0.0237924,0.0260462,0.0217888,0.0227906,0.024043,0.023542,0.0242932,0.0242932,0.0232914,0.0247942,0.0260464,0.0182828,0.0177816,0.023041,0.0160286,0.0227906,0.0210374,0.0197852,0.0190338,0.0222896,0.020286,0.0222898,0.0220394,0.0210376,0.0245438,0.0260464,4.48914,4.5726,4.62008,4.88378,4.8105,5.0985,5.18732,4.93826,5.02672,5.05342,4.67662,4.35452,4.4209,4.2952,3.90188,3.87424,3.8038,3.93412,4.5544,4.79344,4.83462,5.11278,4.54682,4.93788,5.80608,5.80608,0.00599868,0.00474898,0.00516554,0.00513776,0.00566544,0.0054155,0.0050267,0.0054988,0.0056099,0.00563766,0.0049989,0.00441572,0.00427682,0.00444348,0.0046101,0.00427686,0.00424908,0.0042213,0.00583208,0.00630418,0.00633194,0.00635974,0.00647082,0.00585986,0.00633196,0.00647082,0.224286,0.22523,0.232662,0.249002,0.238214,0.252736,0.246816,0.235646,0.244664,0.247114,0.222552,0.212516,0.210778,0.20576,0.179764,0.178404,0.183158,0.189798,0.227004,0.232212,0.25187,0.266662,0.238362,0.260286,0.293678,0.293678,98,11/2/2014 10:24,29,-110,548,61,461,2827.496498,35,-4,408,404,72,0,0,457.8,3.70E-31,-5.709526074,40,1,0,736,0.050285039
36,11/2/2014 16:04,11/2/2014 16:34,0.53291,409.208,398.77,415.852,479.19,481.562,501.966,506.472,483.934,473.734,380.506,376.472,405.414,404.228,366.034,363.188,358.444,353.462,344.922,344.448,346.346,366.508,373.626,371.254,382.164,411.582,506.472,1.373,1.30292,1.37626,1.53028,1.60198,1.52296,1.50988,1.54494,1.43166,1.23858,1.23038,1.307,1.25566,1.15708,1.14402,1.19372,1.15462,1.045424,1.10898,1.052768,1.14974,1.1864,1.23368,1.16034,1.25324,1.60198,0.0260462,0.0217888,0.0227906,0.024043,0.023542,0.0242932,0.0242932,0.0232914,0.0247942,0.0260464,0.0182828,0.0177816,0.023041,0.0160286,0.0227906,0.0210374,0.0197852,0.0190338,0.0222896,0.020286,0.0222898,0.0220394,0.0210376,0.0245438,0.0252952,0.0260464,4.5726,4.62008,4.88378,4.8105,5.0985,5.18732,4.93826,5.02672,5.05342,4.67662,4.35452,4.4209,4.2952,3.90188,3.87424,3.8038,3.93412,4.5544,4.79344,4.83462,5.11278,4.54682,4.93788,5.80608,5.99134,5.99134,0.00474898,0.00516554,0.00513776,0.00566544,0.0054155,0.0050267,0.0054988,0.0056099,0.00563766,0.0049989,0.00441572,0.00427682,0.00444348,0.0046101,0.00427686,0.00424908,0.0042213,0.00583208,0.00630418,0.00633194,0.00635974,0.00647082,0.00585986,0.00633196,0.0071651,0.0071651,0.22523,0.232662,0.249002,0.238214,0.252736,0.246816,0.235646,0.244664,0.247114,0.222552,0.212516,0.210778,0.20576,0.179764,0.178404,0.183158,0.189798,0.227004,0.232212,0.25187,0.266662,0.238362,0.260286,0.293678,0.295414,0.295414,98,11/2/2014 10:24,29,-110,548,61,461,2827.496498,35,-4,408,404,72,0,0,457.8,3.70E-31,-5.709526074,40,1,0,736,0.168337555
36,11/2/2014 16:09,11/2/2014 16:39,0.406804,398.77,415.852,479.19,481.562,501.966,506.472,483.934,473.734,380.506,376.472,405.414,404.228,366.034,363.188,358.444,353.462,344.922,344.448,346.346,366.508,373.626,371.254,382.164,411.582,388.334,506.472,1.30292,1.37626,1.53028,1.60198,1.52296,1.50988,1.54494,1.43166,1.23858,1.23038,1.307,1.25566,1.15708,1.14402,1.19372,1.15462,1.045424,1.10898,1.052768,1.14974,1.1864,1.23368,1.16034,1.25324,1.17988,1.60198,0.0217888,0.0227906,0.024043,0.023542,0.0242932,0.0242932,0.0232914,0.0247942,0.0260464,0.0182828,0.0177816,0.023041,0.0160286,0.0227906,0.0210374,0.0197852,0.0190338,0.0222896,0.020286,0.0222898,0.0220394,0.0210376,0.0245438,0.0252952,0.023041,0.0260464,4.62008,4.88378,4.8105,5.0985,5.18732,4.93826,5.02672,5.05342,4.67662,4.35452,4.4209,4.2952,3.90188,3.87424,3.8038,3.93412,4.5544,4.79344,4.83462,5.11278,4.54682,4.93788,5.80608,5.99134,5.40408,5.99134,0.00516554,0.00513776,0.00566544,0.0054155,0.0050267,0.0054988,0.0056099,0.00563766,0.0049989,0.00441572,0.00427682,0.00444348,0.0046101,0.00427686,0.00424908,0.0042213,0.00583208,0.00630418,0.00633194,0.00635974,0.00647082,0.00585986,0.00633196,0.0071651,0.00705402,0.0071651,0.232662,0.249002,0.238214,0.252736,0.246816,0.235646,0.244664,0.247114,0.222552,0.212516,0.210778,0.20576,0.179764,0.178404,0.183158,0.189798,0.227004,0.232212,0.25187,0.266662,0.238362,0.260286,0.293678,0.295414,0.277416,0.295414,98,11/2/2014 10:24,29,-110,548,61,461,2827.496498,35,-4,408,404,72,0,0,457.8,3.70E-31,-5.709526074,40,1,0,736,0.096481177
36,11/2/2014 16:14,11/2/2014 16:44,0.9802,415.852,479.19,481.562,501.966,506.472,483.934,473.734,380.506,376.472,405.414,404.228,366.034,363.188,358.444,353.462,344.922,344.448,346.346,366.508,373.626,371.254,382.164,411.582,388.334,382.88,506.472,1.37626,1.53028,1.60198,1.52296,1.50988,1.54494,1.43166,1.23858,1.23038,1.307,1.25566,1.15708,1.14402,1.19372,1.15462,1.045424,1.10898,1.052768,1.14974,1.1864,1.23368,1.16034,1.25324,1.17988,1.22794,1.60198,0.0227906,0.024043,0.023542,0.0242932,0.0242932,0.0232914,0.0247942,0.0260464,0.0182828,0.0177816,0.023041,0.0160286,0.0227906,0.0210374,0.0197852,0.0190338,0.0222896,0.020286,0.0222898,0.0220394,0.0210376,0.0245438,0.0252952,0.023041,0.0245438,0.0260464,4.88378,4.8105,5.0985,5.18732,4.93826,5.02672,5.05342,4.67662,4.35452,4.4209,4.2952,3.90188,3.87424,3.8038,3.93412,4.5544,4.79344,4.83462,5.11278,4.54682,4.93788,5.80608,5.99134,5.40408,4.96108,5.99134,0.00513776,0.00566544,0.0054155,0.0050267,0.0054988,0.0056099,0.00563766,0.0049989,0.00441572,0.00427682,0.00444348,0.0046101,0.00427686,0.00424908,0.0042213,0.00583208,0.00630418,0.00633194,0.00635974,0.00647082,0.00585986,0.00633196,0.0071651,0.00705402,0.00644304,0.0071651,0.249002,0.238214,0.252736,0.246816,0.235646,0.244664,0.247114,0.222552,0.212516,0.210778,0.20576,0.179764,0.178404,0.183158,0.189798,0.227004,0.232212,0.25187,0.266662,0.238362,0.260286,0.293678,0.295414,0.277416,0.28334,0.295414,98,11/2/2014 10:24,29,-110,548,61,461,2827.496498,35,-4,408,404,72,0,0,457.8,3.70E-31,-5.709526074,40,1,0,736,0.433731795
36,11/2/2014 16:19,11/2/2014 16:49,0.699352,479.19,481.562,501.966,506.472,483.934,473.734,380.506,376.472,405.414,404.228,366.034,363.188,358.444,353.462,344.922,344.448,346.346,366.508,373.626,371.254,382.164,411.582,388.334,382.88,353.462,506.472,1.53028,1.60198,1.52296,1.50988,1.54494,1.43166,1.23858,1.23038,1.307,1.25566,1.15708,1.14402,1.19372,1.15462,1.045424,1.10898,1.052768,1.14974,1.1864,1.23368,1.16034,1.25324,1.17988,1.22794,1.11472,1.60198,0.024043,0.023542,0.0242932,0.0242932,0.0232914,0.0247942,0.0260464,0.0182828,0.0177816,0.023041,0.0160286,0.0227906,0.0210374,0.0197852,0.0190338,0.0222896,0.020286,0.0222898,0.0220394,0.0210376,0.0245438,0.0252952,0.023041,0.0245438,0.0187834,0.0260464,4.8105,5.0985,5.18732,4.93826,5.02672,5.05342,4.67662,4.35452,4.4209,4.2952,3.90188,3.87424,3.8038,3.93412,4.5544,4.79344,4.83462,5.11278,4.54682,4.93788,5.80608,5.99134,5.40408,4.96108,4.88934,5.99134,0.00566544,0.0054155,0.0050267,0.0054988,0.0056099,0.00563766,0.0049989,0.00441572,0.00427682,0.00444348,0.0046101,0.00427686,0.00424908,0.0042213,0.00583208,0.00630418,0.00633194,0.00635974,0.00647082,0.00585986,0.00633196,0.0071651,0.00705402,0.00644304,0.00760946,0.00760946,0.238214,0.252736,0.246816,0.235646,0.244664,0.247114,0.222552,0.212516,0.210778,0.20576,0.179764,0.178404,0.183158,0.189798,0.227004,0.232212,0.25187,0.266662,0.238362,0.260286,0.293678,0.295414,0.277416,0.28334,0.273758,0.295414,98,11/2/2014 10:24,29,-110,548,61,461,2827.496498,35,-4,408,404,72,0,0,457.8,3.70E-31,-5.709526074,40,1,0,736,0.288275416
36,11/2/2014 16:24,11/2/2014 16:54,0.532154,481.562,501.966,506.472,483.934,473.734,380.506,376.472,405.414,404.228,366.034,363.188,358.444,353.462,344.922,344.448,346.346,366.508,373.626,371.254,382.164,411.582,388.334,382.88,353.462,330.69,506.472,1.60198,1.52296,1.50988,1.54494,1.43166,1.23858,1.23038,1.307,1.25566,1.15708,1.14402,1.19372,1.15462,1.045424,1.10898,1.052768,1.14974,1.1864,1.23368,1.16034,1.25324,1.17988,1.22794,1.11472,1.121226,1.60198,0.023542,0.0242932,0.0242932,0.0232914,0.0247942,0.0260464,0.0182828,0.0177816,0.023041,0.0160286,0.0227906,0.0210374,0.0197852,0.0190338,0.0222896,0.020286,0.0222898,0.0220394,0.0210376,0.0245438,0.0252952,0.023041,0.0245438,0.0187834,0.0202864,0.0260464,5.0985,5.18732,4.93826,5.02672,5.05342,4.67662,4.35452,4.4209,4.2952,3.90188,3.87424,3.8038,3.93412,4.5544,4.79344,4.83462,5.11278,4.54682,4.93788,5.80608,5.99134,5.40408,4.96108,4.88934,4.78546,5.99134,0.0054155,0.0050267,0.0054988,0.0056099,0.00563766,0.0049989,0.00441572,0.00427682,0.00444348,0.0046101,0.00427686,0.00424908,0.0042213,0.00583208,0.00630418,0.00633194,0.00635974,0.00647082,0.00585986,0.00633196,0.0071651,0.00705402,0.00644304,0.00760946,0.00697072,0.00760946,0.252736,0.246816,0.235646,0.244664,0.247114,0.222552,0.212516,0.210778,0.20576,0.179764,0.178404,0.183158,0.189798,0.227004,0.232212,0.25187,0.266662,0.238362,0.260286,0.293678,0.295414,0.277416,0.28334,0.273758,0.25972,0.295414,98,11/2/2014 10:24,29,-110,548,61,461,2827.496498,35,-4,408,404,72,0,0,457.8,3.70E-31,-5.709526074,40,1,0,736,0.195785114
36,11/2/2014 16:29,11/2/2014 16:59,0.266174,501.966,506.472,483.934,473.734,380.506,376.472,405.414,404.228,366.034,363.188,358.444,353.462,344.922,344.448,346.346,366.508,373.626,371.254,382.164,411.582,388.334,382.88,353.462,330.69,379.794,506.472,1.52296,1.50988,1.54494,1.43166,1.23858,1.23038,1.307,1.25566,1.15708,1.14402,1.19372,1.15462,1.045424,1.10898,1.052768,1.14974,1.1864,1.23368,1.16034,1.25324,1.17988,1.22794,1.11472,1.121226,1.20922,1.54494,0.0242932,0.0242932,0.0232914,0.0247942,0.0260464,0.0182828,0.0177816,0.023041,0.0160286,0.0227906,0.0210374,0.0197852,0.0190338,0.0222896,0.020286,0.0222898,0.0220394,0.0210376,0.0245438,0.0252952,0.023041,0.0245438,0.0187834,0.0202864,0.0265474,0.0265474,5.18732,4.93826,5.02672,5.05342,4.67662,4.35452,4.4209,4.2952,3.90188,3.87424,3.8038,3.93412,4.5544,4.79344,4.83462,5.11278,4.54682,4.93788,5.80608,5.99134,5.40408,4.96108,4.88934,4.78546,5.22642,5.99134,0.0050267,0.0054988,0.0056099,0.00563766,0.0049989,0.00441572,0.00427682,0.00444348,0.0046101,0.00427686,0.00424908,0.0042213,0.00583208,0.00630418,0.00633194,0.00635974,0.00647082,0.00585986,0.00633196,0.0071651,0.00705402,0.00644304,0.00760946,0.00697072,0.00674852,0.00760946,0.246816,0.235646,0.244664,0.247114,0.222552,0.212516,0.210778,0.20576,0.179764,0.178404,0.183158,0.189798,0.227004,0.232212,0.25187,0.266662,0.238362,0.260286,0.293678,0.295414,0.277416,0.28334,0.273758,0.25972,0.360394,0.360394,98,11/2/2014 10:24,29,-110,548,61,461,2827.496498,35,-4,408,404,72,0,0,457.8,3.70E-31,-5.709526074,40,1,0,736,-0.071774609
36,11/2/2014 16:34,11/2/2014 17:04,0.27436,506.472,483.934,473.734,380.506,376.472,405.414,404.228,366.034,363.188,358.444,353.462,344.922,344.448,346.346,366.508,373.626,371.254,382.164,411.582,388.334,382.88,353.462,330.69,379.794,408.498,506.472,1.50988,1.54494,1.43166,1.23858,1.23038,1.307,1.25566,1.15708,1.14402,1.19372,1.15462,1.045424,1.10898,1.052768,1.14974,1.1864,1.23368,1.16034,1.25324,1.17988,1.22794,1.11472,1.121226,1.20922,1.31432,1.54494,0.0242932,0.0232914,0.0247942,0.0260464,0.0182828,0.0177816,0.023041,0.0160286,0.0227906,0.0210374,0.0197852,0.0190338,0.0222896,0.020286,0.0222898,0.0220394,0.0210376,0.0245438,0.0252952,0.023041,0.0245438,0.0187834,0.0202864,0.0265474,0.0290516,0.0290516,4.93826,5.02672,5.05342,4.67662,4.35452,4.4209,4.2952,3.90188,3.87424,3.8038,3.93412,4.5544,4.79344,4.83462,5.11278,4.54682,4.93788,5.80608,5.99134,5.40408,4.96108,4.88934,4.78546,5.22642,6.92296,6.92296,0.0054988,0.0056099,0.00563766,0.0049989,0.00441572,0.00427682,0.00444348,0.0046101,0.00427686,0.00424908,0.0042213,0.00583208,0.00630418,0.00633194,0.00635974,0.00647082,0.00585986,0.00633196,0.0071651,0.00705402,0.00644304,0.00760946,0.00697072,0.00674852,0.0085814,0.0085814,0.235646,0.244664,0.247114,0.222552,0.212516,0.210778,0.20576,0.179764,0.178404,0.183158,0.189798,0.227004,0.232212,0.25187,0.266662,0.238362,0.260286,0.293678,0.295414,0.277416,0.28334,0.273758,0.25972,0.360394,0.53291,0.53291,98,11/2/2014 10:24,29,-110,548,61,461,2827.496498,35,-4,408,404,72,0,0,457.8,3.70E-31,-5.709526074,40,1,0,736,-0.184723798
36,11/2/2014 16:39,11/2/2014 17:09,0.287602,483.934,473.734,380.506,376.472,405.414,404.228,366.034,363.188,358.444,353.462,344.922,344.448,346.346,366.508,373.626,371.254,382.164,411.582,388.334,382.88,353.462,330.69,379.794,408.498,392.364,483.934,1.54494,1.43166,1.23858,1.23038,1.307,1.25566,1.15708,1.14402,1.19372,1.15462,1.045424,1.10898,1.052768,1.14974,1.1864,1.23368,1.16034,1.25324,1.17988,1.22794,1.11472,1.121226,1.20922,1.31432,1.22714,1.54494,0.0232914,0.0247942,0.0260464,0.0182828,0.0177816,0.023041,0.0160286,0.0227906,0.0210374,0.0197852,0.0190338,0.0222896,0.020286,0.0222898,0.0220394,0.0210376,0.0245438,0.0252952,0.023041,0.0245438,0.0187834,0.0202864,0.0265474,0.0290516,0.0260464,0.0290516,5.02672,5.05342,4.67662,4.35452,4.4209,4.2952,3.90188,3.87424,3.8038,3.93412,4.5544,4.79344,4.83462,5.11278,4.54682,4.93788,5.80608,5.99134,5.40408,4.96108,4.88934,4.78546,5.22642,6.92296,10.22412,10.22412,0.0056099,0.00563766,0.0049989,0.00441572,0.00427682,0.00444348,0.0046101,0.00427686,0.00424908,0.0042213,0.00583208,0.00630418,0.00633194,0.00635974,0.00647082,0.00585986,0.00633196,0.0071651,0.00705402,0.00644304,0.00760946,0.00697072,0.00674852,0.0085814,0.0154134,0.0154134,0.244664,0.247114,0.222552,0.212516,0.210778,0.20576,0.179764,0.178404,0.183158,0.189798,0.227004,0.232212,0.25187,0.266662,0.238362,0.260286,0.293678,0.295414,0.277416,0.28334,0.273758,0.25972,0.360394,0.53291,0.406804,0.53291,98,11/2/2014 10:24,29,-110,548,61,461,2827.496498,35,-4,408,404,72,0,0,457.8,3.70E-31,-5.709526074,40,1,0,736,-0.088538891
36,11/2/2014 16:44,11/2/2014 17:14,0.288096,473.734,380.506,376.472,405.414,404.228,366.034,363.188,358.444,353.462,344.922,344.448,346.346,366.508,373.626,371.254,382.164,411.582,388.334,382.88,353.462,330.69,379.794,408.498,392.364,435.302,473.734,1.43166,1.23858,1.23038,1.307,1.25566,1.15708,1.14402,1.19372,1.15462,1.045424,1.10898,1.052768,1.14974,1.1864,1.23368,1.16034,1.25324,1.17988,1.22794,1.11472,1.121226,1.20922,1.31432,1.22714,1.50988,1.50988,0.0247942,0.0260464,0.0182828,0.0177816,0.023041,0.0160286,0.0227906,0.0210374,0.0197852,0.0190338,0.0222896,0.020286,0.0222898,0.0220394,0.0210376,0.0245438,0.0252952,0.023041,0.0245438,0.0187834,0.0202864,0.0265474,0.0290516,0.0260464,0.0403216,0.0403216,5.05342,4.67662,4.35452,4.4209,4.2952,3.90188,3.87424,3.8038,3.93412,4.5544,4.79344,4.83462,5.11278,4.54682,4.93788,5.80608,5.99134,5.40408,4.96108,4.88934,4.78546,5.22642,6.92296,10.22412,13.9246,13.9246,0.00563766,0.0049989,0.00441572,0.00427682,0.00444348,0.0046101,0.00427686,0.00424908,0.0042213,0.00583208,0.00630418,0.00633194,0.00635974,0.00647082,0.00585986,0.00633196,0.0071651,0.00705402,0.00644304,0.00760946,0.00697072,0.00674852,0.0085814,0.0154134,0.0254666,0.0254666,0.247114,0.222552,0.212516,0.210778,0.20576,0.179764,0.178404,0.183158,0.189798,0.227004,0.232212,0.25187,0.266662,0.238362,0.260286,0.293678,0.295414,0.277416,0.28334,0.273758,0.25972,0.360394,0.53291,0.406804,0.9802,0.9802,98,11/2/2014 10:24,29,-110,548,61,461,2827.496498,35,-4,408,404,72,0,0,457.8,3.70E-31,-5.709526074,40,1,0,736,-0.430032691
36,11/2/2014 16:49,11/2/2014 17:19,0.268098,380.506,376.472,405.414,404.228,366.034,363.188,358.444,353.462,344.922,344.448,346.346,366.508,373.626,371.254,382.164,411.582,388.334,382.88,353.462,330.69,379.794,408.498,392.364,435.302,415.376,435.302,1.23858,1.23038,1.307,1.25566,1.15708,1.14402,1.19372,1.15462,1.045424,1.10898,1.052768,1.14974,1.1864,1.23368,1.16034,1.25324,1.17988,1.22794,1.11472,1.121226,1.20922,1.31432,1.22714,1.50988,1.38114,1.50988,0.0260464,0.0182828,0.0177816,0.023041,0.0160286,0.0227906,0.0210374,0.0197852,0.0190338,0.0222896,0.020286,0.0222898,0.0220394,0.0210376,0.0245438,0.0252952,0.023041,0.0245438,0.0187834,0.0202864,0.0265474,0.0290516,0.0260464,0.0403216,0.0410732,0.0410732,4.67662,4.35452,4.4209,4.2952,3.90188,3.87424,3.8038,3.93412,4.5544,4.79344,4.83462,5.11278,4.54682,4.93788,5.80608,5.99134,5.40408,4.96108,4.88934,4.78546,5.22642,6.92296,10.22412,13.9246,12.663,13.9246,0.0049989,0.00441572,0.00427682,0.00444348,0.0046101,0.00427686,0.00424908,0.0042213,0.00583208,0.00630418,0.00633194,0.00635974,0.00647082,0.00585986,0.00633196,0.0071651,0.00705402,0.00644304,0.00760946,0.00697072,0.00674852,0.0085814,0.0154134,0.0254666,0.0175518,0.0254666,0.222552,0.212516,0.210778,0.20576,0.179764,0.178404,0.183158,0.189798,0.227004,0.232212,0.25187,0.266662,0.238362,0.260286,0.293678,0.295414,0.277416,0.28334,0.273758,0.25972,0.360394,0.53291,0.406804,0.9802,0.699352,0.9802,98,11/2/2014 10:24,29,-110,548,61,461,2827.496498,35,-4,408,404,72,0,0,457.8,3.70E-31,-5.709526074,40,1,0,736,-0.292728862
36,11/2/2014 16:54,11/2/2014 17:24,0.27168,376.472,405.414,404.228,366.034,363.188,358.444,353.462,344.922,344.448,346.346,366.508,373.626,371.254,382.164,411.582,388.334,382.88,353.462,330.69,379.794,408.498,392.364,435.302,415.376,340.89,435.302,1.23038,1.307,1.25566,1.15708,1.14402,1.19372,1.15462,1.045424,1.10898,1.052768,1.14974,1.1864,1.23368,1.16034,1.25324,1.17988,1.22794,1.11472,1.121226,1.20922,1.31432,1.22714,1.50988,1.38114,1.16358,1.50988,0.0182828,0.0177816,0.023041,0.0160286,0.0227906,0.0210374,0.0197852,0.0190338,0.0222896,0.020286,0.0222898,0.0220394,0.0210376,0.0245438,0.0252952,0.023041,0.0245438,0.0187834,0.0202864,0.0265474,0.0290516,0.0260464,0.0403216,0.0410732,0.0262968,0.0410732,4.35452,4.4209,4.2952,3.90188,3.87424,3.8038,3.93412,4.5544,4.79344,4.83462,5.11278,4.54682,4.93788,5.80608,5.99134,5.40408,4.96108,4.88934,4.78546,5.22642,6.92296,10.22412,13.9246,12.663,9.7931,13.9246,0.00441572,0.00427682,0.00444348,0.0046101,0.00427686,0.00424908,0.0042213,0.00583208,0.00630418,0.00633194,0.00635974,0.00647082,0.00585986,0.00633196,0.0071651,0.00705402,0.00644304,0.00760946,0.00697072,0.00674852,0.0085814,0.0154134,0.0254666,0.0175518,0.01008108,0.0254666,0.212516,0.210778,0.20576,0.179764,0.178404,0.183158,0.189798,0.227004,0.232212,0.25187,0.266662,0.238362,0.260286,0.293678,0.295414,0.277416,0.28334,0.273758,0.25972,0.360394,0.53291,0.406804,0.9802,0.699352,0.532154,0.9802,98,11/2/2014 10:24,29,-110,548,61,461,2827.496498,35,-4,408,404,72,0,0,457.8,3.70E-31,-5.709526074,40,1,0,736,-0.186335728
36,11/2/2014 16:59,11/2/2014 17:29,0.318054,405.414,404.228,366.034,363.188,358.444,353.462,344.922,344.448,346.346,366.508,373.626,371.254,382.164,411.582,388.334,382.88,353.462,330.69,379.794,408.498,392.364,435.302,415.376,340.89,318.59,435.302,1.307,1.25566,1.15708,1.14402,1.19372,1.15462,1.045424,1.10898,1.052768,1.14974,1.1864,1.23368,1.16034,1.25324,1.17988,1.22794,1.11472,1.121226,1.20922,1.31432,1.22714,1.50988,1.38114,1.16358,1.023438,1.50988,0.0177816,0.023041,0.0160286,0.0227906,0.0210374,0.0197852,0.0190338,0.0222896,0.020286,0.0222898,0.0220394,0.0210376,0.0245438,0.0252952,0.023041,0.0245438,0.0187834,0.0202864,0.0265474,0.0290516,0.0260464,0.0403216,0.0410732,0.0262968,0.0190338,0.0410732,4.4209,4.2952,3.90188,3.87424,3.8038,3.93412,4.5544,4.79344,4.83462,5.11278,4.54682,4.93788,5.80608,5.99134,5.40408,4.96108,4.88934,4.78546,5.22642,6.92296,10.22412,13.9246,12.663,9.7931,5.03524,13.9246,0.00427682,0.00444348,0.0046101,0.00427686,0.00424908,0.0042213,0.00583208,0.00630418,0.00633194,0.00635974,0.00647082,0.00585986,0.00633196,0.0071651,0.00705402,0.00644304,0.00760946,0.00697072,0.00674852,0.0085814,0.0154134,0.0254666,0.0175518,0.01008108,0.00716512,0.0254666,0.210778,0.20576,0.179764,0.178404,0.183158,0.189798,0.227004,0.232212,0.25187,0.266662,0.238362,0.260286,0.293678,0.295414,0.277416,0.28334,0.273758,0.25972,0.360394,0.53291,0.406804,0.9802,0.699352,0.532154,0.266174,0.9802,98,11/2/2014 10:24,29,-110,548,61,461,2827.496498,35,-4,408,404,72,0,0,457.8,3.70E-31,-5.709526074,40,1,0,736,0.040156651
36,11/2/2014 17:04,11/2/2014 17:34,0.319678,404.228,366.034,363.188,358.444,353.462,344.922,344.448,346.346,366.508,373.626,371.254,382.164,411.582,388.334,382.88,353.462,330.69,379.794,408.498,392.364,435.302,415.376,340.89,318.59,323.094,435.302,1.25566,1.15708,1.14402,1.19372,1.15462,1.045424,1.10898,1.052768,1.14974,1.1864,1.23368,1.16034,1.25324,1.17988,1.22794,1.11472,1.121226,1.20922,1.31432,1.22714,1.50988,1.38114,1.16358,1.023438,1.05522,1.50988,0.023041,0.0160286,0.0227906,0.0210374,0.0197852,0.0190338,0.0222896,0.020286,0.0222898,0.0220394,0.0210376,0.0245438,0.0252952,0.023041,0.0245438,0.0187834,0.0202864,0.0265474,0.0290516,0.0260464,0.0403216,0.0410732,0.0262968,0.0190338,0.021288,0.0410732,4.2952,3.90188,3.87424,3.8038,3.93412,4.5544,4.79344,4.83462,5.11278,4.54682,4.93788,5.80608,5.99134,5.40408,4.96108,4.88934,4.78546,5.22642,6.92296,10.22412,13.9246,12.663,9.7931,5.03524,4.83498,13.9246,0.00444348,0.0046101,0.00427686,0.00424908,0.0042213,0.00583208,0.00630418,0.00633194,0.00635974,0.00647082,0.00585986,0.00633196,0.0071651,0.00705402,0.00644304,0.00760946,0.00697072,0.00674852,0.0085814,0.0154134,0.0254666,0.0175518,0.01008108,0.00716512,0.00788718,0.0254666,0.20576,0.179764,0.178404,0.183158,0.189798,0.227004,0.232212,0.25187,0.266662,0.238362,0.260286,0.293678,0.295414,0.277416,0.28334,0.273758,0.25972,0.360394,0.53291,0.406804,0.9802,0.699352,0.532154,0.266174,0.27436,0.9802,98,11/2/2014 10:24,29,-110,548,61,461,2827.496498,35,-4,408,404,72,0,0,457.8,3.70E-31,-5.709526074,40,1,0,736,0.034943676
36,11/2/2014 17:09,11/2/2014 17:39,0.324282,366.034,363.188,358.444,353.462,344.922,344.448,346.346,366.508,373.626,371.254,382.164,411.582,388.334,382.88,353.462,330.69,379.794,408.498,392.364,435.302,415.376,340.89,318.59,323.094,330.928,435.302,1.15708,1.14402,1.19372,1.15462,1.045424,1.10898,1.052768,1.14974,1.1864,1.23368,1.16034,1.25324,1.17988,1.22794,1.11472,1.121226,1.20922,1.31432,1.22714,1.50988,1.38114,1.16358,1.023438,1.05522,1.067444,1.50988,0.0160286,0.0227906,0.0210374,0.0197852,0.0190338,0.0222896,0.020286,0.0222898,0.0220394,0.0210376,0.0245438,0.0252952,0.023041,0.0245438,0.0187834,0.0202864,0.0265474,0.0290516,0.0260464,0.0403216,0.0410732,0.0262968,0.0190338,0.021288,0.0200356,0.0410732,3.90188,3.87424,3.8038,3.93412,4.5544,4.79344,4.83462,5.11278,4.54682,4.93788,5.80608,5.99134,5.40408,4.96108,4.88934,4.78546,5.22642,6.92296,10.22412,13.9246,12.663,9.7931,5.03524,4.83498,5.27648,13.9246,0.0046101,0.00427686,0.00424908,0.0042213,0.00583208,0.00630418,0.00633194,0.00635974,0.00647082,0.00585986,0.00633196,0.0071651,0.00705402,0.00644304,0.00760946,0.00697072,0.00674852,0.0085814,0.0154134,0.0254666,0.0175518,0.01008108,0.00716512,0.00788718,0.00788718,0.0254666,0.179764,0.178404,0.183158,0.189798,0.227004,0.232212,0.25187,0.266662,0.238362,0.260286,0.293678,0.295414,0.277416,0.28334,0.273758,0.25972,0.360394,0.53291,0.406804,0.9802,0.699352,0.532154,0.266174,0.27436,0.287602,0.9802,98,11/2/2014 10:24,29,-110,548,61,461,2827.496498,35,-4,408,404,72,0,0,457.8,3.70E-31,-5.709526074,40,1,0,736,0.028088852
36,11/2/2014 17:14,11/2/2014 17:44,0.306242,363.188,358.444,353.462,344.922,344.448,346.346,366.508,373.626,371.254,382.164,411.582,388.334,382.88,353.462,330.69,379.794,408.498,392.364,435.302,415.376,340.89,318.59,323.094,330.928,314.318,435.302,1.14402,1.19372,1.15462,1.045424,1.10898,1.052768,1.14974,1.1864,1.23368,1.16034,1.25324,1.17988,1.22794,1.11472,1.121226,1.20922,1.31432,1.22714,1.50988,1.38114,1.16358,1.023438,1.05522,1.067444,1.017734,1.50988,0.0227906,0.0210374,0.0197852,0.0190338,0.0222896,0.020286,0.0222898,0.0220394,0.0210376,0.0245438,0.0252952,0.023041,0.0245438,0.0187834,0.0202864,0.0265474,0.0290516,0.0260464,0.0403216,0.0410732,0.0262968,0.0190338,0.021288,0.0200356,0.0192844,0.0410732,3.87424,3.8038,3.93412,4.5544,4.79344,4.83462,5.11278,4.54682,4.93788,5.80608,5.99134,5.40408,4.96108,4.88934,4.78546,5.22642,6.92296,10.22412,13.9246,12.663,9.7931,5.03524,4.83498,5.27648,5.40132,13.9246,0.00427686,0.00424908,0.0042213,0.00583208,0.00630418,0.00633194,0.00635974,0.00647082,0.00585986,0.00633196,0.0071651,0.00705402,0.00644304,0.00760946,0.00697072,0.00674852,0.0085814,0.0154134,0.0254666,0.0175518,0.01008108,0.00716512,0.00788718,0.00788718,0.00755392,0.0254666,0.178404,0.183158,0.189798,0.227004,0.232212,0.25187,0.266662,0.238362,0.260286,0.293678,0.295414,0.277416,0.28334,0.273758,0.25972,0.360394,0.53291,0.406804,0.9802,0.699352,0.532154,0.266174,0.27436,0.287602,0.288096,0.9802,98,11/2/2014 10:24,29,-110,548,61,461,2827.496498,35,-4,408,404,72,0,0,457.8,3.70E-31,-5.709526074,40,1,0,736,0.013989153
36,11/2/2014 17:19,11/2/2014 17:49,0.295264,358.444,353.462,344.922,344.448,346.346,366.508,373.626,371.254,382.164,411.582,388.334,382.88,353.462,330.69,379.794,408.498,392.364,435.302,415.376,340.89,318.59,323.094,330.928,314.318,313.488,435.302,1.19372,1.15462,1.045424,1.10898,1.052768,1.14974,1.1864,1.23368,1.16034,1.25324,1.17988,1.22794,1.11472,1.121226,1.20922,1.31432,1.22714,1.50988,1.38114,1.16358,1.023438,1.05522,1.067444,1.017734,1.020182,1.50988,0.0210374,0.0197852,0.0190338,0.0222896,0.020286,0.0222898,0.0220394,0.0210376,0.0245438,0.0252952,0.023041,0.0245438,0.0187834,0.0202864,0.0265474,0.0290516,0.0260464,0.0403216,0.0410732,0.0262968,0.0190338,0.021288,0.0200356,0.0192844,0.0245438,0.0410732,3.8038,3.93412,4.5544,4.79344,4.83462,5.11278,4.54682,4.93788,5.80608,5.99134,5.40408,4.96108,4.88934,4.78546,5.22642,6.92296,10.22412,13.9246,12.663,9.7931,5.03524,4.83498,5.27648,5.40132,5.08884,13.9246,0.00424908,0.0042213,0.00583208,0.00630418,0.00633194,0.00635974,0.00647082,0.00585986,0.00633196,0.0071651,0.00705402,0.00644304,0.00760946,0.00697072,0.00674852,0.0085814,0.0154134,0.0254666,0.0175518,0.01008108,0.00716512,0.00788718,0.00788718,0.00755392,0.0077483,0.0254666,0.183158,0.189798,0.227004,0.232212,0.25187,0.266662,0.238362,0.260286,0.293678,0.295414,0.277416,0.28334,0.273758,0.25972,0.360394,0.53291,0.406804,0.9802,0.699352,0.532154,0.266174,0.27436,0.287602,0.288096,0.268098,0.9802,98,11/2/2014 10:24,29,-110,548,61,461,2827.496498,35,-4,408,404,72,0,0,457.8,3.70E-31,-5.709526074,40,1,0,736,0.021196395
36,11/2/2014 17:24,11/2/2014 17:54,0.273644,353.462,344.922,344.448,346.346,366.508,373.626,371.254,382.164,411.582,388.334,382.88,353.462,330.69,379.794,408.498,392.364,435.302,415.376,340.89,318.59,323.094,330.928,314.318,313.488,330.688,435.302,1.15462,1.045424,1.10898,1.052768,1.14974,1.1864,1.23368,1.16034,1.25324,1.17988,1.22794,1.11472,1.121226,1.20922,1.31432,1.22714,1.50988,1.38114,1.16358,1.023438,1.05522,1.067444,1.017734,1.020182,1.07072,1.50988,0.0197852,0.0190338,0.0222896,0.020286,0.0222898,0.0220394,0.0210376,0.0245438,0.0252952,0.023041,0.0245438,0.0187834,0.0202864,0.0265474,0.0290516,0.0260464,0.0403216,0.0410732,0.0262968,0.0190338,0.021288,0.0200356,0.0192844,0.0245438,0.0232914,0.0410732,3.93412,4.5544,4.79344,4.83462,5.11278,4.54682,4.93788,5.80608,5.99134,5.40408,4.96108,4.88934,4.78546,5.22642,6.92296,10.22412,13.9246,12.663,9.7931,5.03524,4.83498,5.27648,5.40132,5.08884,5.17822,13.9246,0.0042213,0.00583208,0.00630418,0.00633194,0.00635974,0.00647082,0.00585986,0.00633196,0.0071651,0.00705402,0.00644304,0.00760946,0.00697072,0.00674852,0.0085814,0.0154134,0.0254666,0.0175518,0.01008108,0.00716512,0.00788718,0.00788718,0.00755392,0.0077483,0.00710956,0.0254666,0.189798,0.227004,0.232212,0.25187,0.266662,0.238362,0.260286,0.293678,0.295414,0.277416,0.28334,0.273758,0.25972,0.360394,0.53291,0.406804,0.9802,0.699352,0.532154,0.266174,0.27436,0.287602,0.288096,0.268098,0.27168,0.9802,98,11/2/2014 10:24,29,-110,548,61,461,2827.496498,35,-4,408,404,72,0,0,457.8,3.70E-31,-5.709526074,40,1,0,736,0.001543222
36,11/2/2014 17:29,11/2/2014 17:59,0.256852,344.922,344.448,346.346,366.508,373.626,371.254,382.164,411.582,388.334,382.88,353.462,330.69,379.794,408.498,392.364,435.302,415.376,340.89,318.59,323.094,330.928,314.318,313.488,330.688,320.014,435.302,1.045424,1.10898,1.052768,1.14974,1.1864,1.23368,1.16034,1.25324,1.17988,1.22794,1.11472,1.121226,1.20922,1.31432,1.22714,1.50988,1.38114,1.16358,1.023438,1.05522,1.067444,1.017734,1.020182,1.07072,1.026692,1.50988,0.0190338,0.0222896,0.020286,0.0222898,0.0220394,0.0210376,0.0245438,0.0252952,0.023041,0.0245438,0.0187834,0.0202864,0.0265474,0.0290516,0.0260464,0.0403216,0.0410732,0.0262968,0.0190338,0.021288,0.0200356,0.0192844,0.0245438,0.0232914,0.01853312,0.0410732,4.5544,4.79344,4.83462,5.11278,4.54682,4.93788,5.80608,5.99134,5.40408,4.96108,4.88934,4.78546,5.22642,6.92296,10.22412,13.9246,12.663,9.7931,5.03524,4.83498,5.27648,5.40132,5.08884,5.17822,5.44098,13.9246,0.00583208,0.00630418,0.00633194,0.00635974,0.00647082,0.00585986,0.00633196,0.0071651,0.00705402,0.00644304,0.00760946,0.00697072,0.00674852,0.0085814,0.0154134,0.0254666,0.0175518,0.01008108,0.00716512,0.00788718,0.00788718,0.00755392,0.0077483,0.00710956,0.0078594,0.0254666,0.227004,0.232212,0.25187,0.266662,0.238362,0.260286,0.293678,0.295414,0.277416,0.28334,0.273758,0.25972,0.360394,0.53291,0.406804,0.9802,0.699352,0.532154,0.266174,0.27436,0.287602,0.288096,0.268098,0.27168,0.318054,0.9802,98,11/2/2014 10:24,29,-110,548,61,461,2827.496498,35,-4,408,404,72,0,0,457.8,3.70E-31,-5.709526074,40,1,0,736,-0.047546224
36,11/2/2014 17:34,11/2/2014 18:04,0.23387,344.448,346.346,366.508,373.626,371.254,382.164,411.582,388.334,382.88,353.462,330.69,379.794,408.498,392.364,435.302,415.376,340.89,318.59,323.094,330.928,314.318,313.488,330.688,320.014,308.27,435.302,1.10898,1.052768,1.14974,1.1864,1.23368,1.16034,1.25324,1.17988,1.22794,1.11472,1.121226,1.20922,1.31432,1.22714,1.50988,1.38114,1.16358,1.023438,1.05522,1.067444,1.017734,1.020182,1.07072,1.026692,1.010388,1.50988,0.0222896,0.020286,0.0222898,0.0220394,0.0210376,0.0245438,0.0252952,0.023041,0.0245438,0.0187834,0.0202864,0.0265474,0.0290516,0.0260464,0.0403216,0.0410732,0.0262968,0.0190338,0.021288,0.0200356,0.0192844,0.0245438,0.0232914,0.01853312,0.0283004,0.0410732,4.79344,4.83462,5.11278,4.54682,4.93788,5.80608,5.99134,5.40408,4.96108,4.88934,4.78546,5.22642,6.92296,10.22412,13.9246,12.663,9.7931,5.03524,4.83498,5.27648,5.40132,5.08884,5.17822,5.44098,5.05898,13.9246,0.00630418,0.00633194,0.00635974,0.00647082,0.00585986,0.00633196,0.0071651,0.00705402,0.00644304,0.00760946,0.00697072,0.00674852,0.0085814,0.0154134,0.0254666,0.0175518,0.01008108,0.00716512,0.00788718,0.00788718,0.00755392,0.0077483,0.00710956,0.0078594,0.0087205,0.0254666,0.232212,0.25187,0.266662,0.238362,0.260286,0.293678,0.295414,0.277416,0.28334,0.273758,0.25972,0.360394,0.53291,0.406804,0.9802,0.699352,0.532154,0.266174,0.27436,0.287602,0.288096,0.268098,0.27168,0.318054,0.319678,0.9802,98,11/2/2014 10:24,29,-110,548,61,461,2827.496498,35,-4,408,404,72,0,0,457.8,3.70E-31,-5.709526074,40,1,0,736,-0.067232196
36,11/2/2014 17:39,11/2/2014 18:09,0.218512,346.346,366.508,373.626,371.254,382.164,411.582,388.334,382.88,353.462,330.69,379.794,408.498,392.364,435.302,415.376,340.89,318.59,323.094,330.928,314.318,313.488,330.688,320.014,308.27,337.566,435.302,1.052768,1.14974,1.1864,1.23368,1.16034,1.25324,1.17988,1.22794,1.11472,1.121226,1.20922,1.31432,1.22714,1.50988,1.38114,1.16358,1.023438,1.05522,1.067444,1.017734,1.020182,1.07072,1.026692,1.010388,1.1269,1.50988,0.020286,0.0222898,0.0220394,0.0210376,0.0245438,0.0252952,0.023041,0.0245438,0.0187834,0.0202864,0.0265474,0.0290516,0.0260464,0.0403216,0.0410732,0.0262968,0.0190338,0.021288,0.0200356,0.0192844,0.0245438,0.0232914,0.01853312,0.0283004,0.023542,0.0410732,4.83462,5.11278,4.54682,4.93788,5.80608,5.99134,5.40408,4.96108,4.88934,4.78546,5.22642,6.92296,10.22412,13.9246,12.663,9.7931,5.03524,4.83498,5.27648,5.40132,5.08884,5.17822,5.44098,5.05898,5.49344,13.9246,0.00633194,0.00635974,0.00647082,0.00585986,0.00633196,0.0071651,0.00705402,0.00644304,0.00760946,0.00697072,0.00674852,0.0085814,0.0154134,0.0254666,0.0175518,0.01008108,0.00716512,0.00788718,0.00788718,0.00755392,0.0077483,0.00710956,0.0078594,0.0087205,0.0078594,0.0254666,0.25187,0.266662,0.238362,0.260286,0.293678,0.295414,0.277416,0.28334,0.273758,0.25972,0.360394,0.53291,0.406804,0.9802,0.699352,0.532154,0.266174,0.27436,0.287602,0.288096,0.268098,0.27168,0.318054,0.319678,0.324282,0.9802,98,11/2/2014 10:24,29,-110,548,61,461,2827.496498,35,-4,408,404,72,0,0,457.8,3.70E-31,-5.709526074,40,1,0,736,-0.083239984
36,11/2/2014 17:44,11/2/2014 18:14,0.215798,366.508,373.626,371.254,382.164,411.582,388.334,382.88,353.462,330.69,379.794,408.498,392.364,435.302,415.376,340.89,318.59,323.094,330.928,314.318,313.488,330.688,320.014,308.27,337.566,311.708,435.302,1.14974,1.1864,1.23368,1.16034,1.25324,1.17988,1.22794,1.11472,1.121226,1.20922,1.31432,1.22714,1.50988,1.38114,1.16358,1.023438,1.05522,1.067444,1.017734,1.020182,1.07072,1.026692,1.010388,1.1269,1.01038,1.50988,0.0222898,0.0220394,0.0210376,0.0245438,0.0252952,0.023041,0.0245438,0.0187834,0.0202864,0.0265474,0.0290516,0.0260464,0.0403216,0.0410732,0.0262968,0.0190338,0.021288,0.0200356,0.0192844,0.0245438,0.0232914,0.01853312,0.0283004,0.023542,0.0215384,0.0410732,5.11278,4.54682,4.93788,5.80608,5.99134,5.40408,4.96108,4.88934,4.78546,5.22642,6.92296,10.22412,13.9246,12.663,9.7931,5.03524,4.83498,5.27648,5.40132,5.08884,5.17822,5.44098,5.05898,5.49344,5.34992,13.9246,0.00635974,0.00647082,0.00585986,0.00633196,0.0071651,0.00705402,0.00644304,0.00760946,0.00697072,0.00674852,0.0085814,0.0154134,0.0254666,0.0175518,0.01008108,0.00716512,0.00788718,0.00788718,0.00755392,0.0077483,0.00710956,0.0078594,0.0087205,0.0078594,0.00769276,0.0254666,0.266662,0.238362,0.260286,0.293678,0.295414,0.277416,0.28334,0.273758,0.25972,0.360394,0.53291,0.406804,0.9802,0.699352,0.532154,0.266174,0.27436,0.287602,0.288096,0.268098,0.27168,0.318054,0.319678,0.324282,0.306242,0.9802,98,11/2/2014 10:24,29,-110,548,61,461,2827.496498,35,-4,408,404,72,0,0,457.8,3.70E-31,-5.709526074,40,1,0,736,-0.071753661
36,11/2/2014 17:49,11/2/2014 18:19,0.251984,373.626,371.254,382.164,411.582,388.334,382.88,353.462,330.69,379.794,408.498,392.364,435.302,415.376,340.89,318.59,323.094,330.928,314.318,313.488,330.688,320.014,308.27,337.566,311.708,292.614,435.302,1.1864,1.23368,1.16034,1.25324,1.17988,1.22794,1.11472,1.121226,1.20922,1.31432,1.22714,1.50988,1.38114,1.16358,1.023438,1.05522,1.067444,1.017734,1.020182,1.07072,1.026692,1.010388,1.1269,1.01038,1.000616,1.50988,0.0220394,0.0210376,0.0245438,0.0252952,0.023041,0.0245438,0.0187834,0.0202864,0.0265474,0.0290516,0.0260464,0.0403216,0.0410732,0.0262968,0.0190338,0.021288,0.0200356,0.0192844,0.0245438,0.0232914,0.01853312,0.0283004,0.023542,0.0215384,0.0210374,0.0410732,4.54682,4.93788,5.80608,5.99134,5.40408,4.96108,4.88934,4.78546,5.22642,6.92296,10.22412,13.9246,12.663,9.7931,5.03524,4.83498,5.27648,5.40132,5.08884,5.17822,5.44098,5.05898,5.49344,5.34992,5.0599,13.9246,0.00647082,0.00585986,0.00633196,0.0071651,0.00705402,0.00644304,0.00760946,0.00697072,0.00674852,0.0085814,0.0154134,0.0254666,0.0175518,0.01008108,0.00716512,0.00788718,0.00788718,0.00755392,0.0077483,0.00710956,0.0078594,0.0087205,0.0078594,0.00769276,0.00791494,0.0254666,0.238362,0.260286,0.293678,0.295414,0.277416,0.28334,0.273758,0.25972,0.360394,0.53291,0.406804,0.9802,0.699352,0.532154,0.266174,0.27436,0.287602,0.288096,0.268098,0.27168,0.318054,0.319678,0.324282,0.306242,0.295264,0.9802,98,11/2/2014 10:24,29,-110,548,61,461,2827.496498,35,-4,408,404,72,0,0,457.8,3.70E-31,-5.709526074,40,1,0,736,-0.033985042
36,11/2/2014 17:54,11/2/2014 18:24,0.315678,371.254,382.164,411.582,388.334,382.88,353.462,330.69,379.794,408.498,392.364,435.302,415.376,340.89,318.59,323.094,330.928,314.318,313.488,330.688,320.014,308.27,337.566,311.708,292.614,280.872,435.302,1.23368,1.16034,1.25324,1.17988,1.22794,1.11472,1.121226,1.20922,1.31432,1.22714,1.50988,1.38114,1.16358,1.023438,1.05522,1.067444,1.017734,1.020182,1.07072,1.026692,1.010388,1.1269,1.01038,1.000616,0.958248,1.50988,0.0210376,0.0245438,0.0252952,0.023041,0.0245438,0.0187834,0.0202864,0.0265474,0.0290516,0.0260464,0.0403216,0.0410732,0.0262968,0.0190338,0.021288,0.0200356,0.0192844,0.0245438,0.0232914,0.01853312,0.0283004,0.023542,0.0215384,0.0210374,0.0182824,0.0410732,4.93788,5.80608,5.99134,5.40408,4.96108,4.88934,4.78546,5.22642,6.92296,10.22412,13.9246,12.663,9.7931,5.03524,4.83498,5.27648,5.40132,5.08884,5.17822,5.44098,5.05898,5.49344,5.34992,5.0599,4.6034,13.9246,0.00585986,0.00633196,0.0071651,0.00705402,0.00644304,0.00760946,0.00697072,0.00674852,0.0085814,0.0154134,0.0254666,0.0175518,0.01008108,0.00716512,0.00788718,0.00788718,0.00755392,0.0077483,0.00710956,0.0078594,0.0087205,0.0078594,0.00769276,0.00791494,0.00852592,0.0254666,0.260286,0.293678,0.295414,0.277416,0.28334,0.273758,0.25972,0.360394,0.53291,0.406804,0.9802,0.699352,0.532154,0.266174,0.27436,0.287602,0.288096,0.268098,0.27168,0.318054,0.319678,0.324282,0.306242,0.295264,0.273644,0.9802,98,11/2/2014 10:24,29,-110,548,61,461,2827.496498,35,-4,408,404,72,0,0,457.8,3.70E-31,-5.709526074,40,1,0,736,0.032470039
36,11/2/2014 17:59,11/2/2014 18:29,0.317188,382.164,411.582,388.334,382.88,353.462,330.69,379.794,408.498,392.364,435.302,415.376,340.89,318.59,323.094,330.928,314.318,313.488,330.688,320.014,308.27,337.566,311.708,292.614,280.872,274.706,435.302,1.16034,1.25324,1.17988,1.22794,1.11472,1.121226,1.20922,1.31432,1.22714,1.50988,1.38114,1.16358,1.023438,1.05522,1.067444,1.017734,1.020182,1.07072,1.026692,1.010388,1.1269,1.01038,1.000616,0.958248,0.930548,1.50988,0.0245438,0.0252952,0.023041,0.0245438,0.0187834,0.0202864,0.0265474,0.0290516,0.0260464,0.0403216,0.0410732,0.0262968,0.0190338,0.021288,0.0200356,0.0192844,0.0245438,0.0232914,0.01853312,0.0283004,0.023542,0.0215384,0.0210374,0.0182824,0.0167798,0.0410732,5.80608,5.99134,5.40408,4.96108,4.88934,4.78546,5.22642,6.92296,10.22412,13.9246,12.663,9.7931,5.03524,4.83498,5.27648,5.40132,5.08884,5.17822,5.44098,5.05898,5.49344,5.34992,5.0599,4.6034,4.4619,13.9246,0.00633196,0.0071651,0.00705402,0.00644304,0.00760946,0.00697072,0.00674852,0.0085814,0.0154134,0.0254666,0.0175518,0.01008108,0.00716512,0.00788718,0.00788718,0.00755392,0.0077483,0.00710956,0.0078594,0.0087205,0.0078594,0.00769276,0.00791494,0.00852592,0.0080538,0.0254666,0.293678,0.295414,0.277416,0.28334,0.273758,0.25972,0.360394,0.53291,0.406804,0.9802,0.699352,0.532154,0.266174,0.27436,0.287602,0.288096,0.268098,0.27168,0.318054,0.319678,0.324282,0.306242,0.295264,0.273644,0.256852,0.9802,98,11/2/2014 10:24,29,-110,548,61,461,2827.496498,35,-4,408,404,72,0,0,457.8,3.70E-31,-5.709526074,40,1,0,736,0.046888979
36,11/2/2014 18:04,11/2/2014 18:34,0.346316,411.582,388.334,382.88,353.462,330.69,379.794,408.498,392.364,435.302,415.376,340.89,318.59,323.094,330.928,314.318,313.488,330.688,320.014,308.27,337.566,311.708,292.614,280.872,274.706,275.772,435.302,1.25324,1.17988,1.22794,1.11472,1.121226,1.20922,1.31432,1.22714,1.50988,1.38114,1.16358,1.023438,1.05522,1.067444,1.017734,1.020182,1.07072,1.026692,1.010388,1.1269,1.01038,1.000616,0.958248,0.930548,0.96885,1.50988,0.0252952,0.023041,0.0245438,0.0187834,0.0202864,0.0265474,0.0290516,0.0260464,0.0403216,0.0410732,0.0262968,0.0190338,0.021288,0.0200356,0.0192844,0.0245438,0.0232914,0.01853312,0.0283004,0.023542,0.0215384,0.0210374,0.0182824,0.0167798,0.0197852,0.0410732,5.99134,5.40408,4.96108,4.88934,4.78546,5.22642,6.92296,10.22412,13.9246,12.663,9.7931,5.03524,4.83498,5.27648,5.40132,5.08884,5.17822,5.44098,5.05898,5.49344,5.34992,5.0599,4.6034,4.4619,3.9779,13.9246,0.0071651,0.00705402,0.00644304,0.00760946,0.00697072,0.00674852,0.0085814,0.0154134,0.0254666,0.0175518,0.01008108,0.00716512,0.00788718,0.00788718,0.00755392,0.0077483,0.00710956,0.0078594,0.0087205,0.0078594,0.00769276,0.00791494,0.00852592,0.0080538,0.00719288,0.0254666,0.295414,0.277416,0.28334,0.273758,0.25972,0.360394,0.53291,0.406804,0.9802,0.699352,0.532154,0.266174,0.27436,0.287602,0.288096,0.268098,0.27168,0.318054,0.319678,0.324282,0.306242,0.295264,0.273644,0.256852,0.23387,0.9802,98,11/2/2014 10:24,29,-110,548,61,461,2827.496498,35,-4,408,404,72,0,0,457.8,3.70E-31,-5.709526074,40,1,0,736,0.087216402
36,11/2/2014 18:09,11/2/2014 18:39,0.348806,388.334,382.88,353.462,330.69,379.794,408.498,392.364,435.302,415.376,340.89,318.59,323.094,330.928,314.318,313.488,330.688,320.014,308.27,337.566,311.708,292.614,280.872,274.706,275.772,275.062,435.302,1.17988,1.22794,1.11472,1.121226,1.20922,1.31432,1.22714,1.50988,1.38114,1.16358,1.023438,1.05522,1.067444,1.017734,1.020182,1.07072,1.026692,1.010388,1.1269,1.01038,1.000616,0.958248,0.930548,0.96885,0.937876,1.50988,0.023041,0.0245438,0.0187834,0.0202864,0.0265474,0.0290516,0.0260464,0.0403216,0.0410732,0.0262968,0.0190338,0.021288,0.0200356,0.0192844,0.0245438,0.0232914,0.01853312,0.0283004,0.023542,0.0215384,0.0210374,0.0182824,0.0167798,0.0197852,0.0175314,0.0410732,5.40408,4.96108,4.88934,4.78546,5.22642,6.92296,10.22412,13.9246,12.663,9.7931,5.03524,4.83498,5.27648,5.40132,5.08884,5.17822,5.44098,5.05898,5.49344,5.34992,5.0599,4.6034,4.4619,3.9779,4.01314,13.9246,0.00705402,0.00644304,0.00760946,0.00697072,0.00674852,0.0085814,0.0154134,0.0254666,0.0175518,0.01008108,0.00716512,0.00788718,0.00788718,0.00755392,0.0077483,0.00710956,0.0078594,0.0087205,0.0078594,0.00769276,0.00791494,0.00852592,0.0080538,0.00719288,0.00633196,0.0254666,0.277416,0.28334,0.273758,0.25972,0.360394,0.53291,0.406804,0.9802,0.699352,0.532154,0.266174,0.27436,0.287602,0.288096,0.268098,0.27168,0.318054,0.319678,0.324282,0.306242,0.295264,0.273644,0.256852,0.23387,0.218512,0.9802,98,11/2/2014 10:24,29,-110,548,61,461,2827.496498,35,-4,408,404,72,0,0,457.8,3.70E-31,-5.709526074,40,1,0,736,0.101589314
36,11/2/2014 18:14,11/2/2014 18:44,0.37142,382.88,353.462,330.69,379.794,408.498,392.364,435.302,415.376,340.89,318.59,323.094,330.928,314.318,313.488,330.688,320.014,308.27,337.566,311.708,292.614,280.872,274.706,275.772,275.062,276.6,435.302,1.22794,1.11472,1.121226,1.20922,1.31432,1.22714,1.50988,1.38114,1.16358,1.023438,1.05522,1.067444,1.017734,1.020182,1.07072,1.026692,1.010388,1.1269,1.01038,1.000616,0.958248,0.930548,0.96885,0.937876,0.920768,1.50988,0.0245438,0.0187834,0.0202864,0.0265474,0.0290516,0.0260464,0.0403216,0.0410732,0.0262968,0.0190338,0.021288,0.0200356,0.0192844,0.0245438,0.0232914,0.01853312,0.0283004,0.023542,0.0215384,0.0210374,0.0182824,0.0167798,0.0197852,0.0175314,0.01352428,0.0410732,4.96108,4.88934,4.78546,5.22642,6.92296,10.22412,13.9246,12.663,9.7931,5.03524,4.83498,5.27648,5.40132,5.08884,5.17822,5.44098,5.05898,5.49344,5.34992,5.0599,4.6034,4.4619,3.9779,4.01314,3.83088,13.9246,0.00644304,0.00760946,0.00697072,0.00674852,0.0085814,0.0154134,0.0254666,0.0175518,0.01008108,0.00716512,0.00788718,0.00788718,0.00755392,0.0077483,0.00710956,0.0078594,0.0087205,0.0078594,0.00769276,0.00791494,0.00852592,0.0080538,0.00719288,0.00633196,0.00644304,0.0254666,0.28334,0.273758,0.25972,0.360394,0.53291,0.406804,0.9802,0.699352,0.532154,0.266174,0.27436,0.287602,0.288096,0.268098,0.27168,0.318054,0.319678,0.324282,0.306242,0.295264,0.273644,0.256852,0.23387,0.218512,0.215798,0.9802,98,11/2/2014 10:24,29,-110,548,61,461,2827.496498,35,-4,408,404,72,0,0,457.8,3.70E-31,-5.709526074,40,1,0,736,0.120446048
36,11/2/2014 18:19,11/2/2014 18:49,0.436124,353.462,330.69,379.794,408.498,392.364,435.302,415.376,340.89,318.59,323.094,330.928,314.318,313.488,330.688,320.014,308.27,337.566,311.708,292.614,280.872,274.706,275.772,275.062,276.6,287.99,435.302,1.11472,1.121226,1.20922,1.31432,1.22714,1.50988,1.38114,1.16358,1.023438,1.05522,1.067444,1.017734,1.020182,1.07072,1.026692,1.010388,1.1269,1.01038,1.000616,0.958248,0.930548,0.96885,0.937876,0.920768,0.937052,1.50988,0.0187834,0.0202864,0.0265474,0.0290516,0.0260464,0.0403216,0.0410732,0.0262968,0.0190338,0.021288,0.0200356,0.0192844,0.0245438,0.0232914,0.01853312,0.0283004,0.023542,0.0215384,0.0210374,0.0182824,0.0167798,0.0197852,0.0175314,0.01352428,0.021789,0.0410732,4.88934,4.78546,5.22642,6.92296,10.22412,13.9246,12.663,9.7931,5.03524,4.83498,5.27648,5.40132,5.08884,5.17822,5.44098,5.05898,5.49344,5.34992,5.0599,4.6034,4.4619,3.9779,4.01314,3.83088,4.3662,13.9246,0.00760946,0.00697072,0.00674852,0.0085814,0.0154134,0.0254666,0.0175518,0.01008108,0.00716512,0.00788718,0.00788718,0.00755392,0.0077483,0.00710956,0.0078594,0.0087205,0.0078594,0.00769276,0.00791494,0.00852592,0.0080538,0.00719288,0.00633196,0.00644304,0.006693,0.0254666,0.273758,0.25972,0.360394,0.53291,0.406804,0.9802,0.699352,0.532154,0.266174,0.27436,0.287602,0.288096,0.268098,0.27168,0.318054,0.319678,0.324282,0.306242,0.295264,0.273644,0.256852,0.23387,0.218512,0.215798,0.251984,0.9802,98,11/2/2014 10:24,29,-110,548,61,461,2827.496498,35,-4,408,404,72,0,0,457.8,3.70E-31,-5.709526074,40,1,0,736,0.137218325
36,11/2/2014 18:24,11/2/2014 18:54,0.347072,330.69,379.794,408.498,392.364,435.302,415.376,340.89,318.59,323.094,330.928,314.318,313.488,330.688,320.014,308.27,337.566,311.708,292.614,280.872,274.706,275.772,275.062,276.6,287.99,302.222,435.302,1.121226,1.20922,1.31432,1.22714,1.50988,1.38114,1.16358,1.023438,1.05522,1.067444,1.017734,1.020182,1.07072,1.026692,1.010388,1.1269,1.01038,1.000616,0.958248,0.930548,0.96885,0.937876,0.920768,0.937052,0.952544,1.50988,0.0202864,0.0265474,0.0290516,0.0260464,0.0403216,0.0410732,0.0262968,0.0190338,0.021288,0.0200356,0.0192844,0.0245438,0.0232914,0.01853312,0.0283004,0.023542,0.0215384,0.0210374,0.0182824,0.0167798,0.0197852,0.0175314,0.01352428,0.021789,0.0237924,0.0410732,4.78546,5.22642,6.92296,10.22412,13.9246,12.663,9.7931,5.03524,4.83498,5.27648,5.40132,5.08884,5.17822,5.44098,5.05898,5.49344,5.34992,5.0599,4.6034,4.4619,3.9779,4.01314,3.83088,4.3662,5.25334,13.9246,0.00697072,0.00674852,0.0085814,0.0154134,0.0254666,0.0175518,0.01008108,0.00716512,0.00788718,0.00788718,0.00755392,0.0077483,0.00710956,0.0078594,0.0087205,0.0078594,0.00769276,0.00791494,0.00852592,0.0080538,0.00719288,0.00633196,0.00644304,0.006693,0.00977558,0.0254666,0.25972,0.360394,0.53291,0.406804,0.9802,0.699352,0.532154,0.266174,0.27436,0.287602,0.288096,0.268098,0.27168,0.318054,0.319678,0.324282,0.306242,0.295264,0.273644,0.256852,0.23387,0.218512,0.215798,0.251984,0.315678,0.9802,98,11/2/2014 10:24,29,-110,548,61,461,2827.496498,35,-4,408,404,72,0,0,457.8,3.70E-31,-5.709526074,40,1,0,736,0.023581226
36,11/2/2014 18:29,11/2/2014 18:59,0.351258,379.794,408.498,392.364,435.302,415.376,340.89,318.59,323.094,330.928,314.318,313.488,330.688,320.014,308.27,337.566,311.708,292.614,280.872,274.706,275.772,275.062,276.6,287.99,302.222,291.782,435.302,1.20922,1.31432,1.22714,1.50988,1.38114,1.16358,1.023438,1.05522,1.067444,1.017734,1.020182,1.07072,1.026692,1.010388,1.1269,1.01038,1.000616,0.958248,0.930548,0.96885,0.937876,0.920768,0.937052,0.952544,0.95661,1.50988,0.0265474,0.0290516,0.0260464,0.0403216,0.0410732,0.0262968,0.0190338,0.021288,0.0200356,0.0192844,0.0245438,0.0232914,0.01853312,0.0283004,0.023542,0.0215384,0.0210374,0.0182824,0.0167798,0.0197852,0.0175314,0.01352428,0.021789,0.0237924,0.022039,0.0410732,5.22642,6.92296,10.22412,13.9246,12.663,9.7931,5.03524,4.83498,5.27648,5.40132,5.08884,5.17822,5.44098,5.05898,5.49344,5.34992,5.0599,4.6034,4.4619,3.9779,4.01314,3.83088,4.3662,5.25334,5.3794,13.9246,0.00674852,0.0085814,0.0154134,0.0254666,0.0175518,0.01008108,0.00716512,0.00788718,0.00788718,0.00755392,0.0077483,0.00710956,0.0078594,0.0087205,0.0078594,0.00769276,0.00791494,0.00852592,0.0080538,0.00719288,0.00633196,0.00644304,0.006693,0.00977558,0.01030348,0.0254666,0.360394,0.53291,0.406804,0.9802,0.699352,0.532154,0.266174,0.27436,0.287602,0.288096,0.268098,0.27168,0.318054,0.319678,0.324282,0.306242,0.295264,0.273644,0.256852,0.23387,0.218512,0.215798,0.251984,0.315678,0.317188,0.9802,98,11/2/2014 10:24,29,-110,548,61,461,2827.496498,35,-4,408,404,72,0,0,457.8,3.70E-31,-5.709526074,40,1,0,736,0.025536849
36,11/2/2014 18:34,11/2/2014 19:04,0.316318,408.498,392.364,435.302,415.376,340.89,318.59,323.094,330.928,314.318,313.488,330.688,320.014,308.27,337.566,311.708,292.614,280.872,274.706,275.772,275.062,276.6,287.99,302.222,291.782,306.018,435.302,1.31432,1.22714,1.50988,1.38114,1.16358,1.023438,1.05522,1.067444,1.017734,1.020182,1.07072,1.026692,1.010388,1.1269,1.01038,1.000616,0.958248,0.930548,0.96885,0.937876,0.920768,0.937052,0.952544,0.95661,1.012016,1.50988,0.0290516,0.0260464,0.0403216,0.0410732,0.0262968,0.0190338,0.021288,0.0200356,0.0192844,0.0245438,0.0232914,0.01853312,0.0283004,0.023542,0.0215384,0.0210374,0.0182824,0.0167798,0.0197852,0.0175314,0.01352428,0.021789,0.0237924,0.022039,0.019034,0.0410732,6.92296,10.22412,13.9246,12.663,9.7931,5.03524,4.83498,5.27648,5.40132,5.08884,5.17822,5.44098,5.05898,5.49344,5.34992,5.0599,4.6034,4.4619,3.9779,4.01314,3.83088,4.3662,5.25334,5.3794,5.34346,13.9246,0.0085814,0.0154134,0.0254666,0.0175518,0.01008108,0.00716512,0.00788718,0.00788718,0.00755392,0.0077483,0.00710956,0.0078594,0.0087205,0.0078594,0.00769276,0.00791494,0.00852592,0.0080538,0.00719288,0.00633196,0.00644304,0.006693,0.00977558,0.01030348,0.01083104,0.0254666,0.53291,0.406804,0.9802,0.699352,0.532154,0.266174,0.27436,0.287602,0.288096,0.268098,0.27168,0.318054,0.319678,0.324282,0.306242,0.295264,0.273644,0.256852,0.23387,0.218512,0.215798,0.251984,0.315678,0.317188,0.346316,0.9802,98,11/2/2014 10:24,29,-110,548,61,461,2827.496498,35,-4,408,404,72,0,0,457.8,3.70E-31,-5.709526074,40,1,0,736,-0.022533528
36,11/2/2014 18:39,11/2/2014 19:09,0.317524,392.364,435.302,415.376,340.89,318.59,323.094,330.928,314.318,313.488,330.688,320.014,308.27,337.566,311.708,292.614,280.872,274.706,275.772,275.062,276.6,287.99,302.222,291.782,306.018,307.202,435.302,1.22714,1.50988,1.38114,1.16358,1.023438,1.05522,1.067444,1.017734,1.020182,1.07072,1.026692,1.010388,1.1269,1.01038,1.000616,0.958248,0.930548,0.96885,0.937876,0.920768,0.937052,0.952544,0.95661,1.012016,1.06664,1.50988,0.0260464,0.0403216,0.0410732,0.0262968,0.0190338,0.021288,0.0200356,0.0192844,0.0245438,0.0232914,0.01853312,0.0283004,0.023542,0.0215384,0.0210374,0.0182824,0.0167798,0.0197852,0.0175314,0.01352428,0.021789,0.0237924,0.022039,0.019034,0.0257958,0.0410732,10.22412,13.9246,12.663,9.7931,5.03524,4.83498,5.27648,5.40132,5.08884,5.17822,5.44098,5.05898,5.49344,5.34992,5.0599,4.6034,4.4619,3.9779,4.01314,3.83088,4.3662,5.25334,5.3794,5.34346,5.55446,13.9246,0.0154134,0.0254666,0.0175518,0.01008108,0.00716512,0.00788718,0.00788718,0.00755392,0.0077483,0.00710956,0.0078594,0.0087205,0.0078594,0.00769276,0.00791494,0.00852592,0.0080538,0.00719288,0.00633196,0.00644304,0.006693,0.00977558,0.01030348,0.01083104,0.0121362,0.0254666,0.406804,0.9802,0.699352,0.532154,0.266174,0.27436,0.287602,0.288096,0.268098,0.27168,0.318054,0.319678,0.324282,0.306242,0.295264,0.273644,0.256852,0.23387,0.218512,0.215798,0.251984,0.315678,0.317188,0.346316,0.348806,0.9802,98,11/2/2014 10:24,29,-110,548,61,461,2827.496498,35,-4,408,404,72,0,0,457.8,3.70E-31,-5.709526074,40,1,0,736,-0.023465539
36,11/2/2014 18:44,11/2/2014 19:14,0.31583,435.302,415.376,340.89,318.59,323.094,330.928,314.318,313.488,330.688,320.014,308.27,337.566,311.708,292.614,280.872,274.706,275.772,275.062,276.6,287.99,302.222,291.782,306.018,307.202,306.61,435.302,1.50988,1.38114,1.16358,1.023438,1.05522,1.067444,1.017734,1.020182,1.07072,1.026692,1.010388,1.1269,1.01038,1.000616,0.958248,0.930548,0.96885,0.937876,0.920768,0.937052,0.952544,0.95661,1.012016,1.06664,1.0959333,1.50988,0.0403216,0.0410732,0.0262968,0.0190338,0.021288,0.0200356,0.0192844,0.0245438,0.0232914,0.01853312,0.0283004,0.023542,0.0215384,0.0210374,0.0182824,0.0167798,0.0197852,0.0175314,0.01352428,0.021789,0.0237924,0.022039,0.019034,0.0257958,0.025462,0.0410732,13.9246,12.663,9.7931,5.03524,4.83498,5.27648,5.40132,5.08884,5.17822,5.44098,5.05898,5.49344,5.34992,5.0599,4.6034,4.4619,3.9779,4.01314,3.83088,4.3662,5.25334,5.3794,5.34346,5.55446,5.7144333,13.9246,0.0254666,0.0175518,0.01008108,0.00716512,0.00788718,0.00788718,0.00755392,0.0077483,0.00710956,0.0078594,0.0087205,0.0078594,0.00769276,0.00791494,0.00852592,0.0080538,0.00719288,0.00633196,0.00644304,0.006693,0.00977558,0.01030348,0.01083104,0.0121362,0.012312333,0.0254666,0.9802,0.699352,0.532154,0.266174,0.27436,0.287602,0.288096,0.268098,0.27168,0.318054,0.319678,0.324282,0.306242,0.295264,0.273644,0.256852,0.23387,0.218512,0.215798,0.251984,0.315678,0.317188,0.346316,0.348806,0.37142,0.9802,98,11/2/2014 10:24,29,-110,548,61,461,2827.496498,35,-4,408,404,72,0,0,457.8,3.70E-31,-5.709526074,40,1,0,736,-0.041379054
36,11/2/2014 18:49,11/2/2014 19:19,0.335942,415.376,340.89,318.59,323.094,330.928,314.318,313.488,330.688,320.014,308.27,337.566,311.708,292.614,280.872,274.706,275.772,275.062,276.6,287.99,302.222,291.782,306.018,307.202,306.61,322.03,415.376,1.38114,1.16358,1.023438,1.05522,1.067444,1.017734,1.020182,1.07072,1.026692,1.010388,1.1269,1.01038,1.000616,0.958248,0.930548,0.96885,0.937876,0.920768,0.937052,0.952544,0.95661,1.012016,1.06664,1.0959333,1.09272,1.38114,0.0410732,0.0262968,0.0190338,0.021288,0.0200356,0.0192844,0.0245438,0.0232914,0.01853312,0.0283004,0.023542,0.0215384,0.0210374,0.0182824,0.0167798,0.0197852,0.0175314,0.01352428,0.021789,0.0237924,0.022039,0.019034,0.0257958,0.025462,0.0255454,0.0410732,12.663,9.7931,5.03524,4.83498,5.27648,5.40132,5.08884,5.17822,5.44098,5.05898,5.49344,5.34992,5.0599,4.6034,4.4619,3.9779,4.01314,3.83088,4.3662,5.25334,5.3794,5.34346,5.55446,5.7144333,5.84522,12.663,0.0175518,0.01008108,0.00716512,0.00788718,0.00788718,0.00755392,0.0077483,0.00710956,0.0078594,0.0087205,0.0078594,0.00769276,0.00791494,0.00852592,0.0080538,0.00719288,0.00633196,0.00644304,0.006693,0.00977558,0.01030348,0.01083104,0.0121362,0.012312333,0.0137748,0.0175518,0.699352,0.532154,0.266174,0.27436,0.287602,0.288096,0.268098,0.27168,0.318054,0.319678,0.324282,0.306242,0.295264,0.273644,0.256852,0.23387,0.218512,0.215798,0.251984,0.315678,0.317188,0.346316,0.348806,0.37142,0.436124,0.699352,98,11/2/2014 10:24,29,-110,548,61,461,2827.496498,35,-4,408,404,72,0,0,457.8,3.70E-31,-5.709526074,40,1,0,736,-0.072311157
36,11/2/2014 18:54,11/2/2014 19:24,0.324018,340.89,318.59,323.094,330.928,314.318,313.488,330.688,320.014,308.27,337.566,311.708,292.614,280.872,274.706,275.772,275.062,276.6,287.99,302.222,291.782,306.018,307.202,306.61,322.03,380.03,380.03,1.16358,1.023438,1.05522,1.067444,1.017734,1.020182,1.07072,1.026692,1.010388,1.1269,1.01038,1.000616,0.958248,0.930548,0.96885,0.937876,0.920768,0.937052,0.952544,0.95661,1.012016,1.06664,1.0959333,1.09272,1.19862,1.19862,0.0262968,0.0190338,0.021288,0.0200356,0.0192844,0.0245438,0.0232914,0.01853312,0.0283004,0.023542,0.0215384,0.0210374,0.0182824,0.0167798,0.0197852,0.0175314,0.01352428,0.021789,0.0237924,0.022039,0.019034,0.0257958,0.025462,0.0255454,0.0240428,0.0283004,9.7931,5.03524,4.83498,5.27648,5.40132,5.08884,5.17822,5.44098,5.05898,5.49344,5.34992,5.0599,4.6034,4.4619,3.9779,4.01314,3.83088,4.3662,5.25334,5.3794,5.34346,5.55446,5.7144333,5.84522,5.50162,9.7931,0.01008108,0.00716512,0.00788718,0.00788718,0.00755392,0.0077483,0.00710956,0.0078594,0.0087205,0.0078594,0.00769276,0.00791494,0.00852592,0.0080538,0.00719288,0.00633196,0.00644304,0.006693,0.00977558,0.01030348,0.01083104,0.0121362,0.012312333,0.0137748,0.0131638,0.0137748,0.532154,0.266174,0.27436,0.287602,0.288096,0.268098,0.27168,0.318054,0.319678,0.324282,0.306242,0.295264,0.273644,0.256852,0.23387,0.218512,0.215798,0.251984,0.315678,0.317188,0.346316,0.348806,0.37142,0.436124,0.347072,0.532154,98,11/2/2014 10:24,29,-110,548,61,461,2827.496498,35,-4,408,404,72,0,0,457.8,3.70E-31,-5.709526074,40,1,0,736,-0.017262296
36,11/2/2014 18:59,11/2/2014 19:29,0.249304,318.59,323.094,330.928,314.318,313.488,330.688,320.014,308.27,337.566,311.708,292.614,280.872,274.706,275.772,275.062,276.6,287.99,302.222,291.782,306.018,307.202,306.61,322.03,380.03,380.03,380.03,1.023438,1.05522,1.067444,1.017734,1.020182,1.07072,1.026692,1.010388,1.1269,1.01038,1.000616,0.958248,0.930548,0.96885,0.937876,0.920768,0.937052,0.952544,0.95661,1.012016,1.06664,1.0959333,1.09272,1.19862,1.2728,1.2728,0.0190338,0.021288,0.0200356,0.0192844,0.0245438,0.0232914,0.01853312,0.0283004,0.023542,0.0215384,0.0210374,0.0182824,0.0167798,0.0197852,0.0175314,0.01352428,0.021789,0.0237924,0.022039,0.019034,0.0257958,0.025462,0.0255454,0.0240428,0.0252952,0.0283004,5.03524,4.83498,5.27648,5.40132,5.08884,5.17822,5.44098,5.05898,5.49344,5.34992,5.0599,4.6034,4.4619,3.9779,4.01314,3.83088,4.3662,5.25334,5.3794,5.34346,5.55446,5.7144333,5.84522,5.50162,5.59712,5.84522,0.00716512,0.00788718,0.00788718,0.00755392,0.0077483,0.00710956,0.0078594,0.0087205,0.0078594,0.00769276,0.00791494,0.00852592,0.0080538,0.00719288,0.00633196,0.00644304,0.006693,0.00977558,0.01030348,0.01083104,0.0121362,0.012312333,0.0137748,0.0131638,0.00985892,0.0137748,0.266174,0.27436,0.287602,0.288096,0.268098,0.27168,0.318054,0.319678,0.324282,0.306242,0.295264,0.273644,0.256852,0.23387,0.218512,0.215798,0.251984,0.315678,0.317188,0.346316,0.348806,0.37142,0.436124,0.347072,0.351258,0.436124,98,11/2/2014 10:24,29,-110,548,61,461,2827.496498,35,-4,408,404,72,0,0,457.8,3.70E-31,-5.709526074,40,1,0,736,-0.078449414
36,11/2/2014 19:04,11/2/2014 19:34,0.289944,323.094,330.928,314.318,313.488,330.688,320.014,308.27,337.566,311.708,292.614,280.872,274.706,275.772,275.062,276.6,287.99,302.222,291.782,306.018,307.202,306.61,322.03,380.03,380.03,393.078,393.078,1.05522,1.067444,1.017734,1.020182,1.07072,1.026692,1.010388,1.1269,1.01038,1.000616,0.958248,0.930548,0.96885,0.937876,0.920768,0.937052,0.952544,0.95661,1.012016,1.06664,1.0959333,1.09272,1.19862,1.2728,1.2475,1.2728,0.021288,0.0200356,0.0192844,0.0245438,0.0232914,0.01853312,0.0283004,0.023542,0.0215384,0.0210374,0.0182824,0.0167798,0.0197852,0.0175314,0.01352428,0.021789,0.0237924,0.022039,0.019034,0.0257958,0.025462,0.0255454,0.0240428,0.0252952,0.0293022,0.0293022,4.83498,5.27648,5.40132,5.08884,5.17822,5.44098,5.05898,5.49344,5.34992,5.0599,4.6034,4.4619,3.9779,4.01314,3.83088,4.3662,5.25334,5.3794,5.34346,5.55446,5.7144333,5.84522,5.50162,5.59712,5.35272,5.84522,0.00788718,0.00788718,0.00755392,0.0077483,0.00710956,0.0078594,0.0087205,0.0078594,0.00769276,0.00791494,0.00852592,0.0080538,0.00719288,0.00633196,0.00644304,0.006693,0.00977558,0.01030348,0.01083104,0.0121362,0.012312333,0.0137748,0.0131638,0.00985892,0.01035896,0.0137748,0.27436,0.287602,0.288096,0.268098,0.27168,0.318054,0.319678,0.324282,0.306242,0.295264,0.273644,0.256852,0.23387,0.218512,0.215798,0.251984,0.315678,0.317188,0.346316,0.348806,0.37142,0.436124,0.347072,0.351258,0.316318,0.436124,98,11/2/2014 10:24,29,-110,548,61,461,2827.496498,35,-4,408,404,72,0,0,457.8,3.70E-31,-5.709526074,40,1,0,736,-0.020239638
36,11/2/2014 19:09,11/2/2014 19:39,0.36379,330.928,314.318,313.488,330.688,320.014,308.27,337.566,311.708,292.614,280.872,274.706,275.772,275.062,276.6,287.99,302.222,291.782,306.018,307.202,306.61,322.03,380.03,380.03,393.078,425.574,425.574,1.067444,1.017734,1.020182,1.07072,1.026692,1.010388,1.1269,1.01038,1.000616,0.958248,0.930548,0.96885,0.937876,0.920768,0.937052,0.952544,0.95661,1.012016,1.06664,1.0959333,1.09272,1.19862,1.2728,1.2475,1.31758,1.31758,0.0200356,0.0192844,0.0245438,0.0232914,0.01853312,0.0283004,0.023542,0.0215384,0.0210374,0.0182824,0.0167798,0.0197852,0.0175314,0.01352428,0.021789,0.0237924,0.022039,0.019034,0.0257958,0.025462,0.0255454,0.0240428,0.0252952,0.0293022,0.0300536,0.0300536,5.27648,5.40132,5.08884,5.17822,5.44098,5.05898,5.49344,5.34992,5.0599,4.6034,4.4619,3.9779,4.01314,3.83088,4.3662,5.25334,5.3794,5.34346,5.55446,5.7144333,5.84522,5.50162,5.59712,5.35272,5.26926,5.84522,0.00788718,0.00755392,0.0077483,0.00710956,0.0078594,0.0087205,0.0078594,0.00769276,0.00791494,0.00852592,0.0080538,0.00719288,0.00633196,0.00644304,0.006693,0.00977558,0.01030348,0.01083104,0.0121362,0.012312333,0.0137748,0.0131638,0.00985892,0.01035896,0.01010898,0.0137748,0.287602,0.288096,0.268098,0.27168,0.318054,0.319678,0.324282,0.306242,0.295264,0.273644,0.256852,0.23387,0.218512,0.215798,0.251984,0.315678,0.317188,0.346316,0.348806,0.37142,0.436124,0.347072,0.351258,0.316318,0.317524,0.436124,98,11/2/2014 10:24,29,-110,548,61,461,2827.496498,35,-4,408,404,72,0,0,457.8,3.70E-31,-5.709526074,40,1,0,736,0.034513371
36,11/2/2014 19:14,11/2/2014 19:44,0.347676,314.318,313.488,330.688,320.014,308.27,337.566,311.708,292.614,280.872,274.706,275.772,275.062,276.6,287.99,302.222,291.782,306.018,307.202,306.61,322.03,380.03,380.03,393.078,425.574,387.858,425.574,1.017734,1.020182,1.07072,1.026692,1.010388,1.1269,1.01038,1.000616,0.958248,0.930548,0.96885,0.937876,0.920768,0.937052,0.952544,0.95661,1.012016,1.06664,1.0959333,1.09272,1.19862,1.2728,1.2475,1.31758,1.25566,1.31758,0.0192844,0.0245438,0.0232914,0.01853312,0.0283004,0.023542,0.0215384,0.0210374,0.0182824,0.0167798,0.0197852,0.0175314,0.01352428,0.021789,0.0237924,0.022039,0.019034,0.0257958,0.025462,0.0255454,0.0240428,0.0252952,0.0293022,0.0300536,0.020286,0.0300536,5.40132,5.08884,5.17822,5.44098,5.05898,5.49344,5.34992,5.0599,4.6034,4.4619,3.9779,4.01314,3.83088,4.3662,5.25334,5.3794,5.34346,5.55446,5.7144333,5.84522,5.50162,5.59712,5.35272,5.26926,5.35196,5.84522,0.00755392,0.0077483,0.00710956,0.0078594,0.0087205,0.0078594,0.00769276,0.00791494,0.00852592,0.0080538,0.00719288,0.00633196,0.00644304,0.006693,0.00977558,0.01030348,0.01083104,0.0121362,0.012312333,0.0137748,0.0131638,0.00985892,0.01035896,0.01010898,0.00891474,0.0137748,0.288096,0.268098,0.27168,0.318054,0.319678,0.324282,0.306242,0.295264,0.273644,0.256852,0.23387,0.218512,0.215798,0.251984,0.315678,0.317188,0.346316,0.348806,0.37142,0.436124,0.347072,0.351258,0.316318,0.317524,0.31583,0.436124,98,11/2/2014 10:24,29,-110,548,61,461,2827.496498,35,-4,408,404,72,0,0,457.8,3.70E-31,-5.709526074,40,1,0,736,0.023913982
36,11/2/2014 19:19,11/2/2014 19:49,0.350656,313.488,330.688,320.014,308.27,337.566,311.708,292.614,280.872,274.706,275.772,275.062,276.6,287.99,302.222,291.782,306.018,307.202,306.61,322.03,380.03,380.03,393.078,425.574,387.858,412.768,425.574,1.020182,1.07072,1.026692,1.010388,1.1269,1.01038,1.000616,0.958248,0.930548,0.96885,0.937876,0.920768,0.937052,0.952544,0.95661,1.012016,1.06664,1.0959333,1.09272,1.19862,1.2728,1.2475,1.31758,1.25566,1.35426,1.35426,0.0245438,0.0232914,0.01853312,0.0283004,0.023542,0.0215384,0.0210374,0.0182824,0.0167798,0.0197852,0.0175314,0.01352428,0.021789,0.0237924,0.022039,0.019034,0.0257958,0.025462,0.0255454,0.0240428,0.0252952,0.0293022,0.0300536,0.020286,0.025796,0.0300536,5.08884,5.17822,5.44098,5.05898,5.49344,5.34992,5.0599,4.6034,4.4619,3.9779,4.01314,3.83088,4.3662,5.25334,5.3794,5.34346,5.55446,5.7144333,5.84522,5.50162,5.59712,5.35272,5.26926,5.35196,6.19864,6.19864,0.0077483,0.00710956,0.0078594,0.0087205,0.0078594,0.00769276,0.00791494,0.00852592,0.0080538,0.00719288,0.00633196,0.00644304,0.006693,0.00977558,0.01030348,0.01083104,0.0121362,0.012312333,0.0137748,0.0131638,0.00985892,0.01035896,0.01010898,0.00891474,0.0116363,0.0137748,0.268098,0.27168,0.318054,0.319678,0.324282,0.306242,0.295264,0.273644,0.256852,0.23387,0.218512,0.215798,0.251984,0.315678,0.317188,0.346316,0.348806,0.37142,0.436124,0.347072,0.351258,0.316318,0.317524,0.31583,0.335942,0.436124,98,11/2/2014 10:24,29,-110,548,61,461,2827.496498,35,-4,408,404,72,0,0,457.8,3.70E-31,-5.709526074,40,1,0,736,0.010953739
36,11/2/2014 19:24,11/2/2014 19:54,0.372016,330.688,320.014,308.27,337.566,311.708,292.614,280.872,274.706,275.772,275.062,276.6,287.99,302.222,291.782,306.018,307.202,306.61,322.03,380.03,380.03,393.078,425.574,387.858,412.768,366.034,425.574,1.07072,1.026692,1.010388,1.1269,1.01038,1.000616,0.958248,0.930548,0.96885,0.937876,0.920768,0.937052,0.952544,0.95661,1.012016,1.06664,1.0959333,1.09272,1.19862,1.2728,1.2475,1.31758,1.25566,1.35426,1.15626,1.35426,0.0232914,0.01853312,0.0283004,0.023542,0.0215384,0.0210374,0.0182824,0.0167798,0.0197852,0.0175314,0.01352428,0.021789,0.0237924,0.022039,0.019034,0.0257958,0.025462,0.0255454,0.0240428,0.0252952,0.0293022,0.0300536,0.020286,0.025796,0.0220394,0.0300536,5.17822,5.44098,5.05898,5.49344,5.34992,5.0599,4.6034,4.4619,3.9779,4.01314,3.83088,4.3662,5.25334,5.3794,5.34346,5.55446,5.7144333,5.84522,5.50162,5.59712,5.35272,5.26926,5.35196,6.19864,5.31636,6.19864,0.00710956,0.0078594,0.0087205,0.0078594,0.00769276,0.00791494,0.00852592,0.0080538,0.00719288,0.00633196,0.00644304,0.006693,0.00977558,0.01030348,0.01083104,0.0121362,0.012312333,0.0137748,0.0131638,0.00985892,0.01035896,0.01010898,0.00891474,0.0116363,0.0108588,0.0137748,0.27168,0.318054,0.319678,0.324282,0.306242,0.295264,0.273644,0.256852,0.23387,0.218512,0.215798,0.251984,0.315678,0.317188,0.346316,0.348806,0.37142,0.436124,0.347072,0.351258,0.316318,0.317524,0.31583,0.335942,0.324018,0.436124,98,11/2/2014 10:24,29,-110,548,61,461,2827.496498,35,-4,408,404,72,0,0,457.8,3.70E-31,-5.709526074,40,1,0,736,0.035610138
36,11/2/2014 19:29,11/2/2014 19:59,0.367296,320.014,308.27,337.566,311.708,292.614,280.872,274.706,275.772,275.062,276.6,287.99,302.222,291.782,306.018,307.202,306.61,322.03,380.03,380.03,393.078,425.574,387.858,412.768,366.034,380.742,425.574,1.026692,1.010388,1.1269,1.01038,1.000616,0.958248,0.930548,0.96885,0.937876,0.920768,0.937052,0.952544,0.95661,1.012016,1.06664,1.0959333,1.09272,1.19862,1.2728,1.2475,1.31758,1.25566,1.35426,1.15626,1.22226,1.35426,0.01853312,0.0283004,0.023542,0.0215384,0.0210374,0.0182824,0.0167798,0.0197852,0.0175314,0.01352428,0.021789,0.0237924,0.022039,0.019034,0.0257958,0.025462,0.0255454,0.0240428,0.0252952,0.0293022,0.0300536,0.020286,0.025796,0.0220394,0.0245436,0.0300536,5.44098,5.05898,5.49344,5.34992,5.0599,4.6034,4.4619,3.9779,4.01314,3.83088,4.3662,5.25334,5.3794,5.34346,5.55446,5.7144333,5.84522,5.50162,5.59712,5.35272,5.26926,5.35196,6.19864,5.31636,4.2305,6.19864,0.0078594,0.0087205,0.0078594,0.00769276,0.00791494,0.00852592,0.0080538,0.00719288,0.00633196,0.00644304,0.006693,0.00977558,0.01030348,0.01083104,0.0121362,0.012312333,0.0137748,0.0131638,0.00985892,0.01035896,0.01010898,0.00891474,0.0116363,0.0108588,0.00810934,0.0137748,0.318054,0.319678,0.324282,0.306242,0.295264,0.273644,0.256852,0.23387,0.218512,0.215798,0.251984,0.315678,0.317188,0.346316,0.348806,0.37142,0.436124,0.347072,0.351258,0.316318,0.317524,0.31583,0.335942,0.324018,0.249304,0.436124,98,11/2/2014 10:24,29,-110,548,61,461,2827.496498,35,-4,408,404,72,0,0,457.8,3.70E-31,-5.709526074,40,0,0,736,0.090248471
36,11/2/2014 19:34,11/2/2014 20:04,0.349034,308.27,337.566,311.708,292.614,280.872,274.706,275.772,275.062,276.6,287.99,302.222,291.782,306.018,307.202,306.61,322.03,380.03,380.03,393.078,425.574,387.858,412.768,366.034,380.742,397.348,425.574,1.010388,1.1269,1.01038,1.000616,0.958248,0.930548,0.96885,0.937876,0.920768,0.937052,0.952544,0.95661,1.012016,1.06664,1.0959333,1.09272,1.19862,1.2728,1.2475,1.31758,1.25566,1.35426,1.15626,1.22226,1.22064,1.35426,0.0283004,0.023542,0.0215384,0.0210374,0.0182824,0.0167798,0.0197852,0.0175314,0.01352428,0.021789,0.0237924,0.022039,0.019034,0.0257958,0.025462,0.0255454,0.0240428,0.0252952,0.0293022,0.0300536,0.020286,0.025796,0.0220394,0.0245436,0.0235418,0.0300536,5.05898,5.49344,5.34992,5.0599,4.6034,4.4619,3.9779,4.01314,3.83088,4.3662,5.25334,5.3794,5.34346,5.55446,5.7144333,5.84522,5.50162,5.59712,5.35272,5.26926,5.35196,6.19864,5.31636,4.2305,4.78602,6.19864,0.0087205,0.0078594,0.00769276,0.00791494,0.00852592,0.0080538,0.00719288,0.00633196,0.00644304,0.006693,0.00977558,0.01030348,0.01083104,0.0121362,0.012312333,0.0137748,0.0131638,0.00985892,0.01035896,0.01010898,0.00891474,0.0116363,0.0108588,0.00810934,0.01080316,0.0137748,0.319678,0.324282,0.306242,0.295264,0.273644,0.256852,0.23387,0.218512,0.215798,0.251984,0.315678,0.317188,0.346316,0.348806,0.37142,0.436124,0.347072,0.351258,0.316318,0.317524,0.31583,0.335942,0.324018,0.249304,0.289944,0.436124,98,11/2/2014 10:24,29,-110,548,61,461,2827.496498,35,-4,408,404,72,0,0,457.8,3.70E-31,-5.709526074,40,0,0,736,0.044789974
36,11/2/2014 19:39,11/2/2014 20:09,0.409144,337.566,311.708,292.614,280.872,274.706,275.772,275.062,276.6,287.99,302.222,291.782,306.018,307.202,306.61,322.03,380.03,380.03,393.078,425.574,387.858,412.768,366.034,380.742,397.348,420.596,425.574,1.1269,1.01038,1.000616,0.958248,0.930548,0.96885,0.937876,0.920768,0.937052,0.952544,0.95661,1.012016,1.06664,1.0959333,1.09272,1.19862,1.2728,1.2475,1.31758,1.25566,1.35426,1.15626,1.22226,1.22064,1.30374,1.35426,0.023542,0.0215384,0.0210374,0.0182824,0.0167798,0.0197852,0.0175314,0.01352428,0.021789,0.0237924,0.022039,0.019034,0.0257958,0.025462,0.0255454,0.0240428,0.0252952,0.0293022,0.0300536,0.020286,0.025796,0.0220394,0.0245436,0.0235418,0.0245438,0.0300536,5.49344,5.34992,5.0599,4.6034,4.4619,3.9779,4.01314,3.83088,4.3662,5.25334,5.3794,5.34346,5.55446,5.7144333,5.84522,5.50162,5.59712,5.35272,5.26926,5.35196,6.19864,5.31636,4.2305,4.78602,5.5322,6.19864,0.0078594,0.00769276,0.00791494,0.00852592,0.0080538,0.00719288,0.00633196,0.00644304,0.006693,0.00977558,0.01030348,0.01083104,0.0121362,0.012312333,0.0137748,0.0131638,0.00985892,0.01035896,0.01010898,0.00891474,0.0116363,0.0108588,0.00810934,0.01080316,0.0131916,0.0137748,0.324282,0.306242,0.295264,0.273644,0.256852,0.23387,0.218512,0.215798,0.251984,0.315678,0.317188,0.346316,0.348806,0.37142,0.436124,0.347072,0.351258,0.316318,0.317524,0.31583,0.335942,0.324018,0.249304,0.289944,0.36379,0.436124,98,11/2/2014 10:24,29,-110,548,61,461,2827.496498,35,-4,408,404,72,0,0,457.8,3.70E-31,-5.709526074,40,0,0,736,0.032714839
36,11/2/2014 19:44,11/2/2014 20:14,0.375222,311.708,292.614,280.872,274.706,275.772,275.062,276.6,287.99,302.222,291.782,306.018,307.202,306.61,322.03,380.03,380.03,393.078,425.574,387.858,412.768,366.034,380.742,397.348,420.596,424.154,425.574,1.01038,1.000616,0.958248,0.930548,0.96885,0.937876,0.920768,0.937052,0.952544,0.95661,1.012016,1.06664,1.0959333,1.09272,1.19862,1.2728,1.2475,1.31758,1.25566,1.35426,1.15626,1.22226,1.22064,1.30374,1.25242,1.35426,0.0215384,0.0210374,0.0182824,0.0167798,0.0197852,0.0175314,0.01352428,0.021789,0.0237924,0.022039,0.019034,0.0257958,0.025462,0.0255454,0.0240428,0.0252952,0.0293022,0.0300536,0.020286,0.025796,0.0220394,0.0245436,0.0235418,0.0245438,0.024794,0.0300536,5.34992,5.0599,4.6034,4.4619,3.9779,4.01314,3.83088,4.3662,5.25334,5.3794,5.34346,5.55446,5.7144333,5.84522,5.50162,5.59712,5.35272,5.26926,5.35196,6.19864,5.31636,4.2305,4.78602,5.5322,5.29524,6.19864,0.00769276,0.00791494,0.00852592,0.0080538,0.00719288,0.00633196,0.00644304,0.006693,0.00977558,0.01030348,0.01083104,0.0121362,0.012312333,0.0137748,0.0131638,0.00985892,0.01035896,0.01010898,0.00891474,0.0116363,0.0108588,0.00810934,0.01080316,0.0131916,0.0165242,0.0165242,0.306242,0.295264,0.273644,0.256852,0.23387,0.218512,0.215798,0.251984,0.315678,0.317188,0.346316,0.348806,0.37142,0.436124,0.347072,0.351258,0.316318,0.317524,0.31583,0.335942,0.324018,0.249304,0.289944,0.36379,0.347676,0.436124,98,11/2/2014 10:24,29,-110,548,61,461,2827.496498,35,-4,408,404,72,0,0,457.8,3.70E-31,-5.709526074,40,0,0,736,0.020233545
36,11/2/2014 19:49,11/2/2014 20:19,0.326962,292.614,280.872,274.706,275.772,275.062,276.6,287.99,302.222,291.782,306.018,307.202,306.61,322.03,380.03,380.03,393.078,425.574,387.858,412.768,366.034,380.742,397.348,420.596,424.154,425.338,425.574,1.000616,0.958248,0.930548,0.96885,0.937876,0.920768,0.937052,0.952544,0.95661,1.012016,1.06664,1.0959333,1.09272,1.19862,1.2728,1.2475,1.31758,1.25566,1.35426,1.15626,1.22226,1.22064,1.30374,1.25242,1.27604,1.35426,0.0210374,0.0182824,0.0167798,0.0197852,0.0175314,0.01352428,0.021789,0.0237924,0.022039,0.019034,0.0257958,0.025462,0.0255454,0.0240428,0.0252952,0.0293022,0.0300536,0.020286,0.025796,0.0220394,0.0245436,0.0235418,0.0245438,0.024794,0.0245436,0.0300536,5.0599,4.6034,4.4619,3.9779,4.01314,3.83088,4.3662,5.25334,5.3794,5.34346,5.55446,5.7144333,5.84522,5.50162,5.59712,5.35272,5.26926,5.35196,6.19864,5.31636,4.2305,4.78602,5.5322,5.29524,5.02132,6.19864,0.00791494,0.00852592,0.0080538,0.00719288,0.00633196,0.00644304,0.006693,0.00977558,0.01030348,0.01083104,0.0121362,0.012312333,0.0137748,0.0131638,0.00985892,0.01035896,0.01010898,0.00891474,0.0116363,0.0108588,0.00810934,0.01080316,0.0131916,0.0165242,0.0164688,0.0165242,0.295264,0.273644,0.256852,0.23387,0.218512,0.215798,0.251984,0.315678,0.317188,0.346316,0.348806,0.37142,0.436124,0.347072,0.351258,0.316318,0.317524,0.31583,0.335942,0.324018,0.249304,0.289944,0.36379,0.347676,0.350656,0.436124,98,11/2/2014 10:24,29,-110,548,61,461,2827.496498,35,-4,408,404,72,0,0,457.8,3.70E-31,-5.709526074,40,0,0,736,-0.017698281
36,11/2/2014 19:54,11/2/2014 20:24,0.27534,280.872,274.706,275.772,275.062,276.6,287.99,302.222,291.782,306.018,307.202,306.61,322.03,380.03,380.03,393.078,425.574,387.858,412.768,366.034,380.742,397.348,420.596,424.154,425.338,447.402,447.402,0.958248,0.930548,0.96885,0.937876,0.920768,0.937052,0.952544,0.95661,1.012016,1.06664,1.0959333,1.09272,1.19862,1.2728,1.2475,1.31758,1.25566,1.35426,1.15626,1.22226,1.22064,1.30374,1.25242,1.27604,1.29316,1.35426,0.0182824,0.0167798,0.0197852,0.0175314,0.01352428,0.021789,0.0237924,0.022039,0.019034,0.0257958,0.025462,0.0255454,0.0240428,0.0252952,0.0293022,0.0300536,0.020286,0.025796,0.0220394,0.0245436,0.0235418,0.0245438,0.024794,0.0245436,0.0262968,0.0300536,4.6034,4.4619,3.9779,4.01314,3.83088,4.3662,5.25334,5.3794,5.34346,5.55446,5.7144333,5.84522,5.50162,5.59712,5.35272,5.26926,5.35196,6.19864,5.31636,4.2305,4.78602,5.5322,5.29524,5.02132,5.83948,6.19864,0.00852592,0.0080538,0.00719288,0.00633196,0.00644304,0.006693,0.00977558,0.01030348,0.01083104,0.0121362,0.012312333,0.0137748,0.0131638,0.00985892,0.01035896,0.01010898,0.00891474,0.0116363,0.0108588,0.00810934,0.01080316,0.0131916,0.0165242,0.0164688,0.0147192,0.0165242,0.273644,0.256852,0.23387,0.218512,0.215798,0.251984,0.315678,0.317188,0.346316,0.348806,0.37142,0.436124,0.347072,0.351258,0.316318,0.317524,0.31583,0.335942,0.324018,0.249304,0.289944,0.36379,0.347676,0.350656,0.372016,0.436124,98,11/2/2014 10:24,29,-110,548,61,461,2827.496498,35,-4,408,404,72,0,0,457.8,3.70E-31,-5.709526074,40,0,0,736,-0.073068381
36,11/2/2014 19:59,11/2/2014 20:29,0.264664,274.706,275.772,275.062,276.6,287.99,302.222,291.782,306.018,307.202,306.61,322.03,380.03,380.03,393.078,425.574,387.858,412.768,366.034,380.742,397.348,420.596,424.154,425.338,447.402,416.562,447.402,0.930548,0.96885,0.937876,0.920768,0.937052,0.952544,0.95661,1.012016,1.06664,1.0959333,1.09272,1.19862,1.2728,1.2475,1.31758,1.25566,1.35426,1.15626,1.22226,1.22064,1.30374,1.25242,1.27604,1.29316,1.25158,1.35426,0.0167798,0.0197852,0.0175314,0.01352428,0.021789,0.0237924,0.022039,0.019034,0.0257958,0.025462,0.0255454,0.0240428,0.0252952,0.0293022,0.0300536,0.020286,0.025796,0.0220394,0.0245436,0.0235418,0.0245438,0.024794,0.0245436,0.0262968,0.0257958,0.0300536,4.4619,3.9779,4.01314,3.83088,4.3662,5.25334,5.3794,5.34346,5.55446,5.7144333,5.84522,5.50162,5.59712,5.35272,5.26926,5.35196,6.19864,5.31636,4.2305,4.78602,5.5322,5.29524,5.02132,5.83948,5.6852,6.19864,0.0080538,0.00719288,0.00633196,0.00644304,0.006693,0.00977558,0.01030348,0.01083104,0.0121362,0.012312333,0.0137748,0.0131638,0.00985892,0.01035896,0.01010898,0.00891474,0.0116363,0.0108588,0.00810934,0.01080316,0.0131916,0.0165242,0.0164688,0.0147192,0.0176072,0.0176072,0.256852,0.23387,0.218512,0.215798,0.251984,0.315678,0.317188,0.346316,0.348806,0.37142,0.436124,0.347072,0.351258,0.316318,0.317524,0.31583,0.335942,0.324018,0.249304,0.289944,0.36379,0.347676,0.350656,0.372016,0.367296,0.436124,98,11/2/2014 10:24,29,-110,548,61,461,2827.496498,35,-4,408,404,72,0,0,457.8,3.70E-31,-5.709526074,40,0,0,736,-0.078028593
36,11/2/2014 20:04,11/2/2014 20:34,0.332356,275.772,275.062,276.6,287.99,302.222,291.782,306.018,307.202,306.61,322.03,380.03,380.03,393.078,425.574,387.858,412.768,366.034,380.742,397.348,420.596,424.154,425.338,447.402,416.562,400.67,447.402,0.96885,0.937876,0.920768,0.937052,0.952544,0.95661,1.012016,1.06664,1.0959333,1.09272,1.19862,1.2728,1.2475,1.31758,1.25566,1.35426,1.15626,1.22226,1.22064,1.30374,1.25242,1.27604,1.29316,1.25158,1.2084,1.35426,0.0197852,0.0175314,0.01352428,0.021789,0.0237924,0.022039,0.019034,0.0257958,0.025462,0.0255454,0.0240428,0.0252952,0.0293022,0.0300536,0.020286,0.025796,0.0220394,0.0245436,0.0235418,0.0245438,0.024794,0.0245436,0.0262968,0.0257958,0.0250444,0.0300536,3.9779,4.01314,3.83088,4.3662,5.25334,5.3794,5.34346,5.55446,5.7144333,5.84522,5.50162,5.59712,5.35272,5.26926,5.35196,6.19864,5.31636,4.2305,4.78602,5.5322,5.29524,5.02132,5.83948,5.6852,5.43262,6.19864,0.00719288,0.00633196,0.00644304,0.006693,0.00977558,0.01030348,0.01083104,0.0121362,0.012312333,0.0137748,0.0131638,0.00985892,0.01035896,0.01010898,0.00891474,0.0116363,0.0108588,0.00810934,0.01080316,0.0131916,0.0165242,0.0164688,0.0147192,0.0176072,0.0160242,0.0176072,0.23387,0.218512,0.215798,0.251984,0.315678,0.317188,0.346316,0.348806,0.37142,0.436124,0.347072,0.351258,0.316318,0.317524,0.31583,0.335942,0.324018,0.249304,0.289944,0.36379,0.347676,0.350656,0.372016,0.367296,0.349034,0.436124,98,11/2/2014 10:24,29,-110,548,61,461,2827.496498,35,-4,408,404,72,0,0,457.8,3.70E-31,-5.709526074,40,0,0,736,-0.012439977
36,11/2/2014 20:09,11/2/2014 20:39,0.343868,275.062,276.6,287.99,302.222,291.782,306.018,307.202,306.61,322.03,380.03,380.03,393.078,425.574,387.858,412.768,366.034,380.742,397.348,420.596,424.154,425.338,447.402,416.562,400.67,420.596,447.402,0.937876,0.920768,0.937052,0.952544,0.95661,1.012016,1.06664,1.0959333,1.09272,1.19862,1.2728,1.2475,1.31758,1.25566,1.35426,1.15626,1.22226,1.22064,1.30374,1.25242,1.27604,1.29316,1.25158,1.2084,1.28498,1.35426,0.0175314,0.01352428,0.021789,0.0237924,0.022039,0.019034,0.0257958,0.025462,0.0255454,0.0240428,0.0252952,0.0293022,0.0300536,0.020286,0.025796,0.0220394,0.0245436,0.0235418,0.0245438,0.024794,0.0245436,0.0262968,0.0257958,0.0250444,0.0255456,0.0300536,4.01314,3.83088,4.3662,5.25334,5.3794,5.34346,5.55446,5.7144333,5.84522,5.50162,5.59712,5.35272,5.26926,5.35196,6.19864,5.31636,4.2305,4.78602,5.5322,5.29524,5.02132,5.83948,5.6852,5.43262,5.98314,6.19864,0.00633196,0.00644304,0.006693,0.00977558,0.01030348,0.01083104,0.0121362,0.012312333,0.0137748,0.0131638,0.00985892,0.01035896,0.01010898,0.00891474,0.0116363,0.0108588,0.00810934,0.01080316,0.0131916,0.0165242,0.0164688,0.0147192,0.0176072,0.0160242,0.0164962,0.0176072,0.218512,0.215798,0.251984,0.315678,0.317188,0.346316,0.348806,0.37142,0.436124,0.347072,0.351258,0.316318,0.317524,0.31583,0.335942,0.324018,0.249304,0.289944,0.36379,0.347676,0.350656,0.372016,0.367296,0.349034,0.409144,0.436124,98,11/2/2014 10:24,29,-110,548,61,461,2827.496498,35,-4,408,404,72,0,0,457.8,3.70E-31,-5.709526074,40,0,0,548,-0.047430405
36,11/2/2014 20:14,11/2/2014 20:44,0.372656,276.6,287.99,302.222,291.782,306.018,307.202,306.61,322.03,380.03,380.03,393.078,425.574,387.858,412.768,366.034,380.742,397.348,420.596,424.154,425.338,447.402,416.562,400.67,420.596,383.354,447.402,0.920768,0.937052,0.952544,0.95661,1.012016,1.06664,1.0959333,1.09272,1.19862,1.2728,1.2475,1.31758,1.25566,1.35426,1.15626,1.22226,1.22064,1.30374,1.25242,1.27604,1.29316,1.25158,1.2084,1.28498,1.19864,1.35426,0.01352428,0.021789,0.0237924,0.022039,0.019034,0.0257958,0.025462,0.0255454,0.0240428,0.0252952,0.0293022,0.0300536,0.020286,0.025796,0.0220394,0.0245436,0.0235418,0.0245438,0.024794,0.0245436,0.0262968,0.0257958,0.0250444,0.0255456,0.0430768,0.0430768,3.83088,4.3662,5.25334,5.3794,5.34346,5.55446,5.7144333,5.84522,5.50162,5.59712,5.35272,5.26926,5.35196,6.19864,5.31636,4.2305,4.78602,5.5322,5.29524,5.02132,5.83948,5.6852,5.43262,5.98314,5.65682,6.19864,0.00644304,0.006693,0.00977558,0.01030348,0.01083104,0.0121362,0.012312333,0.0137748,0.0131638,0.00985892,0.01035896,0.01010898,0.00891474,0.0116363,0.0108588,0.00810934,0.01080316,0.0131916,0.0165242,0.0164688,0.0147192,0.0176072,0.0160242,0.0164962,0.0156632,0.0176072,0.215798,0.251984,0.315678,0.317188,0.346316,0.348806,0.37142,0.436124,0.347072,0.351258,0.316318,0.317524,0.31583,0.335942,0.324018,0.249304,0.289944,0.36379,0.347676,0.350656,0.372016,0.367296,0.349034,0.409144,0.375222,0.436124,98,11/2/2014 10:24,29,-110,548,61,461,2827.496498,35,-4,408,404,72,0,0,457.8,3.70E-31,-5.709526074,40,0,0,548,-0.001867623
36,11/2/2014 20:19,11/2/2014 20:49,0.385786,287.99,302.222,291.782,306.018,307.202,306.61,322.03,380.03,380.03,393.078,425.574,387.858,412.768,366.034,380.742,397.348,420.596,424.154,425.338,447.402,416.562,400.67,420.596,383.354,342.312,447.402,0.937052,0.952544,0.95661,1.012016,1.06664,1.0959333,1.09272,1.19862,1.2728,1.2475,1.31758,1.25566,1.35426,1.15626,1.22226,1.22064,1.30374,1.25242,1.27604,1.29316,1.25158,1.2084,1.28498,1.19864,1.100838,1.35426,0.021789,0.0237924,0.022039,0.019034,0.0257958,0.025462,0.0255454,0.0240428,0.0252952,0.0293022,0.0300536,0.020286,0.025796,0.0220394,0.0245436,0.0235418,0.0245438,0.024794,0.0245436,0.0262968,0.0257958,0.0250444,0.0255456,0.0430768,0.0283006,0.0430768,4.3662,5.25334,5.3794,5.34346,5.55446,5.7144333,5.84522,5.50162,5.59712,5.35272,5.26926,5.35196,6.19864,5.31636,4.2305,4.78602,5.5322,5.29524,5.02132,5.83948,5.6852,5.43262,5.98314,5.65682,4.9188,6.19864,0.006693,0.00977558,0.01030348,0.01083104,0.0121362,0.012312333,0.0137748,0.0131638,0.00985892,0.01035896,0.01010898,0.00891474,0.0116363,0.0108588,0.00810934,0.01080316,0.0131916,0.0165242,0.0164688,0.0147192,0.0176072,0.0160242,0.0164962,0.0156632,0.0148578,0.0176072,0.251984,0.315678,0.317188,0.346316,0.348806,0.37142,0.436124,0.347072,0.351258,0.316318,0.317524,0.31583,0.335942,0.324018,0.249304,0.289944,0.36379,0.347676,0.350656,0.372016,0.367296,0.349034,0.409144,0.375222,0.326962,0.436124,98,11/2/2014 10:24,29,-110,548,61,461,2827.496498,35,-4,408,404,72,0,0,457.8,3.70E-31,-5.709526074,40,0,0,548,0.043375369
36,11/2/2014 20:24,11/2/2014 20:54,0.417786,302.222,291.782,306.018,307.202,306.61,322.03,380.03,380.03,393.078,425.574,387.858,412.768,366.034,380.742,397.348,420.596,424.154,425.338,447.402,416.562,400.67,420.596,383.354,342.312,345.396,447.402,0.952544,0.95661,1.012016,1.06664,1.0959333,1.09272,1.19862,1.2728,1.2475,1.31758,1.25566,1.35426,1.15626,1.22226,1.22064,1.30374,1.25242,1.27604,1.29316,1.25158,1.2084,1.28498,1.19864,1.100838,1.045426,1.35426,0.0237924,0.022039,0.019034,0.0257958,0.025462,0.0255454,0.0240428,0.0252952,0.0293022,0.0300536,0.020286,0.025796,0.0220394,0.0245436,0.0235418,0.0245438,0.024794,0.0245436,0.0262968,0.0257958,0.0250444,0.0255456,0.0430768,0.0283006,0.0240428,0.0430768,5.25334,5.3794,5.34346,5.55446,5.7144333,5.84522,5.50162,5.59712,5.35272,5.26926,5.35196,6.19864,5.31636,4.2305,4.78602,5.5322,5.29524,5.02132,5.83948,5.6852,5.43262,5.98314,5.65682,4.9188,4.27328,6.19864,0.00977558,0.01030348,0.01083104,0.0121362,0.012312333,0.0137748,0.0131638,0.00985892,0.01035896,0.01010898,0.00891474,0.0116363,0.0108588,0.00810934,0.01080316,0.0131916,0.0165242,0.0164688,0.0147192,0.0176072,0.0160242,0.0164962,0.0156632,0.0148578,0.0123586,0.0176072,0.315678,0.317188,0.346316,0.348806,0.37142,0.436124,0.347072,0.351258,0.316318,0.317524,0.31583,0.335942,0.324018,0.249304,0.289944,0.36379,0.347676,0.350656,0.372016,0.367296,0.349034,0.409144,0.375222,0.326962,0.27534,0.436124,98,11/2/2014 10:24,29,-110,548,61,461,2827.496498,35,-4,408,404,72,0,0,457.8,3.70E-31,-5.709526074,40,0,0,548,0.10588369
36,11/2/2014 20:29,11/2/2014 20:59,0.389634,291.782,306.018,307.202,306.61,322.03,380.03,380.03,393.078,425.574,387.858,412.768,366.034,380.742,397.348,420.596,424.154,425.338,447.402,416.562,400.67,420.596,383.354,342.312,345.396,364.848,447.402,0.95661,1.012016,1.06664,1.0959333,1.09272,1.19862,1.2728,1.2475,1.31758,1.25566,1.35426,1.15626,1.22226,1.22064,1.30374,1.25242,1.27604,1.29316,1.25158,1.2084,1.28498,1.19864,1.100838,1.045426,1.11958,1.35426,0.022039,0.019034,0.0257958,0.025462,0.0255454,0.0240428,0.0252952,0.0293022,0.0300536,0.020286,0.025796,0.0220394,0.0245436,0.0235418,0.0245438,0.024794,0.0245436,0.0262968,0.0257958,0.0250444,0.0255456,0.0430768,0.0283006,0.0240428,0.0260464,0.0430768,5.3794,5.34346,5.55446,5.7144333,5.84522,5.50162,5.59712,5.35272,5.26926,5.35196,6.19864,5.31636,4.2305,4.78602,5.5322,5.29524,5.02132,5.83948,5.6852,5.43262,5.98314,5.65682,4.9188,4.27328,4.30592,6.19864,0.01030348,0.01083104,0.0121362,0.012312333,0.0137748,0.0131638,0.00985892,0.01035896,0.01010898,0.00891474,0.0116363,0.0108588,0.00810934,0.01080316,0.0131916,0.0165242,0.0164688,0.0147192,0.0176072,0.0160242,0.0164962,0.0156632,0.0148578,0.0123586,0.01035892,0.0176072,0.317188,0.346316,0.348806,0.37142,0.436124,0.347072,0.351258,0.316318,0.317524,0.31583,0.335942,0.324018,0.249304,0.289944,0.36379,0.347676,0.350656,0.372016,0.367296,0.349034,0.409144,0.375222,0.326962,0.27534,0.264664,0.436124,98,11/2/2014 10:24,29,-110,548,61,461,2827.496498,35,-4,408,404,72,0,0,457.8,3.70E-31,-5.709526074,40,0,0,548,0.094233929
36,11/2/2014 20:34,11/2/2014 21:04,0.380842,306.018,307.202,306.61,322.03,380.03,380.03,393.078,425.574,387.858,412.768,366.034,380.742,397.348,420.596,424.154,425.338,447.402,416.562,400.67,420.596,383.354,342.312,345.396,364.848,406.836,447.402,1.012016,1.06664,1.0959333,1.09272,1.19862,1.2728,1.2475,1.31758,1.25566,1.35426,1.15626,1.22226,1.22064,1.30374,1.25242,1.27604,1.29316,1.25158,1.2084,1.28498,1.19864,1.100838,1.045426,1.11958,1.27276,1.35426,0.019034,0.0257958,0.025462,0.0255454,0.0240428,0.0252952,0.0293022,0.0300536,0.020286,0.025796,0.0220394,0.0245436,0.0235418,0.0245438,0.024794,0.0245436,0.0262968,0.0257958,0.0250444,0.0255456,0.0430768,0.0283006,0.0240428,0.0260464,0.0333094,0.0430768,5.34346,5.55446,5.7144333,5.84522,5.50162,5.59712,5.35272,5.26926,5.35196,6.19864,5.31636,4.2305,4.78602,5.5322,5.29524,5.02132,5.83948,5.6852,5.43262,5.98314,5.65682,4.9188,4.27328,4.30592,5.07252,6.19864,0.01083104,0.0121362,0.012312333,0.0137748,0.0131638,0.00985892,0.01035896,0.01010898,0.00891474,0.0116363,0.0108588,0.00810934,0.01080316,0.0131916,0.0165242,0.0164688,0.0147192,0.0176072,0.0160242,0.0164962,0.0156632,0.0148578,0.0123586,0.01035892,0.01102548,0.0176072,0.346316,0.348806,0.37142,0.436124,0.347072,0.351258,0.316318,0.317524,0.31583,0.335942,0.324018,0.249304,0.289944,0.36379,0.347676,0.350656,0.372016,0.367296,0.349034,0.409144,0.375222,0.326962,0.27534,0.264664,0.332356,0.436124,98,11/2/2014 10:24,29,-110,548,61,461,2827.496498,35,-4,408,404,72,0,0,457.8,3.70E-31,-5.709526074,40,0,0,548,0.035744654
36,11/2/2014 20:39,11/2/2014 21:09,0.356054,307.202,306.61,322.03,380.03,380.03,393.078,425.574,387.858,412.768,366.034,380.742,397.348,420.596,424.154,425.338,447.402,416.562,400.67,420.596,383.354,342.312,345.396,364.848,406.836,410.156,447.402,1.06664,1.0959333,1.09272,1.19862,1.2728,1.2475,1.31758,1.25566,1.35426,1.15626,1.22226,1.22064,1.30374,1.25242,1.27604,1.29316,1.25158,1.2084,1.28498,1.19864,1.100838,1.045426,1.11958,1.27276,1.30538,1.35426,0.0257958,0.025462,0.0255454,0.0240428,0.0252952,0.0293022,0.0300536,0.020286,0.025796,0.0220394,0.0245436,0.0235418,0.0245438,0.024794,0.0245436,0.0262968,0.0257958,0.0250444,0.0255456,0.0430768,0.0283006,0.0240428,0.0260464,0.0333094,0.0255454,0.0430768,5.55446,5.7144333,5.84522,5.50162,5.59712,5.35272,5.26926,5.35196,6.19864,5.31636,4.2305,4.78602,5.5322,5.29524,5.02132,5.83948,5.6852,5.43262,5.98314,5.65682,4.9188,4.27328,4.30592,5.07252,5.34176,6.19864,0.0121362,0.012312333,0.0137748,0.0131638,0.00985892,0.01035896,0.01010898,0.00891474,0.0116363,0.0108588,0.00810934,0.01080316,0.0131916,0.0165242,0.0164688,0.0147192,0.0176072,0.0160242,0.0164962,0.0156632,0.0148578,0.0123586,0.01035892,0.01102548,0.0125528,0.0176072,0.348806,0.37142,0.436124,0.347072,0.351258,0.316318,0.317524,0.31583,0.335942,0.324018,0.249304,0.289944,0.36379,0.347676,0.350656,0.372016,0.367296,0.349034,0.409144,0.375222,0.326962,0.27534,0.264664,0.332356,0.343868,0.436124,98,11/2/2014 10:24,29,-110,548,61,461,2827.496498,35,-4,408,404,72,0,0,457.8,3.70E-31,-5.709526074,40,0,0,548,0.009026989
36,11/2/2014 20:44,11/2/2014 21:14,0.340922,306.61,322.03,380.03,380.03,393.078,425.574,387.858,412.768,366.034,380.742,397.348,420.596,424.154,425.338,447.402,416.562,400.67,420.596,383.354,342.312,345.396,364.848,406.836,410.156,434.354,447.402,1.0959333,1.09272,1.19862,1.2728,1.2475,1.31758,1.25566,1.35426,1.15626,1.22226,1.22064,1.30374,1.25242,1.27604,1.29316,1.25158,1.2084,1.28498,1.19864,1.100838,1.045426,1.11958,1.27276,1.30538,1.30944,1.35426,0.025462,0.0255454,0.0240428,0.0252952,0.0293022,0.0300536,0.020286,0.025796,0.0220394,0.0245436,0.0235418,0.0245438,0.024794,0.0245436,0.0262968,0.0257958,0.0250444,0.0255456,0.0430768,0.0283006,0.0240428,0.0260464,0.0333094,0.0255454,0.0310552,0.0430768,5.7144333,5.84522,5.50162,5.59712,5.35272,5.26926,5.35196,6.19864,5.31636,4.2305,4.78602,5.5322,5.29524,5.02132,5.83948,5.6852,5.43262,5.98314,5.65682,4.9188,4.27328,4.30592,5.07252,5.34176,6.0286,6.19864,0.012312333,0.0137748,0.0131638,0.00985892,0.01035896,0.01010898,0.00891474,0.0116363,0.0108588,0.00810934,0.01080316,0.0131916,0.0165242,0.0164688,0.0147192,0.0176072,0.0160242,0.0164962,0.0156632,0.0148578,0.0123586,0.01035892,0.01102548,0.0125528,0.0134692,0.0176072,0.37142,0.436124,0.347072,0.351258,0.316318,0.317524,0.31583,0.335942,0.324018,0.249304,0.289944,0.36379,0.347676,0.350656,0.372016,0.367296,0.349034,0.409144,0.375222,0.326962,0.27534,0.264664,0.332356,0.343868,0.372656,0.436124,98,11/2/2014 10:24,29,-110,548,61,461,2827.496498,35,-4,408,404,72,0,0,457.8,3.70E-31,-5.709526074,40,0,0,548,-0.023390112
36,11/2/2014 20:49,11/2/2014 21:19,0.34896,322.03,380.03,380.03,393.078,425.574,387.858,412.768,366.034,380.742,397.348,420.596,424.154,425.338,447.402,416.562,400.67,420.596,383.354,342.312,345.396,364.848,406.836,410.156,434.354,420.358,447.402,1.09272,1.19862,1.2728,1.2475,1.31758,1.25566,1.35426,1.15626,1.22226,1.22064,1.30374,1.25242,1.27604,1.29316,1.25158,1.2084,1.28498,1.19864,1.100838,1.045426,1.11958,1.27276,1.30538,1.30944,1.30454,1.35426,0.0255454,0.0240428,0.0252952,0.0293022,0.0300536,0.020286,0.025796,0.0220394,0.0245436,0.0235418,0.0245438,0.024794,0.0245436,0.0262968,0.0257958,0.0250444,0.0255456,0.0430768,0.0283006,0.0240428,0.0260464,0.0333094,0.0255454,0.0310552,0.027549,0.0430768,5.84522,5.50162,5.59712,5.35272,5.26926,5.35196,6.19864,5.31636,4.2305,4.78602,5.5322,5.29524,5.02132,5.83948,5.6852,5.43262,5.98314,5.65682,4.9188,4.27328,4.30592,5.07252,5.34176,6.0286,5.88472,6.19864,0.0137748,0.0131638,0.00985892,0.01035896,0.01010898,0.00891474,0.0116363,0.0108588,0.00810934,0.01080316,0.0131916,0.0165242,0.0164688,0.0147192,0.0176072,0.0160242,0.0164962,0.0156632,0.0148578,0.0123586,0.01035892,0.01102548,0.0125528,0.0134692,0.0131916,0.0176072,0.436124,0.347072,0.351258,0.316318,0.317524,0.31583,0.335942,0.324018,0.249304,0.289944,0.36379,0.347676,0.350656,0.372016,0.367296,0.349034,0.409144,0.375222,0.326962,0.27534,0.264664,0.332356,0.343868,0.372656,0.385786,0.436124,98,11/2/2014 10:24,29,-110,548,61,461,2827.496498,35,-4,408,404,72,0,0,457.8,3.70E-31,-5.709526074,40,0,0,548,-0.026933562
36,11/2/2014 20:54,11/2/2014 21:24,0.371786,380.03,380.03,393.078,425.574,387.858,412.768,366.034,380.742,397.348,420.596,424.154,425.338,447.402,416.562,400.67,420.596,383.354,342.312,345.396,364.848,406.836,410.156,434.354,420.358,400.906,447.402,1.19862,1.2728,1.2475,1.31758,1.25566,1.35426,1.15626,1.22226,1.22064,1.30374,1.25242,1.27604,1.29316,1.25158,1.2084,1.28498,1.19864,1.100838,1.045426,1.11958,1.27276,1.30538,1.30944,1.30454,1.28826,1.35426,0.0240428,0.0252952,0.0293022,0.0300536,0.020286,0.025796,0.0220394,0.0245436,0.0235418,0.0245438,0.024794,0.0245436,0.0262968,0.0257958,0.0250444,0.0255456,0.0430768,0.0283006,0.0240428,0.0260464,0.0333094,0.0255454,0.0310552,0.027549,0.032558,0.0430768,5.50162,5.59712,5.35272,5.26926,5.35196,6.19864,5.31636,4.2305,4.78602,5.5322,5.29524,5.02132,5.83948,5.6852,5.43262,5.98314,5.65682,4.9188,4.27328,4.30592,5.07252,5.34176,6.0286,5.88472,5.64252,6.19864,0.0131638,0.00985892,0.01035896,0.01010898,0.00891474,0.0116363,0.0108588,0.00810934,0.01080316,0.0131916,0.0165242,0.0164688,0.0147192,0.0176072,0.0160242,0.0164962,0.0156632,0.0148578,0.0123586,0.01035892,0.01102548,0.0125528,0.0134692,0.0131916,0.0167462,0.0176072,0.347072,0.351258,0.316318,0.317524,0.31583,0.335942,0.324018,0.249304,0.289944,0.36379,0.347676,0.350656,0.372016,0.367296,0.349034,0.409144,0.375222,0.326962,0.27534,0.264664,0.332356,0.343868,0.372656,0.385786,0.417786,0.417786,98,11/2/2014 10:24,29,-110,548,61,461,2827.496498,35,-4,408,404,72,0,0,457.8,3.70E-31,-5.709526074,40,0,0,548,-0.032982959
36,11/2/2014 20:59,11/2/2014 21:29,0.369448,380.03,393.078,425.574,387.858,412.768,366.034,380.742,397.348,420.596,424.154,425.338,447.402,416.562,400.67,420.596,383.354,342.312,345.396,364.848,406.836,410.156,434.354,420.358,400.906,399.246,447.402,1.2728,1.2475,1.31758,1.25566,1.35426,1.15626,1.22226,1.22064,1.30374,1.25242,1.27604,1.29316,1.25158,1.2084,1.28498,1.19864,1.100838,1.045426,1.11958,1.27276,1.30538,1.30944,1.30454,1.28826,1.15786,1.35426,0.0252952,0.0293022,0.0300536,0.020286,0.025796,0.0220394,0.0245436,0.0235418,0.0245438,0.024794,0.0245436,0.0262968,0.0257958,0.0250444,0.0255456,0.0430768,0.0283006,0.0240428,0.0260464,0.0333094,0.0255454,0.0310552,0.027549,0.032558,0.0288014,0.0430768,5.59712,5.35272,5.26926,5.35196,6.19864,5.31636,4.2305,4.78602,5.5322,5.29524,5.02132,5.83948,5.6852,5.43262,5.98314,5.65682,4.9188,4.27328,4.30592,5.07252,5.34176,6.0286,5.88472,5.64252,5.71876,6.19864,0.00985892,0.01035896,0.01010898,0.00891474,0.0116363,0.0108588,0.00810934,0.01080316,0.0131916,0.0165242,0.0164688,0.0147192,0.0176072,0.0160242,0.0164962,0.0156632,0.0148578,0.0123586,0.01035892,0.01102548,0.0125528,0.0134692,0.0131916,0.0167462,0.015802,0.0176072,0.351258,0.316318,0.317524,0.31583,0.335942,0.324018,0.249304,0.289944,0.36379,0.347676,0.350656,0.372016,0.367296,0.349034,0.409144,0.375222,0.326962,0.27534,0.264664,0.332356,0.343868,0.372656,0.385786,0.417786,0.389634,0.417786,98,11/2/2014 10:24,29,-110,548,61,461,2827.496498,35,-4,408,404,72,0,0,457.8,3.70E-31,-5.709526074,40,0,0,548,-0.014632664
36,11/2/2014 21:04,11/2/2014 21:34,0.331714,393.078,425.574,387.858,412.768,366.034,380.742,397.348,420.596,424.154,425.338,447.402,416.562,400.67,420.596,383.354,342.312,345.396,364.848,406.836,410.156,434.354,420.358,400.906,399.246,417.75,447.402,1.2475,1.31758,1.25566,1.35426,1.15626,1.22226,1.22064,1.30374,1.25242,1.27604,1.29316,1.25158,1.2084,1.28498,1.19864,1.100838,1.045426,1.11958,1.27276,1.30538,1.30944,1.30454,1.28826,1.15786,1.28336,1.35426,0.0293022,0.0300536,0.020286,0.025796,0.0220394,0.0245436,0.0235418,0.0245438,0.024794,0.0245436,0.0262968,0.0257958,0.0250444,0.0255456,0.0430768,0.0283006,0.0240428,0.0260464,0.0333094,0.0255454,0.0310552,0.027549,0.032558,0.0288014,0.0300534,0.0430768,5.35272,5.26926,5.35196,6.19864,5.31636,4.2305,4.78602,5.5322,5.29524,5.02132,5.83948,5.6852,5.43262,5.98314,5.65682,4.9188,4.27328,4.30592,5.07252,5.34176,6.0286,5.88472,5.64252,5.71876,5.59116,6.19864,0.01035896,0.01010898,0.00891474,0.0116363,0.0108588,0.00810934,0.01080316,0.0131916,0.0165242,0.0164688,0.0147192,0.0176072,0.0160242,0.0164962,0.0156632,0.0148578,0.0123586,0.01035892,0.01102548,0.0125528,0.0134692,0.0131916,0.0167462,0.015802,0.0144692,0.0176072,0.316318,0.317524,0.31583,0.335942,0.324018,0.249304,0.289944,0.36379,0.347676,0.350656,0.372016,0.367296,0.349034,0.409144,0.375222,0.326962,0.27534,0.264664,0.332356,0.343868,0.372656,0.385786,0.417786,0.389634,0.380842,0.417786,98,11/2/2014 10:24,29,-110,548,61,461,2827.496498,35,-4,408,404,72,0,0,457.8,3.70E-31,-5.709526074,40,0,0,548,-0.036226624
36,11/2/2014 21:09,11/2/2014 21:39,0.346168,425.574,387.858,412.768,366.034,380.742,397.348,420.596,424.154,425.338,447.402,416.562,400.67,420.596,383.354,342.312,345.396,364.848,406.836,410.156,434.354,420.358,400.906,399.246,417.75,380.03,447.402,1.31758,1.25566,1.35426,1.15626,1.22226,1.22064,1.30374,1.25242,1.27604,1.29316,1.25158,1.2084,1.28498,1.19864,1.100838,1.045426,1.11958,1.27276,1.30538,1.30944,1.30454,1.28826,1.15786,1.28336,1.1473,1.35426,0.0300536,0.020286,0.025796,0.0220394,0.0245436,0.0235418,0.0245438,0.024794,0.0245436,0.0262968,0.0257958,0.0250444,0.0255456,0.0430768,0.0283006,0.0240428,0.0260464,0.0333094,0.0255454,0.0310552,0.027549,0.032558,0.0288014,0.0300534,0.0300536,0.0430768,5.26926,5.35196,6.19864,5.31636,4.2305,4.78602,5.5322,5.29524,5.02132,5.83948,5.6852,5.43262,5.98314,5.65682,4.9188,4.27328,4.30592,5.07252,5.34176,6.0286,5.88472,5.64252,5.71876,5.59116,5.40868,6.19864,0.01010898,0.00891474,0.0116363,0.0108588,0.00810934,0.01080316,0.0131916,0.0165242,0.0164688,0.0147192,0.0176072,0.0160242,0.0164962,0.0156632,0.0148578,0.0123586,0.01035892,0.01102548,0.0125528,0.0134692,0.0131916,0.0167462,0.015802,0.0144692,0.0134972,0.0176072,0.317524,0.31583,0.335942,0.324018,0.249304,0.289944,0.36379,0.347676,0.350656,0.372016,0.367296,0.349034,0.409144,0.375222,0.326962,0.27534,0.264664,0.332356,0.343868,0.372656,0.385786,0.417786,0.389634,0.380842,0.356054,0.417786,98,11/2/2014 10:24,29,-110,548,61,461,2827.496498,35,-4,408,404,72,0,0,457.8,3.70E-31,-5.709526074,40,0,0,548,-0.007316974
36,11/2/2014 21:14,11/2/2014 21:44,0.375484,387.858,412.768,366.034,380.742,397.348,420.596,424.154,425.338,447.402,416.562,400.67,420.596,383.354,342.312,345.396,364.848,406.836,410.156,434.354,420.358,400.906,399.246,417.75,380.03,387.62,447.402,1.25566,1.35426,1.15626,1.22226,1.22064,1.30374,1.25242,1.27604,1.29316,1.25158,1.2084,1.28498,1.19864,1.100838,1.045426,1.11958,1.27276,1.30538,1.30944,1.30454,1.28826,1.15786,1.28336,1.1473,1.012842,1.35426,0.020286,0.025796,0.0220394,0.0245436,0.0235418,0.0245438,0.024794,0.0245436,0.0262968,0.0257958,0.0250444,0.0255456,0.0430768,0.0283006,0.0240428,0.0260464,0.0333094,0.0255454,0.0310552,0.027549,0.032558,0.0288014,0.0300534,0.0300536,0.0235416,0.0430768,5.35196,6.19864,5.31636,4.2305,4.78602,5.5322,5.29524,5.02132,5.83948,5.6852,5.43262,5.98314,5.65682,4.9188,4.27328,4.30592,5.07252,5.34176,6.0286,5.88472,5.64252,5.71876,5.59116,5.40868,5.05972,6.19864,0.00891474,0.0116363,0.0108588,0.00810934,0.01080316,0.0131916,0.0165242,0.0164688,0.0147192,0.0176072,0.0160242,0.0164962,0.0156632,0.0148578,0.0123586,0.01035892,0.01102548,0.0125528,0.0134692,0.0131916,0.0167462,0.015802,0.0144692,0.0134972,0.0138024,0.0176072,0.31583,0.335942,0.324018,0.249304,0.289944,0.36379,0.347676,0.350656,0.372016,0.367296,0.349034,0.409144,0.375222,0.326962,0.27534,0.264664,0.332356,0.343868,0.372656,0.385786,0.417786,0.389634,0.380842,0.356054,0.340922,0.417786,98,11/2/2014 10:24,29,-110,548,61,461,2827.496498,35,-4,408,404,72,0,0,457.8,3.70E-31,-5.709526074,40,0,0,548,0.025448232
36,11/2/2014 21:19,11/2/2014 21:49,0.292206,412.768,366.034,380.742,397.348,420.596,424.154,425.338,447.402,416.562,400.67,420.596,383.354,342.312,345.396,364.848,406.836,410.156,434.354,420.358,400.906,399.246,417.75,380.03,387.62,388.808,447.402,1.35426,1.15626,1.22226,1.22064,1.30374,1.25242,1.27604,1.29316,1.25158,1.2084,1.28498,1.19864,1.100838,1.045426,1.11958,1.27276,1.30538,1.30944,1.30454,1.28826,1.15786,1.28336,1.1473,1.012842,1.131,1.35426,0.025796,0.0220394,0.0245436,0.0235418,0.0245438,0.024794,0.0245436,0.0262968,0.0257958,0.0250444,0.0255456,0.0430768,0.0283006,0.0240428,0.0260464,0.0333094,0.0255454,0.0310552,0.027549,0.032558,0.0288014,0.0300534,0.0300536,0.0235416,0.0215384,0.0430768,6.19864,5.31636,4.2305,4.78602,5.5322,5.29524,5.02132,5.83948,5.6852,5.43262,5.98314,5.65682,4.9188,4.27328,4.30592,5.07252,5.34176,6.0286,5.88472,5.64252,5.71876,5.59116,5.40868,5.05972,5.17506,6.19864,0.0116363,0.0108588,0.00810934,0.01080316,0.0131916,0.0165242,0.0164688,0.0147192,0.0176072,0.0160242,0.0164962,0.0156632,0.0148578,0.0123586,0.01035892,0.01102548,0.0125528,0.0134692,0.0131916,0.0167462,0.015802,0.0144692,0.0134972,0.0138024,0.0156632,0.0176072,0.335942,0.324018,0.249304,0.289944,0.36379,0.347676,0.350656,0.372016,0.367296,0.349034,0.409144,0.375222,0.326962,0.27534,0.264664,0.332356,0.343868,0.372656,0.385786,0.417786,0.389634,0.380842,0.356054,0.340922,0.34896,0.417786,98,11/2/2014 10:24,29,-110,548,61,461,2827.496498,35,-4,408,404,72,0,0,457.8,3.70E-31,-5.709526074,40,0,0,548,-0.04298309
36,11/2/2014 21:24,11/2/2014 21:54,0.249116,366.034,380.742,397.348,420.596,424.154,425.338,447.402,416.562,400.67,420.596,383.354,342.312,345.396,364.848,406.836,410.156,434.354,420.358,400.906,399.246,417.75,380.03,387.62,388.808,393.076,447.402,1.15626,1.22226,1.22064,1.30374,1.25242,1.27604,1.29316,1.25158,1.2084,1.28498,1.19864,1.100838,1.045426,1.11958,1.27276,1.30538,1.30944,1.30454,1.28826,1.15786,1.28336,1.1473,1.012842,1.131,1.09596,1.30944,0.0220394,0.0245436,0.0235418,0.0245438,0.024794,0.0245436,0.0262968,0.0257958,0.0250444,0.0255456,0.0430768,0.0283006,0.0240428,0.0260464,0.0333094,0.0255454,0.0310552,0.027549,0.032558,0.0288014,0.0300534,0.0300536,0.0235416,0.0215384,0.0257958,0.0430768,5.31636,4.2305,4.78602,5.5322,5.29524,5.02132,5.83948,5.6852,5.43262,5.98314,5.65682,4.9188,4.27328,4.30592,5.07252,5.34176,6.0286,5.88472,5.64252,5.71876,5.59116,5.40868,5.05972,5.17506,5.28652,6.0286,0.0108588,0.00810934,0.01080316,0.0131916,0.0165242,0.0164688,0.0147192,0.0176072,0.0160242,0.0164962,0.0156632,0.0148578,0.0123586,0.01035892,0.01102548,0.0125528,0.0134692,0.0131916,0.0167462,0.015802,0.0144692,0.0134972,0.0138024,0.0156632,0.016802,0.0176072,0.324018,0.249304,0.289944,0.36379,0.347676,0.350656,0.372016,0.367296,0.349034,0.409144,0.375222,0.326962,0.27534,0.264664,0.332356,0.343868,0.372656,0.385786,0.417786,0.389634,0.380842,0.356054,0.340922,0.34896,0.371786,0.417786,98,11/2/2014 10:24,29,-110,548,61,461,2827.496498,35,-4,408,404,72,0,0,457.8,3.70E-31,-5.709526074,40,0,0,548,-0.093677439
36,11/2/2014 21:29,11/2/2014 21:59,0.272094,380.742,397.348,420.596,424.154,425.338,447.402,416.562,400.67,420.596,383.354,342.312,345.396,364.848,406.836,410.156,434.354,420.358,400.906,399.246,417.75,380.03,387.62,388.808,393.076,375.522,447.402,1.22226,1.22064,1.30374,1.25242,1.27604,1.29316,1.25158,1.2084,1.28498,1.19864,1.100838,1.045426,1.11958,1.27276,1.30538,1.30944,1.30454,1.28826,1.15786,1.28336,1.1473,1.012842,1.131,1.09596,1.10084,1.30944,0.0245436,0.0235418,0.0245438,0.024794,0.0245436,0.0262968,0.0257958,0.0250444,0.0255456,0.0430768,0.0283006,0.0240428,0.0260464,0.0333094,0.0255454,0.0310552,0.027549,0.032558,0.0288014,0.0300534,0.0300536,0.0235416,0.0215384,0.0257958,0.0277994,0.0430768,4.2305,4.78602,5.5322,5.29524,5.02132,5.83948,5.6852,5.43262,5.98314,5.65682,4.9188,4.27328,4.30592,5.07252,5.34176,6.0286,5.88472,5.64252,5.71876,5.59116,5.40868,5.05972,5.17506,5.28652,5.60398,6.0286,0.00810934,0.01080316,0.0131916,0.0165242,0.0164688,0.0147192,0.0176072,0.0160242,0.0164962,0.0156632,0.0148578,0.0123586,0.01035892,0.01102548,0.0125528,0.0134692,0.0131916,0.0167462,0.015802,0.0144692,0.0134972,0.0138024,0.0156632,0.016802,0.016052,0.0176072,0.249304,0.289944,0.36379,0.347676,0.350656,0.372016,0.367296,0.349034,0.409144,0.375222,0.326962,0.27534,0.264664,0.332356,0.343868,0.372656,0.385786,0.417786,0.389634,0.380842,0.356054,0.340922,0.34896,0.371786,0.369448,0.417786,98,11/2/2014 10:24,29,-110,548,61,461,2827.496498,35,-4,408,404,72,0,0,457.8,3.70E-31,-5.709526074,40,0,0,548,-0.073743377
36,11/2/2014 21:34,11/2/2014 22:04,0.254058,397.348,420.596,424.154,425.338,447.402,416.562,400.67,420.596,383.354,342.312,345.396,364.848,406.836,410.156,434.354,420.358,400.906,399.246,417.75,380.03,387.62,388.808,393.076,375.522,391.654,447.402,1.22064,1.30374,1.25242,1.27604,1.29316,1.25158,1.2084,1.28498,1.19864,1.100838,1.045426,1.11958,1.27276,1.30538,1.30944,1.30454,1.28826,1.15786,1.28336,1.1473,1.012842,1.131,1.09596,1.10084,1.072326,1.30944,0.0235418,0.0245438,0.024794,0.0245436,0.0262968,0.0257958,0.0250444,0.0255456,0.0430768,0.0283006,0.0240428,0.0260464,0.0333094,0.0255454,0.0310552,0.027549,0.032558,0.0288014,0.0300534,0.0300536,0.0235416,0.0215384,0.0257958,0.0277994,0.0270482,0.0430768,4.78602,5.5322,5.29524,5.02132,5.83948,5.6852,5.43262,5.98314,5.65682,4.9188,4.27328,4.30592,5.07252,5.34176,6.0286,5.88472,5.64252,5.71876,5.59116,5.40868,5.05972,5.17506,5.28652,5.60398,4.98222,6.0286,0.01080316,0.0131916,0.0165242,0.0164688,0.0147192,0.0176072,0.0160242,0.0164962,0.0156632,0.0148578,0.0123586,0.01035892,0.01102548,0.0125528,0.0134692,0.0131916,0.0167462,0.015802,0.0144692,0.0134972,0.0138024,0.0156632,0.016802,0.016052,0.0140802,0.0176072,0.289944,0.36379,0.347676,0.350656,0.372016,0.367296,0.349034,0.409144,0.375222,0.326962,0.27534,0.264664,0.332356,0.343868,0.372656,0.385786,0.417786,0.389634,0.380842,0.356054,0.340922,0.34896,0.371786,0.369448,0.331714,0.417786,98,11/2/2014 10:24,29,-110,548,61,461,2827.496498,35,-4,408,404,72,0,0,457.8,3.70E-31,-5.709526074,40,0,0,548,-0.060082141
36,11/2/2014 21:39,11/2/2014 22:09,0.243268,420.596,424.154,425.338,447.402,416.562,400.67,420.596,383.354,342.312,345.396,364.848,406.836,410.156,434.354,420.358,400.906,399.246,417.75,380.03,387.62,388.808,393.076,375.522,391.654,380.268,447.402,1.30374,1.25242,1.27604,1.29316,1.25158,1.2084,1.28498,1.19864,1.100838,1.045426,1.11958,1.27276,1.30538,1.30944,1.30454,1.28826,1.15786,1.28336,1.1473,1.012842,1.131,1.09596,1.10084,1.072326,1.1318,1.30944,0.0245438,0.024794,0.0245436,0.0262968,0.0257958,0.0250444,0.0255456,0.0430768,0.0283006,0.0240428,0.0260464,0.0333094,0.0255454,0.0310552,0.027549,0.032558,0.0288014,0.0300534,0.0300536,0.0235416,0.0215384,0.0257958,0.0277994,0.0270482,0.024794,0.0430768,5.5322,5.29524,5.02132,5.83948,5.6852,5.43262,5.98314,5.65682,4.9188,4.27328,4.30592,5.07252,5.34176,6.0286,5.88472,5.64252,5.71876,5.59116,5.40868,5.05972,5.17506,5.28652,5.60398,4.98222,5.5007,6.0286,0.0131916,0.0165242,0.0164688,0.0147192,0.0176072,0.0160242,0.0164962,0.0156632,0.0148578,0.0123586,0.01035892,0.01102548,0.0125528,0.0134692,0.0131916,0.0167462,0.015802,0.0144692,0.0134972,0.0138024,0.0156632,0.016802,0.016052,0.0140802,0.01255284,0.0176072,0.36379,0.347676,0.350656,0.372016,0.367296,0.349034,0.409144,0.375222,0.326962,0.27534,0.264664,0.332356,0.343868,0.372656,0.385786,0.417786,0.389634,0.380842,0.356054,0.340922,0.34896,0.371786,0.369448,0.331714,0.346168,0.417786,98,11/2/2014 10:24,29,-110,548,61,461,2827.496498,35,-4,408,404,72,0,0,457.8,3.70E-31,-5.709526074,41,1,0,548,-0.079518641
36,11/2/2014 21:44,11/2/2014 22:14,0.252324,424.154,425.338,447.402,416.562,400.67,420.596,383.354,342.312,345.396,364.848,406.836,410.156,434.354,420.358,400.906,399.246,417.75,380.03,387.62,388.808,393.076,375.522,391.654,380.268,364.374,447.402,1.25242,1.27604,1.29316,1.25158,1.2084,1.28498,1.19864,1.100838,1.045426,1.11958,1.27276,1.30538,1.30944,1.30454,1.28826,1.15786,1.28336,1.1473,1.012842,1.131,1.09596,1.10084,1.072326,1.1318,1.1261,1.30944,0.024794,0.0245436,0.0262968,0.0257958,0.0250444,0.0255456,0.0430768,0.0283006,0.0240428,0.0260464,0.0333094,0.0255454,0.0310552,0.027549,0.032558,0.0288014,0.0300534,0.0300536,0.0235416,0.0215384,0.0257958,0.0277994,0.0270482,0.024794,0.023041,0.0430768,5.29524,5.02132,5.83948,5.6852,5.43262,5.98314,5.65682,4.9188,4.27328,4.30592,5.07252,5.34176,6.0286,5.88472,5.64252,5.71876,5.59116,5.40868,5.05972,5.17506,5.28652,5.60398,4.98222,5.5007,5.6887,6.0286,0.0165242,0.0164688,0.0147192,0.0176072,0.0160242,0.0164962,0.0156632,0.0148578,0.0123586,0.01035892,0.01102548,0.0125528,0.0134692,0.0131916,0.0167462,0.015802,0.0144692,0.0134972,0.0138024,0.0156632,0.016802,0.016052,0.0140802,0.01255284,0.0140246,0.0176072,0.347676,0.350656,0.372016,0.367296,0.349034,0.409144,0.375222,0.326962,0.27534,0.264664,0.332356,0.343868,0.372656,0.385786,0.417786,0.389634,0.380842,0.356054,0.340922,0.34896,0.371786,0.369448,0.331714,0.346168,0.375484,0.417786,98,11/2/2014 10:24,29,-110,548,61,461,2827.496498,35,-4,408,404,72,0,0,457.8,3.70E-31,-5.709526074,41,1,0,548,-0.093804644
36,11/2/2014 21:49,11/2/2014 22:19,0.256286,425.338,447.402,416.562,400.67,420.596,383.354,342.312,345.396,364.848,406.836,410.156,434.354,420.358,400.906,399.246,417.75,380.03,387.62,388.808,393.076,375.522,391.654,380.268,364.374,356.072,447.402,1.27604,1.29316,1.25158,1.2084,1.28498,1.19864,1.100838,1.045426,1.11958,1.27276,1.30538,1.30944,1.30454,1.28826,1.15786,1.28336,1.1473,1.012842,1.131,1.09596,1.10084,1.072326,1.1318,1.1261,1.044626,1.30944,0.0245436,0.0262968,0.0257958,0.0250444,0.0255456,0.0430768,0.0283006,0.0240428,0.0260464,0.0333094,0.0255454,0.0310552,0.027549,0.032558,0.0288014,0.0300534,0.0300536,0.0235416,0.0215384,0.0257958,0.0277994,0.0270482,0.024794,0.023041,0.0200356,0.0430768,5.02132,5.83948,5.6852,5.43262,5.98314,5.65682,4.9188,4.27328,4.30592,5.07252,5.34176,6.0286,5.88472,5.64252,5.71876,5.59116,5.40868,5.05972,5.17506,5.28652,5.60398,4.98222,5.5007,5.6887,4.59706,6.0286,0.0164688,0.0147192,0.0176072,0.0160242,0.0164962,0.0156632,0.0148578,0.0123586,0.01035892,0.01102548,0.0125528,0.0134692,0.0131916,0.0167462,0.015802,0.0144692,0.0134972,0.0138024,0.0156632,0.016802,0.016052,0.0140802,0.01255284,0.0140246,0.0121641,0.0176072,0.350656,0.372016,0.367296,0.349034,0.409144,0.375222,0.326962,0.27534,0.264664,0.332356,0.343868,0.372656,0.385786,0.417786,0.389634,0.380842,0.356054,0.340922,0.34896,0.371786,0.369448,0.331714,0.346168,0.375484,0.292206,0.417786,98,11/2/2014 10:24,29,-110,548,61,461,2827.496498,35,-4,408,404,72,0,0,457.8,3.70E-31,-5.709526074,41,1,0,548,-0.028191086
36,11/2/2014 21:54,11/2/2014 22:24,0.258926,447.402,416.562,400.67,420.596,383.354,342.312,345.396,364.848,406.836,410.156,434.354,420.358,400.906,399.246,417.75,380.03,387.62,388.808,393.076,375.522,391.654,380.268,364.374,356.072,337.806,447.402,1.29316,1.25158,1.2084,1.28498,1.19864,1.100838,1.045426,1.11958,1.27276,1.30538,1.30944,1.30454,1.28826,1.15786,1.28336,1.1473,1.012842,1.131,1.09596,1.10084,1.072326,1.1318,1.1261,1.044626,0.974546,1.30944,0.0262968,0.0257958,0.0250444,0.0255456,0.0430768,0.0283006,0.0240428,0.0260464,0.0333094,0.0255454,0.0310552,0.027549,0.032558,0.0288014,0.0300534,0.0300536,0.0235416,0.0215384,0.0257958,0.0277994,0.0270482,0.024794,0.023041,0.0200356,0.0222898,0.0430768,5.83948,5.6852,5.43262,5.98314,5.65682,4.9188,4.27328,4.30592,5.07252,5.34176,6.0286,5.88472,5.64252,5.71876,5.59116,5.40868,5.05972,5.17506,5.28652,5.60398,4.98222,5.5007,5.6887,4.59706,3.95474,6.0286,0.0147192,0.0176072,0.0160242,0.0164962,0.0156632,0.0148578,0.0123586,0.01035892,0.01102548,0.0125528,0.0134692,0.0131916,0.0167462,0.015802,0.0144692,0.0134972,0.0138024,0.0156632,0.016802,0.016052,0.0140802,0.01255284,0.0140246,0.0121641,0.0091926,0.0176072,0.372016,0.367296,0.349034,0.409144,0.375222,0.326962,0.27534,0.264664,0.332356,0.343868,0.372656,0.385786,0.417786,0.389634,0.380842,0.356054,0.340922,0.34896,0.371786,0.369448,0.331714,0.346168,0.375484,0.292206,0.249116,0.417786,98,11/2/2014 10:24,29,-110,548,61,461,2827.496498,35,-4,408,404,72,0,0,457.8,3.70E-31,-5.709526074,41,1,0,548,0.007822875
36,11/2/2014 21:59,11/2/2014 22:29,0.29134,416.562,400.67,420.596,383.354,342.312,345.396,364.848,406.836,410.156,434.354,420.358,400.906,399.246,417.75,380.03,387.62,388.808,393.076,375.522,391.654,380.268,364.374,356.072,337.806,346.582,434.354,1.25158,1.2084,1.28498,1.19864,1.100838,1.045426,1.11958,1.27276,1.30538,1.30944,1.30454,1.28826,1.15786,1.28336,1.1473,1.012842,1.131,1.09596,1.10084,1.072326,1.1318,1.1261,1.044626,0.974546,0.943582,1.30944,0.0257958,0.0250444,0.0255456,0.0430768,0.0283006,0.0240428,0.0260464,0.0333094,0.0255454,0.0310552,0.027549,0.032558,0.0288014,0.0300534,0.0300536,0.0235416,0.0215384,0.0257958,0.0277994,0.0270482,0.024794,0.023041,0.0200356,0.0222898,0.0220392,0.0430768,5.6852,5.43262,5.98314,5.65682,4.9188,4.27328,4.30592,5.07252,5.34176,6.0286,5.88472,5.64252,5.71876,5.59116,5.40868,5.05972,5.17506,5.28652,5.60398,4.98222,5.5007,5.6887,4.59706,3.95474,4.47488,6.0286,0.0176072,0.0160242,0.0164962,0.0156632,0.0148578,0.0123586,0.01035892,0.01102548,0.0125528,0.0134692,0.0131916,0.0167462,0.015802,0.0144692,0.0134972,0.0138024,0.0156632,0.016802,0.016052,0.0140802,0.01255284,0.0140246,0.0121641,0.0091926,0.00949796,0.0176072,0.367296,0.349034,0.409144,0.375222,0.326962,0.27534,0.264664,0.332356,0.343868,0.372656,0.385786,0.417786,0.389634,0.380842,0.356054,0.340922,0.34896,0.371786,0.369448,0.331714,0.346168,0.375484,0.292206,0.249116,0.272094,0.417786,98,11/2/2014 10:24,29,-110,548,61,461,2827.496498,35,-4,408,404,72,0,0,457.8,3.70E-31,-5.709526074,41,1,0,548,0.015016077
36,11/2/2014 22:04,11/2/2014 22:34,0.370544,400.67,420.596,383.354,342.312,345.396,364.848,406.836,410.156,434.354,420.358,400.906,399.246,417.75,380.03,387.62,388.808,393.076,375.522,391.654,380.268,364.374,356.072,337.806,346.582,338.276,434.354,1.2084,1.28498,1.19864,1.100838,1.045426,1.11958,1.27276,1.30538,1.30944,1.30454,1.28826,1.15786,1.28336,1.1473,1.012842,1.131,1.09596,1.10084,1.072326,1.1318,1.1261,1.044626,0.974546,0.943582,0.948468,1.30944,0.0250444,0.0255456,0.0430768,0.0283006,0.0240428,0.0260464,0.0333094,0.0255454,0.0310552,0.027549,0.032558,0.0288014,0.0300534,0.0300536,0.0235416,0.0215384,0.0257958,0.0277994,0.0270482,0.024794,0.023041,0.0200356,0.0222898,0.0220392,0.01452584,0.0430768,5.43262,5.98314,5.65682,4.9188,4.27328,4.30592,5.07252,5.34176,6.0286,5.88472,5.64252,5.71876,5.59116,5.40868,5.05972,5.17506,5.28652,5.60398,4.98222,5.5007,5.6887,4.59706,3.95474,4.47488,4.1893,6.0286,0.0160242,0.0164962,0.0156632,0.0148578,0.0123586,0.01035892,0.01102548,0.0125528,0.0134692,0.0131916,0.0167462,0.015802,0.0144692,0.0134972,0.0138024,0.0156632,0.016802,0.016052,0.0140802,0.01255284,0.0140246,0.0121641,0.0091926,0.00949796,0.00897022,0.016802,0.349034,0.409144,0.375222,0.326962,0.27534,0.264664,0.332356,0.343868,0.372656,0.385786,0.417786,0.389634,0.380842,0.356054,0.340922,0.34896,0.371786,0.369448,0.331714,0.346168,0.375484,0.292206,0.249116,0.272094,0.254058,0.417786,98,11/2/2014 10:24,29,-110,548,61,461,2827.496498,35,-4,408,404,72,0,0,457.8,3.70E-31,-5.709526074,41,1,0,548,0.088823048
36,11/2/2014 22:09,11/2/2014 22:39,0.317414,420.596,383.354,342.312,345.396,364.848,406.836,410.156,434.354,420.358,400.906,399.246,417.75,380.03,387.62,388.808,393.076,375.522,391.654,380.268,364.374,356.072,337.806,346.582,338.276,327.128,434.354,1.28498,1.19864,1.100838,1.045426,1.11958,1.27276,1.30538,1.30944,1.30454,1.28826,1.15786,1.28336,1.1473,1.012842,1.131,1.09596,1.10084,1.072326,1.1318,1.1261,1.044626,0.974546,0.943582,0.948468,0.87269,1.30944,0.0255456,0.0430768,0.0283006,0.0240428,0.0260464,0.0333094,0.0255454,0.0310552,0.027549,0.032558,0.0288014,0.0300534,0.0300536,0.0235416,0.0215384,0.0257958,0.0277994,0.0270482,0.024794,0.023041,0.0200356,0.0222898,0.0220392,0.01452584,0.020787,0.0430768,5.98314,5.65682,4.9188,4.27328,4.30592,5.07252,5.34176,6.0286,5.88472,5.64252,5.71876,5.59116,5.40868,5.05972,5.17506,5.28652,5.60398,4.98222,5.5007,5.6887,4.59706,3.95474,4.47488,4.1893,4.03798,6.0286,0.0164962,0.0156632,0.0148578,0.0123586,0.01035892,0.01102548,0.0125528,0.0134692,0.0131916,0.0167462,0.015802,0.0144692,0.0134972,0.0138024,0.0156632,0.016802,0.016052,0.0140802,0.01255284,0.0140246,0.0121641,0.0091926,0.00949796,0.00897022,0.00869256,0.016802,0.409144,0.375222,0.326962,0.27534,0.264664,0.332356,0.343868,0.372656,0.385786,0.417786,0.389634,0.380842,0.356054,0.340922,0.34896,0.371786,0.369448,0.331714,0.346168,0.375484,0.292206,0.249116,0.272094,0.254058,0.243268,0.417786,98,11/2/2014 21:36,49,-109,151,54,289,1637.597313,45,-17.2,178,0,90,0,0,462.5,1.37E-41,-4.405312604,41,1,0,548,0.057927327
36,11/2/2014 22:14,11/2/2014 22:44,0.328318,383.354,342.312,345.396,364.848,406.836,410.156,434.354,420.358,400.906,399.246,417.75,380.03,387.62,388.808,393.076,375.522,391.654,380.268,364.374,356.072,337.806,346.582,338.276,327.128,327.128,434.354,1.19864,1.100838,1.045426,1.11958,1.27276,1.30538,1.30944,1.30454,1.28826,1.15786,1.28336,1.1473,1.012842,1.131,1.09596,1.10084,1.072326,1.1318,1.1261,1.044626,0.974546,0.943582,0.948468,0.87269,0.959874,1.30944,0.0430768,0.0283006,0.0240428,0.0260464,0.0333094,0.0255454,0.0310552,0.027549,0.032558,0.0288014,0.0300534,0.0300536,0.0235416,0.0215384,0.0257958,0.0277994,0.0270482,0.024794,0.023041,0.0200356,0.0222898,0.0220392,0.01452584,0.020787,0.019785,0.0430768,5.65682,4.9188,4.27328,4.30592,5.07252,5.34176,6.0286,5.88472,5.64252,5.71876,5.59116,5.40868,5.05972,5.17506,5.28652,5.60398,4.98222,5.5007,5.6887,4.59706,3.95474,4.47488,4.1893,4.03798,4.04802,6.0286,0.0156632,0.0148578,0.0123586,0.01035892,0.01102548,0.0125528,0.0134692,0.0131916,0.0167462,0.015802,0.0144692,0.0134972,0.0138024,0.0156632,0.016802,0.016052,0.0140802,0.01255284,0.0140246,0.0121641,0.0091926,0.00949796,0.00897022,0.00869256,0.0087203,0.016802,0.375222,0.326962,0.27534,0.264664,0.332356,0.343868,0.372656,0.385786,0.417786,0.389634,0.380842,0.356054,0.340922,0.34896,0.371786,0.369448,0.331714,0.346168,0.375484,0.292206,0.249116,0.272094,0.254058,0.243268,0.252324,0.417786,98,11/2/2014 21:36,49,-109,151,54,289,1637.597313,45,-17.2,178,0,90,0,0,462.5,1.37E-41,-4.405312604,41,1,0,548,0.058912455
36,11/2/2014 22:19,11/2/2014 22:49,0.324846,342.312,345.396,364.848,406.836,410.156,434.354,420.358,400.906,399.246,417.75,380.03,387.62,388.808,393.076,375.522,391.654,380.268,364.374,356.072,337.806,346.582,338.276,327.128,327.128,325.468,434.354,1.100838,1.045426,1.11958,1.27276,1.30538,1.30944,1.30454,1.28826,1.15786,1.28336,1.1473,1.012842,1.131,1.09596,1.10084,1.072326,1.1318,1.1261,1.044626,0.974546,0.943582,0.948468,0.87269,0.959874,0.945216,1.30944,0.0283006,0.0240428,0.0260464,0.0333094,0.0255454,0.0310552,0.027549,0.032558,0.0288014,0.0300534,0.0300536,0.0235416,0.0215384,0.0257958,0.0277994,0.0270482,0.024794,0.023041,0.0200356,0.0222898,0.0220392,0.01452584,0.020787,0.019785,0.0200356,0.0333094,4.9188,4.27328,4.30592,5.07252,5.34176,6.0286,5.88472,5.64252,5.71876,5.59116,5.40868,5.05972,5.17506,5.28652,5.60398,4.98222,5.5007,5.6887,4.59706,3.95474,4.47488,4.1893,4.03798,4.04802,4.1841,6.0286,0.0148578,0.0123586,0.01035892,0.01102548,0.0125528,0.0134692,0.0131916,0.0167462,0.015802,0.0144692,0.0134972,0.0138024,0.0156632,0.016802,0.016052,0.0140802,0.01255284,0.0140246,0.0121641,0.0091926,0.00949796,0.00897022,0.00869256,0.0087203,0.00908144,0.016802,0.326962,0.27534,0.264664,0.332356,0.343868,0.372656,0.385786,0.417786,0.389634,0.380842,0.356054,0.340922,0.34896,0.371786,0.369448,0.331714,0.346168,0.375484,0.292206,0.249116,0.272094,0.254058,0.243268,0.252324,0.256286,0.417786,98,11/2/2014 21:36,49,-109,151,54,289,1637.597313,45,-17.2,178,0,90,0,0,462.5,1.37E-41,-4.405312604,41,1,0,548,0.053136477
36,11/2/2014 22:24,11/2/2014 22:54,0.340016,345.396,364.848,406.836,410.156,434.354,420.358,400.906,399.246,417.75,380.03,387.62,388.808,393.076,375.522,391.654,380.268,364.374,356.072,337.806,346.582,338.276,327.128,327.128,325.468,324.284,434.354,1.045426,1.11958,1.27276,1.30538,1.30944,1.30454,1.28826,1.15786,1.28336,1.1473,1.012842,1.131,1.09596,1.10084,1.072326,1.1318,1.1261,1.044626,0.974546,0.943582,0.948468,0.87269,0.959874,0.945216,0.931362,1.30944,0.0240428,0.0260464,0.0333094,0.0255454,0.0310552,0.027549,0.032558,0.0288014,0.0300534,0.0300536,0.0235416,0.0215384,0.0257958,0.0277994,0.0270482,0.024794,0.023041,0.0200356,0.0222898,0.0220392,0.01452584,0.020787,0.019785,0.0200356,0.0235418,0.0333094,4.27328,4.30592,5.07252,5.34176,6.0286,5.88472,5.64252,5.71876,5.59116,5.40868,5.05972,5.17506,5.28652,5.60398,4.98222,5.5007,5.6887,4.59706,3.95474,4.47488,4.1893,4.03798,4.04802,4.1841,4.21768,6.0286,0.0123586,0.01035892,0.01102548,0.0125528,0.0134692,0.0131916,0.0167462,0.015802,0.0144692,0.0134972,0.0138024,0.0156632,0.016802,0.016052,0.0140802,0.01255284,0.0140246,0.0121641,0.0091926,0.00949796,0.00897022,0.00869256,0.0087203,0.00908144,0.00969232,0.016802,0.27534,0.264664,0.332356,0.343868,0.372656,0.385786,0.417786,0.389634,0.380842,0.356054,0.340922,0.34896,0.371786,0.369448,0.331714,0.346168,0.375484,0.292206,0.249116,0.272094,0.254058,0.243268,0.252324,0.256286,0.258926,0.417786,98,11/2/2014 21:36,49,-109,151,54,289,1637.597313,45,-17.2,178,0,90,0,0,462.5,1.37E-41,-4.405312604,41,1,0,548,0.062422578
36,11/2/2014 22:29,11/2/2014 22:59,0.35292,364.848,406.836,410.156,434.354,420.358,400.906,399.246,417.75,380.03,387.62,388.808,393.076,375.522,391.654,380.268,364.374,356.072,337.806,346.582,338.276,327.128,327.128,325.468,324.284,337.332,434.354,1.11958,1.27276,1.30538,1.30944,1.30454,1.28826,1.15786,1.28336,1.1473,1.012842,1.131,1.09596,1.10084,1.072326,1.1318,1.1261,1.044626,0.974546,0.943582,0.948468,0.87269,0.959874,0.945216,0.931362,0.96722,1.30944,0.0260464,0.0333094,0.0255454,0.0310552,0.027549,0.032558,0.0288014,0.0300534,0.0300536,0.0235416,0.0215384,0.0257958,0.0277994,0.0270482,0.024794,0.023041,0.0200356,0.0222898,0.0220392,0.01452584,0.020787,0.019785,0.0200356,0.0235418,0.021288,0.0333094,4.30592,5.07252,5.34176,6.0286,5.88472,5.64252,5.71876,5.59116,5.40868,5.05972,5.17506,5.28652,5.60398,4.98222,5.5007,5.6887,4.59706,3.95474,4.47488,4.1893,4.03798,4.04802,4.1841,4.21768,4.97758,6.0286,0.01035892,0.01102548,0.0125528,0.0134692,0.0131916,0.0167462,0.015802,0.0144692,0.0134972,0.0138024,0.0156632,0.016802,0.016052,0.0140802,0.01255284,0.0140246,0.0121641,0.0091926,0.00949796,0.00897022,0.00869256,0.0087203,0.00908144,0.00969232,0.00933126,0.016802,0.264664,0.332356,0.343868,0.372656,0.385786,0.417786,0.389634,0.380842,0.356054,0.340922,0.34896,0.371786,0.369448,0.331714,0.346168,0.375484,0.292206,0.249116,0.272094,0.254058,0.243268,0.252324,0.256286,0.258926,0.29134,0.417786,98,11/2/2014 21:36,49,-109,151,54,289,1637.597313,45,-17.2,178,0,90,0,0,462.5,1.37E-41,-4.405312604,41,1,0,548,0.046584781
36,11/2/2014 22:34,11/2/2014 23:04,0.308094,406.836,410.156,434.354,420.358,400.906,399.246,417.75,380.03,387.62,388.808,393.076,375.522,391.654,380.268,364.374,356.072,337.806,346.582,338.276,327.128,327.128,325.468,324.284,337.332,349.194,434.354,1.27276,1.30538,1.30944,1.30454,1.28826,1.15786,1.28336,1.1473,1.012842,1.131,1.09596,1.10084,1.072326,1.1318,1.1261,1.044626,0.974546,0.943582,0.948468,0.87269,0.959874,0.945216,0.931362,0.96722,1.025888,1.30944,0.0333094,0.0255454,0.0310552,0.027549,0.032558,0.0288014,0.0300534,0.0300536,0.0235416,0.0215384,0.0257958,0.0277994,0.0270482,0.024794,0.023041,0.0200356,0.0222898,0.0220392,0.01452584,0.020787,0.019785,0.0200356,0.0235418,0.021288,0.0275492,0.0333094,5.07252,5.34176,6.0286,5.88472,5.64252,5.71876,5.59116,5.40868,5.05972,5.17506,5.28652,5.60398,4.98222,5.5007,5.6887,4.59706,3.95474,4.47488,4.1893,4.03798,4.04802,4.1841,4.21768,4.97758,6.07442,6.07442,0.01102548,0.0125528,0.0134692,0.0131916,0.0167462,0.015802,0.0144692,0.0134972,0.0138024,0.0156632,0.016802,0.016052,0.0140802,0.01255284,0.0140246,0.0121641,0.0091926,0.00949796,0.00897022,0.00869256,0.0087203,0.00908144,0.00969232,0.00933126,0.0121642,0.016802,0.332356,0.343868,0.372656,0.385786,0.417786,0.389634,0.380842,0.356054,0.340922,0.34896,0.371786,0.369448,0.331714,0.346168,0.375484,0.292206,0.249116,0.272094,0.254058,0.243268,0.252324,0.256286,0.258926,0.29134,0.370544,0.417786,98,11/2/2014 21:36,49,-109,151,54,289,1637.597313,45,-17.2,178,0,90,0,0,462.5,1.37E-41,-4.405312604,41,1,0,548,-0.046636625
36,11/2/2014 22:39,11/2/2014 23:09,0.27553,410.156,434.354,420.358,400.906,399.246,417.75,380.03,387.62,388.808,393.076,375.522,391.654,380.268,364.374,356.072,337.806,346.582,338.276,327.128,327.128,325.468,324.284,337.332,349.194,337.33,434.354,1.30538,1.30944,1.30454,1.28826,1.15786,1.28336,1.1473,1.012842,1.131,1.09596,1.10084,1.072326,1.1318,1.1261,1.044626,0.974546,0.943582,0.948468,0.87269,0.959874,0.945216,0.931362,0.96722,1.025888,0.972092,1.30944,0.0255454,0.0310552,0.027549,0.032558,0.0288014,0.0300534,0.0300536,0.0235416,0.0215384,0.0257958,0.0277994,0.0270482,0.024794,0.023041,0.0200356,0.0222898,0.0220392,0.01452584,0.020787,0.019785,0.0200356,0.0235418,0.021288,0.0275492,0.0222898,0.032558,5.34176,6.0286,5.88472,5.64252,5.71876,5.59116,5.40868,5.05972,5.17506,5.28652,5.60398,4.98222,5.5007,5.6887,4.59706,3.95474,4.47488,4.1893,4.03798,4.04802,4.1841,4.21768,4.97758,6.07442,4.9709,6.07442,0.0125528,0.0134692,0.0131916,0.0167462,0.015802,0.0144692,0.0134972,0.0138024,0.0156632,0.016802,0.016052,0.0140802,0.01255284,0.0140246,0.0121641,0.0091926,0.00949796,0.00897022,0.00869256,0.0087203,0.00908144,0.00969232,0.00933126,0.0121642,0.01052548,0.016802,0.343868,0.372656,0.385786,0.417786,0.389634,0.380842,0.356054,0.340922,0.34896,0.371786,0.369448,0.331714,0.346168,0.375484,0.292206,0.249116,0.272094,0.254058,0.243268,0.252324,0.256286,0.258926,0.29134,0.370544,0.317414,0.417786,98,11/2/2014 21:36,49,-109,151,54,289,1637.597313,45,-17.2,178,0,90,0,0,462.5,1.37E-41,-4.405312604,41,1,0,548,-0.032308946
36,11/2/2014 22:44,11/2/2014 23:14,0.27738,434.354,420.358,400.906,399.246,417.75,380.03,387.62,388.808,393.076,375.522,391.654,380.268,364.374,356.072,337.806,346.582,338.276,327.128,327.128,325.468,324.284,337.332,349.194,337.33,344.684,434.354,1.30944,1.30454,1.28826,1.15786,1.28336,1.1473,1.012842,1.131,1.09596,1.10084,1.072326,1.1318,1.1261,1.044626,0.974546,0.943582,0.948468,0.87269,0.959874,0.945216,0.931362,0.96722,1.025888,0.972092,1.028318,1.30944,0.0310552,0.027549,0.032558,0.0288014,0.0300534,0.0300536,0.0235416,0.0215384,0.0257958,0.0277994,0.0270482,0.024794,0.023041,0.0200356,0.0222898,0.0220392,0.01452584,0.020787,0.019785,0.0200356,0.0235418,0.021288,0.0275492,0.0222898,0.0200358,0.032558,6.0286,5.88472,5.64252,5.71876,5.59116,5.40868,5.05972,5.17506,5.28652,5.60398,4.98222,5.5007,5.6887,4.59706,3.95474,4.47488,4.1893,4.03798,4.04802,4.1841,4.21768,4.97758,6.07442,4.9709,4.89692,6.07442,0.0134692,0.0131916,0.0167462,0.015802,0.0144692,0.0134972,0.0138024,0.0156632,0.016802,0.016052,0.0140802,0.01255284,0.0140246,0.0121641,0.0091926,0.00949796,0.00897022,0.00869256,0.0087203,0.00908144,0.00969232,0.00933126,0.0121642,0.01052548,0.01152524,0.016802,0.372656,0.385786,0.417786,0.389634,0.380842,0.356054,0.340922,0.34896,0.371786,0.369448,0.331714,0.346168,0.375484,0.292206,0.249116,0.272094,0.254058,0.243268,0.252324,0.256286,0.258926,0.29134,0.370544,0.317414,0.328318,0.417786,98,11/2/2014 21:36,49,-109,151,54,289,1637.597313,45,-17.2,178,0,90,0,0,462.5,1.37E-41,-4.405312604,41,1,0,548,-0.039102375
36,11/2/2014 22:49,11/2/2014 23:19,0.28689,420.358,400.906,399.246,417.75,380.03,387.62,388.808,393.076,375.522,391.654,380.268,364.374,356.072,337.806,346.582,338.276,327.128,327.128,325.468,324.284,337.332,349.194,337.33,344.684,351.088,420.358,1.30454,1.28826,1.15786,1.28336,1.1473,1.012842,1.131,1.09596,1.10084,1.072326,1.1318,1.1261,1.044626,0.974546,0.943582,0.948468,0.87269,0.959874,0.945216,0.931362,0.96722,1.025888,0.972092,1.028318,1.025068,1.30454,0.027549,0.032558,0.0288014,0.0300534,0.0300536,0.0235416,0.0215384,0.0257958,0.0277994,0.0270482,0.024794,0.023041,0.0200356,0.0222898,0.0220392,0.01452584,0.020787,0.019785,0.0200356,0.0235418,0.021288,0.0275492,0.0222898,0.0200358,0.0245436,0.032558,5.88472,5.64252,5.71876,5.59116,5.40868,5.05972,5.17506,5.28652,5.60398,4.98222,5.5007,5.6887,4.59706,3.95474,4.47488,4.1893,4.03798,4.04802,4.1841,4.21768,4.97758,6.07442,4.9709,4.89692,5.49862,6.07442,0.0131916,0.0167462,0.015802,0.0144692,0.0134972,0.0138024,0.0156632,0.016802,0.016052,0.0140802,0.01255284,0.0140246,0.0121641,0.0091926,0.00949796,0.00897022,0.00869256,0.0087203,0.00908144,0.00969232,0.00933126,0.0121642,0.01052548,0.01152524,0.01147002,0.016802,0.385786,0.417786,0.389634,0.380842,0.356054,0.340922,0.34896,0.371786,0.369448,0.331714,0.346168,0.375484,0.292206,0.249116,0.272094,0.254058,0.243268,0.252324,0.256286,0.258926,0.29134,0.370544,0.317414,0.328318,0.324846,0.417786,98,11/2/2014 21:36,49,-109,151,54,289,1637.597313,45,-17.2,178,0,90,0,0,462.5,1.37E-41,-4.405312604,41,1,0,548,-0.029067771
36,11/2/2014 22:54,11/2/2014 23:24,0.313792,400.906,399.246,417.75,380.03,387.62,388.808,393.076,375.522,391.654,380.268,364.374,356.072,337.806,346.582,338.276,327.128,327.128,325.468,324.284,337.332,349.194,337.33,344.684,351.088,338.992,417.75,1.28826,1.15786,1.28336,1.1473,1.012842,1.131,1.09596,1.10084,1.072326,1.1318,1.1261,1.044626,0.974546,0.943582,0.948468,0.87269,0.959874,0.945216,0.931362,0.96722,1.025888,0.972092,1.028318,1.025068,1.00632,1.28826,0.032558,0.0288014,0.0300534,0.0300536,0.0235416,0.0215384,0.0257958,0.0277994,0.0270482,0.024794,0.023041,0.0200356,0.0222898,0.0220392,0.01452584,0.020787,0.019785,0.0200356,0.0235418,0.021288,0.0275492,0.0222898,0.0200358,0.0245436,0.0293022,0.032558,5.64252,5.71876,5.59116,5.40868,5.05972,5.17506,5.28652,5.60398,4.98222,5.5007,5.6887,4.59706,3.95474,4.47488,4.1893,4.03798,4.04802,4.1841,4.21768,4.97758,6.07442,4.9709,4.89692,5.49862,5.42632,6.07442,0.0167462,0.015802,0.0144692,0.0134972,0.0138024,0.0156632,0.016802,0.016052,0.0140802,0.01255284,0.0140246,0.0121641,0.0091926,0.00949796,0.00897022,0.00869256,0.0087203,0.00908144,0.00969232,0.00933126,0.0121642,0.01052548,0.01152524,0.01147002,0.0121086,0.016802,0.417786,0.389634,0.380842,0.356054,0.340922,0.34896,0.371786,0.369448,0.331714,0.346168,0.375484,0.292206,0.249116,0.272094,0.254058,0.243268,0.252324,0.256286,0.258926,0.29134,0.370544,0.317414,0.328318,0.324846,0.340016,0.417786,98,11/2/2014 21:36,49,-109,151,54,289,1637.597313,45,-17.2,178,0,90,0,0,462.5,1.37E-41,-4.405312604,41,1,0,548,-0.019763942
36,11/2/2014 22:59,11/2/2014 23:29,0.293152,399.246,417.75,380.03,387.62,388.808,393.076,375.522,391.654,380.268,364.374,356.072,337.806,346.582,338.276,327.128,327.128,325.468,324.284,337.332,349.194,337.33,344.684,351.088,338.992,338.752,417.75,1.15786,1.28336,1.1473,1.012842,1.131,1.09596,1.10084,1.072326,1.1318,1.1261,1.044626,0.974546,0.943582,0.948468,0.87269,0.959874,0.945216,0.931362,0.96722,1.025888,0.972092,1.028318,1.025068,1.00632,1.021,1.28336,0.0288014,0.0300534,0.0300536,0.0235416,0.0215384,0.0257958,0.0277994,0.0270482,0.024794,0.023041,0.0200356,0.0222898,0.0220392,0.01452584,0.020787,0.019785,0.0200356,0.0235418,0.021288,0.0275492,0.0222898,0.0200358,0.0245436,0.0293022,0.0285508,0.0300536,5.71876,5.59116,5.40868,5.05972,5.17506,5.28652,5.60398,4.98222,5.5007,5.6887,4.59706,3.95474,4.47488,4.1893,4.03798,4.04802,4.1841,4.21768,4.97758,6.07442,4.9709,4.89692,5.49862,5.42632,5.39034,6.07442,0.015802,0.0144692,0.0134972,0.0138024,0.0156632,0.016802,0.016052,0.0140802,0.01255284,0.0140246,0.0121641,0.0091926,0.00949796,0.00897022,0.00869256,0.0087203,0.00908144,0.00969232,0.00933126,0.0121642,0.01052548,0.01152524,0.01147002,0.0121086,0.0133306,0.016802,0.389634,0.380842,0.356054,0.340922,0.34896,0.371786,0.369448,0.331714,0.346168,0.375484,0.292206,0.249116,0.272094,0.254058,0.243268,0.252324,0.256286,0.258926,0.29134,0.370544,0.317414,0.328318,0.324846,0.340016,0.35292,0.389634,98,11/2/2014 21:36,49,-109,151,54,289,1637.597313,45,-17.2,178,0,90,0,0,462.5,1.37E-41,-4.405312604,41,1,0,548,-0.045182571
36,11/2/2014 23:04,11/2/2014 23:34,0.303414,417.75,380.03,387.62,388.808,393.076,375.522,391.654,380.268,364.374,356.072,337.806,346.582,338.276,327.128,327.128,325.468,324.284,337.332,349.194,337.33,344.684,351.088,338.992,338.752,329.978,417.75,1.28336,1.1473,1.012842,1.131,1.09596,1.10084,1.072326,1.1318,1.1261,1.044626,0.974546,0.943582,0.948468,0.87269,0.959874,0.945216,0.931362,0.96722,1.025888,0.972092,1.028318,1.025068,1.00632,1.021,0.97046,1.28336,0.0300534,0.0300536,0.0235416,0.0215384,0.0257958,0.0277994,0.0270482,0.024794,0.023041,0.0200356,0.0222898,0.0220392,0.01452584,0.020787,0.019785,0.0200356,0.0235418,0.021288,0.0275492,0.0222898,0.0200358,0.0245436,0.0293022,0.0285508,0.0232914,0.0300536,5.59116,5.40868,5.05972,5.17506,5.28652,5.60398,4.98222,5.5007,5.6887,4.59706,3.95474,4.47488,4.1893,4.03798,4.04802,4.1841,4.21768,4.97758,6.07442,4.9709,4.89692,5.49862,5.42632,5.39034,4.81014,6.07442,0.0144692,0.0134972,0.0138024,0.0156632,0.016802,0.016052,0.0140802,0.01255284,0.0140246,0.0121641,0.0091926,0.00949796,0.00897022,0.00869256,0.0087203,0.00908144,0.00969232,0.00933126,0.0121642,0.01052548,0.01152524,0.01147002,0.0121086,0.0133306,0.01152536,0.016802,0.380842,0.356054,0.340922,0.34896,0.371786,0.369448,0.331714,0.346168,0.375484,0.292206,0.249116,0.272094,0.254058,0.243268,0.252324,0.256286,0.258926,0.29134,0.370544,0.317414,0.328318,0.324846,0.340016,0.35292,0.308094,0.380842,98,11/2/2014 21:36,49,-109,151,54,289,1637.597313,45,-17.2,178,0,90,0,0,462.5,1.37E-41,-4.405312604,41,1,0,548,-0.00358414
36,11/2/2014 23:09,11/2/2014 23:39,0.356126,380.03,387.62,388.808,393.076,375.522,391.654,380.268,364.374,356.072,337.806,346.582,338.276,327.128,327.128,325.468,324.284,337.332,349.194,337.33,344.684,351.088,338.992,338.752,329.978,345.158,393.076,1.1473,1.012842,1.131,1.09596,1.10084,1.072326,1.1318,1.1261,1.044626,0.974546,0.943582,0.948468,0.87269,0.959874,0.945216,0.931362,0.96722,1.025888,0.972092,1.028318,1.025068,1.00632,1.021,0.97046,0.986762,1.1473,0.0300536,0.0235416,0.0215384,0.0257958,0.0277994,0.0270482,0.024794,0.023041,0.0200356,0.0222898,0.0220392,0.01452584,0.020787,0.019785,0.0200356,0.0235418,0.021288,0.0275492,0.0222898,0.0200358,0.0245436,0.0293022,0.0285508,0.0232914,0.0222896,0.0300536,5.40868,5.05972,5.17506,5.28652,5.60398,4.98222,5.5007,5.6887,4.59706,3.95474,4.47488,4.1893,4.03798,4.04802,4.1841,4.21768,4.97758,6.07442,4.9709,4.89692,5.49862,5.42632,5.39034,4.81014,4.52884,6.07442,0.0134972,0.0138024,0.0156632,0.016802,0.016052,0.0140802,0.01255284,0.0140246,0.0121641,0.0091926,0.00949796,0.00897022,0.00869256,0.0087203,0.00908144,0.00969232,0.00933126,0.0121642,0.01052548,0.01152524,0.01147002,0.0121086,0.0133306,0.01152536,0.01063656,0.016802,0.356054,0.340922,0.34896,0.371786,0.369448,0.331714,0.346168,0.375484,0.292206,0.249116,0.272094,0.254058,0.243268,0.252324,0.256286,0.258926,0.29134,0.370544,0.317414,0.328318,0.324846,0.340016,0.35292,0.308094,0.27553,0.375484,98,11/2/2014 21:36,49,-109,151,54,289,1637.597313,45,-17.2,178,0,90,0,0,462.5,1.37E-41,-4.405312604,41,1,0,548,0.061270327
36,11/2/2014 23:14,11/2/2014 23:44,0.41254,387.62,388.808,393.076,375.522,391.654,380.268,364.374,356.072,337.806,346.582,338.276,327.128,327.128,325.468,324.284,337.332,349.194,337.33,344.684,351.088,338.992,338.752,329.978,345.158,340.176,393.076,1.012842,1.131,1.09596,1.10084,1.072326,1.1318,1.1261,1.044626,0.974546,0.943582,0.948468,0.87269,0.959874,0.945216,0.931362,0.96722,1.025888,0.972092,1.028318,1.025068,1.00632,1.021,0.97046,0.986762,0.999,1.1318,0.0235416,0.0215384,0.0257958,0.0277994,0.0270482,0.024794,0.023041,0.0200356,0.0222898,0.0220392,0.01452584,0.020787,0.019785,0.0200356,0.0235418,0.021288,0.0275492,0.0222898,0.0200358,0.0245436,0.0293022,0.0285508,0.0232914,0.0222896,0.0200356,0.0293022,5.05972,5.17506,5.28652,5.60398,4.98222,5.5007,5.6887,4.59706,3.95474,4.47488,4.1893,4.03798,4.04802,4.1841,4.21768,4.97758,6.07442,4.9709,4.89692,5.49862,5.42632,5.39034,4.81014,4.52884,4.80958,6.07442,0.0138024,0.0156632,0.016802,0.016052,0.0140802,0.01255284,0.0140246,0.0121641,0.0091926,0.00949796,0.00897022,0.00869256,0.0087203,0.00908144,0.00969232,0.00933126,0.0121642,0.01052548,0.01152524,0.01147002,0.0121086,0.0133306,0.01152536,0.01063656,0.01063662,0.016802,0.340922,0.34896,0.371786,0.369448,0.331714,0.346168,0.375484,0.292206,0.249116,0.272094,0.254058,0.243268,0.252324,0.256286,0.258926,0.29134,0.370544,0.317414,0.328318,0.324846,0.340016,0.35292,0.308094,0.27553,0.27738,0.375484,98,11/2/2014 21:36,49,-109,151,54,289,1637.597313,45,-17.2,178,0,90,0,0,462.5,1.37E-41,-4.405312604,41,1,0,548,0.100578397
36,11/2/2014 23:19,11/2/2014 23:49,0.383224,388.808,393.076,375.522,391.654,380.268,364.374,356.072,337.806,346.582,338.276,327.128,327.128,325.468,324.284,337.332,349.194,337.33,344.684,351.088,338.992,338.752,329.978,345.158,340.176,342.314,393.076,1.131,1.09596,1.10084,1.072326,1.1318,1.1261,1.044626,0.974546,0.943582,0.948468,0.87269,0.959874,0.945216,0.931362,0.96722,1.025888,0.972092,1.028318,1.025068,1.00632,1.021,0.97046,0.986762,0.999,0.937872,1.1318,0.0215384,0.0257958,0.0277994,0.0270482,0.024794,0.023041,0.0200356,0.0222898,0.0220392,0.01452584,0.020787,0.019785,0.0200356,0.0235418,0.021288,0.0275492,0.0222898,0.0200358,0.0245436,0.0293022,0.0285508,0.0232914,0.0222896,0.0200356,0.0250446,0.0293022,5.17506,5.28652,5.60398,4.98222,5.5007,5.6887,4.59706,3.95474,4.47488,4.1893,4.03798,4.04802,4.1841,4.21768,4.97758,6.07442,4.9709,4.89692,5.49862,5.42632,5.39034,4.81014,4.52884,4.80958,4.82664,6.07442,0.0156632,0.016802,0.016052,0.0140802,0.01255284,0.0140246,0.0121641,0.0091926,0.00949796,0.00897022,0.00869256,0.0087203,0.00908144,0.00969232,0.00933126,0.0121642,0.01052548,0.01152524,0.01147002,0.0121086,0.0133306,0.01152536,0.01063656,0.01063662,0.01113652,0.016802,0.34896,0.371786,0.369448,0.331714,0.346168,0.375484,0.292206,0.249116,0.272094,0.254058,0.243268,0.252324,0.256286,0.258926,0.29134,0.370544,0.317414,0.328318,0.324846,0.340016,0.35292,0.308094,0.27553,0.27738,0.28689,0.375484,98,11/2/2014 21:36,49,-109,151,54,289,1637.597313,45,-17.2,178,0,90,0,0,462.5,1.37E-41,-4.405312604,41,1,0,548,0.072188551
36,11/2/2014 23:24,11/2/2014 23:54,0.35843,393.076,375.522,391.654,380.268,364.374,356.072,337.806,346.582,338.276,327.128,327.128,325.468,324.284,337.332,349.194,337.33,344.684,351.088,338.992,338.752,329.978,345.158,340.176,342.314,331.4,393.076,1.09596,1.10084,1.072326,1.1318,1.1261,1.044626,0.974546,0.943582,0.948468,0.87269,0.959874,0.945216,0.931362,0.96722,1.025888,0.972092,1.028318,1.025068,1.00632,1.021,0.97046,0.986762,0.999,0.937872,0.978612,1.1318,0.0257958,0.0277994,0.0270482,0.024794,0.023041,0.0200356,0.0222898,0.0220392,0.01452584,0.020787,0.019785,0.0200356,0.0235418,0.021288,0.0275492,0.0222898,0.0200358,0.0245436,0.0293022,0.0285508,0.0232914,0.0222896,0.0200356,0.0250446,0.0237922,0.0293022,5.28652,5.60398,4.98222,5.5007,5.6887,4.59706,3.95474,4.47488,4.1893,4.03798,4.04802,4.1841,4.21768,4.97758,6.07442,4.9709,4.89692,5.49862,5.42632,5.39034,4.81014,4.52884,4.80958,4.82664,5.1389,6.07442,0.016802,0.016052,0.0140802,0.01255284,0.0140246,0.0121641,0.0091926,0.00949796,0.00897022,0.00869256,0.0087203,0.00908144,0.00969232,0.00933126,0.0121642,0.01052548,0.01152524,0.01147002,0.0121086,0.0133306,0.01152536,0.01063656,0.01063662,0.01113652,0.01135856,0.016802,0.371786,0.369448,0.331714,0.346168,0.375484,0.292206,0.249116,0.272094,0.254058,0.243268,0.252324,0.256286,0.258926,0.29134,0.370544,0.317414,0.328318,0.324846,0.340016,0.35292,0.308094,0.27553,0.27738,0.28689,0.313792,0.375484,98,11/2/2014 21:36,49,-109,151,54,289,1637.597313,45,-17.2,178,0,90,0,0,462.5,1.37E-41,-4.405312604,41,1,0,548,0.033412009
