Event ID,Timestamp,Target Timestamp,Proton Intensity,e0.5_tminus24,e0.5_tminus23,e0.5_tminus22,e0.5_tminus21,e0.5_tminus20,e0.5_tminus19,e0.5_tminus18,e0.5_tminus17,e0.5_tminus16,e0.5_tminus15,e0.5_tminus14,e0.5_tminus13,e0.5_tminus12,e0.5_tminus11,e0.5_tminus10,e0.5_tminus9,e0.5_tminus8,e0.5_tminus7,e0.5_tminus6,e0.5_tminus5,e0.5_tminus4,e0.5_tminus3,e0.5_tminus2,e0.5_tminus1,e0.5_t,e0.5_max_intensity,e1.8_tminus24,e1.8_tminus23,e1.8_tminus22,e1.8_tminus21,e1.8_tminus20,e1.8_tminus19,e1.8_tminus18,e1.8_tminus17,e1.8_tminus16,e1.8_tminus15,e1.8_tminus14,e1.8_tminus13,e1.8_tminus12,e1.8_tminus11,e1.8_tminus10,e1.8_tminus9,e1.8_tminus8,e1.8_tminus7,e1.8_tminus6,e1.8_tminus5,e1.8_tminus4,e1.8_tminus3,e1.8_tminus2,e1.8_tminus1,e1.8_t,e1.8_max_intensity,e4.4_tminus24,e4.4_tminus23,e4.4_tminus22,e4.4_tminus21,e4.4_tminus20,e4.4_tminus19,e4.4_tminus18,e4.4_tminus17,e4.4_tminus16,e4.4_tminus15,e4.4_tminus14,e4.4_tminus13,e4.4_tminus12,e4.4_tminus11,e4.4_tminus10,e4.4_tminus9,e4.4_tminus8,e4.4_tminus7,e4.4_tminus6,e4.4_tminus5,e4.4_tminus4,e4.4_tminus3,e4.4_tminus2,e4.4_tminus1,e4.4_t,e4.4_max_intensity,p6.1_tminus24,p6.1_tminus23,p6.1_tminus22,p6.1_tminus21,p6.1_tminus20,p6.1_tminus19,p6.1_tminus18,p6.1_tminus17,p6.1_tminus16,p6.1_tminus15,p6.1_tminus14,p6.1_tminus13,p6.1_tminus12,p6.1_tminus11,p6.1_tminus10,p6.1_tminus9,p6.1_tminus8,p6.1_tminus7,p6.1_tminus6,p6.1_tminus5,p6.1_tminus4,p6.1_tminus3,p6.1_tminus2,p6.1_tminus1,p6.1_t,p6.1_max_intensity,p33.0_tminus24,p33.0_tminus23,p33.0_tminus22,p33.0_tminus21,p33.0_tminus20,p33.0_tminus19,p33.0_tminus18,p33.0_tminus17,p33.0_tminus16,p33.0_tminus15,p33.0_tminus14,p33.0_tminus13,p33.0_tminus12,p33.0_tminus11,p33.0_tminus10,p33.0_tminus9,p33.0_tminus8,p33.0_tminus7,p33.0_tminus6,p33.0_tminus5,p33.0_tminus4,p33.0_tminus3,p33.0_tminus2,p33.0_tminus1,p33.0_t,p33.0_max_intensity,p_tminus24,p_tminus23,p_tminus22,p_tminus21,p_tminus20,p_tminus19,p_tminus18,p_tminus17,p_tminus16,p_tminus15,p_tminus14,p_tminus13,p_tminus12,p_tminus11,p_tminus10,p_tminus9,p_tminus8,p_tminus7,p_tminus6,p_tminus5,p_tminus4,p_tminus3,p_tminus2,p_tminus1,p_t,p_max_intensity,Sunspot Number,cme_donki_time,CME_DONKI_latitude,CME_DONKI_longitude,CME_DONKI_speed,CME_CDAW_MPA,CME_CDAW_LinearSpeed,VlogV,DONKI_half_width,Accelaration,2nd_order_speed_final,2nd_order_speed_20R,CPA,Halo,Type2_Viz_Area,solar_wind_speed,diffusive_shock,half_richardson_value,CMEs Past Month,CMEs Past 9 Hours,CMEs Speed > 1000,Max CME Speed,delta_log_Intensity
14,5/17/2012 0:45,5/17/2012 1:15,7.55E-05,3.52868,2.78738,3.23218,3.17286,3.82524,3.35078,3.23218,2.43152,3.20252,2.46118,2.99494,2.37224,2.6391,2.66876,2.46118,2.66875,2.817025,2.99494,2.8664333,2.93564,3.11354,2.5205,3.55834,3.6473,2.63912,3.82524,0.01466724,0.02200068,0.0228156,0.0268896,0.0220006,0.0277044,0.0252598,0.02363004,0.02037096,0.0171118,0.01548208,0.02118568,0.01711168,0.01222272,0.01629688,0.01935235,0.0193525,0.01792648,0.020371,0.0236304,0.0220008,0.01874128,0.02526,0.0220006,0.0195562,0.0277044,0.00175312,0.00200358,0.00300536,0.00325582,0.00300536,0.00275492,0.00350626,0.00300534,0.00225404,0.00250446,0.00450804,0.0042576,0.00200358,0.00475848,0.00300536,0.004069775,0.002817525,0.00275492,0.001669633,0.00175314,0.00350626,0.00200356,0.00200356,0.00300536,0.0032558,0.00475848,0.0005563,0,0.000370868,0.000556302,0.000185434,0.000185434,0,0.000556294,0.000556302,0.000185434,0.000556294,0.000185434,0,0.000185434,0,0,0,0.000185434,0.000309057,0.000185434,0.000927168,0,0.000185434,0.000556302,0.000741728,0.000927168,5.55E-05,0,0.00013886,0.00013886,5.55E-05,2.78E-05,0.000111088,2.78E-05,0,2.78E-05,5.55E-05,5.55E-05,2.78E-05,2.78E-05,2.78E-05,6.94E-05,0.000104145,0,4.63E-05,5.55E-05,2.78E-05,2.78E-05,2.78E-05,2.78E-05,2.78E-05,0.00013886,0,0.000113202,0,0,7.55E-05,3.77E-05,7.55E-05,0,0,0,3.77E-05,7.55E-05,3.77E-05,7.55E-05,3.77E-05,4.72E-05,4.72E-05,0.0001132,6.29E-05,0,3.77E-05,0,3.77E-05,0,0,0.000113202,110,0,0,0,0,0,0,0,0,0,0,0,0,0,0,0,0,0,32,0,0,410,7.54652E-05
14,5/17/2012 0:50,5/17/2012 1:20,0,2.78738,3.23218,3.17286,3.82524,3.35078,3.23218,2.43152,3.20252,2.46118,2.99494,2.37224,2.6391,2.66876,2.46118,2.66875,2.817025,2.99494,2.8664333,2.93564,3.11354,2.5205,3.55834,3.6473,2.63912,2.6391,3.82524,0.02200068,0.0228156,0.0268896,0.0220006,0.0277044,0.0252598,0.02363004,0.02037096,0.0171118,0.01548208,0.02118568,0.01711168,0.01222272,0.01629688,0.01935235,0.0193525,0.01792648,0.020371,0.0236304,0.0220008,0.01874128,0.02526,0.0220006,0.0195562,0.0130374,0.0277044,0.00200358,0.00300536,0.00325582,0.00300536,0.00275492,0.00350626,0.00300534,0.00225404,0.00250446,0.00450804,0.0042576,0.00200358,0.00475848,0.00300536,0.004069775,0.002817525,0.00275492,0.001669633,0.00175314,0.00350626,0.00200356,0.00200356,0.00300536,0.0032558,0.00300536,0.00475848,0,0.000370868,0.000556302,0.000185434,0.000185434,0,0.000556294,0.000556302,0.000185434,0.000556294,0.000185434,0,0.000185434,0,0,0,0.000185434,0.000309057,0.000185434,0.000927168,0,0.000185434,0.000556302,0.000741728,0.000370868,0.000927168,0,0.00013886,0.00013886,5.55E-05,2.78E-05,0.000111088,2.78E-05,0,2.78E-05,5.55E-05,5.55E-05,2.78E-05,2.78E-05,2.78E-05,6.94E-05,0.000104145,0,4.63E-05,5.55E-05,2.78E-05,2.78E-05,2.78E-05,2.78E-05,2.78E-05,2.78E-05,0.00013886,0.000113202,0,0,7.55E-05,3.77E-05,7.55E-05,0,0,0,3.77E-05,7.55E-05,3.77E-05,7.55E-05,3.77E-05,4.72E-05,4.72E-05,0.0001132,6.29E-05,0,3.77E-05,0,3.77E-05,0,0,3.77E-05,0.000113202,110,0,0,0,0,0,0,0,0,0,0,0,0,0,0,0,0,0,32,0,0,410,-3.77333E-05
14,5/17/2012 0:55,5/17/2012 1:25,7.55E-05,3.23218,3.17286,3.82524,3.35078,3.23218,2.43152,3.20252,2.46118,2.99494,2.37224,2.6391,2.66876,2.46118,2.66875,2.817025,2.99494,2.8664333,2.93564,3.11354,2.5205,3.55834,3.6473,2.63912,2.6391,2.87632,3.82524,0.0228156,0.0268896,0.0220006,0.0277044,0.0252598,0.02363004,0.02037096,0.0171118,0.01548208,0.02118568,0.01711168,0.01222272,0.01629688,0.01935235,0.0193525,0.01792648,0.020371,0.0236304,0.0220008,0.01874128,0.02526,0.0220006,0.0195562,0.0130374,0.0187414,0.0277044,0.00300536,0.00325582,0.00300536,0.00275492,0.00350626,0.00300534,0.00225404,0.00250446,0.00450804,0.0042576,0.00200358,0.00475848,0.00300536,0.004069775,0.002817525,0.00275492,0.001669633,0.00175314,0.00350626,0.00200356,0.00200356,0.00300536,0.0032558,0.00300536,0.0032558,0.00475848,0.000370868,0.000556302,0.000185434,0.000185434,0,0.000556294,0.000556302,0.000185434,0.000556294,0.000185434,0,0.000185434,0,0,0,0.000185434,0.000309057,0.000185434,0.000927168,0,0.000185434,0.000556302,0.000741728,0.000370868,0.000185434,0.000927168,0.00013886,0.00013886,5.55E-05,2.78E-05,0.000111088,2.78E-05,0,2.78E-05,5.55E-05,5.55E-05,2.78E-05,2.78E-05,2.78E-05,6.94E-05,0.000104145,0,4.63E-05,5.55E-05,2.78E-05,2.78E-05,2.78E-05,2.78E-05,2.78E-05,2.78E-05,2.78E-05,0.00013886,0,0,7.55E-05,3.77E-05,7.55E-05,0,0,0,3.77E-05,7.55E-05,3.77E-05,7.55E-05,3.77E-05,4.72E-05,4.72E-05,0.0001132,6.29E-05,0,3.77E-05,0,3.77E-05,0,0,3.77E-05,7.55E-05,0.0001132,110,0,0,0,0,0,0,0,0,0,0,0,0,0,0,0,0,0,32,0,0,410,0
14,5/17/2012 1:00,5/17/2012 1:30,3.77E-05,3.17286,3.82524,3.35078,3.23218,2.43152,3.20252,2.46118,2.99494,2.37224,2.6391,2.66876,2.46118,2.66875,2.817025,2.99494,2.8664333,2.93564,3.11354,2.5205,3.55834,3.6473,2.63912,2.6391,2.87632,2.817,3.82524,0.0268896,0.0220006,0.0277044,0.0252598,0.02363004,0.02037096,0.0171118,0.01548208,0.02118568,0.01711168,0.01222272,0.01629688,0.01935235,0.0193525,0.01792648,0.020371,0.0236304,0.0220008,0.01874128,0.02526,0.0220006,0.0195562,0.0130374,0.0187414,0.01385232,0.0277044,0.00325582,0.00300536,0.00275492,0.00350626,0.00300534,0.00225404,0.00250446,0.00450804,0.0042576,0.00200358,0.00475848,0.00300536,0.004069775,0.002817525,0.00275492,0.001669633,0.00175314,0.00350626,0.00200356,0.00200356,0.00300536,0.0032558,0.00300536,0.0032558,0.00175312,0.00475848,0.000556302,0.000185434,0.000185434,0,0.000556294,0.000556302,0.000185434,0.000556294,0.000185434,0,0.000185434,0,0,0,0.000185434,0.000309057,0.000185434,0.000927168,0,0.000185434,0.000556302,0.000741728,0.000370868,0.000185434,0.000556302,0.000927168,0.00013886,5.55E-05,2.78E-05,0.000111088,2.78E-05,0,2.78E-05,5.55E-05,5.55E-05,2.78E-05,2.78E-05,2.78E-05,6.94E-05,0.000104145,0,4.63E-05,5.55E-05,2.78E-05,2.78E-05,2.78E-05,2.78E-05,2.78E-05,2.78E-05,2.78E-05,0,0.00013886,0,7.55E-05,3.77E-05,7.55E-05,0,0,0,3.77E-05,7.55E-05,3.77E-05,7.55E-05,3.77E-05,4.72E-05,4.72E-05,0.0001132,6.29E-05,0,3.77E-05,0,3.77E-05,0,0,3.77E-05,7.55E-05,3.77E-05,0.0001132,110,0,0,0,0,0,0,0,0,0,0,0,0,0,0,0,0,0,32,0,0,410,0
14,5/17/2012 1:05,5/17/2012 1:35,7.55E-05,3.82524,3.35078,3.23218,2.43152,3.20252,2.46118,2.99494,2.37224,2.6391,2.66876,2.46118,2.66875,2.817025,2.99494,2.8664333,2.93564,3.11354,2.5205,3.55834,3.6473,2.63912,2.6391,2.87632,2.817,3.0246,3.82524,0.0220006,0.0277044,0.0252598,0.02363004,0.02037096,0.0171118,0.01548208,0.02118568,0.01711168,0.01222272,0.01629688,0.01935235,0.0193525,0.01792648,0.020371,0.0236304,0.0220008,0.01874128,0.02526,0.0220006,0.0195562,0.0130374,0.0187414,0.01385232,0.01222288,0.0277044,0.00300536,0.00275492,0.00350626,0.00300534,0.00225404,0.00250446,0.00450804,0.0042576,0.00200358,0.00475848,0.00300536,0.004069775,0.002817525,0.00275492,0.001669633,0.00175314,0.00350626,0.00200356,0.00200356,0.00300536,0.0032558,0.00300536,0.0032558,0.00175312,0.00250446,0.00475848,0.000185434,0.000185434,0,0.000556294,0.000556302,0.000185434,0.000556294,0.000185434,0,0.000185434,0,0,0,0.000185434,0.000309057,0.000185434,0.000927168,0,0.000185434,0.000556302,0.000741728,0.000370868,0.000185434,0.000556302,0.000556302,0.000927168,5.55E-05,2.78E-05,0.000111088,2.78E-05,0,2.78E-05,5.55E-05,5.55E-05,2.78E-05,2.78E-05,2.78E-05,6.94E-05,0.000104145,0,4.63E-05,5.55E-05,2.78E-05,2.78E-05,2.78E-05,2.78E-05,2.78E-05,2.78E-05,2.78E-05,0,2.78E-05,0.000111088,7.55E-05,3.77E-05,7.55E-05,0,0,0,3.77E-05,7.55E-05,3.77E-05,7.55E-05,3.77E-05,4.72E-05,4.72E-05,0.0001132,6.29E-05,0,3.77E-05,0,3.77E-05,0,0,3.77E-05,7.55E-05,3.77E-05,3.77E-05,0.0001132,110,0,0,0,0,0,0,0,0,0,0,0,0,0,0,0,0,0,32,0,0,410,3.77319E-05
14,5/17/2012 1:10,5/17/2012 1:40,7.55E-05,3.35078,3.23218,2.43152,3.20252,2.46118,2.99494,2.37224,2.6391,2.66876,2.46118,2.66875,2.817025,2.99494,2.8664333,2.93564,3.11354,2.5205,3.55834,3.6473,2.63912,2.6391,2.87632,2.817,3.0246,2.96526,3.6473,0.0277044,0.0252598,0.02363004,0.02037096,0.0171118,0.01548208,0.02118568,0.01711168,0.01222272,0.01629688,0.01935235,0.0193525,0.01792648,0.020371,0.0236304,0.0220008,0.01874128,0.02526,0.0220006,0.0195562,0.0130374,0.0187414,0.01385232,0.01222288,0.01140792,0.0277044,0.00275492,0.00350626,0.00300534,0.00225404,0.00250446,0.00450804,0.0042576,0.00200358,0.00475848,0.00300536,0.004069775,0.002817525,0.00275492,0.001669633,0.00175314,0.00350626,0.00200356,0.00200356,0.00300536,0.0032558,0.00300536,0.0032558,0.00175312,0.00250446,0.00275492,0.00475848,0.000185434,0,0.000556294,0.000556302,0.000185434,0.000556294,0.000185434,0,0.000185434,0,0,0,0.000185434,0.000309057,0.000185434,0.000927168,0,0.000185434,0.000556302,0.000741728,0.000370868,0.000185434,0.000556302,0.000556302,0.000370868,0.000927168,2.78E-05,0.000111088,2.78E-05,0,2.78E-05,5.55E-05,5.55E-05,2.78E-05,2.78E-05,2.78E-05,6.94E-05,0.000104145,0,4.63E-05,5.55E-05,2.78E-05,2.78E-05,2.78E-05,2.78E-05,2.78E-05,2.78E-05,2.78E-05,0,2.78E-05,2.78E-05,0.000111088,3.77E-05,7.55E-05,0,0,0,3.77E-05,7.55E-05,3.77E-05,7.55E-05,3.77E-05,4.72E-05,4.72E-05,0.0001132,6.29E-05,0,3.77E-05,0,3.77E-05,0,0,3.77E-05,7.55E-05,3.77E-05,3.77E-05,3.77E-05,0.0001132,110,0,0,0,0,0,0,0,0,0,0,0,0,0,0,0,0,0,32,0,0,410,3.77319E-05
14,5/17/2012 1:15,5/17/2012 1:45,0.0001132,3.23218,2.43152,3.20252,2.46118,2.99494,2.37224,2.6391,2.66876,2.46118,2.66875,2.817025,2.99494,2.8664333,2.93564,3.11354,2.5205,3.55834,3.6473,2.63912,2.6391,2.87632,2.817,3.0246,2.96526,3.76592,3.76592,0.0252598,0.02363004,0.02037096,0.0171118,0.01548208,0.02118568,0.01711168,0.01222272,0.01629688,0.01935235,0.0193525,0.01792648,0.020371,0.0236304,0.0220008,0.01874128,0.02526,0.0220006,0.0195562,0.0130374,0.0187414,0.01385232,0.01222288,0.01140792,0.0268896,0.0268896,0.00350626,0.00300534,0.00225404,0.00250446,0.00450804,0.0042576,0.00200358,0.00475848,0.00300536,0.004069775,0.002817525,0.00275492,0.001669633,0.00175314,0.00350626,0.00200356,0.00200356,0.00300536,0.0032558,0.00300536,0.0032558,0.00175312,0.00250446,0.00275492,0.00350626,0.00475848,0,0.000556294,0.000556302,0.000185434,0.000556294,0.000185434,0,0.000185434,0,0,0,0.000185434,0.000309057,0.000185434,0.000927168,0,0.000185434,0.000556302,0.000741728,0.000370868,0.000185434,0.000556302,0.000556302,0.000370868,0.000556294,0.000927168,0.000111088,2.78E-05,0,2.78E-05,5.55E-05,5.55E-05,2.78E-05,2.78E-05,2.78E-05,6.94E-05,0.000104145,0,4.63E-05,5.55E-05,2.78E-05,2.78E-05,2.78E-05,2.78E-05,2.78E-05,2.78E-05,2.78E-05,0,2.78E-05,2.78E-05,0,0.000111088,7.55E-05,0,0,0,3.77E-05,7.55E-05,3.77E-05,7.55E-05,3.77E-05,4.72E-05,4.72E-05,0.0001132,6.29E-05,0,3.77E-05,0,3.77E-05,0,0,3.77E-05,7.55E-05,3.77E-05,3.77E-05,3.77E-05,7.55E-05,0.0001132,110,0,0,0,0,0,0,0,0,0,0,0,0,0,0,0,0,0,32,0,0,410,3.77284E-05
14,5/17/2012 1:20,5/17/2012 1:50,7.55E-05,2.43152,3.20252,2.46118,2.99494,2.37224,2.6391,2.66876,2.46118,2.66875,2.817025,2.99494,2.8664333,2.93564,3.11354,2.5205,3.55834,3.6473,2.63912,2.6391,2.87632,2.817,3.0246,2.96526,3.76592,3.38042,3.76592,0.02363004,0.02037096,0.0171118,0.01548208,0.02118568,0.01711168,0.01222272,0.01629688,0.01935235,0.0193525,0.01792648,0.020371,0.0236304,0.0220008,0.01874128,0.02526,0.0220006,0.0195562,0.0130374,0.0187414,0.01385232,0.01222288,0.01140792,0.0268896,0.0138524,0.0268896,0.00300534,0.00225404,0.00250446,0.00450804,0.0042576,0.00200358,0.00475848,0.00300536,0.004069775,0.002817525,0.00275492,0.001669633,0.00175314,0.00350626,0.00200356,0.00200356,0.00300536,0.0032558,0.00300536,0.0032558,0.00175312,0.00250446,0.00275492,0.00350626,0.0032558,0.00475848,0.000556294,0.000556302,0.000185434,0.000556294,0.000185434,0,0.000185434,0,0,0,0.000185434,0.000309057,0.000185434,0.000927168,0,0.000185434,0.000556302,0.000741728,0.000370868,0.000185434,0.000556302,0.000556302,0.000370868,0.000556294,0,0.000927168,2.78E-05,0,2.78E-05,5.55E-05,5.55E-05,2.78E-05,2.78E-05,2.78E-05,6.94E-05,0.000104145,0,4.63E-05,5.55E-05,2.78E-05,2.78E-05,2.78E-05,2.78E-05,2.78E-05,2.78E-05,2.78E-05,0,2.78E-05,2.78E-05,0,2.78E-05,0.000104145,0,0,0,3.77E-05,7.55E-05,3.77E-05,7.55E-05,3.77E-05,4.72E-05,4.72E-05,0.0001132,6.29E-05,0,3.77E-05,0,3.77E-05,0,0,3.77E-05,7.55E-05,3.77E-05,3.77E-05,3.77E-05,7.55E-05,0,0.0001132,110,0,0,0,0,0,0,0,0,0,0,0,0,0,0,0,0,0,32,0,0,410,7.54652E-05
14,5/17/2012 1:25,5/17/2012 1:55,3.77E-05,3.20252,2.46118,2.99494,2.37224,2.6391,2.66876,2.46118,2.66875,2.817025,2.99494,2.8664333,2.93564,3.11354,2.5205,3.55834,3.6473,2.63912,2.6391,2.87632,2.817,3.0246,2.96526,3.76592,3.38042,3.6473,3.76592,0.02037096,0.0171118,0.01548208,0.02118568,0.01711168,0.01222272,0.01629688,0.01935235,0.0193525,0.01792648,0.020371,0.0236304,0.0220008,0.01874128,0.02526,0.0220006,0.0195562,0.0130374,0.0187414,0.01385232,0.01222288,0.01140792,0.0268896,0.0138524,0.0220008,0.0268896,0.00225404,0.00250446,0.00450804,0.0042576,0.00200358,0.00475848,0.00300536,0.004069775,0.002817525,0.00275492,0.001669633,0.00175314,0.00350626,0.00200356,0.00200356,0.00300536,0.0032558,0.00300536,0.0032558,0.00175312,0.00250446,0.00275492,0.00350626,0.0032558,0.00250446,0.00475848,0.000556302,0.000185434,0.000556294,0.000185434,0,0.000185434,0,0,0,0.000185434,0.000309057,0.000185434,0.000927168,0,0.000185434,0.000556302,0.000741728,0.000370868,0.000185434,0.000556302,0.000556302,0.000370868,0.000556294,0,0.000741734,0.000927168,0,2.78E-05,5.55E-05,5.55E-05,2.78E-05,2.78E-05,2.78E-05,6.94E-05,0.000104145,0,4.63E-05,5.55E-05,2.78E-05,2.78E-05,2.78E-05,2.78E-05,2.78E-05,2.78E-05,2.78E-05,0,2.78E-05,2.78E-05,0,2.78E-05,2.78E-05,0.000104145,0,0,3.77E-05,7.55E-05,3.77E-05,7.55E-05,3.77E-05,4.72E-05,4.72E-05,0.0001132,6.29E-05,0,3.77E-05,0,3.77E-05,0,0,3.77E-05,7.55E-05,3.77E-05,3.77E-05,3.77E-05,7.55E-05,0,7.55E-05,0.0001132,110,0,0,0,0,0,0,0,0,0,0,0,0,0,0,0,0,0,32,0,0,410,-3.77319E-05
14,5/17/2012 1:30,5/17/2012 2:00,7.55E-05,2.46118,2.99494,2.37224,2.6391,2.66876,2.46118,2.66875,2.817025,2.99494,2.8664333,2.93564,3.11354,2.5205,3.55834,3.6473,2.63912,2.6391,2.87632,2.817,3.0246,2.96526,3.76592,3.38042,3.6473,3.43972,3.76592,0.0171118,0.01548208,0.02118568,0.01711168,0.01222272,0.01629688,0.01935235,0.0193525,0.01792648,0.020371,0.0236304,0.0220008,0.01874128,0.02526,0.0220006,0.0195562,0.0130374,0.0187414,0.01385232,0.01222288,0.01140792,0.0268896,0.0138524,0.0220008,0.0277044,0.0277044,0.00250446,0.00450804,0.0042576,0.00200358,0.00475848,0.00300536,0.004069775,0.002817525,0.00275492,0.001669633,0.00175314,0.00350626,0.00200356,0.00200356,0.00300536,0.0032558,0.00300536,0.0032558,0.00175312,0.00250446,0.00275492,0.00350626,0.0032558,0.00250446,0.00450804,0.00475848,0.000185434,0.000556294,0.000185434,0,0.000185434,0,0,0,0.000185434,0.000309057,0.000185434,0.000927168,0,0.000185434,0.000556302,0.000741728,0.000370868,0.000185434,0.000556302,0.000556302,0.000370868,0.000556294,0,0.000741734,0.000370868,0.000927168,2.78E-05,5.55E-05,5.55E-05,2.78E-05,2.78E-05,2.78E-05,6.94E-05,0.000104145,0,4.63E-05,5.55E-05,2.78E-05,2.78E-05,2.78E-05,2.78E-05,2.78E-05,2.78E-05,2.78E-05,0,2.78E-05,2.78E-05,0,2.78E-05,2.78E-05,5.55E-05,0.000104145,0,3.77E-05,7.55E-05,3.77E-05,7.55E-05,3.77E-05,4.72E-05,4.72E-05,0.0001132,6.29E-05,0,3.77E-05,0,3.77E-05,0,0,3.77E-05,7.55E-05,3.77E-05,3.77E-05,3.77E-05,7.55E-05,0,7.55E-05,3.77E-05,0.0001132,110,0,0,0,0,0,0,0,0,0,0,0,0,0,0,0,0,0,32,0,0,410,3.77319E-05
14,5/17/2012 1:35,5/17/2012 2:05,0.000566,2.99494,2.37224,2.6391,2.66876,2.46118,2.66875,2.817025,2.99494,2.8664333,2.93564,3.11354,2.5205,3.55834,3.6473,2.63912,2.6391,2.87632,2.817,3.0246,2.96526,3.76592,3.38042,3.6473,3.43972,4.03276,4.03276,0.01548208,0.02118568,0.01711168,0.01222272,0.01629688,0.01935235,0.0193525,0.01792648,0.020371,0.0236304,0.0220008,0.01874128,0.02526,0.0220006,0.0195562,0.0130374,0.0187414,0.01385232,0.01222288,0.01140792,0.0268896,0.0138524,0.0220008,0.0277044,0.02200048,0.0277044,0.00450804,0.0042576,0.00200358,0.00475848,0.00300536,0.004069775,0.002817525,0.00275492,0.001669633,0.00175314,0.00350626,0.00200356,0.00200356,0.00300536,0.0032558,0.00300536,0.0032558,0.00175312,0.00250446,0.00275492,0.00350626,0.0032558,0.00250446,0.00450804,0.00475848,0.00475848,0.000556294,0.000185434,0,0.000185434,0,0,0,0.000185434,0.000309057,0.000185434,0.000927168,0,0.000185434,0.000556302,0.000741728,0.000370868,0.000185434,0.000556302,0.000556302,0.000370868,0.000556294,0,0.000741734,0.000370868,0.000185434,0.000927168,5.55E-05,5.55E-05,2.78E-05,2.78E-05,2.78E-05,6.94E-05,0.000104145,0,4.63E-05,5.55E-05,2.78E-05,2.78E-05,2.78E-05,2.78E-05,2.78E-05,2.78E-05,2.78E-05,0,2.78E-05,2.78E-05,0,2.78E-05,2.78E-05,5.55E-05,2.78E-05,0.000104145,3.77E-05,7.55E-05,3.77E-05,7.55E-05,3.77E-05,4.72E-05,4.72E-05,0.0001132,6.29E-05,0,3.77E-05,0,3.77E-05,0,0,3.77E-05,7.55E-05,3.77E-05,3.77E-05,3.77E-05,7.55E-05,0,7.55E-05,3.77E-05,7.55E-05,0.0001132,110,0,0,0,0,0,0,0,0,0,0,0,0,0,0,0,0,0,32,0,0,410,0.000490375
14,5/17/2012 1:40,5/17/2012 2:10,0.001396148,2.37224,2.6391,2.66876,2.46118,2.66875,2.817025,2.99494,2.8664333,2.93564,3.11354,2.5205,3.55834,3.6473,2.63912,2.6391,2.87632,2.817,3.0246,2.96526,3.76592,3.38042,3.6473,3.43972,4.03276,4.47758,4.47758,0.02118568,0.01711168,0.01222272,0.01629688,0.01935235,0.0193525,0.01792648,0.020371,0.0236304,0.0220008,0.01874128,0.02526,0.0220006,0.0195562,0.0130374,0.0187414,0.01385232,0.01222288,0.01140792,0.0268896,0.0138524,0.0220008,0.0277044,0.02200048,0.0220008,0.0277044,0.0042576,0.00200358,0.00475848,0.00300536,0.004069775,0.002817525,0.00275492,0.001669633,0.00175314,0.00350626,0.00200356,0.00200356,0.00300536,0.0032558,0.00300536,0.0032558,0.00175312,0.00250446,0.00275492,0.00350626,0.0032558,0.00250446,0.00450804,0.00475848,0.00225402,0.00475848,0.000185434,0,0.000185434,0,0,0,0.000185434,0.000309057,0.000185434,0.000927168,0,0.000185434,0.000556302,0.000741728,0.000370868,0.000185434,0.000556302,0.000556302,0.000370868,0.000556294,0,0.000741734,0.000370868,0.000185434,0,0.000927168,5.55E-05,2.78E-05,2.78E-05,2.78E-05,6.94E-05,0.000104145,0,4.63E-05,5.55E-05,2.78E-05,2.78E-05,2.78E-05,2.78E-05,2.78E-05,2.78E-05,2.78E-05,0,2.78E-05,2.78E-05,0,2.78E-05,2.78E-05,5.55E-05,2.78E-05,0,0.000104145,7.55E-05,3.77E-05,7.55E-05,3.77E-05,4.72E-05,4.72E-05,0.0001132,6.29E-05,0,3.77E-05,0,3.77E-05,0,0,3.77E-05,7.55E-05,3.77E-05,3.77E-05,3.77E-05,7.55E-05,0,7.55E-05,3.77E-05,7.55E-05,7.55E-05,0.0001132,110,0,0,0,0,0,0,0,0,0,0,0,0,0,0,0,0,0,32,0,0,410,0.001319709
14,5/17/2012 1:45,5/17/2012 2:15,0.00392428,2.6391,2.66876,2.46118,2.66875,2.817025,2.99494,2.8664333,2.93564,3.11354,2.5205,3.55834,3.6473,2.63912,2.6391,2.87632,2.817,3.0246,2.96526,3.76592,3.38042,3.6473,3.43972,4.03276,4.47758,4.00314,4.47758,0.01711168,0.01222272,0.01629688,0.01935235,0.0193525,0.01792648,0.020371,0.0236304,0.0220008,0.01874128,0.02526,0.0220006,0.0195562,0.0130374,0.0187414,0.01385232,0.01222288,0.01140792,0.0268896,0.0138524,0.0220008,0.0277044,0.02200048,0.0220008,0.0179266,0.0277044,0.00200358,0.00475848,0.00300536,0.004069775,0.002817525,0.00275492,0.001669633,0.00175314,0.00350626,0.00200356,0.00200356,0.00300536,0.0032558,0.00300536,0.0032558,0.00175312,0.00250446,0.00275492,0.00350626,0.0032558,0.00250446,0.00450804,0.00475848,0.00225402,0.0037567,0.00475848,0,0.000185434,0,0,0,0.000185434,0.000309057,0.000185434,0.000927168,0,0.000185434,0.000556302,0.000741728,0.000370868,0.000185434,0.000556302,0.000556302,0.000370868,0.000556294,0,0.000741734,0.000370868,0.000185434,0,0.000185434,0.000927168,2.78E-05,2.78E-05,2.78E-05,6.94E-05,0.000104145,0,4.63E-05,5.55E-05,2.78E-05,2.78E-05,2.78E-05,2.78E-05,2.78E-05,2.78E-05,2.78E-05,0,2.78E-05,2.78E-05,0,2.78E-05,2.78E-05,5.55E-05,2.78E-05,0,0,0.000104145,3.77E-05,7.55E-05,3.77E-05,4.72E-05,4.72E-05,0.0001132,6.29E-05,0,3.77E-05,0,3.77E-05,0,0,3.77E-05,7.55E-05,3.77E-05,3.77E-05,3.77E-05,7.55E-05,0,7.55E-05,3.77E-05,7.55E-05,7.55E-05,0.0001132,0.0001132,110,0,0,0,0,0,0,0,0,0,0,0,0,0,0,0,0,0,32,0,0,410,0.003803407
14,5/17/2012 1:50,5/17/2012 2:20,0.0057355,2.66876,2.46118,2.66875,2.817025,2.99494,2.8664333,2.93564,3.11354,2.5205,3.55834,3.6473,2.63912,2.6391,2.87632,2.817,3.0246,2.96526,3.76592,3.38042,3.6473,3.43972,4.03276,4.47758,4.00314,4.06244,4.47758,0.01222272,0.01629688,0.01935235,0.0193525,0.01792648,0.020371,0.0236304,0.0220008,0.01874128,0.02526,0.0220006,0.0195562,0.0130374,0.0187414,0.01385232,0.01222288,0.01140792,0.0268896,0.0138524,0.0220008,0.0277044,0.02200048,0.0220008,0.0179266,0.0252598,0.0277044,0.00475848,0.00300536,0.004069775,0.002817525,0.00275492,0.001669633,0.00175314,0.00350626,0.00200356,0.00200356,0.00300536,0.0032558,0.00300536,0.0032558,0.00175312,0.00250446,0.00275492,0.00350626,0.0032558,0.00250446,0.00450804,0.00475848,0.00225402,0.0037567,0.00425756,0.00475848,0.000185434,0,0,0,0.000185434,0.000309057,0.000185434,0.000927168,0,0.000185434,0.000556302,0.000741728,0.000370868,0.000185434,0.000556302,0.000556302,0.000370868,0.000556294,0,0.000741734,0.000370868,0.000185434,0,0.000185434,0.000370868,0.000927168,2.78E-05,2.78E-05,6.94E-05,0.000104145,0,4.63E-05,5.55E-05,2.78E-05,2.78E-05,2.78E-05,2.78E-05,2.78E-05,2.78E-05,2.78E-05,0,2.78E-05,2.78E-05,0,2.78E-05,2.78E-05,5.55E-05,2.78E-05,0,0,0,0.000104145,7.55E-05,3.77E-05,4.72E-05,4.72E-05,0.0001132,6.29E-05,0,3.77E-05,0,3.77E-05,0,0,3.77E-05,7.55E-05,3.77E-05,3.77E-05,3.77E-05,7.55E-05,0,7.55E-05,3.77E-05,7.55E-05,7.55E-05,0.0001132,7.55E-05,0.0001132,110,0,0,0,0,0,0,0,0,0,0,0,0,0,0,0,0,0,33,1,1,1500,0.005643649
14,5/17/2012 1:55,5/17/2012 2:25,0.00482988,2.46118,2.66875,2.817025,2.99494,2.8664333,2.93564,3.11354,2.5205,3.55834,3.6473,2.63912,2.6391,2.87632,2.817,3.0246,2.96526,3.76592,3.38042,3.6473,3.43972,4.03276,4.47758,4.00314,4.06244,6.87936,6.87936,0.01629688,0.01935235,0.0193525,0.01792648,0.020371,0.0236304,0.0220008,0.01874128,0.02526,0.0220006,0.0195562,0.0130374,0.0187414,0.01385232,0.01222288,0.01140792,0.0268896,0.0138524,0.0220008,0.0277044,0.02200048,0.0220008,0.0179266,0.0252598,0.0822968,0.0822968,0.00300536,0.004069775,0.002817525,0.00275492,0.001669633,0.00175314,0.00350626,0.00200356,0.00200356,0.00300536,0.0032558,0.00300536,0.0032558,0.00175312,0.00250446,0.00275492,0.00350626,0.0032558,0.00250446,0.00450804,0.00475848,0.00225402,0.0037567,0.00425756,0.00701252,0.00701252,0,0,0,0.000185434,0.000309057,0.000185434,0.000927168,0,0.000185434,0.000556302,0.000741728,0.000370868,0.000185434,0.000556302,0.000556302,0.000370868,0.000556294,0,0.000741734,0.000370868,0.000185434,0,0.000185434,0.000370868,0.000741728,0.000927168,2.78E-05,6.94E-05,0.000104145,0,4.63E-05,5.55E-05,2.78E-05,2.78E-05,2.78E-05,2.78E-05,2.78E-05,2.78E-05,2.78E-05,0,2.78E-05,2.78E-05,0,2.78E-05,2.78E-05,5.55E-05,2.78E-05,0,0,0,2.78E-05,0.000104145,3.77E-05,4.72E-05,4.72E-05,0.0001132,6.29E-05,0,3.77E-05,0,3.77E-05,0,0,3.77E-05,7.55E-05,3.77E-05,3.77E-05,3.77E-05,7.55E-05,0,7.55E-05,3.77E-05,7.55E-05,7.55E-05,0.0001132,7.55E-05,3.77E-05,0.0001132,110,0,0,0,0,0,0,0,0,0,0,0,0,0,0,0,0,0,33,1,1,1500,0.00478052
14,5/17/2012 2:00,5/17/2012 2:30,0.00803724,2.66875,2.817025,2.99494,2.8664333,2.93564,3.11354,2.5205,3.55834,3.6473,2.63912,2.6391,2.87632,2.817,3.0246,2.96526,3.76592,3.38042,3.6473,3.43972,4.03276,4.47758,4.00314,4.06244,6.87936,94.1474,94.1474,0.01935235,0.0193525,0.01792648,0.020371,0.0236304,0.0220008,0.01874128,0.02526,0.0220006,0.0195562,0.0130374,0.0187414,0.01385232,0.01222288,0.01140792,0.0268896,0.0138524,0.0220008,0.0277044,0.02200048,0.0220008,0.0179266,0.0252598,0.0822968,1.01204,1.01204,0.004069775,0.002817525,0.00275492,0.001669633,0.00175314,0.00350626,0.00200356,0.00200356,0.00300536,0.0032558,0.00300536,0.0032558,0.00175312,0.00250446,0.00275492,0.00350626,0.0032558,0.00250446,0.00450804,0.00475848,0.00225402,0.0037567,0.00425756,0.00701252,0.0303038,0.0303038,0,0,0.000185434,0.000309057,0.000185434,0.000927168,0,0.000185434,0.000556302,0.000741728,0.000370868,0.000185434,0.000556302,0.000556302,0.000370868,0.000556294,0,0.000741734,0.000370868,0.000185434,0,0.000185434,0.000370868,0.000741728,0.00964258,0.00964258,6.94E-05,0.000104145,0,4.63E-05,5.55E-05,2.78E-05,2.78E-05,2.78E-05,2.78E-05,2.78E-05,2.78E-05,2.78E-05,0,2.78E-05,2.78E-05,0,2.78E-05,2.78E-05,5.55E-05,2.78E-05,0,0,0,2.78E-05,0,0.000104145,4.72E-05,4.72E-05,0.0001132,6.29E-05,0,3.77E-05,0,3.77E-05,0,0,3.77E-05,7.55E-05,3.77E-05,3.77E-05,3.77E-05,7.55E-05,0,7.55E-05,3.77E-05,7.55E-05,7.55E-05,0.0001132,7.55E-05,3.77E-05,7.55E-05,0.0001132,110,0,0,0,0,0,0,0,0,0,0,0,0,0,0,0,0,0,33,1,1,1500,0.007929648
14,5/17/2012 2:05,5/17/2012 2:35,0.01094268,2.817025,2.99494,2.8664333,2.93564,3.11354,2.5205,3.55834,3.6473,2.63912,2.6391,2.87632,2.817,3.0246,2.96526,3.76592,3.38042,3.6473,3.43972,4.03276,4.47758,4.00314,4.06244,6.87936,94.1474,648.576,648.576,0.0193525,0.01792648,0.020371,0.0236304,0.0220008,0.01874128,0.02526,0.0220006,0.0195562,0.0130374,0.0187414,0.01385232,0.01222288,0.01140792,0.0268896,0.0138524,0.0220008,0.0277044,0.02200048,0.0220008,0.0179266,0.0252598,0.0822968,1.01204,5.17908,5.17908,0.002817525,0.00275492,0.001669633,0.00175314,0.00350626,0.00200356,0.00200356,0.00300536,0.0032558,0.00300536,0.0032558,0.00175312,0.00250446,0.00275492,0.00350626,0.0032558,0.00250446,0.00450804,0.00475848,0.00225402,0.0037567,0.00425756,0.00701252,0.0303038,0.1064398,0.1064398,0,0.000185434,0.000309057,0.000185434,0.000927168,0,0.000185434,0.000556302,0.000741728,0.000370868,0.000185434,0.000556302,0.000556302,0.000370868,0.000556294,0,0.000741734,0.000370868,0.000185434,0,0.000185434,0.000370868,0.000741728,0.00964258,0.0511796,0.0511796,0.000104145,0,4.63E-05,5.55E-05,2.78E-05,2.78E-05,2.78E-05,2.78E-05,2.78E-05,2.78E-05,2.78E-05,0,2.78E-05,2.78E-05,0,2.78E-05,2.78E-05,5.55E-05,2.78E-05,0,0,0,2.78E-05,0,0.000111088,0.000111088,4.72E-05,0.0001132,6.29E-05,0,3.77E-05,0,3.77E-05,0,0,3.77E-05,7.55E-05,3.77E-05,3.77E-05,3.77E-05,7.55E-05,0,7.55E-05,3.77E-05,7.55E-05,7.55E-05,0.0001132,7.55E-05,3.77E-05,7.55E-05,0.000566,0.000566,110,0,0,0,0,0,0,0,0,0,0,0,0,0,0,0,0,0,33,1,1,1500,0.010317402
14,5/17/2012 2:10,5/17/2012 2:40,0.0145652,2.99494,2.8664333,2.93564,3.11354,2.5205,3.55834,3.6473,2.63912,2.6391,2.87632,2.817,3.0246,2.96526,3.76592,3.38042,3.6473,3.43972,4.03276,4.47758,4.00314,4.06244,6.87936,94.1474,648.576,2030.64,2030.64,0.01792648,0.020371,0.0236304,0.0220008,0.01874128,0.02526,0.0220006,0.0195562,0.0130374,0.0187414,0.01385232,0.01222288,0.01140792,0.0268896,0.0138524,0.0220008,0.0277044,0.02200048,0.0220008,0.0179266,0.0252598,0.0822968,1.01204,5.17908,14.0673,14.0673,0.00275492,0.001669633,0.00175314,0.00350626,0.00200356,0.00200356,0.00300536,0.0032558,0.00300536,0.0032558,0.00175312,0.00250446,0.00275492,0.00350626,0.0032558,0.00250446,0.00450804,0.00475848,0.00225402,0.0037567,0.00425756,0.00701252,0.0303038,0.1064398,0.25145,0.25145,0.000185434,0.000309057,0.000185434,0.000927168,0,0.000185434,0.000556302,0.000741728,0.000370868,0.000185434,0.000556302,0.000556302,0.000370868,0.000556294,0,0.000741734,0.000370868,0.000185434,0,0.000185434,0.000370868,0.000741728,0.00964258,0.0511796,0.15669,0.15669,0,4.63E-05,5.55E-05,2.78E-05,2.78E-05,2.78E-05,2.78E-05,2.78E-05,2.78E-05,2.78E-05,0,2.78E-05,2.78E-05,0,2.78E-05,2.78E-05,5.55E-05,2.78E-05,0,0,0,2.78E-05,0,0.000111088,0.000166632,0.000166632,0.0001132,6.29E-05,0,3.77E-05,0,3.77E-05,0,0,3.77E-05,7.55E-05,3.77E-05,3.77E-05,3.77E-05,7.55E-05,0,7.55E-05,3.77E-05,7.55E-05,7.55E-05,0.0001132,7.55E-05,3.77E-05,7.55E-05,0.000566,0.001396148,0.001396148,110,0,0,0,0,0,0,0,0,0,0,0,0,0,0,0,0,0,33,1,1,1500,0.013064972
14,5/17/2012 2:15,5/17/2012 2:45,0.0148292,2.8664333,2.93564,3.11354,2.5205,3.55834,3.6473,2.63912,2.6391,2.87632,2.817,3.0246,2.96526,3.76592,3.38042,3.6473,3.43972,4.03276,4.47758,4.00314,4.06244,6.87936,94.1474,648.576,2030.64,4361.1,4361.1,0.020371,0.0236304,0.0220008,0.01874128,0.02526,0.0220006,0.0195562,0.0130374,0.0187414,0.01385232,0.01222288,0.01140792,0.0268896,0.0138524,0.0220008,0.0277044,0.02200048,0.0220008,0.0179266,0.0252598,0.0822968,1.01204,5.17908,14.0673,27.3264,27.3264,0.001669633,0.00175314,0.00350626,0.00200356,0.00200356,0.00300536,0.0032558,0.00300536,0.0032558,0.00175312,0.00250446,0.00275492,0.00350626,0.0032558,0.00250446,0.00450804,0.00475848,0.00225402,0.0037567,0.00425756,0.00701252,0.0303038,0.1064398,0.25145,0.416992,0.416992,0.000309057,0.000185434,0.000927168,0,0.000185434,0.000556302,0.000741728,0.000370868,0.000185434,0.000556302,0.000556302,0.000370868,0.000556294,0,0.000741734,0.000370868,0.000185434,0,0.000185434,0.000370868,0.000741728,0.00964258,0.0511796,0.15669,0.329514,0.329514,4.63E-05,5.55E-05,2.78E-05,2.78E-05,2.78E-05,2.78E-05,2.78E-05,2.78E-05,2.78E-05,0,2.78E-05,2.78E-05,0,2.78E-05,2.78E-05,5.55E-05,2.78E-05,0,0,0,2.78E-05,0,0.000111088,0.000166632,0.000222174,0.000222174,6.29E-05,0,3.77E-05,0,3.77E-05,0,0,3.77E-05,7.55E-05,3.77E-05,3.77E-05,3.77E-05,7.55E-05,0,7.55E-05,3.77E-05,7.55E-05,7.55E-05,0.0001132,7.55E-05,3.77E-05,7.55E-05,0.000566,0.001396148,0.00392428,0.00392428,110,0,0,0,0,0,0,0,0,0,0,0,0,0,0,0,0,0,33,1,1,1500,0.010803722
14,5/17/2012 2:20,5/17/2012 2:50,0.0147538,2.93564,3.11354,2.5205,3.55834,3.6473,2.63912,2.6391,2.87632,2.817,3.0246,2.96526,3.76592,3.38042,3.6473,3.43972,4.03276,4.47758,4.00314,4.06244,6.87936,94.1474,648.576,2030.64,4361.1,5978.04,5978.04,0.0236304,0.0220008,0.01874128,0.02526,0.0220006,0.0195562,0.0130374,0.0187414,0.01385232,0.01222288,0.01140792,0.0268896,0.0138524,0.0220008,0.0277044,0.02200048,0.0220008,0.0179266,0.0252598,0.0822968,1.01204,5.17908,14.0673,27.3264,35.4746,35.4746,0.00175314,0.00350626,0.00200356,0.00200356,0.00300536,0.0032558,0.00300536,0.0032558,0.00175312,0.00250446,0.00275492,0.00350626,0.0032558,0.00250446,0.00450804,0.00475848,0.00225402,0.0037567,0.00425756,0.00701252,0.0303038,0.1064398,0.25145,0.416992,0.538208,0.538208,0.000185434,0.000927168,0,0.000185434,0.000556302,0.000741728,0.000370868,0.000185434,0.000556302,0.000556302,0.000370868,0.000556294,0,0.000741734,0.000370868,0.000185434,0,0.000185434,0.000370868,0.000741728,0.00964258,0.0511796,0.15669,0.329514,0.478232,0.478232,5.55E-05,2.78E-05,2.78E-05,2.78E-05,2.78E-05,2.78E-05,2.78E-05,2.78E-05,0,2.78E-05,2.78E-05,0,2.78E-05,2.78E-05,5.55E-05,2.78E-05,0,0,0,2.78E-05,0,0.000111088,0.000166632,0.000222174,0.000555432,0.000555432,0,3.77E-05,0,3.77E-05,0,0,3.77E-05,7.55E-05,3.77E-05,3.77E-05,3.77E-05,7.55E-05,0,7.55E-05,3.77E-05,7.55E-05,7.55E-05,0.0001132,7.55E-05,3.77E-05,7.55E-05,0.000566,0.001396148,0.00392428,0.0057355,0.0057355,110,5/17/2012 1:48,-10,75,1500,261,1582,11653.71622,45,-51.8,1323,1473,360,1,4396000,360.5,1.42E-09,-0.061976282,33,1,1,1500,0.008926907
14,5/17/2012 2:25,5/17/2012 2:55,0.0144142,3.11354,2.5205,3.55834,3.6473,2.63912,2.6391,2.87632,2.817,3.0246,2.96526,3.76592,3.38042,3.6473,3.43972,4.03276,4.47758,4.00314,4.06244,6.87936,94.1474,648.576,2030.64,4361.1,5978.04,5013.94,5978.04,0.0220008,0.01874128,0.02526,0.0220006,0.0195562,0.0130374,0.0187414,0.01385232,0.01222288,0.01140792,0.0268896,0.0138524,0.0220008,0.0277044,0.02200048,0.0220008,0.0179266,0.0252598,0.0822968,1.01204,5.17908,14.0673,27.3264,35.4746,29.3996,35.4746,0.00350626,0.00200356,0.00200356,0.00300536,0.0032558,0.00300536,0.0032558,0.00175312,0.00250446,0.00275492,0.00350626,0.0032558,0.00250446,0.00450804,0.00475848,0.00225402,0.0037567,0.00425756,0.00701252,0.0303038,0.1064398,0.25145,0.416992,0.538208,0.375168,0.538208,0.000927168,0,0.000185434,0.000556302,0.000741728,0.000370868,0.000185434,0.000556302,0.000556302,0.000370868,0.000556294,0,0.000741734,0.000370868,0.000185434,0,0.000185434,0.000370868,0.000741728,0.00964258,0.0511796,0.15669,0.329514,0.478232,0.382922,0.478232,2.78E-05,2.78E-05,2.78E-05,2.78E-05,2.78E-05,2.78E-05,2.78E-05,0,2.78E-05,2.78E-05,0,2.78E-05,2.78E-05,5.55E-05,2.78E-05,0,0,0,2.78E-05,0,0.000111088,0.000166632,0.000222174,0.000555432,0.001083082,0.001083082,3.77E-05,0,3.77E-05,0,0,3.77E-05,7.55E-05,3.77E-05,3.77E-05,3.77E-05,7.55E-05,0,7.55E-05,3.77E-05,7.55E-05,7.55E-05,0.0001132,7.55E-05,3.77E-05,7.55E-05,0.000566,0.001396148,0.00392428,0.0057355,0.00482988,0.0057355,110,5/17/2012 1:48,-10,75,1500,261,1582,11653.71622,45,-51.8,1323,1473,360,1,4396000,360.5,1.42E-09,-0.061976282,33,1,1,1500,0.009493049
14,5/17/2012 2:30,5/17/2012 3:00,0.015961,2.5205,3.55834,3.6473,2.63912,2.6391,2.87632,2.817,3.0246,2.96526,3.76592,3.38042,3.6473,3.43972,4.03276,4.47758,4.00314,4.06244,6.87936,94.1474,648.576,2030.64,4361.1,5978.04,5013.94,6642.22,6642.22,0.01874128,0.02526,0.0220006,0.0195562,0.0130374,0.0187414,0.01385232,0.01222288,0.01140792,0.0268896,0.0138524,0.0220008,0.0277044,0.02200048,0.0220008,0.0179266,0.0252598,0.0822968,1.01204,5.17908,14.0673,27.3264,35.4746,29.3996,39.4252,39.4252,0.00200356,0.00200356,0.00300536,0.0032558,0.00300536,0.0032558,0.00175312,0.00250446,0.00275492,0.00350626,0.0032558,0.00250446,0.00450804,0.00475848,0.00225402,0.0037567,0.00425756,0.00701252,0.0303038,0.1064398,0.25145,0.416992,0.538208,0.375168,0.544218,0.544218,0,0.000185434,0.000556302,0.000741728,0.000370868,0.000185434,0.000556302,0.000556302,0.000370868,0.000556294,0,0.000741734,0.000370868,0.000185434,0,0.000185434,0.000370868,0.000741728,0.00964258,0.0511796,0.15669,0.329514,0.478232,0.382922,0.546472,0.546472,2.78E-05,2.78E-05,2.78E-05,2.78E-05,2.78E-05,2.78E-05,0,2.78E-05,2.78E-05,0,2.78E-05,2.78E-05,5.55E-05,2.78E-05,0,0,0,2.78E-05,0,0.000111088,0.000166632,0.000222174,0.000555432,0.001083082,0.001249736,0.001249736,0,3.77E-05,0,0,3.77E-05,7.55E-05,3.77E-05,3.77E-05,3.77E-05,7.55E-05,0,7.55E-05,3.77E-05,7.55E-05,7.55E-05,0.0001132,7.55E-05,3.77E-05,7.55E-05,0.000566,0.001396148,0.00392428,0.0057355,0.00482988,0.00803724,0.00803724,110,5/17/2012 1:48,-10,75,1500,261,1582,11653.71622,45,-51.8,1323,1473,360,1,4396000,360.5,1.42E-09,-0.061976282,33,1,1,1500,0.007829849
14,5/17/2012 2:35,5/17/2012 3:05,0.0166028,3.55834,3.6473,2.63912,2.6391,2.87632,2.817,3.0246,2.96526,3.76592,3.38042,3.6473,3.43972,4.03276,4.47758,4.00314,4.06244,6.87936,94.1474,648.576,2030.64,4361.1,5978.04,5013.94,6642.22,9018.26,9018.26,0.02526,0.0220006,0.0195562,0.0130374,0.0187414,0.01385232,0.01222288,0.01140792,0.0268896,0.0138524,0.0220008,0.0277044,0.02200048,0.0220008,0.0179266,0.0252598,0.0822968,1.01204,5.17908,14.0673,27.3264,35.4746,29.3996,39.4252,51.9668,51.9668,0.00200356,0.00300536,0.0032558,0.00300536,0.0032558,0.00175312,0.00250446,0.00275492,0.00350626,0.0032558,0.00250446,0.00450804,0.00475848,0.00225402,0.0037567,0.00425756,0.00701252,0.0303038,0.1064398,0.25145,0.416992,0.538208,0.375168,0.544218,0.753842,0.753842,0.000185434,0.000556302,0.000741728,0.000370868,0.000185434,0.000556302,0.000556302,0.000370868,0.000556294,0,0.000741734,0.000370868,0.000185434,0,0.000185434,0.000370868,0.000741728,0.00964258,0.0511796,0.15669,0.329514,0.478232,0.382922,0.546472,0.78976,0.78976,2.78E-05,2.78E-05,2.78E-05,2.78E-05,2.78E-05,0,2.78E-05,2.78E-05,0,2.78E-05,2.78E-05,5.55E-05,2.78E-05,0,0,0,2.78E-05,0,0.000111088,0.000166632,0.000222174,0.000555432,0.001083082,0.001249736,0.00238838,0.00238838,3.77E-05,0,0,3.77E-05,7.55E-05,3.77E-05,3.77E-05,3.77E-05,7.55E-05,0,7.55E-05,3.77E-05,7.55E-05,7.55E-05,0.0001132,7.55E-05,3.77E-05,7.55E-05,0.000566,0.001396148,0.00392428,0.0057355,0.00482988,0.00803724,0.01094268,0.01094268,110,5/17/2012 1:48,-10,75,1500,261,1582,11653.71622,45,-51.8,1323,1473,360,1,4396000,360.5,1.42E-09,-0.061976282,33,1,1,1500,0.005583238
14,5/17/2012 2:40,5/17/2012 3:10,0.0167914,3.6473,2.63912,2.6391,2.87632,2.817,3.0246,2.96526,3.76592,3.38042,3.6473,3.43972,4.03276,4.47758,4.00314,4.06244,6.87936,94.1474,648.576,2030.64,4361.1,5978.04,5013.94,6642.22,9018.26,10210.12,10210.12,0.0220006,0.0195562,0.0130374,0.0187414,0.01385232,0.01222288,0.01140792,0.0268896,0.0138524,0.0220008,0.0277044,0.02200048,0.0220008,0.0179266,0.0252598,0.0822968,1.01204,5.17908,14.0673,27.3264,35.4746,29.3996,39.4252,51.9668,57.4948,57.4948,0.00300536,0.0032558,0.00300536,0.0032558,0.00175312,0.00250446,0.00275492,0.00350626,0.0032558,0.00250446,0.00450804,0.00475848,0.00225402,0.0037567,0.00425756,0.00701252,0.0303038,0.1064398,0.25145,0.416992,0.538208,0.375168,0.544218,0.753842,0.850512,0.850512,0.000556302,0.000741728,0.000370868,0.000185434,0.000556302,0.000556302,0.000370868,0.000556294,0,0.000741734,0.000370868,0.000185434,0,0.000185434,0.000370868,0.000741728,0.00964258,0.0511796,0.15669,0.329514,0.478232,0.382922,0.546472,0.78976,0.930504,0.930504,2.78E-05,2.78E-05,2.78E-05,2.78E-05,0,2.78E-05,2.78E-05,0,2.78E-05,2.78E-05,5.55E-05,2.78E-05,0,0,0,2.78E-05,0,0.000111088,0.000166632,0.000222174,0.000555432,0.001083082,0.001249736,0.00238838,0.00277718,0.00277718,0,0,3.77E-05,7.55E-05,3.77E-05,3.77E-05,3.77E-05,7.55E-05,0,7.55E-05,3.77E-05,7.55E-05,7.55E-05,0.0001132,7.55E-05,3.77E-05,7.55E-05,0.000566,0.001396148,0.00392428,0.0057355,0.00482988,0.00803724,0.01094268,0.0145652,0.0145652,110,5/17/2012 1:48,-10,75,1500,261,1582,11653.71622,45,-51.8,1323,1473,360,1,4396000,360.5,1.42E-09,-0.061976282,33,1,1,1500,0.002191837
14,5/17/2012 2:45,5/17/2012 3:15,0.0179612,2.63912,2.6391,2.87632,2.817,3.0246,2.96526,3.76592,3.38042,3.6473,3.43972,4.03276,4.47758,4.00314,4.06244,6.87936,94.1474,648.576,2030.64,4361.1,5978.04,5013.94,6642.22,9018.26,10210.12,10058.3,10210.12,0.0195562,0.0130374,0.0187414,0.01385232,0.01222288,0.01140792,0.0268896,0.0138524,0.0220008,0.0277044,0.02200048,0.0220008,0.0179266,0.0252598,0.0822968,1.01204,5.17908,14.0673,27.3264,35.4746,29.3996,39.4252,51.9668,57.4948,60.8844,60.8844,0.0032558,0.00300536,0.0032558,0.00175312,0.00250446,0.00275492,0.00350626,0.0032558,0.00250446,0.00450804,0.00475848,0.00225402,0.0037567,0.00425756,0.00701252,0.0303038,0.1064398,0.25145,0.416992,0.538208,0.375168,0.544218,0.753842,0.850512,0.942178,0.942178,0.000741728,0.000370868,0.000185434,0.000556302,0.000556302,0.000370868,0.000556294,0,0.000741734,0.000370868,0.000185434,0,0.000185434,0.000370868,0.000741728,0.00964258,0.0511796,0.15669,0.329514,0.478232,0.382922,0.546472,0.78976,0.930504,0.90658,0.930504,2.78E-05,2.78E-05,2.78E-05,0,2.78E-05,2.78E-05,0,2.78E-05,2.78E-05,5.55E-05,2.78E-05,0,0,0,2.78E-05,0,0.000111088,0.000166632,0.000222174,0.000555432,0.001083082,0.001249736,0.00238838,0.00277718,0.00222174,0.00277718,0,3.77E-05,7.55E-05,3.77E-05,3.77E-05,3.77E-05,7.55E-05,0,7.55E-05,3.77E-05,7.55E-05,7.55E-05,0.0001132,7.55E-05,3.77E-05,7.55E-05,0.000566,0.001396148,0.00392428,0.0057355,0.00482988,0.00803724,0.01094268,0.0145652,0.0148292,0.0148292,110,5/17/2012 1:48,-10,75,1500,261,1582,11653.71622,45,-51.8,1323,1473,360,1,4396000,360.5,1.42E-09,-0.061976282,33,1,1,1500,0.003081481
14,5/17/2012 2:50,5/17/2012 3:20,0.0189044,2.6391,2.87632,2.817,3.0246,2.96526,3.76592,3.38042,3.6473,3.43972,4.03276,4.47758,4.00314,4.06244,6.87936,94.1474,648.576,2030.64,4361.1,5978.04,5013.94,6642.22,9018.26,10210.12,10058.3,9826.6,10210.12,0.0130374,0.0187414,0.01385232,0.01222288,0.01140792,0.0268896,0.0138524,0.0220008,0.0277044,0.02200048,0.0220008,0.0179266,0.0252598,0.0822968,1.01204,5.17908,14.0673,27.3264,35.4746,29.3996,39.4252,51.9668,57.4948,60.8844,61.3538,61.3538,0.00300536,0.0032558,0.00175312,0.00250446,0.00275492,0.00350626,0.0032558,0.00250446,0.00450804,0.00475848,0.00225402,0.0037567,0.00425756,0.00701252,0.0303038,0.1064398,0.25145,0.416992,0.538208,0.375168,0.544218,0.753842,0.850512,0.942178,0.90812,0.942178,0.000370868,0.000185434,0.000556302,0.000556302,0.000370868,0.000556294,0,0.000741734,0.000370868,0.000185434,0,0.000185434,0.000370868,0.000741728,0.00964258,0.0511796,0.15669,0.329514,0.478232,0.382922,0.546472,0.78976,0.930504,0.90658,0.909542,0.930504,2.78E-05,2.78E-05,0,2.78E-05,2.78E-05,0,2.78E-05,2.78E-05,5.55E-05,2.78E-05,0,0,0,2.78E-05,0,0.000111088,0.000166632,0.000222174,0.000555432,0.001083082,0.001249736,0.00238838,0.00277718,0.00222174,0.00211062,0.00277718,3.77E-05,7.55E-05,3.77E-05,3.77E-05,3.77E-05,7.55E-05,0,7.55E-05,3.77E-05,7.55E-05,7.55E-05,0.0001132,7.55E-05,3.77E-05,7.55E-05,0.000566,0.001396148,0.00392428,0.0057355,0.00482988,0.00803724,0.01094268,0.0145652,0.0148292,0.0147538,0.0148292,110,5/17/2012 1:48,-10,75,1500,261,1582,11653.71622,45,-51.8,1323,1473,360,1,4396000,360.5,1.42E-09,-0.061976282,33,1,1,1500,0.004081911
14,5/17/2012 2:55,5/17/2012 3:25,0.0204892,2.87632,2.817,3.0246,2.96526,3.76592,3.38042,3.6473,3.43972,4.03276,4.47758,4.00314,4.06244,6.87936,94.1474,648.576,2030.64,4361.1,5978.04,5013.94,6642.22,9018.26,10210.12,10058.3,9826.6,9545.84,10210.12,0.0187414,0.01385232,0.01222288,0.01140792,0.0268896,0.0138524,0.0220008,0.0277044,0.02200048,0.0220008,0.0179266,0.0252598,0.0822968,1.01204,5.17908,14.0673,27.3264,35.4746,29.3996,39.4252,51.9668,57.4948,60.8844,61.3538,62.9704,62.9704,0.0032558,0.00175312,0.00250446,0.00275492,0.00350626,0.0032558,0.00250446,0.00450804,0.00475848,0.00225402,0.0037567,0.00425756,0.00701252,0.0303038,0.1064398,0.25145,0.416992,0.538208,0.375168,0.544218,0.753842,0.850512,0.942178,0.90812,0.996272,0.996272,0.000185434,0.000556302,0.000556302,0.000370868,0.000556294,0,0.000741734,0.000370868,0.000185434,0,0.000185434,0.000370868,0.000741728,0.00964258,0.0511796,0.15669,0.329514,0.478232,0.382922,0.546472,0.78976,0.930504,0.90658,0.909542,0.886556,0.930504,2.78E-05,0,2.78E-05,2.78E-05,0,2.78E-05,2.78E-05,5.55E-05,2.78E-05,0,0,0,2.78E-05,0,0.000111088,0.000166632,0.000222174,0.000555432,0.001083082,0.001249736,0.00238838,0.00277718,0.00222174,0.00211062,0.00172184,0.00277718,7.55E-05,3.77E-05,3.77E-05,3.77E-05,7.55E-05,0,7.55E-05,3.77E-05,7.55E-05,7.55E-05,0.0001132,7.55E-05,3.77E-05,7.55E-05,0.000566,0.001396148,0.00392428,0.0057355,0.00482988,0.00803724,0.01094268,0.0145652,0.0148292,0.0147538,0.0144142,0.0148292,110,5/17/2012 1:48,-10,75,1500,261,1582,11653.71622,45,-51.8,1323,1473,360,1,4396000,360.5,1.42E-09,-0.061976282,33,1,1,1500,0.005970817
14,5/17/2012 3:00,5/17/2012 3:30,0.0216966,2.817,3.0246,2.96526,3.76592,3.38042,3.6473,3.43972,4.03276,4.47758,4.00314,4.06244,6.87936,94.1474,648.576,2030.64,4361.1,5978.04,5013.94,6642.22,9018.26,10210.12,10058.3,9826.6,9545.84,9849.42,10210.12,0.01385232,0.01222288,0.01140792,0.0268896,0.0138524,0.0220008,0.0277044,0.02200048,0.0220008,0.0179266,0.0252598,0.0822968,1.01204,5.17908,14.0673,27.3264,35.4746,29.3996,39.4252,51.9668,57.4948,60.8844,61.3538,62.9704,64.6914,64.6914,0.00175312,0.00250446,0.00275492,0.00350626,0.0032558,0.00250446,0.00450804,0.00475848,0.00225402,0.0037567,0.00425756,0.00701252,0.0303038,0.1064398,0.25145,0.416992,0.538208,0.375168,0.544218,0.753842,0.850512,0.942178,0.90812,0.996272,1.047868,1.047868,0.000556302,0.000556302,0.000370868,0.000556294,0,0.000741734,0.000370868,0.000185434,0,0.000185434,0.000370868,0.000741728,0.00964258,0.0511796,0.15669,0.329514,0.478232,0.382922,0.546472,0.78976,0.930504,0.90658,0.909542,0.886556,0.891562,0.930504,0,2.78E-05,2.78E-05,0,2.78E-05,2.78E-05,5.55E-05,2.78E-05,0,0,0,2.78E-05,0,0.000111088,0.000166632,0.000222174,0.000555432,0.001083082,0.001249736,0.00238838,0.00277718,0.00222174,0.00211062,0.00172184,0.001721862,0.00277718,3.77E-05,3.77E-05,3.77E-05,7.55E-05,0,7.55E-05,3.77E-05,7.55E-05,7.55E-05,0.0001132,7.55E-05,3.77E-05,7.55E-05,0.000566,0.001396148,0.00392428,0.0057355,0.00482988,0.00803724,0.01094268,0.0145652,0.0148292,0.0147538,0.0144142,0.015961,0.015961,110,5/17/2012 1:48,-10,75,1500,261,1582,11653.71622,45,-51.8,1323,1473,360,1,4396000,360.5,1.42E-09,-0.061976282,33,1,1,1500,0.005629616
14,5/17/2012 3:05,5/17/2012 3:35,0.0240362,3.0246,2.96526,3.76592,3.38042,3.6473,3.43972,4.03276,4.47758,4.00314,4.06244,6.87936,94.1474,648.576,2030.64,4361.1,5978.04,5013.94,6642.22,9018.26,10210.12,10058.3,9826.6,9545.84,9849.42,9857.08,10210.12,0.01222288,0.01140792,0.0268896,0.0138524,0.0220008,0.0277044,0.02200048,0.0220008,0.0179266,0.0252598,0.0822968,1.01204,5.17908,14.0673,27.3264,35.4746,29.3996,39.4252,51.9668,57.4948,60.8844,61.3538,62.9704,64.6914,67.1684,67.1684,0.00250446,0.00275492,0.00350626,0.0032558,0.00250446,0.00450804,0.00475848,0.00225402,0.0037567,0.00425756,0.00701252,0.0303038,0.1064398,0.25145,0.416992,0.538208,0.375168,0.544218,0.753842,0.850512,0.942178,0.90812,0.996272,1.047868,1.115,1.115,0.000556302,0.000370868,0.000556294,0,0.000741734,0.000370868,0.000185434,0,0.000185434,0.000370868,0.000741728,0.00964258,0.0511796,0.15669,0.329514,0.478232,0.382922,0.546472,0.78976,0.930504,0.90658,0.909542,0.886556,0.891562,0.90343,0.930504,2.78E-05,2.78E-05,0,2.78E-05,2.78E-05,5.55E-05,2.78E-05,0,0,0,2.78E-05,0,0.000111088,0.000166632,0.000222174,0.000555432,0.001083082,0.001249736,0.00238838,0.00277718,0.00222174,0.00211062,0.00172184,0.001721862,0.00183292,0.00277718,3.77E-05,3.77E-05,7.55E-05,0,7.55E-05,3.77E-05,7.55E-05,7.55E-05,0.0001132,7.55E-05,3.77E-05,7.55E-05,0.000566,0.001396148,0.00392428,0.0057355,0.00482988,0.00803724,0.01094268,0.0145652,0.0148292,0.0147538,0.0144142,0.015961,0.0166028,0.0166028,110,5/17/2012 1:48,-10,75,1500,261,1582,11653.71622,45,-51.8,1323,1473,360,1,4396000,360.5,1.42E-09,-0.061976282,33,1,1,1500,0.007285397
14,5/17/2012 3:10,5/17/2012 3:40,0.0292056,2.96526,3.76592,3.38042,3.6473,3.43972,4.03276,4.47758,4.00314,4.06244,6.87936,94.1474,648.576,2030.64,4361.1,5978.04,5013.94,6642.22,9018.26,10210.12,10058.3,9826.6,9545.84,9849.42,9857.08,10248.12,10248.12,0.01140792,0.0268896,0.0138524,0.0220008,0.0277044,0.02200048,0.0220008,0.0179266,0.0252598,0.0822968,1.01204,5.17908,14.0673,27.3264,35.4746,29.3996,39.4252,51.9668,57.4948,60.8844,61.3538,62.9704,64.6914,67.1684,70.2974,70.2974,0.00275492,0.00350626,0.0032558,0.00250446,0.00450804,0.00475848,0.00225402,0.0037567,0.00425756,0.00701252,0.0303038,0.1064398,0.25145,0.416992,0.538208,0.375168,0.544218,0.753842,0.850512,0.942178,0.90812,0.996272,1.047868,1.115,1.14206,1.14206,0.000370868,0.000556294,0,0.000741734,0.000370868,0.000185434,0,0.000185434,0.000370868,0.000741728,0.00964258,0.0511796,0.15669,0.329514,0.478232,0.382922,0.546472,0.78976,0.930504,0.90658,0.909542,0.886556,0.891562,0.90343,0.944404,0.944404,2.78E-05,0,2.78E-05,2.78E-05,5.55E-05,2.78E-05,0,0,0,2.78E-05,0,0.000111088,0.000166632,0.000222174,0.000555432,0.001083082,0.001249736,0.00238838,0.00277718,0.00222174,0.00211062,0.00172184,0.001721862,0.00183292,0.00283272,0.00283272,3.77E-05,7.55E-05,0,7.55E-05,3.77E-05,7.55E-05,7.55E-05,0.0001132,7.55E-05,3.77E-05,7.55E-05,0.000566,0.001396148,0.00392428,0.0057355,0.00482988,0.00803724,0.01094268,0.0145652,0.0148292,0.0147538,0.0144142,0.015961,0.0166028,0.0167914,0.0167914,110,5/17/2012 1:48,-10,75,1500,261,1582,11653.71622,45,-51.8,1323,1473,360,1,4396000,360.5,1.42E-09,-0.061976282,33,1,1,1500,0.01213526
14,5/17/2012 3:15,5/17/2012 3:45,0.0329034,3.76592,3.38042,3.6473,3.43972,4.03276,4.47758,4.00314,4.06244,6.87936,94.1474,648.576,2030.64,4361.1,5978.04,5013.94,6642.22,9018.26,10210.12,10058.3,9826.6,9545.84,9849.42,9857.08,10248.12,10331.6,10331.6,0.0268896,0.0138524,0.0220008,0.0277044,0.02200048,0.0220008,0.0179266,0.0252598,0.0822968,1.01204,5.17908,14.0673,27.3264,35.4746,29.3996,39.4252,51.9668,57.4948,60.8844,61.3538,62.9704,64.6914,67.1684,70.2974,71.1842,71.1842,0.00350626,0.0032558,0.00250446,0.00450804,0.00475848,0.00225402,0.0037567,0.00425756,0.00701252,0.0303038,0.1064398,0.25145,0.416992,0.538208,0.375168,0.544218,0.753842,0.850512,0.942178,0.90812,0.996272,1.047868,1.115,1.14206,1.19012,1.19012,0.000556294,0,0.000741734,0.000370868,0.000185434,0,0.000185434,0.000370868,0.000741728,0.00964258,0.0511796,0.15669,0.329514,0.478232,0.382922,0.546472,0.78976,0.930504,0.90658,0.909542,0.886556,0.891562,0.90343,0.944404,0.93514,0.944404,0,2.78E-05,2.78E-05,5.55E-05,2.78E-05,0,0,0,2.78E-05,0,0.000111088,0.000166632,0.000222174,0.000555432,0.001083082,0.001249736,0.00238838,0.00277718,0.00222174,0.00211062,0.00172184,0.001721862,0.00183292,0.00283272,0.00302712,0.00302712,7.55E-05,0,7.55E-05,3.77E-05,7.55E-05,7.55E-05,0.0001132,7.55E-05,3.77E-05,7.55E-05,0.000566,0.001396148,0.00392428,0.0057355,0.00482988,0.00803724,0.01094268,0.0145652,0.0148292,0.0147538,0.0144142,0.015961,0.0166028,0.0167914,0.0179612,0.0179612,110,5/17/2012 1:48,-10,75,1500,261,1582,11653.71622,45,-51.8,1323,1473,360,1,4396000,360.5,1.42E-09,-0.061976282,33,1,1,1500,0.014571868
14,5/17/2012 3:20,5/17/2012 3:50,0.035658,3.38042,3.6473,3.43972,4.03276,4.47758,4.00314,4.06244,6.87936,94.1474,648.576,2030.64,4361.1,5978.04,5013.94,6642.22,9018.26,10210.12,10058.3,9826.6,9545.84,9849.42,9857.08,10248.12,10331.6,10065.76,10331.6,0.0138524,0.0220008,0.0277044,0.02200048,0.0220008,0.0179266,0.0252598,0.0822968,1.01204,5.17908,14.0673,27.3264,35.4746,29.3996,39.4252,51.9668,57.4948,60.8844,61.3538,62.9704,64.6914,67.1684,70.2974,71.1842,69.3066,71.1842,0.0032558,0.00250446,0.00450804,0.00475848,0.00225402,0.0037567,0.00425756,0.00701252,0.0303038,0.1064398,0.25145,0.416992,0.538208,0.375168,0.544218,0.753842,0.850512,0.942178,0.90812,0.996272,1.047868,1.115,1.14206,1.19012,1.15806,1.19012,0,0.000741734,0.000370868,0.000185434,0,0.000185434,0.000370868,0.000741728,0.00964258,0.0511796,0.15669,0.329514,0.478232,0.382922,0.546472,0.78976,0.930504,0.90658,0.909542,0.886556,0.891562,0.90343,0.944404,0.93514,0.913072,0.944404,2.78E-05,2.78E-05,5.55E-05,2.78E-05,0,0,0,2.78E-05,0,0.000111088,0.000166632,0.000222174,0.000555432,0.001083082,0.001249736,0.00238838,0.00277718,0.00222174,0.00211062,0.00172184,0.001721862,0.00183292,0.00283272,0.00302712,0.00349922,0.00349922,0,7.55E-05,3.77E-05,7.55E-05,7.55E-05,0.0001132,7.55E-05,3.77E-05,7.55E-05,0.000566,0.001396148,0.00392428,0.0057355,0.00482988,0.00803724,0.01094268,0.0145652,0.0148292,0.0147538,0.0144142,0.015961,0.0166028,0.0167914,0.0179612,0.0189044,0.0189044,110,5/17/2012 1:48,-10,75,1500,261,1582,11653.71622,45,-51.8,1323,1473,360,1,4396000,360.5,1.42E-09,-0.061976282,33,1,1,1500,0.016309041
14,5/17/2012 3:25,5/17/2012 3:55,0.0417332,3.6473,3.43972,4.03276,4.47758,4.00314,4.06244,6.87936,94.1474,648.576,2030.64,4361.1,5978.04,5013.94,6642.22,9018.26,10210.12,10058.3,9826.6,9545.84,9849.42,9857.08,10248.12,10331.6,10065.76,10362,10362,0.0220008,0.0277044,0.02200048,0.0220008,0.0179266,0.0252598,0.0822968,1.01204,5.17908,14.0673,27.3264,35.4746,29.3996,39.4252,51.9668,57.4948,60.8844,61.3538,62.9704,64.6914,67.1684,70.2974,71.1842,69.3066,72.4358,72.4358,0.00250446,0.00450804,0.00475848,0.00225402,0.0037567,0.00425756,0.00701252,0.0303038,0.1064398,0.25145,0.416992,0.538208,0.375168,0.544218,0.753842,0.850512,0.942178,0.90812,0.996272,1.047868,1.115,1.14206,1.19012,1.15806,1.22166,1.22166,0.000741734,0.000370868,0.000185434,0,0.000185434,0.000370868,0.000741728,0.00964258,0.0511796,0.15669,0.329514,0.478232,0.382922,0.546472,0.78976,0.930504,0.90658,0.909542,0.886556,0.891562,0.90343,0.944404,0.93514,0.913072,0.917154,0.944404,2.78E-05,5.55E-05,2.78E-05,0,0,0,2.78E-05,0,0.000111088,0.000166632,0.000222174,0.000555432,0.001083082,0.001249736,0.00238838,0.00277718,0.00222174,0.00211062,0.00172184,0.001721862,0.00183292,0.00283272,0.00302712,0.00349922,0.0065819,0.0065819,7.55E-05,3.77E-05,7.55E-05,7.55E-05,0.0001132,7.55E-05,3.77E-05,7.55E-05,0.000566,0.001396148,0.00392428,0.0057355,0.00482988,0.00803724,0.01094268,0.0145652,0.0148292,0.0147538,0.0144142,0.015961,0.0166028,0.0167914,0.0179612,0.0189044,0.0204892,0.0204892,110,5/17/2012 1:48,-10,75,1500,261,1582,11653.71622,45,-51.8,1323,1473,360,1,4396000,360.5,1.42E-09,-0.061976282,33,1,1,1500,0.020603744
14,5/17/2012 3:30,5/17/2012 4:00,0.0589396,3.43972,4.03276,4.47758,4.00314,4.06244,6.87936,94.1474,648.576,2030.64,4361.1,5978.04,5013.94,6642.22,9018.26,10210.12,10058.3,9826.6,9545.84,9849.42,9857.08,10248.12,10331.6,10065.76,10362,10475.8,10475.8,0.0277044,0.02200048,0.0220008,0.0179266,0.0252598,0.0822968,1.01204,5.17908,14.0673,27.3264,35.4746,29.3996,39.4252,51.9668,57.4948,60.8844,61.3538,62.9704,64.6914,67.1684,70.2974,71.1842,69.3066,72.4358,73.7914,73.7914,0.00450804,0.00475848,0.00225402,0.0037567,0.00425756,0.00701252,0.0303038,0.1064398,0.25145,0.416992,0.538208,0.375168,0.544218,0.753842,0.850512,0.942178,0.90812,0.996272,1.047868,1.115,1.14206,1.19012,1.15806,1.22166,1.25726,1.25726,0.000370868,0.000185434,0,0.000185434,0.000370868,0.000741728,0.00964258,0.0511796,0.15669,0.329514,0.478232,0.382922,0.546472,0.78976,0.930504,0.90658,0.909542,0.886556,0.891562,0.90343,0.944404,0.93514,0.913072,0.917154,0.961292,0.961292,5.55E-05,2.78E-05,0,0,0,2.78E-05,0,0.000111088,0.000166632,0.000222174,0.000555432,0.001083082,0.001249736,0.00238838,0.00277718,0.00222174,0.00211062,0.00172184,0.001721862,0.00183292,0.00283272,0.00302712,0.00349922,0.0065819,0.0135802,0.0135802,3.77E-05,7.55E-05,7.55E-05,0.0001132,7.55E-05,3.77E-05,7.55E-05,0.000566,0.001396148,0.00392428,0.0057355,0.00482988,0.00803724,0.01094268,0.0145652,0.0148292,0.0147538,0.0144142,0.015961,0.0166028,0.0167914,0.0179612,0.0189044,0.0204892,0.0216966,0.0216966,110,5/17/2012 1:48,-10,75,1500,261,1582,11653.71622,45,-51.8,1323,1473,360,1,4396000,360.5,1.42E-09,-0.061976282,33,1,1,1500,0.035803451
14,5/17/2012 3:35,5/17/2012 4:05,0.0697314,4.03276,4.47758,4.00314,4.06244,6.87936,94.1474,648.576,2030.64,4361.1,5978.04,5013.94,6642.22,9018.26,10210.12,10058.3,9826.6,9545.84,9849.42,9857.08,10248.12,10331.6,10065.76,10362,10475.8,10552,10552,0.02200048,0.0220008,0.0179266,0.0252598,0.0822968,1.01204,5.17908,14.0673,27.3264,35.4746,29.3996,39.4252,51.9668,57.4948,60.8844,61.3538,62.9704,64.6914,67.1684,70.2974,71.1842,69.3066,72.4358,73.7914,74.678,74.678,0.00475848,0.00225402,0.0037567,0.00425756,0.00701252,0.0303038,0.1064398,0.25145,0.416992,0.538208,0.375168,0.544218,0.753842,0.850512,0.942178,0.90812,0.996272,1.047868,1.115,1.14206,1.19012,1.15806,1.22166,1.25726,1.30282,1.30282,0.000185434,0,0.000185434,0.000370868,0.000741728,0.00964258,0.0511796,0.15669,0.329514,0.478232,0.382922,0.546472,0.78976,0.930504,0.90658,0.909542,0.886556,0.891562,0.90343,0.944404,0.93514,0.913072,0.917154,0.961292,0.991702,0.991702,2.78E-05,0,0,0,2.78E-05,0,0.000111088,0.000166632,0.000222174,0.000555432,0.001083082,0.001249736,0.00238838,0.00277718,0.00222174,0.00211062,0.00172184,0.001721862,0.00183292,0.00283272,0.00302712,0.00349922,0.0065819,0.0135802,0.0213286,0.0213286,7.55E-05,7.55E-05,0.0001132,7.55E-05,3.77E-05,7.55E-05,0.000566,0.001396148,0.00392428,0.0057355,0.00482988,0.00803724,0.01094268,0.0145652,0.0148292,0.0147538,0.0144142,0.015961,0.0166028,0.0167914,0.0179612,0.0189044,0.0204892,0.0216966,0.0240362,0.0240362,110,5/17/2012 1:48,-10,75,1500,261,1582,11653.71622,45,-51.8,1323,1473,360,1,4396000,360.5,1.42E-09,-0.061976282,33,1,1,1500,0.043655711
14,5/17/2012 3:40,5/17/2012 4:10,0.0830514,4.47758,4.00314,4.06244,6.87936,94.1474,648.576,2030.64,4361.1,5978.04,5013.94,6642.22,9018.26,10210.12,10058.3,9826.6,9545.84,9849.42,9857.08,10248.12,10331.6,10065.76,10362,10475.8,10552,10438,10552,0.0220008,0.0179266,0.0252598,0.0822968,1.01204,5.17908,14.0673,27.3264,35.4746,29.3996,39.4252,51.9668,57.4948,60.8844,61.3538,62.9704,64.6914,67.1684,70.2974,71.1842,69.3066,72.4358,73.7914,74.678,73.5832,74.678,0.00225402,0.0037567,0.00425756,0.00701252,0.0303038,0.1064398,0.25145,0.416992,0.538208,0.375168,0.544218,0.753842,0.850512,0.942178,0.90812,0.996272,1.047868,1.115,1.14206,1.19012,1.15806,1.22166,1.25726,1.30282,1.32886,1.32886,0,0.000185434,0.000370868,0.000741728,0.00964258,0.0511796,0.15669,0.329514,0.478232,0.382922,0.546472,0.78976,0.930504,0.90658,0.909542,0.886556,0.891562,0.90343,0.944404,0.93514,0.913072,0.917154,0.961292,0.991702,0.98076,0.991702,0,0,0,2.78E-05,0,0.000111088,0.000166632,0.000222174,0.000555432,0.001083082,0.001249736,0.00238838,0.00277718,0.00222174,0.00211062,0.00172184,0.001721862,0.00183292,0.00283272,0.00302712,0.00349922,0.0065819,0.0135802,0.0213286,0.0373254,0.0373254,7.55E-05,0.0001132,7.55E-05,3.77E-05,7.55E-05,0.000566,0.001396148,0.00392428,0.0057355,0.00482988,0.00803724,0.01094268,0.0145652,0.0148292,0.0147538,0.0144142,0.015961,0.0166028,0.0167914,0.0179612,0.0189044,0.0204892,0.0216966,0.0240362,0.0292056,0.0292056,110,5/17/2012 1:48,-10,75,1500,261,1582,11653.71622,45,-51.8,1323,1473,360,1,4396000,360.5,1.42E-09,-0.061976282,33,1,1,1500,0.050995185
14,5/17/2012 3:45,5/17/2012 4:15,0.1042566,4.00314,4.06244,6.87936,94.1474,648.576,2030.64,4361.1,5978.04,5013.94,6642.22,9018.26,10210.12,10058.3,9826.6,9545.84,9849.42,9857.08,10248.12,10331.6,10065.76,10362,10475.8,10552,10438,10202.4,10552,0.0179266,0.0252598,0.0822968,1.01204,5.17908,14.0673,27.3264,35.4746,29.3996,39.4252,51.9668,57.4948,60.8844,61.3538,62.9704,64.6914,67.1684,70.2974,71.1842,69.3066,72.4358,73.7914,74.678,73.5832,72.6442,74.678,0.0037567,0.00425756,0.00701252,0.0303038,0.1064398,0.25145,0.416992,0.538208,0.375168,0.544218,0.753842,0.850512,0.942178,0.90812,0.996272,1.047868,1.115,1.14206,1.19012,1.15806,1.22166,1.25726,1.30282,1.32886,1.31936,1.32886,0.000185434,0.000370868,0.000741728,0.00964258,0.0511796,0.15669,0.329514,0.478232,0.382922,0.546472,0.78976,0.930504,0.90658,0.909542,0.886556,0.891562,0.90343,0.944404,0.93514,0.913072,0.917154,0.961292,0.991702,0.98076,0.967962,0.991702,0,0,2.78E-05,0,0.000111088,0.000166632,0.000222174,0.000555432,0.001083082,0.001249736,0.00238838,0.00277718,0.00222174,0.00211062,0.00172184,0.001721862,0.00183292,0.00283272,0.00302712,0.00349922,0.0065819,0.0135802,0.0213286,0.0373254,0.0593482,0.0593482,0.0001132,7.55E-05,3.77E-05,7.55E-05,0.000566,0.001396148,0.00392428,0.0057355,0.00482988,0.00803724,0.01094268,0.0145652,0.0148292,0.0147538,0.0144142,0.015961,0.0166028,0.0167914,0.0179612,0.0189044,0.0204892,0.0216966,0.0240362,0.0292056,0.0329034,0.0329034,110,5/17/2012 1:48,-10,75,1500,261,1582,11653.71622,45,-51.8,1323,1473,360,1,4396000,360.5,1.42E-09,-0.061976282,33,1,1,1500,0.066798677
14,5/17/2012 3:50,5/17/2012 4:20,0.117766,4.06244,6.87936,94.1474,648.576,2030.64,4361.1,5978.04,5013.94,6642.22,9018.26,10210.12,10058.3,9826.6,9545.84,9849.42,9857.08,10248.12,10331.6,10065.76,10362,10475.8,10552,10438,10202.4,10050.5,10552,0.0252598,0.0822968,1.01204,5.17908,14.0673,27.3264,35.4746,29.3996,39.4252,51.9668,57.4948,60.8844,61.3538,62.9704,64.6914,67.1684,70.2974,71.1842,69.3066,72.4358,73.7914,74.678,73.5832,72.6442,73.6874,74.678,0.00425756,0.00701252,0.0303038,0.1064398,0.25145,0.416992,0.538208,0.375168,0.544218,0.753842,0.850512,0.942178,0.90812,0.996272,1.047868,1.115,1.14206,1.19012,1.15806,1.22166,1.25726,1.30282,1.32886,1.31936,1.30334,1.32886,0.000370868,0.000741728,0.00964258,0.0511796,0.15669,0.329514,0.478232,0.382922,0.546472,0.78976,0.930504,0.90658,0.909542,0.886556,0.891562,0.90343,0.944404,0.93514,0.913072,0.917154,0.961292,0.991702,0.98076,0.967962,0.935696,0.991702,0,2.78E-05,0,0.000111088,0.000166632,0.000222174,0.000555432,0.001083082,0.001249736,0.00238838,0.00277718,0.00222174,0.00211062,0.00172184,0.001721862,0.00183292,0.00283272,0.00302712,0.00349922,0.0065819,0.0135802,0.0213286,0.0373254,0.0593482,0.0845928,0.0845928,7.55E-05,3.77E-05,7.55E-05,0.000566,0.001396148,0.00392428,0.0057355,0.00482988,0.00803724,0.01094268,0.0145652,0.0148292,0.0147538,0.0144142,0.015961,0.0166028,0.0167914,0.0179612,0.0189044,0.0204892,0.0216966,0.0240362,0.0292056,0.0329034,0.035658,0.035658,110,5/17/2012 1:48,-10,75,1500,261,1582,11653.71622,45,-51.8,1323,1473,360,1,4396000,360.5,1.42E-09,-0.061976282,33,1,1,1500,0.076295077
14,5/17/2012 3:55,5/17/2012 4:25,0.157538,6.87936,94.1474,648.576,2030.64,4361.1,5978.04,5013.94,6642.22,9018.26,10210.12,10058.3,9826.6,9545.84,9849.42,9857.08,10248.12,10331.6,10065.76,10362,10475.8,10552,10438,10202.4,10050.5,9868.46,10552,0.0822968,1.01204,5.17908,14.0673,27.3264,35.4746,29.3996,39.4252,51.9668,57.4948,60.8844,61.3538,62.9704,64.6914,67.1684,70.2974,71.1842,69.3066,72.4358,73.7914,74.678,73.5832,72.6442,73.6874,72.4356,74.678,0.00701252,0.0303038,0.1064398,0.25145,0.416992,0.538208,0.375168,0.544218,0.753842,0.850512,0.942178,0.90812,0.996272,1.047868,1.115,1.14206,1.19012,1.15806,1.22166,1.25726,1.30282,1.32886,1.31936,1.30334,1.3364,1.3364,0.000741728,0.00964258,0.0511796,0.15669,0.329514,0.478232,0.382922,0.546472,0.78976,0.930504,0.90658,0.909542,0.886556,0.891562,0.90343,0.944404,0.93514,0.913072,0.917154,0.961292,0.991702,0.98076,0.967962,0.935696,0.954794,0.991702,2.78E-05,0,0.000111088,0.000166632,0.000222174,0.000555432,0.001083082,0.001249736,0.00238838,0.00277718,0.00222174,0.00211062,0.00172184,0.001721862,0.00183292,0.00283272,0.00302712,0.00349922,0.0065819,0.0135802,0.0213286,0.0373254,0.0593482,0.0845928,0.107005,0.107005,3.77E-05,7.55E-05,0.000566,0.001396148,0.00392428,0.0057355,0.00482988,0.00803724,0.01094268,0.0145652,0.0148292,0.0147538,0.0144142,0.015961,0.0166028,0.0167914,0.0179612,0.0189044,0.0204892,0.0216966,0.0240362,0.0292056,0.0329034,0.035658,0.0417332,0.0417332,110,5/17/2012 1:48,-10,75,1500,261,1582,11653.71622,45,-51.8,1323,1473,360,1,4396000,360.5,1.42E-09,-0.061976282,33,1,1,1500,0.105409471
14,5/17/2012 4:00,5/17/2012 4:30,0.187196,94.1474,648.576,2030.64,4361.1,5978.04,5013.94,6642.22,9018.26,10210.12,10058.3,9826.6,9545.84,9849.42,9857.08,10248.12,10331.6,10065.76,10362,10475.8,10552,10438,10202.4,10050.5,9868.46,9815.32,10552,1.01204,5.17908,14.0673,27.3264,35.4746,29.3996,39.4252,51.9668,57.4948,60.8844,61.3538,62.9704,64.6914,67.1684,70.2974,71.1842,69.3066,72.4358,73.7914,74.678,73.5832,72.6442,73.6874,72.4356,72.905,74.678,0.0303038,0.1064398,0.25145,0.416992,0.538208,0.375168,0.544218,0.753842,0.850512,0.942178,0.90812,0.996272,1.047868,1.115,1.14206,1.19012,1.15806,1.22166,1.25726,1.30282,1.32886,1.31936,1.30334,1.3364,1.39048,1.39048,0.00964258,0.0511796,0.15669,0.329514,0.478232,0.382922,0.546472,0.78976,0.930504,0.90658,0.909542,0.886556,0.891562,0.90343,0.944404,0.93514,0.913072,0.917154,0.961292,0.991702,0.98076,0.967962,0.935696,0.954794,0.963124,0.991702,0,0.000111088,0.000166632,0.000222174,0.000555432,0.001083082,0.001249736,0.00238838,0.00277718,0.00222174,0.00211062,0.00172184,0.001721862,0.00183292,0.00283272,0.00302712,0.00349922,0.0065819,0.0135802,0.0213286,0.0373254,0.0593482,0.0845928,0.107005,0.187764,0.187764,7.55E-05,0.000566,0.001396148,0.00392428,0.0057355,0.00482988,0.00803724,0.01094268,0.0145652,0.0148292,0.0147538,0.0144142,0.015961,0.0166028,0.0167914,0.0179612,0.0189044,0.0204892,0.0216966,0.0240362,0.0292056,0.0329034,0.035658,0.0417332,0.0589396,0.0589396,110,5/17/2012 1:48,-10,75,1500,261,1582,11653.71622,45,-51.8,1323,1473,360,1,4396000,360.5,1.42E-09,-0.061976282,33,1,1,1500,0.114326194
14,5/17/2012 4:05,5/17/2012 4:35,0.206478,648.576,2030.64,4361.1,5978.04,5013.94,6642.22,9018.26,10210.12,10058.3,9826.6,9545.84,9849.42,9857.08,10248.12,10331.6,10065.76,10362,10475.8,10552,10438,10202.4,10050.5,9868.46,9815.32,9697.66,10552,5.17908,14.0673,27.3264,35.4746,29.3996,39.4252,51.9668,57.4948,60.8844,61.3538,62.9704,64.6914,67.1684,70.2974,71.1842,69.3066,72.4358,73.7914,74.678,73.5832,72.6442,73.6874,72.4356,72.905,72.6442,74.678,0.1064398,0.25145,0.416992,0.538208,0.375168,0.544218,0.753842,0.850512,0.942178,0.90812,0.996272,1.047868,1.115,1.14206,1.19012,1.15806,1.22166,1.25726,1.30282,1.32886,1.31936,1.30334,1.3364,1.39048,1.42054,1.42054,0.0511796,0.15669,0.329514,0.478232,0.382922,0.546472,0.78976,0.930504,0.90658,0.909542,0.886556,0.891562,0.90343,0.944404,0.93514,0.913072,0.917154,0.961292,0.991702,0.98076,0.967962,0.935696,0.954794,0.963124,0.952018,0.991702,0.000111088,0.000166632,0.000222174,0.000555432,0.001083082,0.001249736,0.00238838,0.00277718,0.00222174,0.00211062,0.00172184,0.001721862,0.00183292,0.00283272,0.00302712,0.00349922,0.0065819,0.0135802,0.0213286,0.0373254,0.0593482,0.0845928,0.107005,0.187764,0.235784,0.235784,0.000566,0.001396148,0.00392428,0.0057355,0.00482988,0.00803724,0.01094268,0.0145652,0.0148292,0.0147538,0.0144142,0.015961,0.0166028,0.0167914,0.0179612,0.0189044,0.0204892,0.0216966,0.0240362,0.0292056,0.0329034,0.035658,0.0417332,0.0589396,0.0697314,0.0697314,110,5/17/2012 1:48,-10,75,1500,261,1582,11653.71622,45,-51.8,1323,1473,360,1,4396000,360.5,1.42E-09,-0.061976282,33,1,1,1500,0.120297782
14,5/17/2012 4:10,5/17/2012 4:40,0.265452,2030.64,4361.1,5978.04,5013.94,6642.22,9018.26,10210.12,10058.3,9826.6,9545.84,9849.42,9857.08,10248.12,10331.6,10065.76,10362,10475.8,10552,10438,10202.4,10050.5,9868.46,9815.32,9697.66,9686.26,10552,14.0673,27.3264,35.4746,29.3996,39.4252,51.9668,57.4948,60.8844,61.3538,62.9704,64.6914,67.1684,70.2974,71.1842,69.3066,72.4358,73.7914,74.678,73.5832,72.6442,73.6874,72.4356,72.905,72.6442,71.5492,74.678,0.25145,0.416992,0.538208,0.375168,0.544218,0.753842,0.850512,0.942178,0.90812,0.996272,1.047868,1.115,1.14206,1.19012,1.15806,1.22166,1.25726,1.30282,1.32886,1.31936,1.30334,1.3364,1.39048,1.42054,1.41252,1.42054,0.15669,0.329514,0.478232,0.382922,0.546472,0.78976,0.930504,0.90658,0.909542,0.886556,0.891562,0.90343,0.944404,0.93514,0.913072,0.917154,0.961292,0.991702,0.98076,0.967962,0.935696,0.954794,0.963124,0.952018,0.959618,0.991702,0.000166632,0.000222174,0.000555432,0.001083082,0.001249736,0.00238838,0.00277718,0.00222174,0.00211062,0.00172184,0.001721862,0.00183292,0.00283272,0.00302712,0.00349922,0.0065819,0.0135802,0.0213286,0.0373254,0.0593482,0.0845928,0.107005,0.187764,0.235784,0.262166,0.262166,0.001396148,0.00392428,0.0057355,0.00482988,0.00803724,0.01094268,0.0145652,0.0148292,0.0147538,0.0144142,0.015961,0.0166028,0.0167914,0.0179612,0.0189044,0.0204892,0.0216966,0.0240362,0.0292056,0.0329034,0.035658,0.0417332,0.0589396,0.0697314,0.0830514,0.0830514,110,5/17/2012 1:48,-10,75,1500,261,1582,11653.71622,45,-51.8,1323,1473,360,1,4396000,360.5,1.42E-09,-0.061976282,33,1,1,1500,0.155646943
14,5/17/2012 4:15,5/17/2012 4:45,0.340052,4361.1,5978.04,5013.94,6642.22,9018.26,10210.12,10058.3,9826.6,9545.84,9849.42,9857.08,10248.12,10331.6,10065.76,10362,10475.8,10552,10438,10202.4,10050.5,9868.46,9815.32,9697.66,9686.26,9409.2,10552,27.3264,35.4746,29.3996,39.4252,51.9668,57.4948,60.8844,61.3538,62.9704,64.6914,67.1684,70.2974,71.1842,69.3066,72.4358,73.7914,74.678,73.5832,72.6442,73.6874,72.4356,72.905,72.6442,71.5492,70.5582,74.678,0.416992,0.538208,0.375168,0.544218,0.753842,0.850512,0.942178,0.90812,0.996272,1.047868,1.115,1.14206,1.19012,1.15806,1.22166,1.25726,1.30282,1.32886,1.31936,1.30334,1.3364,1.39048,1.42054,1.41252,1.38346,1.42054,0.329514,0.478232,0.382922,0.546472,0.78976,0.930504,0.90658,0.909542,0.886556,0.891562,0.90343,0.944404,0.93514,0.913072,0.917154,0.961292,0.991702,0.98076,0.967962,0.935696,0.954794,0.963124,0.952018,0.959618,0.93143,0.991702,0.000222174,0.000555432,0.001083082,0.001249736,0.00238838,0.00277718,0.00222174,0.00211062,0.00172184,0.001721862,0.00183292,0.00283272,0.00302712,0.00349922,0.0065819,0.0135802,0.0213286,0.0373254,0.0593482,0.0845928,0.107005,0.187764,0.235784,0.262166,0.297076,0.297076,0.00392428,0.0057355,0.00482988,0.00803724,0.01094268,0.0145652,0.0148292,0.0147538,0.0144142,0.015961,0.0166028,0.0167914,0.0179612,0.0189044,0.0204892,0.0216966,0.0240362,0.0292056,0.0329034,0.035658,0.0417332,0.0589396,0.0697314,0.0830514,0.1042566,0.1042566,110,5/17/2012 1:48,-10,75,1500,261,1582,11653.71622,45,-51.8,1323,1473,360,1,4396000,360.5,1.42E-09,-0.061976282,33,1,1,1500,0.193536071
14,5/17/2012 4:20,5/17/2012 4:50,0.375634,5978.04,5013.94,6642.22,9018.26,10210.12,10058.3,9826.6,9545.84,9849.42,9857.08,10248.12,10331.6,10065.76,10362,10475.8,10552,10438,10202.4,10050.5,9868.46,9815.32,9697.66,9686.26,9409.2,9291.54,10552,35.4746,29.3996,39.4252,51.9668,57.4948,60.8844,61.3538,62.9704,64.6914,67.1684,70.2974,71.1842,69.3066,72.4358,73.7914,74.678,73.5832,72.6442,73.6874,72.4356,72.905,72.6442,71.5492,70.5582,68.9418,74.678,0.538208,0.375168,0.544218,0.753842,0.850512,0.942178,0.90812,0.996272,1.047868,1.115,1.14206,1.19012,1.15806,1.22166,1.25726,1.30282,1.32886,1.31936,1.30334,1.3364,1.39048,1.42054,1.41252,1.38346,1.27476,1.42054,0.478232,0.382922,0.546472,0.78976,0.930504,0.90658,0.909542,0.886556,0.891562,0.90343,0.944404,0.93514,0.913072,0.917154,0.961292,0.991702,0.98076,0.967962,0.935696,0.954794,0.963124,0.952018,0.959618,0.93143,0.934026,0.991702,0.000555432,0.001083082,0.001249736,0.00238838,0.00277718,0.00222174,0.00211062,0.00172184,0.001721862,0.00183292,0.00283272,0.00302712,0.00349922,0.0065819,0.0135802,0.0213286,0.0373254,0.0593482,0.0845928,0.107005,0.187764,0.235784,0.262166,0.297076,0.288658,0.297076,0.0057355,0.00482988,0.00803724,0.01094268,0.0145652,0.0148292,0.0147538,0.0144142,0.015961,0.0166028,0.0167914,0.0179612,0.0189044,0.0204892,0.0216966,0.0240362,0.0292056,0.0329034,0.035658,0.0417332,0.0589396,0.0697314,0.0830514,0.1042566,0.117766,0.117766,110,5/17/2012 1:48,-10,75,1500,261,1582,11653.71622,45,-51.8,1323,1473,360,1,4396000,360.5,1.42E-09,-0.061976282,33,1,1,1500,0.207582665
14,5/17/2012 4:25,5/17/2012 4:55,0.56902,5013.94,6642.22,9018.26,10210.12,10058.3,9826.6,9545.84,9849.42,9857.08,10248.12,10331.6,10065.76,10362,10475.8,10552,10438,10202.4,10050.5,9868.46,9815.32,9697.66,9686.26,9409.2,9291.54,9264.96,10552,29.3996,39.4252,51.9668,57.4948,60.8844,61.3538,62.9704,64.6914,67.1684,70.2974,71.1842,69.3066,72.4358,73.7914,74.678,73.5832,72.6442,73.6874,72.4356,72.905,72.6442,71.5492,70.5582,68.9418,68.8374,74.678,0.375168,0.544218,0.753842,0.850512,0.942178,0.90812,0.996272,1.047868,1.115,1.14206,1.19012,1.15806,1.22166,1.25726,1.30282,1.32886,1.31936,1.30334,1.3364,1.39048,1.42054,1.41252,1.38346,1.27476,1.36342,1.42054,0.382922,0.546472,0.78976,0.930504,0.90658,0.909542,0.886556,0.891562,0.90343,0.944404,0.93514,0.913072,0.917154,0.961292,0.991702,0.98076,0.967962,0.935696,0.954794,0.963124,0.952018,0.959618,0.93143,0.934026,0.929204,0.991702,0.001083082,0.001249736,0.00238838,0.00277718,0.00222174,0.00211062,0.00172184,0.001721862,0.00183292,0.00283272,0.00302712,0.00349922,0.0065819,0.0135802,0.0213286,0.0373254,0.0593482,0.0845928,0.107005,0.187764,0.235784,0.262166,0.297076,0.288658,0.327542,0.327542,0.00482988,0.00803724,0.01094268,0.0145652,0.0148292,0.0147538,0.0144142,0.015961,0.0166028,0.0167914,0.0179612,0.0189044,0.0204892,0.0216966,0.0240362,0.0292056,0.0329034,0.035658,0.0417332,0.0589396,0.0697314,0.0830514,0.1042566,0.117766,0.157538,0.157538,110,5/17/2012 1:48,-10,75,1500,261,1582,11653.71622,45,-51.8,1323,1473,360,1,4396000,360.5,1.42E-09,-0.061976282,33,1,1,1500,0.304155885
14,5/17/2012 4:30,5/17/2012 5:00,0.613776,6642.22,9018.26,10210.12,10058.3,9826.6,9545.84,9849.42,9857.08,10248.12,10331.6,10065.76,10362,10475.8,10552,10438,10202.4,10050.5,9868.46,9815.32,9697.66,9686.26,9409.2,9291.54,9264.96,8923.36,10552,39.4252,51.9668,57.4948,60.8844,61.3538,62.9704,64.6914,67.1684,70.2974,71.1842,69.3066,72.4358,73.7914,74.678,73.5832,72.6442,73.6874,72.4356,72.905,72.6442,71.5492,70.5582,68.9418,68.8374,66.6994,74.678,0.544218,0.753842,0.850512,0.942178,0.90812,0.996272,1.047868,1.115,1.14206,1.19012,1.15806,1.22166,1.25726,1.30282,1.32886,1.31936,1.30334,1.3364,1.39048,1.42054,1.41252,1.38346,1.27476,1.36342,1.30484,1.42054,0.546472,0.78976,0.930504,0.90658,0.909542,0.886556,0.891562,0.90343,0.944404,0.93514,0.913072,0.917154,0.961292,0.991702,0.98076,0.967962,0.935696,0.954794,0.963124,0.952018,0.959618,0.93143,0.934026,0.929204,0.900832,0.991702,0.001249736,0.00238838,0.00277718,0.00222174,0.00211062,0.00172184,0.001721862,0.00183292,0.00283272,0.00302712,0.00349922,0.0065819,0.0135802,0.0213286,0.0373254,0.0593482,0.0845928,0.107005,0.187764,0.235784,0.262166,0.297076,0.288658,0.327542,0.33751,0.33751,0.00803724,0.01094268,0.0145652,0.0148292,0.0147538,0.0144142,0.015961,0.0166028,0.0167914,0.0179612,0.0189044,0.0204892,0.0216966,0.0240362,0.0292056,0.0329034,0.035658,0.0417332,0.0589396,0.0697314,0.0830514,0.1042566,0.117766,0.157538,0.187196,0.187196,110,5/17/2012 1:48,-10,75,1500,261,1582,11653.71622,45,-51.8,1323,1473,360,1,4396000,360.5,1.42E-09,-0.061976282,33,1,1,1500,0.30698255
14,5/17/2012 4:35,5/17/2012 5:05,0.675882,9018.26,10210.12,10058.3,9826.6,9545.84,9849.42,9857.08,10248.12,10331.6,10065.76,10362,10475.8,10552,10438,10202.4,10050.5,9868.46,9815.32,9697.66,9686.26,9409.2,9291.54,9264.96,8923.36,8779.14,10552,51.9668,57.4948,60.8844,61.3538,62.9704,64.6914,67.1684,70.2974,71.1842,69.3066,72.4358,73.7914,74.678,73.5832,72.6442,73.6874,72.4356,72.905,72.6442,71.5492,70.5582,68.9418,68.8374,66.6994,65.7344,74.678,0.753842,0.850512,0.942178,0.90812,0.996272,1.047868,1.115,1.14206,1.19012,1.15806,1.22166,1.25726,1.30282,1.32886,1.31936,1.30334,1.3364,1.39048,1.42054,1.41252,1.38346,1.27476,1.36342,1.30484,1.31436,1.42054,0.78976,0.930504,0.90658,0.909542,0.886556,0.891562,0.90343,0.944404,0.93514,0.913072,0.917154,0.961292,0.991702,0.98076,0.967962,0.935696,0.954794,0.963124,0.952018,0.959618,0.93143,0.934026,0.929204,0.900832,0.851882,0.991702,0.00238838,0.00277718,0.00222174,0.00211062,0.00172184,0.001721862,0.00183292,0.00283272,0.00302712,0.00349922,0.0065819,0.0135802,0.0213286,0.0373254,0.0593482,0.0845928,0.107005,0.187764,0.235784,0.262166,0.297076,0.288658,0.327542,0.33751,0.315126,0.33751,0.01094268,0.0145652,0.0148292,0.0147538,0.0144142,0.015961,0.0166028,0.0167914,0.0179612,0.0189044,0.0204892,0.0216966,0.0240362,0.0292056,0.0329034,0.035658,0.0417332,0.0589396,0.0697314,0.0830514,0.1042566,0.117766,0.157538,0.187196,0.206478,0.206478,110,5/17/2012 1:48,-10,75,1500,261,1582,11653.71622,45,-51.8,1323,1473,360,1,4396000,360.5,1.42E-09,-0.061976282,33,1,1,1500,0.328634222
14,5/17/2012 4:40,5/17/2012 5:10,0.664788,10210.12,10058.3,9826.6,9545.84,9849.42,9857.08,10248.12,10331.6,10065.76,10362,10475.8,10552,10438,10202.4,10050.5,9868.46,9815.32,9697.66,9686.26,9409.2,9291.54,9264.96,8923.36,8779.14,8665.26,10552,57.4948,60.8844,61.3538,62.9704,64.6914,67.1684,70.2974,71.1842,69.3066,72.4358,73.7914,74.678,73.5832,72.6442,73.6874,72.4356,72.905,72.6442,71.5492,70.5582,68.9418,68.8374,66.6994,65.7344,65.6302,74.678,0.850512,0.942178,0.90812,0.996272,1.047868,1.115,1.14206,1.19012,1.15806,1.22166,1.25726,1.30282,1.32886,1.31936,1.30334,1.3364,1.39048,1.42054,1.41252,1.38346,1.27476,1.36342,1.30484,1.31436,1.27076,1.42054,0.930504,0.90658,0.909542,0.886556,0.891562,0.90343,0.944404,0.93514,0.913072,0.917154,0.961292,0.991702,0.98076,0.967962,0.935696,0.954794,0.963124,0.952018,0.959618,0.93143,0.934026,0.929204,0.900832,0.851882,0.903616,0.991702,0.00277718,0.00222174,0.00211062,0.00172184,0.001721862,0.00183292,0.00283272,0.00302712,0.00349922,0.0065819,0.0135802,0.0213286,0.0373254,0.0593482,0.0845928,0.107005,0.187764,0.235784,0.262166,0.297076,0.288658,0.327542,0.33751,0.315126,0.331286,0.33751,0.0145652,0.0148292,0.0147538,0.0144142,0.015961,0.0166028,0.0167914,0.0179612,0.0189044,0.0204892,0.0216966,0.0240362,0.0292056,0.0329034,0.035658,0.0417332,0.0589396,0.0697314,0.0830514,0.1042566,0.117766,0.157538,0.187196,0.206478,0.265452,0.265452,110,5/17/2012 1:48,-10,75,1500,261,1582,11653.71622,45,-51.8,1323,1473,360,1,4396000,360.5,1.42E-09,-0.061976282,33,1,1,1500,0.274268417
14,5/17/2012 4:45,5/17/2012 5:15,0.74101,10058.3,9826.6,9545.84,9849.42,9857.08,10248.12,10331.6,10065.76,10362,10475.8,10552,10438,10202.4,10050.5,9868.46,9815.32,9697.66,9686.26,9409.2,9291.54,9264.96,8923.36,8779.14,8665.26,8369.22,10552,60.8844,61.3538,62.9704,64.6914,67.1684,70.2974,71.1842,69.3066,72.4358,73.7914,74.678,73.5832,72.6442,73.6874,72.4356,72.905,72.6442,71.5492,70.5582,68.9418,68.8374,66.6994,65.7344,65.6302,64.4306,74.678,0.942178,0.90812,0.996272,1.047868,1.115,1.14206,1.19012,1.15806,1.22166,1.25726,1.30282,1.32886,1.31936,1.30334,1.3364,1.39048,1.42054,1.41252,1.38346,1.27476,1.36342,1.30484,1.31436,1.27076,1.26926,1.42054,0.90658,0.909542,0.886556,0.891562,0.90343,0.944404,0.93514,0.913072,0.917154,0.961292,0.991702,0.98076,0.967962,0.935696,0.954794,0.963124,0.952018,0.959618,0.93143,0.934026,0.929204,0.900832,0.851882,0.903616,0.902318,0.991702,0.00222174,0.00211062,0.00172184,0.001721862,0.00183292,0.00283272,0.00302712,0.00349922,0.0065819,0.0135802,0.0213286,0.0373254,0.0593482,0.0845928,0.107005,0.187764,0.235784,0.262166,0.297076,0.288658,0.327542,0.33751,0.315126,0.331286,0.360034,0.360034,0.0148292,0.0147538,0.0144142,0.015961,0.0166028,0.0167914,0.0179612,0.0189044,0.0204892,0.0216966,0.0240362,0.0292056,0.0329034,0.035658,0.0417332,0.0589396,0.0697314,0.0830514,0.1042566,0.117766,0.157538,0.187196,0.206478,0.265452,0.340052,0.340052,110,5/17/2012 1:48,-10,75,1500,261,1582,11653.71622,45,-51.8,1323,1473,360,1,4396000,360.5,1.42E-09,-0.061976282,33,1,1,1500,0.261756985
14,5/17/2012 4:50,5/17/2012 5:20,0.76682,9826.6,9545.84,9849.42,9857.08,10248.12,10331.6,10065.76,10362,10475.8,10552,10438,10202.4,10050.5,9868.46,9815.32,9697.66,9686.26,9409.2,9291.54,9264.96,8923.36,8779.14,8665.26,8369.22,8460.3,10552,61.3538,62.9704,64.6914,67.1684,70.2974,71.1842,69.3066,72.4358,73.7914,74.678,73.5832,72.6442,73.6874,72.4356,72.905,72.6442,71.5492,70.5582,68.9418,68.8374,66.6994,65.7344,65.6302,64.4306,64.9782,74.678,0.90812,0.996272,1.047868,1.115,1.14206,1.19012,1.15806,1.22166,1.25726,1.30282,1.32886,1.31936,1.30334,1.3364,1.39048,1.42054,1.41252,1.38346,1.27476,1.36342,1.30484,1.31436,1.27076,1.26926,1.26524,1.42054,0.909542,0.886556,0.891562,0.90343,0.944404,0.93514,0.913072,0.917154,0.961292,0.991702,0.98076,0.967962,0.935696,0.954794,0.963124,0.952018,0.959618,0.93143,0.934026,0.929204,0.900832,0.851882,0.903616,0.902318,0.886742,0.991702,0.00211062,0.00172184,0.001721862,0.00183292,0.00283272,0.00302712,0.00349922,0.0065819,0.0135802,0.0213286,0.0373254,0.0593482,0.0845928,0.107005,0.187764,0.235784,0.262166,0.297076,0.288658,0.327542,0.33751,0.315126,0.331286,0.360034,0.34573,0.360034,0.0147538,0.0144142,0.015961,0.0166028,0.0167914,0.0179612,0.0189044,0.0204892,0.0216966,0.0240362,0.0292056,0.0329034,0.035658,0.0417332,0.0589396,0.0697314,0.0830514,0.1042566,0.117766,0.157538,0.187196,0.206478,0.265452,0.340052,0.375634,0.375634,110,5/17/2012 1:48,-10,75,1500,261,1582,11653.71622,45,-51.8,1323,1473,360,1,4396000,360.5,1.42E-09,-0.061976282,33,1,1,1500,0.250266605
14,5/17/2012 4:55,5/17/2012 5:25,0.687126,9545.84,9849.42,9857.08,10248.12,10331.6,10065.76,10362,10475.8,10552,10438,10202.4,10050.5,9868.46,9815.32,9697.66,9686.26,9409.2,9291.54,9264.96,8923.36,8779.14,8665.26,8369.22,8460.3,8122.5,10552,62.9704,64.6914,67.1684,70.2974,71.1842,69.3066,72.4358,73.7914,74.678,73.5832,72.6442,73.6874,72.4356,72.905,72.6442,71.5492,70.5582,68.9418,68.8374,66.6994,65.7344,65.6302,64.4306,64.9782,62.3708,74.678,0.996272,1.047868,1.115,1.14206,1.19012,1.15806,1.22166,1.25726,1.30282,1.32886,1.31936,1.30334,1.3364,1.39048,1.42054,1.41252,1.38346,1.27476,1.36342,1.30484,1.31436,1.27076,1.26926,1.26524,1.26224,1.42054,0.886556,0.891562,0.90343,0.944404,0.93514,0.913072,0.917154,0.961292,0.991702,0.98076,0.967962,0.935696,0.954794,0.963124,0.952018,0.959618,0.93143,0.934026,0.929204,0.900832,0.851882,0.903616,0.902318,0.886742,0.874318,0.991702,0.00172184,0.001721862,0.00183292,0.00283272,0.00302712,0.00349922,0.0065819,0.0135802,0.0213286,0.0373254,0.0593482,0.0845928,0.107005,0.187764,0.235784,0.262166,0.297076,0.288658,0.327542,0.33751,0.315126,0.331286,0.360034,0.34573,0.41116,0.41116,0.0144142,0.015961,0.0166028,0.0167914,0.0179612,0.0189044,0.0204892,0.0216966,0.0240362,0.0292056,0.0329034,0.035658,0.0417332,0.0589396,0.0697314,0.0830514,0.1042566,0.117766,0.157538,0.187196,0.206478,0.265452,0.340052,0.375634,0.56902,0.56902,110,5/17/2012 1:48,-10,75,1500,261,1582,11653.71622,45,-51.8,1323,1473,360,1,4396000,360.5,1.42E-09,-0.061976282,33,1,1,1500,0.072575269
14,5/17/2012 5:00,5/17/2012 5:30,0.609812,9849.42,9857.08,10248.12,10331.6,10065.76,10362,10475.8,10552,10438,10202.4,10050.5,9868.46,9815.32,9697.66,9686.26,9409.2,9291.54,9264.96,8923.36,8779.14,8665.26,8369.22,8460.3,8122.5,7644.26,10552,64.6914,67.1684,70.2974,71.1842,69.3066,72.4358,73.7914,74.678,73.5832,72.6442,73.6874,72.4356,72.905,72.6442,71.5492,70.5582,68.9418,68.8374,66.6994,65.7344,65.6302,64.4306,64.9782,62.3708,59.946,74.678,1.047868,1.115,1.14206,1.19012,1.15806,1.22166,1.25726,1.30282,1.32886,1.31936,1.30334,1.3364,1.39048,1.42054,1.41252,1.38346,1.27476,1.36342,1.30484,1.31436,1.27076,1.26926,1.26524,1.26224,1.26126,1.42054,0.891562,0.90343,0.944404,0.93514,0.913072,0.917154,0.961292,0.991702,0.98076,0.967962,0.935696,0.954794,0.963124,0.952018,0.959618,0.93143,0.934026,0.929204,0.900832,0.851882,0.903616,0.902318,0.886742,0.874318,0.842794,0.991702,0.001721862,0.00183292,0.00283272,0.00302712,0.00349922,0.0065819,0.0135802,0.0213286,0.0373254,0.0593482,0.0845928,0.107005,0.187764,0.235784,0.262166,0.297076,0.288658,0.327542,0.33751,0.315126,0.331286,0.360034,0.34573,0.41116,0.431238,0.431238,0.015961,0.0166028,0.0167914,0.0179612,0.0189044,0.0204892,0.0216966,0.0240362,0.0292056,0.0329034,0.035658,0.0417332,0.0589396,0.0697314,0.0830514,0.1042566,0.117766,0.157538,0.187196,0.206478,0.265452,0.340052,0.375634,0.56902,0.613776,0.613776,110,5/17/2012 1:48,-10,75,1500,261,1582,11653.71622,45,-51.8,1323,1473,360,1,4396000,360.5,1.42E-09,-0.061976282,33,1,1,1500,-0.002459373
14,5/17/2012 5:05,5/17/2012 5:35,0.52974,9857.08,10248.12,10331.6,10065.76,10362,10475.8,10552,10438,10202.4,10050.5,9868.46,9815.32,9697.66,9686.26,9409.2,9291.54,9264.96,8923.36,8779.14,8665.26,8369.22,8460.3,8122.5,7644.26,7450.68,10552,67.1684,70.2974,71.1842,69.3066,72.4358,73.7914,74.678,73.5832,72.6442,73.6874,72.4356,72.905,72.6442,71.5492,70.5582,68.9418,68.8374,66.6994,65.7344,65.6302,64.4306,64.9782,62.3708,59.946,57.938,74.678,1.115,1.14206,1.19012,1.15806,1.22166,1.25726,1.30282,1.32886,1.31936,1.30334,1.3364,1.39048,1.42054,1.41252,1.38346,1.27476,1.36342,1.30484,1.31436,1.27076,1.26926,1.26524,1.26224,1.26126,1.20266,1.42054,0.90343,0.944404,0.93514,0.913072,0.917154,0.961292,0.991702,0.98076,0.967962,0.935696,0.954794,0.963124,0.952018,0.959618,0.93143,0.934026,0.929204,0.900832,0.851882,0.903616,0.902318,0.886742,0.874318,0.842794,0.787348,0.991702,0.00183292,0.00283272,0.00302712,0.00349922,0.0065819,0.0135802,0.0213286,0.0373254,0.0593482,0.0845928,0.107005,0.187764,0.235784,0.262166,0.297076,0.288658,0.327542,0.33751,0.315126,0.331286,0.360034,0.34573,0.41116,0.431238,0.404606,0.431238,0.0166028,0.0167914,0.0179612,0.0189044,0.0204892,0.0216966,0.0240362,0.0292056,0.0329034,0.035658,0.0417332,0.0589396,0.0697314,0.0830514,0.1042566,0.117766,0.157538,0.187196,0.206478,0.265452,0.340052,0.375634,0.56902,0.613776,0.675882,0.675882,110,5/17/2012 1:48,-10,75,1500,261,1582,11653.71622,45,-51.8,1323,1473,360,1,4396000,360.5,1.42E-09,-0.061976282,33,1,1,1500,-0.091241808
14,5/17/2012 5:10,5/17/2012 5:40,0.450992,10248.12,10331.6,10065.76,10362,10475.8,10552,10438,10202.4,10050.5,9868.46,9815.32,9697.66,9686.26,9409.2,9291.54,9264.96,8923.36,8779.14,8665.26,8369.22,8460.3,8122.5,7644.26,7450.68,7549.38,10552,70.2974,71.1842,69.3066,72.4358,73.7914,74.678,73.5832,72.6442,73.6874,72.4356,72.905,72.6442,71.5492,70.5582,68.9418,68.8374,66.6994,65.7344,65.6302,64.4306,64.9782,62.3708,59.946,57.938,57.3644,74.678,1.14206,1.19012,1.15806,1.22166,1.25726,1.30282,1.32886,1.31936,1.30334,1.3364,1.39048,1.42054,1.41252,1.38346,1.27476,1.36342,1.30484,1.31436,1.27076,1.26926,1.26524,1.26224,1.26126,1.20266,1.15958,1.42054,0.944404,0.93514,0.913072,0.917154,0.961292,0.991702,0.98076,0.967962,0.935696,0.954794,0.963124,0.952018,0.959618,0.93143,0.934026,0.929204,0.900832,0.851882,0.903616,0.902318,0.886742,0.874318,0.842794,0.787348,0.831852,0.991702,0.00283272,0.00302712,0.00349922,0.0065819,0.0135802,0.0213286,0.0373254,0.0593482,0.0845928,0.107005,0.187764,0.235784,0.262166,0.297076,0.288658,0.327542,0.33751,0.315126,0.331286,0.360034,0.34573,0.41116,0.431238,0.404606,0.383028,0.431238,0.0167914,0.0179612,0.0189044,0.0204892,0.0216966,0.0240362,0.0292056,0.0329034,0.035658,0.0417332,0.0589396,0.0697314,0.0830514,0.1042566,0.117766,0.157538,0.187196,0.206478,0.265452,0.340052,0.375634,0.56902,0.613776,0.675882,0.664788,0.675882,110,5/17/2012 1:48,-10,75,1500,261,1582,11653.71622,45,-51.8,1323,1473,360,1,4396000,360.5,1.42E-09,-0.061976282,33,1,1,1500,-0.137450328
14,5/17/2012 5:15,5/17/2012 5:45,0.421294,10331.6,10065.76,10362,10475.8,10552,10438,10202.4,10050.5,9868.46,9815.32,9697.66,9686.26,9409.2,9291.54,9264.96,8923.36,8779.14,8665.26,8369.22,8460.3,8122.5,7644.26,7450.68,7549.38,7682.2,10552,71.1842,69.3066,72.4358,73.7914,74.678,73.5832,72.6442,73.6874,72.4356,72.905,72.6442,71.5492,70.5582,68.9418,68.8374,66.6994,65.7344,65.6302,64.4306,64.9782,62.3708,59.946,57.938,57.3644,58.199,74.678,1.19012,1.15806,1.22166,1.25726,1.30282,1.32886,1.31936,1.30334,1.3364,1.39048,1.42054,1.41252,1.38346,1.27476,1.36342,1.30484,1.31436,1.27076,1.26926,1.26524,1.26224,1.26126,1.20266,1.15958,1.1771,1.42054,0.93514,0.913072,0.917154,0.961292,0.991702,0.98076,0.967962,0.935696,0.954794,0.963124,0.952018,0.959618,0.93143,0.934026,0.929204,0.900832,0.851882,0.903616,0.902318,0.886742,0.874318,0.842794,0.787348,0.831852,0.866156,0.991702,0.00302712,0.00349922,0.0065819,0.0135802,0.0213286,0.0373254,0.0593482,0.0845928,0.107005,0.187764,0.235784,0.262166,0.297076,0.288658,0.327542,0.33751,0.315126,0.331286,0.360034,0.34573,0.41116,0.431238,0.404606,0.383028,0.390914,0.431238,0.0179612,0.0189044,0.0204892,0.0216966,0.0240362,0.0292056,0.0329034,0.035658,0.0417332,0.0589396,0.0697314,0.0830514,0.1042566,0.117766,0.157538,0.187196,0.206478,0.265452,0.340052,0.375634,0.56902,0.613776,0.675882,0.664788,0.74101,0.74101,110,5/17/2012 1:48,-10,75,1500,261,1582,11653.71622,45,-51.8,1323,1473,360,1,4396000,360.5,1.42E-09,-0.061976282,33,1,1,1500,-0.20289768
14,5/17/2012 5:20,5/17/2012 5:50,0.572342,10065.76,10362,10475.8,10552,10438,10202.4,10050.5,9868.46,9815.32,9697.66,9686.26,9409.2,9291.54,9264.96,8923.36,8779.14,8665.26,8369.22,8460.3,8122.5,7644.26,7450.68,7549.38,7682.2,7033.18,10552,69.3066,72.4358,73.7914,74.678,73.5832,72.6442,73.6874,72.4356,72.905,72.6442,71.5492,70.5582,68.9418,68.8374,66.6994,65.7344,65.6302,64.4306,64.9782,62.3708,59.946,57.938,57.3644,58.199,55.096,74.678,1.15806,1.22166,1.25726,1.30282,1.32886,1.31936,1.30334,1.3364,1.39048,1.42054,1.41252,1.38346,1.27476,1.36342,1.30484,1.31436,1.27076,1.26926,1.26524,1.26224,1.26126,1.20266,1.15958,1.1771,1.125,1.42054,0.913072,0.917154,0.961292,0.991702,0.98076,0.967962,0.935696,0.954794,0.963124,0.952018,0.959618,0.93143,0.934026,0.929204,0.900832,0.851882,0.903616,0.902318,0.886742,0.874318,0.842794,0.787348,0.831852,0.866156,0.791984,0.991702,0.00349922,0.0065819,0.0135802,0.0213286,0.0373254,0.0593482,0.0845928,0.107005,0.187764,0.235784,0.262166,0.297076,0.288658,0.327542,0.33751,0.315126,0.331286,0.360034,0.34573,0.41116,0.431238,0.404606,0.383028,0.390914,0.385,0.431238,0.0189044,0.0204892,0.0216966,0.0240362,0.0292056,0.0329034,0.035658,0.0417332,0.0589396,0.0697314,0.0830514,0.1042566,0.117766,0.157538,0.187196,0.206478,0.265452,0.340052,0.375634,0.56902,0.613776,0.675882,0.664788,0.74101,0.76682,0.76682,110,5/17/2012 1:48,-10,75,1500,261,1582,11653.71622,45,-51.8,1323,1473,360,1,4396000,360.5,1.42E-09,-0.061976282,33,1,1,1500,-0.116615093
14,5/17/2012 5:25,5/17/2012 5:55,0.762894,10362,10475.8,10552,10438,10202.4,10050.5,9868.46,9815.32,9697.66,9686.26,9409.2,9291.54,9264.96,8923.36,8779.14,8665.26,8369.22,8460.3,8122.5,7644.26,7450.68,7549.38,7682.2,7033.18,6919.3,10552,72.4358,73.7914,74.678,73.5832,72.6442,73.6874,72.4356,72.905,72.6442,71.5492,70.5582,68.9418,68.8374,66.6994,65.7344,65.6302,64.4306,64.9782,62.3708,59.946,57.938,57.3644,58.199,55.096,53.4794,74.678,1.22166,1.25726,1.30282,1.32886,1.31936,1.30334,1.3364,1.39048,1.42054,1.41252,1.38346,1.27476,1.36342,1.30484,1.31436,1.27076,1.26926,1.26524,1.26224,1.26126,1.20266,1.15958,1.1771,1.125,1.13554,1.42054,0.917154,0.961292,0.991702,0.98076,0.967962,0.935696,0.954794,0.963124,0.952018,0.959618,0.93143,0.934026,0.929204,0.900832,0.851882,0.903616,0.902318,0.886742,0.874318,0.842794,0.787348,0.831852,0.866156,0.791984,0.761018,0.991702,0.0065819,0.0135802,0.0213286,0.0373254,0.0593482,0.0845928,0.107005,0.187764,0.235784,0.262166,0.297076,0.288658,0.327542,0.33751,0.315126,0.331286,0.360034,0.34573,0.41116,0.431238,0.404606,0.383028,0.390914,0.385,0.3527,0.431238,0.0204892,0.0216966,0.0240362,0.0292056,0.0329034,0.035658,0.0417332,0.0589396,0.0697314,0.0830514,0.1042566,0.117766,0.157538,0.187196,0.206478,0.265452,0.340052,0.375634,0.56902,0.613776,0.675882,0.664788,0.74101,0.76682,0.687126,0.76682,110,5/17/2012 1:48,-10,75,1500,261,1582,11653.71622,45,-51.8,1323,1473,360,1,4396000,360.5,1.42E-09,-0.061976282,33,1,1,1500,0.043930287
14,5/17/2012 5:30,5/17/2012 6:00,0.813872,10475.8,10552,10438,10202.4,10050.5,9868.46,9815.32,9697.66,9686.26,9409.2,9291.54,9264.96,8923.36,8779.14,8665.26,8369.22,8460.3,8122.5,7644.26,7450.68,7549.38,7682.2,7033.18,6919.3,7044.54,10552,73.7914,74.678,73.5832,72.6442,73.6874,72.4356,72.905,72.6442,71.5492,70.5582,68.9418,68.8374,66.6994,65.7344,65.6302,64.4306,64.9782,62.3708,59.946,57.938,57.3644,58.199,55.096,53.4794,53.9226,74.678,1.25726,1.30282,1.32886,1.31936,1.30334,1.3364,1.39048,1.42054,1.41252,1.38346,1.27476,1.36342,1.30484,1.31436,1.27076,1.26926,1.26524,1.26224,1.26126,1.20266,1.15958,1.1771,1.125,1.13554,1.1225,1.42054,0.961292,0.991702,0.98076,0.967962,0.935696,0.954794,0.963124,0.952018,0.959618,0.93143,0.934026,0.929204,0.900832,0.851882,0.903616,0.902318,0.886742,0.874318,0.842794,0.787348,0.831852,0.866156,0.791984,0.761018,0.75768,0.991702,0.0135802,0.0213286,0.0373254,0.0593482,0.0845928,0.107005,0.187764,0.235784,0.262166,0.297076,0.288658,0.327542,0.33751,0.315126,0.331286,0.360034,0.34573,0.41116,0.431238,0.404606,0.383028,0.390914,0.385,0.3527,0.356838,0.431238,0.0216966,0.0240362,0.0292056,0.0329034,0.035658,0.0417332,0.0589396,0.0697314,0.0830514,0.1042566,0.117766,0.157538,0.187196,0.206478,0.265452,0.340052,0.375634,0.56902,0.613776,0.675882,0.664788,0.74101,0.76682,0.687126,0.609812,0.76682,110,5/17/2012 1:48,-10,75,1500,261,1582,11653.71622,45,-51.8,1323,1473,360,1,4396000,360.5,1.42E-09,-0.061976282,33,1,1,1500,0.119346385
14,5/17/2012 5:35,5/17/2012 6:05,0.843606,10552,10438,10202.4,10050.5,9868.46,9815.32,9697.66,9686.26,9409.2,9291.54,9264.96,8923.36,8779.14,8665.26,8369.22,8460.3,8122.5,7644.26,7450.68,7549.38,7682.2,7033.18,6919.3,7044.54,6919.32,10552,74.678,73.5832,72.6442,73.6874,72.4356,72.905,72.6442,71.5492,70.5582,68.9418,68.8374,66.6994,65.7344,65.6302,64.4306,64.9782,62.3708,59.946,57.938,57.3644,58.199,55.096,53.4794,53.9226,52.0974,74.678,1.30282,1.32886,1.31936,1.30334,1.3364,1.39048,1.42054,1.41252,1.38346,1.27476,1.36342,1.30484,1.31436,1.27076,1.26926,1.26524,1.26224,1.26126,1.20266,1.15958,1.1771,1.125,1.13554,1.1225,1.11146,1.42054,0.991702,0.98076,0.967962,0.935696,0.954794,0.963124,0.952018,0.959618,0.93143,0.934026,0.929204,0.900832,0.851882,0.903616,0.902318,0.886742,0.874318,0.842794,0.787348,0.831852,0.866156,0.791984,0.761018,0.75768,0.751374,0.991702,0.0213286,0.0373254,0.0593482,0.0845928,0.107005,0.187764,0.235784,0.262166,0.297076,0.288658,0.327542,0.33751,0.315126,0.331286,0.360034,0.34573,0.41116,0.431238,0.404606,0.383028,0.390914,0.385,0.3527,0.356838,0.343954,0.431238,0.0240362,0.0292056,0.0329034,0.035658,0.0417332,0.0589396,0.0697314,0.0830514,0.1042566,0.117766,0.157538,0.187196,0.206478,0.265452,0.340052,0.375634,0.56902,0.613776,0.675882,0.664788,0.74101,0.76682,0.687126,0.609812,0.52974,0.76682,110,5/17/2012 1:48,-10,75,1500,261,1582,11653.71622,45,-51.8,1323,1473,360,1,4396000,360.5,1.42E-09,-0.061976282,33,1,1,1500,0.18662565
14,5/17/2012 5:40,5/17/2012 6:10,0.80659,10438,10202.4,10050.5,9868.46,9815.32,9697.66,9686.26,9409.2,9291.54,9264.96,8923.36,8779.14,8665.26,8369.22,8460.3,8122.5,7644.26,7450.68,7549.38,7682.2,7033.18,6919.3,7044.54,6919.32,6949.66,10438,73.5832,72.6442,73.6874,72.4356,72.905,72.6442,71.5492,70.5582,68.9418,68.8374,66.6994,65.7344,65.6302,64.4306,64.9782,62.3708,59.946,57.938,57.3644,58.199,55.096,53.4794,53.9226,52.0974,51.4454,73.6874,1.32886,1.31936,1.30334,1.3364,1.39048,1.42054,1.41252,1.38346,1.27476,1.36342,1.30484,1.31436,1.27076,1.26926,1.26524,1.26224,1.26126,1.20266,1.15958,1.1771,1.125,1.13554,1.1225,1.11146,1.0699,1.42054,0.98076,0.967962,0.935696,0.954794,0.963124,0.952018,0.959618,0.93143,0.934026,0.929204,0.900832,0.851882,0.903616,0.902318,0.886742,0.874318,0.842794,0.787348,0.831852,0.866156,0.791984,0.761018,0.75768,0.751374,0.72115,0.98076,0.0373254,0.0593482,0.0845928,0.107005,0.187764,0.235784,0.262166,0.297076,0.288658,0.327542,0.33751,0.315126,0.331286,0.360034,0.34573,0.41116,0.431238,0.404606,0.383028,0.390914,0.385,0.3527,0.356838,0.343954,0.303656,0.431238,0.0292056,0.0329034,0.035658,0.0417332,0.0589396,0.0697314,0.0830514,0.1042566,0.117766,0.157538,0.187196,0.206478,0.265452,0.340052,0.375634,0.56902,0.613776,0.675882,0.664788,0.74101,0.76682,0.687126,0.609812,0.52974,0.450992,0.76682,110,5/17/2012 1:48,-10,75,1500,261,1582,11653.71622,45,-51.8,1323,1473,360,1,4396000,360.5,1.42E-09,-0.061976282,33,1,1,1500,0.21919363
14,5/17/2012 5:45,5/17/2012 6:15,0.539512,10202.4,10050.5,9868.46,9815.32,9697.66,9686.26,9409.2,9291.54,9264.96,8923.36,8779.14,8665.26,8369.22,8460.3,8122.5,7644.26,7450.68,7549.38,7682.2,7033.18,6919.3,7044.54,6919.32,6949.66,7006.6,10202.4,72.6442,73.6874,72.4356,72.905,72.6442,71.5492,70.5582,68.9418,68.8374,66.6994,65.7344,65.6302,64.4306,64.9782,62.3708,59.946,57.938,57.3644,58.199,55.096,53.4794,53.9226,52.0974,51.4454,50.559,73.6874,1.31936,1.30334,1.3364,1.39048,1.42054,1.41252,1.38346,1.27476,1.36342,1.30484,1.31436,1.27076,1.26926,1.26524,1.26224,1.26126,1.20266,1.15958,1.1771,1.125,1.13554,1.1225,1.11146,1.0699,1.04886,1.42054,0.967962,0.935696,0.954794,0.963124,0.952018,0.959618,0.93143,0.934026,0.929204,0.900832,0.851882,0.903616,0.902318,0.886742,0.874318,0.842794,0.787348,0.831852,0.866156,0.791984,0.761018,0.75768,0.751374,0.72115,0.72078,0.967962,0.0593482,0.0845928,0.107005,0.187764,0.235784,0.262166,0.297076,0.288658,0.327542,0.33751,0.315126,0.331286,0.360034,0.34573,0.41116,0.431238,0.404606,0.383028,0.390914,0.385,0.3527,0.356838,0.343954,0.303656,0.303766,0.431238,0.0329034,0.035658,0.0417332,0.0589396,0.0697314,0.0830514,0.1042566,0.117766,0.157538,0.187196,0.206478,0.265452,0.340052,0.375634,0.56902,0.613776,0.675882,0.664788,0.74101,0.76682,0.687126,0.609812,0.52974,0.450992,0.421294,0.76682,110,5/17/2012 1:48,-10,75,1500,261,1582,11653.71622,45,-51.8,1323,1473,360,1,4396000,360.5,1.42E-09,-0.061976282,33,1,1,1500,0.079897759
14,5/17/2012 5:50,5/17/2012 6:20,0.583774,10050.5,9868.46,9815.32,9697.66,9686.26,9409.2,9291.54,9264.96,8923.36,8779.14,8665.26,8369.22,8460.3,8122.5,7644.26,7450.68,7549.38,7682.2,7033.18,6919.3,7044.54,6919.32,6949.66,7006.6,7033.2,10050.5,73.6874,72.4356,72.905,72.6442,71.5492,70.5582,68.9418,68.8374,66.6994,65.7344,65.6302,64.4306,64.9782,62.3708,59.946,57.938,57.3644,58.199,55.096,53.4794,53.9226,52.0974,51.4454,50.559,51.2632,73.6874,1.30334,1.3364,1.39048,1.42054,1.41252,1.38346,1.27476,1.36342,1.30484,1.31436,1.27076,1.26926,1.26524,1.26224,1.26126,1.20266,1.15958,1.1771,1.125,1.13554,1.1225,1.11146,1.0699,1.04886,1.035366,1.42054,0.935696,0.954794,0.963124,0.952018,0.959618,0.93143,0.934026,0.929204,0.900832,0.851882,0.903616,0.902318,0.886742,0.874318,0.842794,0.787348,0.831852,0.866156,0.791984,0.761018,0.75768,0.751374,0.72115,0.72078,0.777708,0.963124,0.0845928,0.107005,0.187764,0.235784,0.262166,0.297076,0.288658,0.327542,0.33751,0.315126,0.331286,0.360034,0.34573,0.41116,0.431238,0.404606,0.383028,0.390914,0.385,0.3527,0.356838,0.343954,0.303656,0.303766,0.326902,0.431238,0.035658,0.0417332,0.0589396,0.0697314,0.0830514,0.1042566,0.117766,0.157538,0.187196,0.206478,0.265452,0.340052,0.375634,0.56902,0.613776,0.675882,0.664788,0.74101,0.76682,0.687126,0.609812,0.52974,0.450992,0.421294,0.572342,0.76682,110,5/17/2012 1:48,-10,75,1500,261,1582,11653.71622,45,-51.8,1323,1473,360,1,4396000,360.5,1.42E-09,-0.061976282,33,1,1,1500,0.007244379
14,5/17/2012 5:55,5/17/2012 6:25,0.848702,9868.46,9815.32,9697.66,9686.26,9409.2,9291.54,9264.96,8923.36,8779.14,8665.26,8369.22,8460.3,8122.5,7644.26,7450.68,7549.38,7682.2,7033.18,6919.3,7044.54,6919.32,6949.66,7006.6,7033.2,6748.5,9868.46,72.4356,72.905,72.6442,71.5492,70.5582,68.9418,68.8374,66.6994,65.7344,65.6302,64.4306,64.9782,62.3708,59.946,57.938,57.3644,58.199,55.096,53.4794,53.9226,52.0974,51.4454,50.559,51.2632,49.4898,72.905,1.3364,1.39048,1.42054,1.41252,1.38346,1.27476,1.36342,1.30484,1.31436,1.27076,1.26926,1.26524,1.26224,1.26126,1.20266,1.15958,1.1771,1.125,1.13554,1.1225,1.11146,1.0699,1.04886,1.035366,1.05686,1.42054,0.954794,0.963124,0.952018,0.959618,0.93143,0.934026,0.929204,0.900832,0.851882,0.903616,0.902318,0.886742,0.874318,0.842794,0.787348,0.831852,0.866156,0.791984,0.761018,0.75768,0.751374,0.72115,0.72078,0.777708,0.77066,0.963124,0.107005,0.187764,0.235784,0.262166,0.297076,0.288658,0.327542,0.33751,0.315126,0.331286,0.360034,0.34573,0.41116,0.431238,0.404606,0.383028,0.390914,0.385,0.3527,0.356838,0.343954,0.303656,0.303766,0.326902,0.358618,0.431238,0.0417332,0.0589396,0.0697314,0.0830514,0.1042566,0.117766,0.157538,0.187196,0.206478,0.265452,0.340052,0.375634,0.56902,0.613776,0.675882,0.664788,0.74101,0.76682,0.687126,0.609812,0.52974,0.450992,0.421294,0.572342,0.762894,0.76682,110,5/17/2012 1:48,-10,75,1500,261,1582,11653.71622,45,-51.8,1323,1473,360,1,4396000,360.5,1.42E-09,-0.061976282,33,1,1,1500,0.047526994
14,5/17/2012 6:00,5/17/2012 6:30,0.976502,9815.32,9697.66,9686.26,9409.2,9291.54,9264.96,8923.36,8779.14,8665.26,8369.22,8460.3,8122.5,7644.26,7450.68,7549.38,7682.2,7033.18,6919.3,7044.54,6919.32,6949.66,7006.6,7033.2,6748.5,6615.64,9815.32,72.905,72.6442,71.5492,70.5582,68.9418,68.8374,66.6994,65.7344,65.6302,64.4306,64.9782,62.3708,59.946,57.938,57.3644,58.199,55.096,53.4794,53.9226,52.0974,51.4454,50.559,51.2632,49.4898,48.1078,72.905,1.39048,1.42054,1.41252,1.38346,1.27476,1.36342,1.30484,1.31436,1.27076,1.26926,1.26524,1.26224,1.26126,1.20266,1.15958,1.1771,1.125,1.13554,1.1225,1.11146,1.0699,1.04886,1.035366,1.05686,0.994276,1.42054,0.963124,0.952018,0.959618,0.93143,0.934026,0.929204,0.900832,0.851882,0.903616,0.902318,0.886742,0.874318,0.842794,0.787348,0.831852,0.866156,0.791984,0.761018,0.75768,0.751374,0.72115,0.72078,0.777708,0.77066,0.809042,0.963124,0.187764,0.235784,0.262166,0.297076,0.288658,0.327542,0.33751,0.315126,0.331286,0.360034,0.34573,0.41116,0.431238,0.404606,0.383028,0.390914,0.385,0.3527,0.356838,0.343954,0.303656,0.303766,0.326902,0.358618,0.354034,0.431238,0.0589396,0.0697314,0.0830514,0.1042566,0.117766,0.157538,0.187196,0.206478,0.265452,0.340052,0.375634,0.56902,0.613776,0.675882,0.664788,0.74101,0.76682,0.687126,0.609812,0.52974,0.450992,0.421294,0.572342,0.762894,0.813872,0.813872,110,5/17/2012 1:48,-10,75,1500,261,1582,11653.71622,45,-51.8,1323,1473,360,1,4396000,360.5,1.42E-09,-0.061976282,33,1,1,1500,0.085864829
14,5/17/2012 6:05,5/17/2012 6:35,1.25768,9697.66,9686.26,9409.2,9291.54,9264.96,8923.36,8779.14,8665.26,8369.22,8460.3,8122.5,7644.26,7450.68,7549.38,7682.2,7033.18,6919.3,7044.54,6919.32,6949.66,7006.6,7033.2,6748.5,6615.64,6608.08,9697.66,72.6442,71.5492,70.5582,68.9418,68.8374,66.6994,65.7344,65.6302,64.4306,64.9782,62.3708,59.946,57.938,57.3644,58.199,55.096,53.4794,53.9226,52.0974,51.4454,50.559,51.2632,49.4898,48.1078,48.6034,72.6442,1.42054,1.41252,1.38346,1.27476,1.36342,1.30484,1.31436,1.27076,1.26926,1.26524,1.26224,1.26126,1.20266,1.15958,1.1771,1.125,1.13554,1.1225,1.11146,1.0699,1.04886,1.035366,1.05686,0.994276,1.01231,1.42054,0.952018,0.959618,0.93143,0.934026,0.929204,0.900832,0.851882,0.903616,0.902318,0.886742,0.874318,0.842794,0.787348,0.831852,0.866156,0.791984,0.761018,0.75768,0.751374,0.72115,0.72078,0.777708,0.77066,0.809042,0.828516,0.959618,0.235784,0.262166,0.297076,0.288658,0.327542,0.33751,0.315126,0.331286,0.360034,0.34573,0.41116,0.431238,0.404606,0.383028,0.390914,0.385,0.3527,0.356838,0.343954,0.303656,0.303766,0.326902,0.358618,0.354034,0.347536,0.431238,0.0697314,0.0830514,0.1042566,0.117766,0.157538,0.187196,0.206478,0.265452,0.340052,0.375634,0.56902,0.613776,0.675882,0.664788,0.74101,0.76682,0.687126,0.609812,0.52974,0.450992,0.421294,0.572342,0.762894,0.813872,0.843606,0.843606,110,5/17/2012 1:48,-10,75,1500,261,1582,11653.71622,45,-51.8,1323,1473,360,1,4396000,360.5,1.42E-09,-0.061976282,33,1,1,1500,0.202614301
14,5/17/2012 6:10,5/17/2012 6:40,1.03699,9686.26,9409.2,9291.54,9264.96,8923.36,8779.14,8665.26,8369.22,8460.3,8122.5,7644.26,7450.68,7549.38,7682.2,7033.18,6919.3,7044.54,6919.32,6949.66,7006.6,7033.2,6748.5,6615.64,6608.08,6460.06,9686.26,71.5492,70.5582,68.9418,68.8374,66.6994,65.7344,65.6302,64.4306,64.9782,62.3708,59.946,57.938,57.3644,58.199,55.096,53.4794,53.9226,52.0974,51.4454,50.559,51.2632,49.4898,48.1078,48.6034,46.1264,71.5492,1.41252,1.38346,1.27476,1.36342,1.30484,1.31436,1.27076,1.26926,1.26524,1.26224,1.26126,1.20266,1.15958,1.1771,1.125,1.13554,1.1225,1.11146,1.0699,1.04886,1.035366,1.05686,0.994276,1.01231,0.941676,1.41252,0.959618,0.93143,0.934026,0.929204,0.900832,0.851882,0.903616,0.902318,0.886742,0.874318,0.842794,0.787348,0.831852,0.866156,0.791984,0.761018,0.75768,0.751374,0.72115,0.72078,0.777708,0.77066,0.809042,0.828516,0.812568,0.959618,0.262166,0.297076,0.288658,0.327542,0.33751,0.315126,0.331286,0.360034,0.34573,0.41116,0.431238,0.404606,0.383028,0.390914,0.385,0.3527,0.356838,0.343954,0.303656,0.303766,0.326902,0.358618,0.354034,0.347536,0.355368,0.431238,0.0830514,0.1042566,0.117766,0.157538,0.187196,0.206478,0.265452,0.340052,0.375634,0.56902,0.613776,0.675882,0.664788,0.74101,0.76682,0.687126,0.609812,0.52974,0.450992,0.421294,0.572342,0.762894,0.813872,0.843606,0.80659,0.843606,110,5/17/2012 1:48,-10,75,1500,261,1582,11653.71622,45,-51.8,1323,1473,360,1,4396000,360.5,1.42E-09,-0.061976282,33,1,1,1500,0.120032138
14,5/17/2012 6:15,5/17/2012 6:45,0.568608,9409.2,9291.54,9264.96,8923.36,8779.14,8665.26,8369.22,8460.3,8122.5,7644.26,7450.68,7549.38,7682.2,7033.18,6919.3,7044.54,6919.32,6949.66,7006.6,7033.2,6748.5,6615.64,6608.08,6460.06,6133.62,9409.2,70.5582,68.9418,68.8374,66.6994,65.7344,65.6302,64.4306,64.9782,62.3708,59.946,57.938,57.3644,58.199,55.096,53.4794,53.9226,52.0974,51.4454,50.559,51.2632,49.4898,48.1078,48.6034,46.1264,43.3624,70.5582,1.38346,1.27476,1.36342,1.30484,1.31436,1.27076,1.26926,1.26524,1.26224,1.26126,1.20266,1.15958,1.1771,1.125,1.13554,1.1225,1.11146,1.0699,1.04886,1.035366,1.05686,0.994276,1.01231,0.941676,0.886578,1.38346,0.93143,0.934026,0.929204,0.900832,0.851882,0.903616,0.902318,0.886742,0.874318,0.842794,0.787348,0.831852,0.866156,0.791984,0.761018,0.75768,0.751374,0.72115,0.72078,0.777708,0.77066,0.809042,0.828516,0.812568,0.718552,0.934026,0.297076,0.288658,0.327542,0.33751,0.315126,0.331286,0.360034,0.34573,0.41116,0.431238,0.404606,0.383028,0.390914,0.385,0.3527,0.356838,0.343954,0.303656,0.303766,0.326902,0.358618,0.354034,0.347536,0.355368,0.315596,0.431238,0.1042566,0.117766,0.157538,0.187196,0.206478,0.265452,0.340052,0.375634,0.56902,0.613776,0.675882,0.664788,0.74101,0.76682,0.687126,0.609812,0.52974,0.450992,0.421294,0.572342,0.762894,0.813872,0.843606,0.80659,0.539512,0.843606,110,5/17/2012 1:48,-10,75,1500,261,1582,11653.71622,45,-51.8,1323,1473,360,1,4396000,360.5,1.42E-09,-0.061976282,33,1,1,1500,0.018723119
14,5/17/2012 6:20,5/17/2012 6:50,0.592868,9291.54,9264.96,8923.36,8779.14,8665.26,8369.22,8460.3,8122.5,7644.26,7450.68,7549.38,7682.2,7033.18,6919.3,7044.54,6919.32,6949.66,7006.6,7033.2,6748.5,6615.64,6608.08,6460.06,6133.62,6270.28,9291.54,68.9418,68.8374,66.6994,65.7344,65.6302,64.4306,64.9782,62.3708,59.946,57.938,57.3644,58.199,55.096,53.4794,53.9226,52.0974,51.4454,50.559,51.2632,49.4898,48.1078,48.6034,46.1264,43.3624,44.1446,68.9418,1.27476,1.36342,1.30484,1.31436,1.27076,1.26926,1.26524,1.26224,1.26126,1.20266,1.15958,1.1771,1.125,1.13554,1.1225,1.11146,1.0699,1.04886,1.035366,1.05686,0.994276,1.01231,0.941676,0.886578,0.91613,1.36342,0.934026,0.929204,0.900832,0.851882,0.903616,0.902318,0.886742,0.874318,0.842794,0.787348,0.831852,0.866156,0.791984,0.761018,0.75768,0.751374,0.72115,0.72078,0.777708,0.77066,0.809042,0.828516,0.812568,0.718552,0.75972,0.934026,0.288658,0.327542,0.33751,0.315126,0.331286,0.360034,0.34573,0.41116,0.431238,0.404606,0.383028,0.390914,0.385,0.3527,0.356838,0.343954,0.303656,0.303766,0.326902,0.358618,0.354034,0.347536,0.355368,0.315596,0.325956,0.431238,0.117766,0.157538,0.187196,0.206478,0.265452,0.340052,0.375634,0.56902,0.613776,0.675882,0.664788,0.74101,0.76682,0.687126,0.609812,0.52974,0.450992,0.421294,0.572342,0.762894,0.813872,0.843606,0.80659,0.539512,0.583774,0.843606,110,5/17/2012 1:48,-10,75,1500,261,1582,11653.71622,45,-51.8,1323,1473,360,1,4396000,360.5,1.42E-09,-0.061976282,33,1,1,1500,0.005725559
14,5/17/2012 6:25,5/17/2012 6:55,0.649656,9264.96,8923.36,8779.14,8665.26,8369.22,8460.3,8122.5,7644.26,7450.68,7549.38,7682.2,7033.18,6919.3,7044.54,6919.32,6949.66,7006.6,7033.2,6748.5,6615.64,6608.08,6460.06,6133.62,6270.28,6156.42,9264.96,68.8374,66.6994,65.7344,65.6302,64.4306,64.9782,62.3708,59.946,57.938,57.3644,58.199,55.096,53.4794,53.9226,52.0974,51.4454,50.559,51.2632,49.4898,48.1078,48.6034,46.1264,43.3624,44.1446,43.8838,68.8374,1.36342,1.30484,1.31436,1.27076,1.26926,1.26524,1.26224,1.26126,1.20266,1.15958,1.1771,1.125,1.13554,1.1225,1.11146,1.0699,1.04886,1.035366,1.05686,0.994276,1.01231,0.941676,0.886578,0.91613,0.90962,1.36342,0.929204,0.900832,0.851882,0.903616,0.902318,0.886742,0.874318,0.842794,0.787348,0.831852,0.866156,0.791984,0.761018,0.75768,0.751374,0.72115,0.72078,0.777708,0.77066,0.809042,0.828516,0.812568,0.718552,0.75972,0.856146,0.929204,0.327542,0.33751,0.315126,0.331286,0.360034,0.34573,0.41116,0.431238,0.404606,0.383028,0.390914,0.385,0.3527,0.356838,0.343954,0.303656,0.303766,0.326902,0.358618,0.354034,0.347536,0.355368,0.315596,0.325956,0.353728,0.431238,0.157538,0.187196,0.206478,0.265452,0.340052,0.375634,0.56902,0.613776,0.675882,0.664788,0.74101,0.76682,0.687126,0.609812,0.52974,0.450992,0.421294,0.572342,0.762894,0.813872,0.843606,0.80659,0.539512,0.583774,0.848702,0.848702,110,5/17/2012 1:48,-10,75,1500,261,1582,11653.71622,45,-51.8,1323,1473,360,1,4396000,360.5,1.42E-09,-0.061976282,33,1,1,1500,-0.11391699
14,5/17/2012 6:30,5/17/2012 7:00,0.682334,8923.36,8779.14,8665.26,8369.22,8460.3,8122.5,7644.26,7450.68,7549.38,7682.2,7033.18,6919.3,7044.54,6919.32,6949.66,7006.6,7033.2,6748.5,6615.64,6608.08,6460.06,6133.62,6270.28,6156.42,6289.26,8923.36,66.6994,65.7344,65.6302,64.4306,64.9782,62.3708,59.946,57.938,57.3644,58.199,55.096,53.4794,53.9226,52.0974,51.4454,50.559,51.2632,49.4898,48.1078,48.6034,46.1264,43.3624,44.1446,43.8838,44.7964,66.6994,1.30484,1.31436,1.27076,1.26926,1.26524,1.26224,1.26126,1.20266,1.15958,1.1771,1.125,1.13554,1.1225,1.11146,1.0699,1.04886,1.035366,1.05686,0.994276,1.01231,0.941676,0.886578,0.91613,0.90962,0.926652,1.31436,0.900832,0.851882,0.903616,0.902318,0.886742,0.874318,0.842794,0.787348,0.831852,0.866156,0.791984,0.761018,0.75768,0.751374,0.72115,0.72078,0.777708,0.77066,0.809042,0.828516,0.812568,0.718552,0.75972,0.856146,1.06957,1.06957,0.33751,0.315126,0.331286,0.360034,0.34573,0.41116,0.431238,0.404606,0.383028,0.390914,0.385,0.3527,0.356838,0.343954,0.303656,0.303766,0.326902,0.358618,0.354034,0.347536,0.355368,0.315596,0.325956,0.353728,0.373278,0.431238,0.187196,0.206478,0.265452,0.340052,0.375634,0.56902,0.613776,0.675882,0.664788,0.74101,0.76682,0.687126,0.609812,0.52974,0.450992,0.421294,0.572342,0.762894,0.813872,0.843606,0.80659,0.539512,0.583774,0.848702,0.976502,0.976502,110,5/17/2012 1:48,-10,75,1500,261,1582,11653.71622,45,-51.8,1323,1473,360,1,4396000,360.5,1.42E-09,-0.061976282,33,1,1,1500,-0.161146501
14,5/17/2012 6:35,5/17/2012 7:05,0.993878,8779.14,8665.26,8369.22,8460.3,8122.5,7644.26,7450.68,7549.38,7682.2,7033.18,6919.3,7044.54,6919.32,6949.66,7006.6,7033.2,6748.5,6615.64,6608.08,6460.06,6133.62,6270.28,6156.42,6289.26,6444.84,8779.14,65.7344,65.6302,64.4306,64.9782,62.3708,59.946,57.938,57.3644,58.199,55.096,53.4794,53.9226,52.0974,51.4454,50.559,51.2632,49.4898,48.1078,48.6034,46.1264,43.3624,44.1446,43.8838,44.7964,44.9528,65.7344,1.31436,1.27076,1.26926,1.26524,1.26224,1.26126,1.20266,1.15958,1.1771,1.125,1.13554,1.1225,1.11146,1.0699,1.04886,1.035366,1.05686,0.994276,1.01231,0.941676,0.886578,0.91613,0.90962,0.926652,0.903608,1.31436,0.851882,0.903616,0.902318,0.886742,0.874318,0.842794,0.787348,0.831852,0.866156,0.791984,0.761018,0.75768,0.751374,0.72115,0.72078,0.777708,0.77066,0.809042,0.828516,0.812568,0.718552,0.75972,0.856146,1.06957,1.48996,1.48996,0.315126,0.331286,0.360034,0.34573,0.41116,0.431238,0.404606,0.383028,0.390914,0.385,0.3527,0.356838,0.343954,0.303656,0.303766,0.326902,0.358618,0.354034,0.347536,0.355368,0.315596,0.325956,0.353728,0.373278,0.408382,0.431238,0.206478,0.265452,0.340052,0.375634,0.56902,0.613776,0.675882,0.664788,0.74101,0.76682,0.687126,0.609812,0.52974,0.450992,0.421294,0.572342,0.762894,0.813872,0.843606,0.80659,0.539512,0.583774,0.848702,0.976502,1.25768,1.25768,110,5/17/2012 1:48,-10,75,1500,261,1582,11653.71622,45,-51.8,1323,1473,360,1,4396000,360.5,1.42E-09,-0.061976282,33,1,1,1500,-0.124256251
14,5/17/2012 6:40,5/17/2012 7:10,1.16024,8665.26,8369.22,8460.3,8122.5,7644.26,7450.68,7549.38,7682.2,7033.18,6919.3,7044.54,6919.32,6949.66,7006.6,7033.2,6748.5,6615.64,6608.08,6460.06,6133.62,6270.28,6156.42,6289.26,6444.84,6042.54,8665.26,65.6302,64.4306,64.9782,62.3708,59.946,57.938,57.3644,58.199,55.096,53.4794,53.9226,52.0974,51.4454,50.559,51.2632,49.4898,48.1078,48.6034,46.1264,43.3624,44.1446,43.8838,44.7964,44.9528,40.807,65.6302,1.27076,1.26926,1.26524,1.26224,1.26126,1.20266,1.15958,1.1771,1.125,1.13554,1.1225,1.11146,1.0699,1.04886,1.035366,1.05686,0.994276,1.01231,0.941676,0.886578,0.91613,0.90962,0.926652,0.903608,0.807436,1.27076,0.903616,0.902318,0.886742,0.874318,0.842794,0.787348,0.831852,0.866156,0.791984,0.761018,0.75768,0.751374,0.72115,0.72078,0.777708,0.77066,0.809042,0.828516,0.812568,0.718552,0.75972,0.856146,1.06957,1.48996,1.186754,1.48996,0.331286,0.360034,0.34573,0.41116,0.431238,0.404606,0.383028,0.390914,0.385,0.3527,0.356838,0.343954,0.303656,0.303766,0.326902,0.358618,0.354034,0.347536,0.355368,0.315596,0.325956,0.353728,0.373278,0.408382,0.372532,0.431238,0.265452,0.340052,0.375634,0.56902,0.613776,0.675882,0.664788,0.74101,0.76682,0.687126,0.609812,0.52974,0.450992,0.421294,0.572342,0.762894,0.813872,0.843606,0.80659,0.539512,0.583774,0.848702,0.976502,1.25768,1.03699,1.25768,110,5/17/2012 1:48,-10,75,1500,261,1582,11653.71622,45,-51.8,1323,1473,360,1,4396000,360.5,1.42E-09,-0.061976282,33,1,1,1500,0.058746099
14,5/17/2012 6:45,5/17/2012 7:15,1.18485,8369.22,8460.3,8122.5,7644.26,7450.68,7549.38,7682.2,7033.18,6919.3,7044.54,6919.32,6949.66,7006.6,7033.2,6748.5,6615.64,6608.08,6460.06,6133.62,6270.28,6156.42,6289.26,6444.84,6042.54,5719.92,8460.3,64.4306,64.9782,62.3708,59.946,57.938,57.3644,58.199,55.096,53.4794,53.9226,52.0974,51.4454,50.559,51.2632,49.4898,48.1078,48.6034,46.1264,43.3624,44.1446,43.8838,44.7964,44.9528,40.807,38.33,64.9782,1.26926,1.26524,1.26224,1.26126,1.20266,1.15958,1.1771,1.125,1.13554,1.1225,1.11146,1.0699,1.04886,1.035366,1.05686,0.994276,1.01231,0.941676,0.886578,0.91613,0.90962,0.926652,0.903608,0.807436,0.742822,1.26926,0.902318,0.886742,0.874318,0.842794,0.787348,0.831852,0.866156,0.791984,0.761018,0.75768,0.751374,0.72115,0.72078,0.777708,0.77066,0.809042,0.828516,0.812568,0.718552,0.75972,0.856146,1.06957,1.48996,1.186754,0.76658,1.48996,0.360034,0.34573,0.41116,0.431238,0.404606,0.383028,0.390914,0.385,0.3527,0.356838,0.343954,0.303656,0.303766,0.326902,0.358618,0.354034,0.347536,0.355368,0.315596,0.325956,0.353728,0.373278,0.408382,0.372532,0.254278,0.431238,0.340052,0.375634,0.56902,0.613776,0.675882,0.664788,0.74101,0.76682,0.687126,0.609812,0.52974,0.450992,0.421294,0.572342,0.762894,0.813872,0.843606,0.80659,0.539512,0.583774,0.848702,0.976502,1.25768,1.03699,0.568608,1.25768,110,5/17/2012 1:48,-10,75,1500,261,1582,11653.71622,45,-51.8,1323,1473,360,1,4396000,360.5,1.42E-09,-0.061976282,33,1,1,1500,0.331358574
14,5/17/2012 6:50,5/17/2012 7:20,1.181472475,8460.3,8122.5,7644.26,7450.68,7549.38,7682.2,7033.18,6919.3,7044.54,6919.32,6949.66,7006.6,7033.2,6748.5,6615.64,6608.08,6460.06,6133.62,6270.28,6156.42,6289.26,6444.84,6042.54,5719.92,5530.12,8460.3,64.9782,62.3708,59.946,57.938,57.3644,58.199,55.096,53.4794,53.9226,52.0974,51.4454,50.559,51.2632,49.4898,48.1078,48.6034,46.1264,43.3624,44.1446,43.8838,44.7964,44.9528,40.807,38.33,37.0002,64.9782,1.26524,1.26224,1.26126,1.20266,1.15958,1.1771,1.125,1.13554,1.1225,1.11146,1.0699,1.04886,1.035366,1.05686,0.994276,1.01231,0.941676,0.886578,0.91613,0.90962,0.926652,0.903608,0.807436,0.742822,0.688978,1.26524,0.886742,0.874318,0.842794,0.787348,0.831852,0.866156,0.791984,0.761018,0.75768,0.751374,0.72115,0.72078,0.777708,0.77066,0.809042,0.828516,0.812568,0.718552,0.75972,0.856146,1.06957,1.48996,1.186754,0.76658,0.778264,1.48996,0.34573,0.41116,0.431238,0.404606,0.383028,0.390914,0.385,0.3527,0.356838,0.343954,0.303656,0.303766,0.326902,0.358618,0.354034,0.347536,0.355368,0.315596,0.325956,0.353728,0.373278,0.408382,0.372532,0.254278,0.242892,0.431238,0.375634,0.56902,0.613776,0.675882,0.664788,0.74101,0.76682,0.687126,0.609812,0.52974,0.450992,0.421294,0.572342,0.762894,0.813872,0.843606,0.80659,0.539512,0.583774,0.848702,0.976502,1.25768,1.03699,0.568608,0.592868,1.25768,110,5/17/2012 1:48,-10,75,1500,261,1582,11653.71622,45,-51.8,1323,1473,360,1,4396000,360.5,1.42E-09,-0.061976282,33,1,1,1500,0.314463931
14,5/17/2012 6:55,5/17/2012 7:25,1.17809495,8122.5,7644.26,7450.68,7549.38,7682.2,7033.18,6919.3,7044.54,6919.32,6949.66,7006.6,7033.2,6748.5,6615.64,6608.08,6460.06,6133.62,6270.28,6156.42,6289.26,6444.84,6042.54,5719.92,5530.12,5458.02,8122.5,62.3708,59.946,57.938,57.3644,58.199,55.096,53.4794,53.9226,52.0974,51.4454,50.559,51.2632,49.4898,48.1078,48.6034,46.1264,43.3624,44.1446,43.8838,44.7964,44.9528,40.807,38.33,37.0002,36.661,62.3708,1.26224,1.26126,1.20266,1.15958,1.1771,1.125,1.13554,1.1225,1.11146,1.0699,1.04886,1.035366,1.05686,0.994276,1.01231,0.941676,0.886578,0.91613,0.90962,0.926652,0.903608,0.807436,0.742822,0.688978,0.708512,1.26224,0.874318,0.842794,0.787348,0.831852,0.866156,0.791984,0.761018,0.75768,0.751374,0.72115,0.72078,0.777708,0.77066,0.809042,0.828516,0.812568,0.718552,0.75972,0.856146,1.06957,1.48996,1.186754,0.76658,0.778264,0.887102,1.48996,0.41116,0.431238,0.404606,0.383028,0.390914,0.385,0.3527,0.356838,0.343954,0.303656,0.303766,0.326902,0.358618,0.354034,0.347536,0.355368,0.315596,0.325956,0.353728,0.373278,0.408382,0.372532,0.254278,0.242892,0.255974,0.431238,0.56902,0.613776,0.675882,0.664788,0.74101,0.76682,0.687126,0.609812,0.52974,0.450992,0.421294,0.572342,0.762894,0.813872,0.843606,0.80659,0.539512,0.583774,0.848702,0.976502,1.25768,1.03699,0.568608,0.592868,0.649656,1.25768,110,5/17/2012 1:48,-10,75,1500,261,1582,11653.71622,45,-51.8,1323,1473,360,1,4396000,360.5,1.42E-09,-0.061976282,33,1,1,1500,0.277883838
14,5/17/2012 7:00,5/17/2012 7:30,1.174717426,7644.26,7450.68,7549.38,7682.2,7033.18,6919.3,7044.54,6919.32,6949.66,7006.6,7033.2,6748.5,6615.64,6608.08,6460.06,6133.62,6270.28,6156.42,6289.26,6444.84,6042.54,5719.92,5530.12,5458.02,5283.42,7682.2,59.946,57.938,57.3644,58.199,55.096,53.4794,53.9226,52.0974,51.4454,50.559,51.2632,49.4898,48.1078,48.6034,46.1264,43.3624,44.1446,43.8838,44.7964,44.9528,40.807,38.33,37.0002,36.661,35.514,59.946,1.26126,1.20266,1.15958,1.1771,1.125,1.13554,1.1225,1.11146,1.0699,1.04886,1.035366,1.05686,0.994276,1.01231,0.941676,0.886578,0.91613,0.90962,0.926652,0.903608,0.807436,0.742822,0.688978,0.708512,0.68372,1.26126,0.842794,0.787348,0.831852,0.866156,0.791984,0.761018,0.75768,0.751374,0.72115,0.72078,0.777708,0.77066,0.809042,0.828516,0.812568,0.718552,0.75972,0.856146,1.06957,1.48996,1.186754,0.76658,0.778264,0.887102,1.036564,1.48996,0.431238,0.404606,0.383028,0.390914,0.385,0.3527,0.356838,0.343954,0.303656,0.303766,0.326902,0.358618,0.354034,0.347536,0.355368,0.315596,0.325956,0.353728,0.373278,0.408382,0.372532,0.254278,0.242892,0.255974,0.260692,0.431238,0.613776,0.675882,0.664788,0.74101,0.76682,0.687126,0.609812,0.52974,0.450992,0.421294,0.572342,0.762894,0.813872,0.843606,0.80659,0.539512,0.583774,0.848702,0.976502,1.25768,1.03699,0.568608,0.592868,0.649656,0.682334,1.25768,110,5/17/2012 1:48,-10,75,1500,261,1582,11653.71622,45,-51.8,1323,1473,360,1,4396000,360.5,1.42E-09,-0.061976282,33,1,1,1500,0.256716622
14,5/17/2012 7:05,5/17/2012 7:35,1.171339901,7450.68,7549.38,7682.2,7033.18,6919.3,7044.54,6919.32,6949.66,7006.6,7033.2,6748.5,6615.64,6608.08,6460.06,6133.62,6270.28,6156.42,6289.26,6444.84,6042.54,5719.92,5530.12,5458.02,5283.42,5674.36,7682.2,57.938,57.3644,58.199,55.096,53.4794,53.9226,52.0974,51.4454,50.559,51.2632,49.4898,48.1078,48.6034,46.1264,43.3624,44.1446,43.8838,44.7964,44.9528,40.807,38.33,37.0002,36.661,35.514,38.1996,58.199,1.20266,1.15958,1.1771,1.125,1.13554,1.1225,1.11146,1.0699,1.04886,1.035366,1.05686,0.994276,1.01231,0.941676,0.886578,0.91613,0.90962,0.926652,0.903608,0.807436,0.742822,0.688978,0.708512,0.68372,0.723288,1.20266,0.787348,0.831852,0.866156,0.791984,0.761018,0.75768,0.751374,0.72115,0.72078,0.777708,0.77066,0.809042,0.828516,0.812568,0.718552,0.75972,0.856146,1.06957,1.48996,1.186754,0.76658,0.778264,0.887102,1.036564,1.6522,1.6522,0.404606,0.383028,0.390914,0.385,0.3527,0.356838,0.343954,0.303656,0.303766,0.326902,0.358618,0.354034,0.347536,0.355368,0.315596,0.325956,0.353728,0.373278,0.408382,0.372532,0.254278,0.242892,0.255974,0.260692,0.28938,0.408382,0.675882,0.664788,0.74101,0.76682,0.687126,0.609812,0.52974,0.450992,0.421294,0.572342,0.762894,0.813872,0.843606,0.80659,0.539512,0.583774,0.848702,0.976502,1.25768,1.03699,0.568608,0.592868,0.649656,0.682334,0.993878,1.25768,110,5/17/2012 1:48,-10,75,1500,261,1582,11653.71622,45,-51.8,1323,1473,360,1,4396000,360.5,1.42E-09,-0.061976282,33,1,1,1500,0.085262957
14,5/17/2012 7:10,5/17/2012 7:40,1.167962376,7549.38,7682.2,7033.18,6919.3,7044.54,6919.32,6949.66,7006.6,7033.2,6748.5,6615.64,6608.08,6460.06,6133.62,6270.28,6156.42,6289.26,6444.84,6042.54,5719.92,5530.12,5458.02,5283.42,5674.36,6008.4,7682.2,57.3644,58.199,55.096,53.4794,53.9226,52.0974,51.4454,50.559,51.2632,49.4898,48.1078,48.6034,46.1264,43.3624,44.1446,43.8838,44.7964,44.9528,40.807,38.33,37.0002,36.661,35.514,38.1996,41.0414,58.199,1.15958,1.1771,1.125,1.13554,1.1225,1.11146,1.0699,1.04886,1.035366,1.05686,0.994276,1.01231,0.941676,0.886578,0.91613,0.90962,0.926652,0.903608,0.807436,0.742822,0.688978,0.708512,0.68372,0.723288,0.76937,1.1771,0.831852,0.866156,0.791984,0.761018,0.75768,0.751374,0.72115,0.72078,0.777708,0.77066,0.809042,0.828516,0.812568,0.718552,0.75972,0.856146,1.06957,1.48996,1.186754,0.76658,0.778264,0.887102,1.036564,1.6522,2.07148,2.07148,0.383028,0.390914,0.385,0.3527,0.356838,0.343954,0.303656,0.303766,0.326902,0.358618,0.354034,0.347536,0.355368,0.315596,0.325956,0.353728,0.373278,0.408382,0.372532,0.254278,0.242892,0.255974,0.260692,0.28938,0.359894,0.408382,0.664788,0.74101,0.76682,0.687126,0.609812,0.52974,0.450992,0.421294,0.572342,0.762894,0.813872,0.843606,0.80659,0.539512,0.583774,0.848702,0.976502,1.25768,1.03699,0.568608,0.592868,0.649656,0.682334,0.993878,1.16024,1.25768,110,5/17/2012 1:48,-10,75,1500,261,1582,11653.71622,45,-51.8,1323,1473,360,1,4396000,360.5,1.42E-09,-0.061976282,33,1,1,1500,0.003568403
14,5/17/2012 7:15,5/17/2012 7:45,1.164584851,7682.2,7033.18,6919.3,7044.54,6919.32,6949.66,7006.6,7033.2,6748.5,6615.64,6608.08,6460.06,6133.62,6270.28,6156.42,6289.26,6444.84,6042.54,5719.92,5530.12,5458.02,5283.42,5674.36,6008.4,5826.2,7682.2,58.199,55.096,53.4794,53.9226,52.0974,51.4454,50.559,51.2632,49.4898,48.1078,48.6034,46.1264,43.3624,44.1446,43.8838,44.7964,44.9528,40.807,38.33,37.0002,36.661,35.514,38.1996,41.0414,38.9815,58.199,1.1771,1.125,1.13554,1.1225,1.11146,1.0699,1.04886,1.035366,1.05686,0.994276,1.01231,0.941676,0.886578,0.91613,0.90962,0.926652,0.903608,0.807436,0.742822,0.688978,0.708512,0.68372,0.723288,0.76937,0.765115,1.1771,0.866156,0.791984,0.761018,0.75768,0.751374,0.72115,0.72078,0.777708,0.77066,0.809042,0.828516,0.812568,0.718552,0.75972,0.856146,1.06957,1.48996,1.186754,0.76658,0.778264,0.887102,1.036564,1.6522,2.07148,2.2609,2.2609,0.390914,0.385,0.3527,0.356838,0.343954,0.303656,0.303766,0.326902,0.358618,0.354034,0.347536,0.355368,0.315596,0.325956,0.353728,0.373278,0.408382,0.372532,0.254278,0.242892,0.255974,0.260692,0.28938,0.359894,0.379155,0.408382,0.74101,0.76682,0.687126,0.609812,0.52974,0.450992,0.421294,0.572342,0.762894,0.813872,0.843606,0.80659,0.539512,0.583774,0.848702,0.976502,1.25768,1.03699,0.568608,0.592868,0.649656,0.682334,0.993878,1.16024,1.18485,1.25768,110,5/17/2012 1:48,-10,75,1500,261,1582,11653.71622,45,-51.8,1323,1473,360,1,4396000,360.5,1.42E-09,-0.061976282,33,1,1,1500,-0.009318588
14,5/17/2012 7:20,5/17/2012 7:50,1.161207327,7033.18,6919.3,7044.54,6919.32,6949.66,7006.6,7033.2,6748.5,6615.64,6608.08,6460.06,6133.62,6270.28,6156.42,6289.26,6444.84,6042.54,5719.92,5530.12,5458.02,5283.42,5674.36,6008.4,5826.2,5786.811386,7044.54,55.096,53.4794,53.9226,52.0974,51.4454,50.559,51.2632,49.4898,48.1078,48.6034,46.1264,43.3624,44.1446,43.8838,44.7964,44.9528,40.807,38.33,37.0002,36.661,35.514,38.1996,41.0414,38.9815,38.72527228,55.096,1.125,1.13554,1.1225,1.11146,1.0699,1.04886,1.035366,1.05686,0.994276,1.01231,0.941676,0.886578,0.91613,0.90962,0.926652,0.903608,0.807436,0.742822,0.688978,0.708512,0.68372,0.723288,0.76937,0.765115,0.759858119,1.13554,0.791984,0.761018,0.75768,0.751374,0.72115,0.72078,0.777708,0.77066,0.809042,0.828516,0.812568,0.718552,0.75972,0.856146,1.06957,1.48996,1.186754,0.76658,0.778264,0.887102,1.036564,1.6522,2.07148,2.2609,2.277579703,2.277579703,0.385,0.3527,0.356838,0.343954,0.303656,0.303766,0.326902,0.358618,0.354034,0.347536,0.355368,0.315596,0.325956,0.353728,0.373278,0.408382,0.372532,0.254278,0.242892,0.255974,0.260692,0.28938,0.359894,0.379155,0.376722178,0.408382,0.76682,0.687126,0.609812,0.52974,0.450992,0.421294,0.572342,0.762894,0.813872,0.843606,0.80659,0.539512,0.583774,0.848702,0.976502,1.25768,1.03699,0.568608,0.592868,0.649656,0.682334,0.993878,1.16024,1.18485,1.181472475,1.25768,110,5/17/2012 1:48,-10,75,1500,261,1582,11653.71622,45,-51.8,1323,1473,360,1,4396000,360.5,1.42E-09,-0.061976282,33,1,1,1500,-0.009333083
14,5/17/2012 7:25,5/17/2012 7:55,1.157829802,6919.3,7044.54,6919.32,6949.66,7006.6,7033.2,6748.5,6615.64,6608.08,6460.06,6133.62,6270.28,6156.42,6289.26,6444.84,6042.54,5719.92,5530.12,5458.02,5283.42,5674.36,6008.4,5826.2,5786.811386,5747.422772,7044.54,53.4794,53.9226,52.0974,51.4454,50.559,51.2632,49.4898,48.1078,48.6034,46.1264,43.3624,44.1446,43.8838,44.7964,44.9528,40.807,38.33,37.0002,36.661,35.514,38.1996,41.0414,38.9815,38.72527228,38.46904455,53.9226,1.13554,1.1225,1.11146,1.0699,1.04886,1.035366,1.05686,0.994276,1.01231,0.941676,0.886578,0.91613,0.90962,0.926652,0.903608,0.807436,0.742822,0.688978,0.708512,0.68372,0.723288,0.76937,0.765115,0.759858119,0.754601238,1.13554,0.761018,0.75768,0.751374,0.72115,0.72078,0.777708,0.77066,0.809042,0.828516,0.812568,0.718552,0.75972,0.856146,1.06957,1.48996,1.186754,0.76658,0.778264,0.887102,1.036564,1.6522,2.07148,2.2609,2.277579703,2.294259406,2.294259406,0.3527,0.356838,0.343954,0.303656,0.303766,0.326902,0.358618,0.354034,0.347536,0.355368,0.315596,0.325956,0.353728,0.373278,0.408382,0.372532,0.254278,0.242892,0.255974,0.260692,0.28938,0.359894,0.379155,0.376722178,0.374289356,0.408382,0.687126,0.609812,0.52974,0.450992,0.421294,0.572342,0.762894,0.813872,0.843606,0.80659,0.539512,0.583774,0.848702,0.976502,1.25768,1.03699,0.568608,0.592868,0.649656,0.682334,0.993878,1.16024,1.18485,1.181472475,1.17809495,1.25768,110,5/17/2012 1:48,-10,75,1500,261,1582,11653.71622,45,-51.8,1323,1473,360,1,4396000,360.5,1.42E-09,-0.061976282,33,1,1,1500,-0.009347624
14,5/17/2012 7:30,5/17/2012 8:00,1.154452277,7044.54,6919.32,6949.66,7006.6,7033.2,6748.5,6615.64,6608.08,6460.06,6133.62,6270.28,6156.42,6289.26,6444.84,6042.54,5719.92,5530.12,5458.02,5283.42,5674.36,6008.4,5826.2,5786.811386,5747.422772,5708.034158,7044.54,53.9226,52.0974,51.4454,50.559,51.2632,49.4898,48.1078,48.6034,46.1264,43.3624,44.1446,43.8838,44.7964,44.9528,40.807,38.33,37.0002,36.661,35.514,38.1996,41.0414,38.9815,38.72527228,38.46904455,38.21281683,53.9226,1.1225,1.11146,1.0699,1.04886,1.035366,1.05686,0.994276,1.01231,0.941676,0.886578,0.91613,0.90962,0.926652,0.903608,0.807436,0.742822,0.688978,0.708512,0.68372,0.723288,0.76937,0.765115,0.759858119,0.754601238,0.749344356,1.1225,0.75768,0.751374,0.72115,0.72078,0.777708,0.77066,0.809042,0.828516,0.812568,0.718552,0.75972,0.856146,1.06957,1.48996,1.186754,0.76658,0.778264,0.887102,1.036564,1.6522,2.07148,2.2609,2.277579703,2.294259406,2.310939109,2.310939109,0.356838,0.343954,0.303656,0.303766,0.326902,0.358618,0.354034,0.347536,0.355368,0.315596,0.325956,0.353728,0.373278,0.408382,0.372532,0.254278,0.242892,0.255974,0.260692,0.28938,0.359894,0.379155,0.376722178,0.374289356,0.371856535,0.408382,0.609812,0.52974,0.450992,0.421294,0.572342,0.762894,0.813872,0.843606,0.80659,0.539512,0.583774,0.848702,0.976502,1.25768,1.03699,0.568608,0.592868,0.649656,0.682334,0.993878,1.16024,1.18485,1.181472475,1.17809495,1.174717426,1.25768,110,5/17/2012 1:48,-10,75,1500,261,1582,11653.71622,45,-51.8,1323,1473,360,1,4396000,360.5,1.42E-09,-0.061976282,33,1,1,1500,-0.009362209
14,5/17/2012 7:35,5/17/2012 8:05,1.151074752,6919.32,6949.66,7006.6,7033.2,6748.5,6615.64,6608.08,6460.06,6133.62,6270.28,6156.42,6289.26,6444.84,6042.54,5719.92,5530.12,5458.02,5283.42,5674.36,6008.4,5826.2,5786.811386,5747.422772,5708.034158,5668.645545,7033.2,52.0974,51.4454,50.559,51.2632,49.4898,48.1078,48.6034,46.1264,43.3624,44.1446,43.8838,44.7964,44.9528,40.807,38.33,37.0002,36.661,35.514,38.1996,41.0414,38.9815,38.72527228,38.46904455,38.21281683,37.95658911,52.0974,1.11146,1.0699,1.04886,1.035366,1.05686,0.994276,1.01231,0.941676,0.886578,0.91613,0.90962,0.926652,0.903608,0.807436,0.742822,0.688978,0.708512,0.68372,0.723288,0.76937,0.765115,0.759858119,0.754601238,0.749344356,0.744087475,1.11146,0.751374,0.72115,0.72078,0.777708,0.77066,0.809042,0.828516,0.812568,0.718552,0.75972,0.856146,1.06957,1.48996,1.186754,0.76658,0.778264,0.887102,1.036564,1.6522,2.07148,2.2609,2.277579703,2.294259406,2.310939109,2.327618812,2.327618812,0.343954,0.303656,0.303766,0.326902,0.358618,0.354034,0.347536,0.355368,0.315596,0.325956,0.353728,0.373278,0.408382,0.372532,0.254278,0.242892,0.255974,0.260692,0.28938,0.359894,0.379155,0.376722178,0.374289356,0.371856535,0.369423713,0.408382,0.52974,0.450992,0.421294,0.572342,0.762894,0.813872,0.843606,0.80659,0.539512,0.583774,0.848702,0.976502,1.25768,1.03699,0.568608,0.592868,0.649656,0.682334,0.993878,1.16024,1.18485,1.181472475,1.17809495,1.174717426,1.171339901,1.25768,110,5/17/2012 1:48,-10,75,1500,261,1582,11653.71622,45,-51.8,1323,1473,360,1,4396000,360.5,1.42E-09,-0.061976282,33,1,1,1500,-0.009376841
14,5/17/2012 7:40,5/17/2012 8:10,1.147697228,6949.66,7006.6,7033.2,6748.5,6615.64,6608.08,6460.06,6133.62,6270.28,6156.42,6289.26,6444.84,6042.54,5719.92,5530.12,5458.02,5283.42,5674.36,6008.4,5826.2,5786.811386,5747.422772,5708.034158,5668.645545,5629.256931,7033.2,51.4454,50.559,51.2632,49.4898,48.1078,48.6034,46.1264,43.3624,44.1446,43.8838,44.7964,44.9528,40.807,38.33,37.0002,36.661,35.514,38.1996,41.0414,38.9815,38.72527228,38.46904455,38.21281683,37.95658911,37.70036139,51.4454,1.0699,1.04886,1.035366,1.05686,0.994276,1.01231,0.941676,0.886578,0.91613,0.90962,0.926652,0.903608,0.807436,0.742822,0.688978,0.708512,0.68372,0.723288,0.76937,0.765115,0.759858119,0.754601238,0.749344356,0.744087475,0.738830594,1.0699,0.72115,0.72078,0.777708,0.77066,0.809042,0.828516,0.812568,0.718552,0.75972,0.856146,1.06957,1.48996,1.186754,0.76658,0.778264,0.887102,1.036564,1.6522,2.07148,2.2609,2.277579703,2.294259406,2.310939109,2.327618812,2.344298515,2.344298515,0.303656,0.303766,0.326902,0.358618,0.354034,0.347536,0.355368,0.315596,0.325956,0.353728,0.373278,0.408382,0.372532,0.254278,0.242892,0.255974,0.260692,0.28938,0.359894,0.379155,0.376722178,0.374289356,0.371856535,0.369423713,0.366990891,0.408382,0.450992,0.421294,0.572342,0.762894,0.813872,0.843606,0.80659,0.539512,0.583774,0.848702,0.976502,1.25768,1.03699,0.568608,0.592868,0.649656,0.682334,0.993878,1.16024,1.18485,1.181472475,1.17809495,1.174717426,1.171339901,1.167962376,1.25768,110,5/17/2012 1:48,-10,75,1500,261,1582,11653.71622,45,-51.8,1323,1473,360,1,4396000,360.5,1.42E-09,-0.061976282,33,1,1,1500,-0.009391518
14,5/17/2012 7:45,5/17/2012 8:15,1.144319703,7006.6,7033.2,6748.5,6615.64,6608.08,6460.06,6133.62,6270.28,6156.42,6289.26,6444.84,6042.54,5719.92,5530.12,5458.02,5283.42,5674.36,6008.4,5826.2,5786.811386,5747.422772,5708.034158,5668.645545,5629.256931,5589.868317,7033.2,50.559,51.2632,49.4898,48.1078,48.6034,46.1264,43.3624,44.1446,43.8838,44.7964,44.9528,40.807,38.33,37.0002,36.661,35.514,38.1996,41.0414,38.9815,38.72527228,38.46904455,38.21281683,37.95658911,37.70036139,37.44413366,51.2632,1.04886,1.035366,1.05686,0.994276,1.01231,0.941676,0.886578,0.91613,0.90962,0.926652,0.903608,0.807436,0.742822,0.688978,0.708512,0.68372,0.723288,0.76937,0.765115,0.759858119,0.754601238,0.749344356,0.744087475,0.738830594,0.733573713,1.05686,0.72078,0.777708,0.77066,0.809042,0.828516,0.812568,0.718552,0.75972,0.856146,1.06957,1.48996,1.186754,0.76658,0.778264,0.887102,1.036564,1.6522,2.07148,2.2609,2.277579703,2.294259406,2.310939109,2.327618812,2.344298515,2.360978218,2.360978218,0.303766,0.326902,0.358618,0.354034,0.347536,0.355368,0.315596,0.325956,0.353728,0.373278,0.408382,0.372532,0.254278,0.242892,0.255974,0.260692,0.28938,0.359894,0.379155,0.376722178,0.374289356,0.371856535,0.369423713,0.366990891,0.364558069,0.408382,0.421294,0.572342,0.762894,0.813872,0.843606,0.80659,0.539512,0.583774,0.848702,0.976502,1.25768,1.03699,0.568608,0.592868,0.649656,0.682334,0.993878,1.16024,1.18485,1.181472475,1.17809495,1.174717426,1.171339901,1.167962376,1.164584851,1.25768,110,5/17/2012 1:48,-10,75,1500,261,1582,11653.71622,45,-51.8,1323,1473,360,1,4396000,360.5,1.42E-09,-0.061976282,33,1,1,1500,-0.009406241
14,5/17/2012 7:50,5/17/2012 8:20,1.140942178,7033.2,6748.5,6615.64,6608.08,6460.06,6133.62,6270.28,6156.42,6289.26,6444.84,6042.54,5719.92,5530.12,5458.02,5283.42,5674.36,6008.4,5826.2,5786.811386,5747.422772,5708.034158,5668.645545,5629.256931,5589.868317,5550.479703,7033.2,51.2632,49.4898,48.1078,48.6034,46.1264,43.3624,44.1446,43.8838,44.7964,44.9528,40.807,38.33,37.0002,36.661,35.514,38.1996,41.0414,38.9815,38.72527228,38.46904455,38.21281683,37.95658911,37.70036139,37.44413366,37.18790594,51.2632,1.035366,1.05686,0.994276,1.01231,0.941676,0.886578,0.91613,0.90962,0.926652,0.903608,0.807436,0.742822,0.688978,0.708512,0.68372,0.723288,0.76937,0.765115,0.759858119,0.754601238,0.749344356,0.744087475,0.738830594,0.733573713,0.728316832,1.05686,0.777708,0.77066,0.809042,0.828516,0.812568,0.718552,0.75972,0.856146,1.06957,1.48996,1.186754,0.76658,0.778264,0.887102,1.036564,1.6522,2.07148,2.2609,2.277579703,2.294259406,2.310939109,2.327618812,2.344298515,2.360978218,2.377657921,2.377657921,0.326902,0.358618,0.354034,0.347536,0.355368,0.315596,0.325956,0.353728,0.373278,0.408382,0.372532,0.254278,0.242892,0.255974,0.260692,0.28938,0.359894,0.379155,0.376722178,0.374289356,0.371856535,0.369423713,0.366990891,0.364558069,0.362125248,0.408382,0.572342,0.762894,0.813872,0.843606,0.80659,0.539512,0.583774,0.848702,0.976502,1.25768,1.03699,0.568608,0.592868,0.649656,0.682334,0.993878,1.16024,1.18485,1.181472475,1.17809495,1.174717426,1.171339901,1.167962376,1.164584851,1.161207327,1.25768,110,5/17/2012 1:48,-10,75,1500,261,1582,11653.71622,45,-51.8,1323,1473,360,1,4396000,360.5,1.42E-09,-0.061976282,33,1,1,1500,-0.009421011
14,5/17/2012 7:55,5/17/2012 8:25,1.137564653,6748.5,6615.64,6608.08,6460.06,6133.62,6270.28,6156.42,6289.26,6444.84,6042.54,5719.92,5530.12,5458.02,5283.42,5674.36,6008.4,5826.2,5786.811386,5747.422772,5708.034158,5668.645545,5629.256931,5589.868317,5550.479703,5511.091089,6748.5,49.4898,48.1078,48.6034,46.1264,43.3624,44.1446,43.8838,44.7964,44.9528,40.807,38.33,37.0002,36.661,35.514,38.1996,41.0414,38.9815,38.72527228,38.46904455,38.21281683,37.95658911,37.70036139,37.44413366,37.18790594,36.93167822,49.4898,1.05686,0.994276,1.01231,0.941676,0.886578,0.91613,0.90962,0.926652,0.903608,0.807436,0.742822,0.688978,0.708512,0.68372,0.723288,0.76937,0.765115,0.759858119,0.754601238,0.749344356,0.744087475,0.738830594,0.733573713,0.728316832,0.72305995,1.05686,0.77066,0.809042,0.828516,0.812568,0.718552,0.75972,0.856146,1.06957,1.48996,1.186754,0.76658,0.778264,0.887102,1.036564,1.6522,2.07148,2.2609,2.277579703,2.294259406,2.310939109,2.327618812,2.344298515,2.360978218,2.377657921,2.394337624,2.394337624,0.358618,0.354034,0.347536,0.355368,0.315596,0.325956,0.353728,0.373278,0.408382,0.372532,0.254278,0.242892,0.255974,0.260692,0.28938,0.359894,0.379155,0.376722178,0.374289356,0.371856535,0.369423713,0.366990891,0.364558069,0.362125248,0.359692426,0.408382,0.762894,0.813872,0.843606,0.80659,0.539512,0.583774,0.848702,0.976502,1.25768,1.03699,0.568608,0.592868,0.649656,0.682334,0.993878,1.16024,1.18485,1.181472475,1.17809495,1.174717426,1.171339901,1.167962376,1.164584851,1.161207327,1.157829802,1.25768,110,5/17/2012 1:48,-10,75,1500,261,1582,11653.71622,45,-51.8,1323,1473,360,1,4396000,360.5,1.42E-09,-0.061976282,33,1,1,1500,-0.009435827
14,5/17/2012 8:00,5/17/2012 8:30,1.134187129,6615.64,6608.08,6460.06,6133.62,6270.28,6156.42,6289.26,6444.84,6042.54,5719.92,5530.12,5458.02,5283.42,5674.36,6008.4,5826.2,5786.811386,5747.422772,5708.034158,5668.645545,5629.256931,5589.868317,5550.479703,5511.091089,5471.702475,6615.64,48.1078,48.6034,46.1264,43.3624,44.1446,43.8838,44.7964,44.9528,40.807,38.33,37.0002,36.661,35.514,38.1996,41.0414,38.9815,38.72527228,38.46904455,38.21281683,37.95658911,37.70036139,37.44413366,37.18790594,36.93167822,36.6754505,48.6034,0.994276,1.01231,0.941676,0.886578,0.91613,0.90962,0.926652,0.903608,0.807436,0.742822,0.688978,0.708512,0.68372,0.723288,0.76937,0.765115,0.759858119,0.754601238,0.749344356,0.744087475,0.738830594,0.733573713,0.728316832,0.72305995,0.717803069,1.01231,0.809042,0.828516,0.812568,0.718552,0.75972,0.856146,1.06957,1.48996,1.186754,0.76658,0.778264,0.887102,1.036564,1.6522,2.07148,2.2609,2.277579703,2.294259406,2.310939109,2.327618812,2.344298515,2.360978218,2.377657921,2.394337624,2.411017327,2.411017327,0.354034,0.347536,0.355368,0.315596,0.325956,0.353728,0.373278,0.408382,0.372532,0.254278,0.242892,0.255974,0.260692,0.28938,0.359894,0.379155,0.376722178,0.374289356,0.371856535,0.369423713,0.366990891,0.364558069,0.362125248,0.359692426,0.357259604,0.408382,0.813872,0.843606,0.80659,0.539512,0.583774,0.848702,0.976502,1.25768,1.03699,0.568608,0.592868,0.649656,0.682334,0.993878,1.16024,1.18485,1.181472475,1.17809495,1.174717426,1.171339901,1.167962376,1.164584851,1.161207327,1.157829802,1.154452277,1.25768,110,5/17/2012 1:48,-10,75,1500,261,1582,11653.71622,45,-51.8,1323,1473,360,1,4396000,360.5,1.42E-09,-0.061976282,33,1,1,1500,-0.009450689
14,5/17/2012 8:05,5/17/2012 8:35,1.130809604,6608.08,6460.06,6133.62,6270.28,6156.42,6289.26,6444.84,6042.54,5719.92,5530.12,5458.02,5283.42,5674.36,6008.4,5826.2,5786.811386,5747.422772,5708.034158,5668.645545,5629.256931,5589.868317,5550.479703,5511.091089,5471.702475,5432.313861,6608.08,48.6034,46.1264,43.3624,44.1446,43.8838,44.7964,44.9528,40.807,38.33,37.0002,36.661,35.514,38.1996,41.0414,38.9815,38.72527228,38.46904455,38.21281683,37.95658911,37.70036139,37.44413366,37.18790594,36.93167822,36.6754505,36.41922277,48.6034,1.01231,0.941676,0.886578,0.91613,0.90962,0.926652,0.903608,0.807436,0.742822,0.688978,0.708512,0.68372,0.723288,0.76937,0.765115,0.759858119,0.754601238,0.749344356,0.744087475,0.738830594,0.733573713,0.728316832,0.72305995,0.717803069,0.712546188,1.01231,0.828516,0.812568,0.718552,0.75972,0.856146,1.06957,1.48996,1.186754,0.76658,0.778264,0.887102,1.036564,1.6522,2.07148,2.2609,2.277579703,2.294259406,2.310939109,2.327618812,2.344298515,2.360978218,2.377657921,2.394337624,2.411017327,2.42769703,2.42769703,0.347536,0.355368,0.315596,0.325956,0.353728,0.373278,0.408382,0.372532,0.254278,0.242892,0.255974,0.260692,0.28938,0.359894,0.379155,0.376722178,0.374289356,0.371856535,0.369423713,0.366990891,0.364558069,0.362125248,0.359692426,0.357259604,0.354826782,0.408382,0.843606,0.80659,0.539512,0.583774,0.848702,0.976502,1.25768,1.03699,0.568608,0.592868,0.649656,0.682334,0.993878,1.16024,1.18485,1.181472475,1.17809495,1.174717426,1.171339901,1.167962376,1.164584851,1.161207327,1.157829802,1.154452277,1.151074752,1.25768,110,5/17/2012 1:48,-10,75,1500,261,1582,11653.71622,45,-51.8,1323,1473,360,1,4396000,360.5,1.42E-09,-0.061976282,33,1,1,1500,-0.009465599
14,5/17/2012 8:10,5/17/2012 8:40,1.127432079,6460.06,6133.62,6270.28,6156.42,6289.26,6444.84,6042.54,5719.92,5530.12,5458.02,5283.42,5674.36,6008.4,5826.2,5786.811386,5747.422772,5708.034158,5668.645545,5629.256931,5589.868317,5550.479703,5511.091089,5471.702475,5432.313861,5392.925248,6460.06,46.1264,43.3624,44.1446,43.8838,44.7964,44.9528,40.807,38.33,37.0002,36.661,35.514,38.1996,41.0414,38.9815,38.72527228,38.46904455,38.21281683,37.95658911,37.70036139,37.44413366,37.18790594,36.93167822,36.6754505,36.41922277,36.16299505,46.1264,0.941676,0.886578,0.91613,0.90962,0.926652,0.903608,0.807436,0.742822,0.688978,0.708512,0.68372,0.723288,0.76937,0.765115,0.759858119,0.754601238,0.749344356,0.744087475,0.738830594,0.733573713,0.728316832,0.72305995,0.717803069,0.712546188,0.707289307,0.941676,0.812568,0.718552,0.75972,0.856146,1.06957,1.48996,1.186754,0.76658,0.778264,0.887102,1.036564,1.6522,2.07148,2.2609,2.277579703,2.294259406,2.310939109,2.327618812,2.344298515,2.360978218,2.377657921,2.394337624,2.411017327,2.42769703,2.444376733,2.444376733,0.355368,0.315596,0.325956,0.353728,0.373278,0.408382,0.372532,0.254278,0.242892,0.255974,0.260692,0.28938,0.359894,0.379155,0.376722178,0.374289356,0.371856535,0.369423713,0.366990891,0.364558069,0.362125248,0.359692426,0.357259604,0.354826782,0.35239396,0.408382,0.80659,0.539512,0.583774,0.848702,0.976502,1.25768,1.03699,0.568608,0.592868,0.649656,0.682334,0.993878,1.16024,1.18485,1.181472475,1.17809495,1.174717426,1.171339901,1.167962376,1.164584851,1.161207327,1.157829802,1.154452277,1.151074752,1.147697228,1.25768,110,5/17/2012 1:48,-10,75,1500,261,1582,11653.71622,45,-51.8,1323,1473,360,1,4396000,360.5,1.42E-09,-0.061976282,33,1,1,1500,-0.009480555
14,5/17/2012 8:15,5/17/2012 8:45,1.124054554,6133.62,6270.28,6156.42,6289.26,6444.84,6042.54,5719.92,5530.12,5458.02,5283.42,5674.36,6008.4,5826.2,5786.811386,5747.422772,5708.034158,5668.645545,5629.256931,5589.868317,5550.479703,5511.091089,5471.702475,5432.313861,5392.925248,5353.536634,6444.84,43.3624,44.1446,43.8838,44.7964,44.9528,40.807,38.33,37.0002,36.661,35.514,38.1996,41.0414,38.9815,38.72527228,38.46904455,38.21281683,37.95658911,37.70036139,37.44413366,37.18790594,36.93167822,36.6754505,36.41922277,36.16299505,35.90676733,44.9528,0.886578,0.91613,0.90962,0.926652,0.903608,0.807436,0.742822,0.688978,0.708512,0.68372,0.723288,0.76937,0.765115,0.759858119,0.754601238,0.749344356,0.744087475,0.738830594,0.733573713,0.728316832,0.72305995,0.717803069,0.712546188,0.707289307,0.702032426,0.926652,0.718552,0.75972,0.856146,1.06957,1.48996,1.186754,0.76658,0.778264,0.887102,1.036564,1.6522,2.07148,2.2609,2.277579703,2.294259406,2.310939109,2.327618812,2.344298515,2.360978218,2.377657921,2.394337624,2.411017327,2.42769703,2.444376733,2.461056436,2.461056436,0.315596,0.325956,0.353728,0.373278,0.408382,0.372532,0.254278,0.242892,0.255974,0.260692,0.28938,0.359894,0.379155,0.376722178,0.374289356,0.371856535,0.369423713,0.366990891,0.364558069,0.362125248,0.359692426,0.357259604,0.354826782,0.35239396,0.349961139,0.408382,0.539512,0.583774,0.848702,0.976502,1.25768,1.03699,0.568608,0.592868,0.649656,0.682334,0.993878,1.16024,1.18485,1.181472475,1.17809495,1.174717426,1.171339901,1.167962376,1.164584851,1.161207327,1.157829802,1.154452277,1.151074752,1.147697228,1.144319703,1.25768,110,5/17/2012 1:48,-10,75,1500,261,1582,11653.71622,45,-51.8,1323,1473,360,1,4396000,360.5,1.42E-09,-0.061976282,32,1,1,1500,-0.009495559
14,5/17/2012 8:20,5/17/2012 8:50,1.12067703,6270.28,6156.42,6289.26,6444.84,6042.54,5719.92,5530.12,5458.02,5283.42,5674.36,6008.4,5826.2,5786.811386,5747.422772,5708.034158,5668.645545,5629.256931,5589.868317,5550.479703,5511.091089,5471.702475,5432.313861,5392.925248,5353.536634,5314.14802,6444.84,44.1446,43.8838,44.7964,44.9528,40.807,38.33,37.0002,36.661,35.514,38.1996,41.0414,38.9815,38.72527228,38.46904455,38.21281683,37.95658911,37.70036139,37.44413366,37.18790594,36.93167822,36.6754505,36.41922277,36.16299505,35.90676733,35.6505396,44.9528,0.91613,0.90962,0.926652,0.903608,0.807436,0.742822,0.688978,0.708512,0.68372,0.723288,0.76937,0.765115,0.759858119,0.754601238,0.749344356,0.744087475,0.738830594,0.733573713,0.728316832,0.72305995,0.717803069,0.712546188,0.707289307,0.702032426,0.696775545,0.926652,0.75972,0.856146,1.06957,1.48996,1.186754,0.76658,0.778264,0.887102,1.036564,1.6522,2.07148,2.2609,2.277579703,2.294259406,2.310939109,2.327618812,2.344298515,2.360978218,2.377657921,2.394337624,2.411017327,2.42769703,2.444376733,2.461056436,2.477736139,2.477736139,0.325956,0.353728,0.373278,0.408382,0.372532,0.254278,0.242892,0.255974,0.260692,0.28938,0.359894,0.379155,0.376722178,0.374289356,0.371856535,0.369423713,0.366990891,0.364558069,0.362125248,0.359692426,0.357259604,0.354826782,0.35239396,0.349961139,0.347528317,0.408382,0.583774,0.848702,0.976502,1.25768,1.03699,0.568608,0.592868,0.649656,0.682334,0.993878,1.16024,1.18485,1.181472475,1.17809495,1.174717426,1.171339901,1.167962376,1.164584851,1.161207327,1.157829802,1.154452277,1.151074752,1.147697228,1.144319703,1.140942178,1.25768,110,5/17/2012 1:48,-10,75,1500,261,1582,11653.71622,45,-51.8,1323,1473,360,1,4396000,360.5,1.42E-09,-0.061976282,32,1,1,1500,-0.009510611
14,5/17/2012 8:25,5/17/2012 8:55,1.117299505,6156.42,6289.26,6444.84,6042.54,5719.92,5530.12,5458.02,5283.42,5674.36,6008.4,5826.2,5786.811386,5747.422772,5708.034158,5668.645545,5629.256931,5589.868317,5550.479703,5511.091089,5471.702475,5432.313861,5392.925248,5353.536634,5314.14802,5274.759406,6444.84,43.8838,44.7964,44.9528,40.807,38.33,37.0002,36.661,35.514,38.1996,41.0414,38.9815,38.72527228,38.46904455,38.21281683,37.95658911,37.70036139,37.44413366,37.18790594,36.93167822,36.6754505,36.41922277,36.16299505,35.90676733,35.6505396,35.39431188,44.9528,0.90962,0.926652,0.903608,0.807436,0.742822,0.688978,0.708512,0.68372,0.723288,0.76937,0.765115,0.759858119,0.754601238,0.749344356,0.744087475,0.738830594,0.733573713,0.728316832,0.72305995,0.717803069,0.712546188,0.707289307,0.702032426,0.696775545,0.691518663,0.926652,0.856146,1.06957,1.48996,1.186754,0.76658,0.778264,0.887102,1.036564,1.6522,2.07148,2.2609,2.277579703,2.294259406,2.310939109,2.327618812,2.344298515,2.360978218,2.377657921,2.394337624,2.411017327,2.42769703,2.444376733,2.461056436,2.477736139,2.494415842,2.494415842,0.353728,0.373278,0.408382,0.372532,0.254278,0.242892,0.255974,0.260692,0.28938,0.359894,0.379155,0.376722178,0.374289356,0.371856535,0.369423713,0.366990891,0.364558069,0.362125248,0.359692426,0.357259604,0.354826782,0.35239396,0.349961139,0.347528317,0.345095495,0.408382,0.848702,0.976502,1.25768,1.03699,0.568608,0.592868,0.649656,0.682334,0.993878,1.16024,1.18485,1.181472475,1.17809495,1.174717426,1.171339901,1.167962376,1.164584851,1.161207327,1.157829802,1.154452277,1.151074752,1.147697228,1.144319703,1.140942178,1.137564653,1.25768,110,5/17/2012 1:48,-10,75,1500,261,1582,11653.71622,45,-51.8,1323,1473,360,1,4396000,360.5,1.42E-09,-0.061976282,32,1,1,1500,-0.00952571
14,5/17/2012 8:30,5/17/2012 9:00,1.11392198,6289.26,6444.84,6042.54,5719.92,5530.12,5458.02,5283.42,5674.36,6008.4,5826.2,5786.811386,5747.422772,5708.034158,5668.645545,5629.256931,5589.868317,5550.479703,5511.091089,5471.702475,5432.313861,5392.925248,5353.536634,5314.14802,5274.759406,5235.370792,6444.84,44.7964,44.9528,40.807,38.33,37.0002,36.661,35.514,38.1996,41.0414,38.9815,38.72527228,38.46904455,38.21281683,37.95658911,37.70036139,37.44413366,37.18790594,36.93167822,36.6754505,36.41922277,36.16299505,35.90676733,35.6505396,35.39431188,35.13808416,44.9528,0.926652,0.903608,0.807436,0.742822,0.688978,0.708512,0.68372,0.723288,0.76937,0.765115,0.759858119,0.754601238,0.749344356,0.744087475,0.738830594,0.733573713,0.728316832,0.72305995,0.717803069,0.712546188,0.707289307,0.702032426,0.696775545,0.691518663,0.686261782,0.926652,1.06957,1.48996,1.186754,0.76658,0.778264,0.887102,1.036564,1.6522,2.07148,2.2609,2.277579703,2.294259406,2.310939109,2.327618812,2.344298515,2.360978218,2.377657921,2.394337624,2.411017327,2.42769703,2.444376733,2.461056436,2.477736139,2.494415842,2.511095545,2.511095545,0.373278,0.408382,0.372532,0.254278,0.242892,0.255974,0.260692,0.28938,0.359894,0.379155,0.376722178,0.374289356,0.371856535,0.369423713,0.366990891,0.364558069,0.362125248,0.359692426,0.357259604,0.354826782,0.35239396,0.349961139,0.347528317,0.345095495,0.342662673,0.408382,0.976502,1.25768,1.03699,0.568608,0.592868,0.649656,0.682334,0.993878,1.16024,1.18485,1.181472475,1.17809495,1.174717426,1.171339901,1.167962376,1.164584851,1.161207327,1.157829802,1.154452277,1.151074752,1.147697228,1.144319703,1.140942178,1.137564653,1.134187129,1.25768,110,5/17/2012 1:48,-10,75,1500,261,1582,11653.71622,45,-51.8,1323,1473,360,1,4396000,360.5,1.42E-09,-0.061976282,32,1,1,1500,-0.009540858
14,5/17/2012 8:35,5/17/2012 9:05,1.110544455,6444.84,6042.54,5719.92,5530.12,5458.02,5283.42,5674.36,6008.4,5826.2,5786.811386,5747.422772,5708.034158,5668.645545,5629.256931,5589.868317,5550.479703,5511.091089,5471.702475,5432.313861,5392.925248,5353.536634,5314.14802,5274.759406,5235.370792,5195.982178,6444.84,44.9528,40.807,38.33,37.0002,36.661,35.514,38.1996,41.0414,38.9815,38.72527228,38.46904455,38.21281683,37.95658911,37.70036139,37.44413366,37.18790594,36.93167822,36.6754505,36.41922277,36.16299505,35.90676733,35.6505396,35.39431188,35.13808416,34.88185644,44.9528,0.903608,0.807436,0.742822,0.688978,0.708512,0.68372,0.723288,0.76937,0.765115,0.759858119,0.754601238,0.749344356,0.744087475,0.738830594,0.733573713,0.728316832,0.72305995,0.717803069,0.712546188,0.707289307,0.702032426,0.696775545,0.691518663,0.686261782,0.681004901,0.903608,1.48996,1.186754,0.76658,0.778264,0.887102,1.036564,1.6522,2.07148,2.2609,2.277579703,2.294259406,2.310939109,2.327618812,2.344298515,2.360978218,2.377657921,2.394337624,2.411017327,2.42769703,2.444376733,2.461056436,2.477736139,2.494415842,2.511095545,2.527775248,2.527775248,0.408382,0.372532,0.254278,0.242892,0.255974,0.260692,0.28938,0.359894,0.379155,0.376722178,0.374289356,0.371856535,0.369423713,0.366990891,0.364558069,0.362125248,0.359692426,0.357259604,0.354826782,0.35239396,0.349961139,0.347528317,0.345095495,0.342662673,0.340229851,0.408382,1.25768,1.03699,0.568608,0.592868,0.649656,0.682334,0.993878,1.16024,1.18485,1.181472475,1.17809495,1.174717426,1.171339901,1.167962376,1.164584851,1.161207327,1.157829802,1.154452277,1.151074752,1.147697228,1.144319703,1.140942178,1.137564653,1.134187129,1.130809604,1.25768,110,5/17/2012 1:48,-10,75,1500,261,1582,11653.71622,45,-51.8,1323,1473,360,1,4396000,360.5,1.42E-09,-0.061976282,32,1,1,1500,-0.009556053
14,5/17/2012 8:40,5/17/2012 9:10,1.107166931,6042.54,5719.92,5530.12,5458.02,5283.42,5674.36,6008.4,5826.2,5786.811386,5747.422772,5708.034158,5668.645545,5629.256931,5589.868317,5550.479703,5511.091089,5471.702475,5432.313861,5392.925248,5353.536634,5314.14802,5274.759406,5235.370792,5195.982178,5156.593564,6042.54,40.807,38.33,37.0002,36.661,35.514,38.1996,41.0414,38.9815,38.72527228,38.46904455,38.21281683,37.95658911,37.70036139,37.44413366,37.18790594,36.93167822,36.6754505,36.41922277,36.16299505,35.90676733,35.6505396,35.39431188,35.13808416,34.88185644,34.62562871,41.0414,0.807436,0.742822,0.688978,0.708512,0.68372,0.723288,0.76937,0.765115,0.759858119,0.754601238,0.749344356,0.744087475,0.738830594,0.733573713,0.728316832,0.72305995,0.717803069,0.712546188,0.707289307,0.702032426,0.696775545,0.691518663,0.686261782,0.681004901,0.67574802,0.807436,1.186754,0.76658,0.778264,0.887102,1.036564,1.6522,2.07148,2.2609,2.277579703,2.294259406,2.310939109,2.327618812,2.344298515,2.360978218,2.377657921,2.394337624,2.411017327,2.42769703,2.444376733,2.461056436,2.477736139,2.494415842,2.511095545,2.527775248,2.54445495,2.54445495,0.372532,0.254278,0.242892,0.255974,0.260692,0.28938,0.359894,0.379155,0.376722178,0.374289356,0.371856535,0.369423713,0.366990891,0.364558069,0.362125248,0.359692426,0.357259604,0.354826782,0.35239396,0.349961139,0.347528317,0.345095495,0.342662673,0.340229851,0.33779703,0.379155,1.03699,0.568608,0.592868,0.649656,0.682334,0.993878,1.16024,1.18485,1.181472475,1.17809495,1.174717426,1.171339901,1.167962376,1.164584851,1.161207327,1.157829802,1.154452277,1.151074752,1.147697228,1.144319703,1.140942178,1.137564653,1.134187129,1.130809604,1.127432079,1.18485,110,5/17/2012 1:48,-10,75,1500,261,1582,11653.71622,45,-51.8,1323,1473,360,1,4396000,360.5,1.42E-09,-0.061976282,32,1,1,1500,-0.009571297
14,5/17/2012 8:45,5/17/2012 9:15,1.103789406,5719.92,5530.12,5458.02,5283.42,5674.36,6008.4,5826.2,5786.811386,5747.422772,5708.034158,5668.645545,5629.256931,5589.868317,5550.479703,5511.091089,5471.702475,5432.313861,5392.925248,5353.536634,5314.14802,5274.759406,5235.370792,5195.982178,5156.593564,5117.20495,6008.4,38.33,37.0002,36.661,35.514,38.1996,41.0414,38.9815,38.72527228,38.46904455,38.21281683,37.95658911,37.70036139,37.44413366,37.18790594,36.93167822,36.6754505,36.41922277,36.16299505,35.90676733,35.6505396,35.39431188,35.13808416,34.88185644,34.62562871,34.36940099,41.0414,0.742822,0.688978,0.708512,0.68372,0.723288,0.76937,0.765115,0.759858119,0.754601238,0.749344356,0.744087475,0.738830594,0.733573713,0.728316832,0.72305995,0.717803069,0.712546188,0.707289307,0.702032426,0.696775545,0.691518663,0.686261782,0.681004901,0.67574802,0.670491139,0.76937,0.76658,0.778264,0.887102,1.036564,1.6522,2.07148,2.2609,2.277579703,2.294259406,2.310939109,2.327618812,2.344298515,2.360978218,2.377657921,2.394337624,2.411017327,2.42769703,2.444376733,2.461056436,2.477736139,2.494415842,2.511095545,2.527775248,2.54445495,2.561134653,2.561134653,0.254278,0.242892,0.255974,0.260692,0.28938,0.359894,0.379155,0.376722178,0.374289356,0.371856535,0.369423713,0.366990891,0.364558069,0.362125248,0.359692426,0.357259604,0.354826782,0.35239396,0.349961139,0.347528317,0.345095495,0.342662673,0.340229851,0.33779703,0.335364208,0.379155,0.568608,0.592868,0.649656,0.682334,0.993878,1.16024,1.18485,1.181472475,1.17809495,1.174717426,1.171339901,1.167962376,1.164584851,1.161207327,1.157829802,1.154452277,1.151074752,1.147697228,1.144319703,1.140942178,1.137564653,1.134187129,1.130809604,1.127432079,1.124054554,1.18485,110,5/17/2012 1:48,-10,75,1500,261,1582,11653.71622,45,-51.8,1323,1473,360,1,4396000,360.5,1.42E-09,-0.061976282,32,1,1,1500,-0.00958659
14,5/17/2012 8:50,5/17/2012 9:20,1.100411881,5530.12,5458.02,5283.42,5674.36,6008.4,5826.2,5786.811386,5747.422772,5708.034158,5668.645545,5629.256931,5589.868317,5550.479703,5511.091089,5471.702475,5432.313861,5392.925248,5353.536634,5314.14802,5274.759406,5235.370792,5195.982178,5156.593564,5117.20495,5077.816337,6008.4,37.0002,36.661,35.514,38.1996,41.0414,38.9815,38.72527228,38.46904455,38.21281683,37.95658911,37.70036139,37.44413366,37.18790594,36.93167822,36.6754505,36.41922277,36.16299505,35.90676733,35.6505396,35.39431188,35.13808416,34.88185644,34.62562871,34.36940099,34.11317327,41.0414,0.688978,0.708512,0.68372,0.723288,0.76937,0.765115,0.759858119,0.754601238,0.749344356,0.744087475,0.738830594,0.733573713,0.728316832,0.72305995,0.717803069,0.712546188,0.707289307,0.702032426,0.696775545,0.691518663,0.686261782,0.681004901,0.67574802,0.670491139,0.665234257,0.76937,0.778264,0.887102,1.036564,1.6522,2.07148,2.2609,2.277579703,2.294259406,2.310939109,2.327618812,2.344298515,2.360978218,2.377657921,2.394337624,2.411017327,2.42769703,2.444376733,2.461056436,2.477736139,2.494415842,2.511095545,2.527775248,2.54445495,2.561134653,2.577814356,2.577814356,0.242892,0.255974,0.260692,0.28938,0.359894,0.379155,0.376722178,0.374289356,0.371856535,0.369423713,0.366990891,0.364558069,0.362125248,0.359692426,0.357259604,0.354826782,0.35239396,0.349961139,0.347528317,0.345095495,0.342662673,0.340229851,0.33779703,0.335364208,0.332931386,0.379155,0.592868,0.649656,0.682334,0.993878,1.16024,1.18485,1.181472475,1.17809495,1.174717426,1.171339901,1.167962376,1.164584851,1.161207327,1.157829802,1.154452277,1.151074752,1.147697228,1.144319703,1.140942178,1.137564653,1.134187129,1.130809604,1.127432079,1.124054554,1.12067703,1.18485,110,5/17/2012 1:48,-10,75,1500,261,1582,11653.71622,45,-51.8,1323,1473,360,1,4396000,360.5,1.42E-09,-0.061976282,32,1,1,1500,-0.009601932
14,5/17/2012 8:55,5/17/2012 9:25,1.097034356,5458.02,5283.42,5674.36,6008.4,5826.2,5786.811386,5747.422772,5708.034158,5668.645545,5629.256931,5589.868317,5550.479703,5511.091089,5471.702475,5432.313861,5392.925248,5353.536634,5314.14802,5274.759406,5235.370792,5195.982178,5156.593564,5117.20495,5077.816337,5038.427723,6008.4,36.661,35.514,38.1996,41.0414,38.9815,38.72527228,38.46904455,38.21281683,37.95658911,37.70036139,37.44413366,37.18790594,36.93167822,36.6754505,36.41922277,36.16299505,35.90676733,35.6505396,35.39431188,35.13808416,34.88185644,34.62562871,34.36940099,34.11317327,33.85694554,41.0414,0.708512,0.68372,0.723288,0.76937,0.765115,0.759858119,0.754601238,0.749344356,0.744087475,0.738830594,0.733573713,0.728316832,0.72305995,0.717803069,0.712546188,0.707289307,0.702032426,0.696775545,0.691518663,0.686261782,0.681004901,0.67574802,0.670491139,0.665234257,0.659977376,0.76937,0.887102,1.036564,1.6522,2.07148,2.2609,2.277579703,2.294259406,2.310939109,2.327618812,2.344298515,2.360978218,2.377657921,2.394337624,2.411017327,2.42769703,2.444376733,2.461056436,2.477736139,2.494415842,2.511095545,2.527775248,2.54445495,2.561134653,2.577814356,2.594494059,2.594494059,0.255974,0.260692,0.28938,0.359894,0.379155,0.376722178,0.374289356,0.371856535,0.369423713,0.366990891,0.364558069,0.362125248,0.359692426,0.357259604,0.354826782,0.35239396,0.349961139,0.347528317,0.345095495,0.342662673,0.340229851,0.33779703,0.335364208,0.332931386,0.330498564,0.379155,0.649656,0.682334,0.993878,1.16024,1.18485,1.181472475,1.17809495,1.174717426,1.171339901,1.167962376,1.164584851,1.161207327,1.157829802,1.154452277,1.151074752,1.147697228,1.144319703,1.140942178,1.137564653,1.134187129,1.130809604,1.127432079,1.124054554,1.12067703,1.117299505,1.18485,110,5/17/2012 1:48,-10,75,1500,261,1582,11653.71622,45,-51.8,1323,1473,360,1,4396000,360.5,1.42E-09,-0.061976282,32,1,1,1500,-0.009617323
14,5/17/2012 9:00,5/17/2012 9:30,1.093656832,5283.42,5674.36,6008.4,5826.2,5786.811386,5747.422772,5708.034158,5668.645545,5629.256931,5589.868317,5550.479703,5511.091089,5471.702475,5432.313861,5392.925248,5353.536634,5314.14802,5274.759406,5235.370792,5195.982178,5156.593564,5117.20495,5077.816337,5038.427723,4999.039109,6008.4,35.514,38.1996,41.0414,38.9815,38.72527228,38.46904455,38.21281683,37.95658911,37.70036139,37.44413366,37.18790594,36.93167822,36.6754505,36.41922277,36.16299505,35.90676733,35.6505396,35.39431188,35.13808416,34.88185644,34.62562871,34.36940099,34.11317327,33.85694554,33.60071782,41.0414,0.68372,0.723288,0.76937,0.765115,0.759858119,0.754601238,0.749344356,0.744087475,0.738830594,0.733573713,0.728316832,0.72305995,0.717803069,0.712546188,0.707289307,0.702032426,0.696775545,0.691518663,0.686261782,0.681004901,0.67574802,0.670491139,0.665234257,0.659977376,0.654720495,0.76937,1.036564,1.6522,2.07148,2.2609,2.277579703,2.294259406,2.310939109,2.327618812,2.344298515,2.360978218,2.377657921,2.394337624,2.411017327,2.42769703,2.444376733,2.461056436,2.477736139,2.494415842,2.511095545,2.527775248,2.54445495,2.561134653,2.577814356,2.594494059,2.611173762,2.611173762,0.260692,0.28938,0.359894,0.379155,0.376722178,0.374289356,0.371856535,0.369423713,0.366990891,0.364558069,0.362125248,0.359692426,0.357259604,0.354826782,0.35239396,0.349961139,0.347528317,0.345095495,0.342662673,0.340229851,0.33779703,0.335364208,0.332931386,0.330498564,0.328065743,0.379155,0.682334,0.993878,1.16024,1.18485,1.181472475,1.17809495,1.174717426,1.171339901,1.167962376,1.164584851,1.161207327,1.157829802,1.154452277,1.151074752,1.147697228,1.144319703,1.140942178,1.137564653,1.134187129,1.130809604,1.127432079,1.124054554,1.12067703,1.117299505,1.11392198,1.18485,110,5/17/2012 1:48,-10,75,1500,261,1582,11653.71622,45,-51.8,1323,1473,360,1,4396000,360.5,1.42E-09,-0.061976282,32,1,1,1500,-0.009632763
14,5/17/2012 9:05,5/17/2012 9:35,1.090279307,5674.36,6008.4,5826.2,5786.811386,5747.422772,5708.034158,5668.645545,5629.256931,5589.868317,5550.479703,5511.091089,5471.702475,5432.313861,5392.925248,5353.536634,5314.14802,5274.759406,5235.370792,5195.982178,5156.593564,5117.20495,5077.816337,5038.427723,4999.039109,4959.650495,6008.4,38.1996,41.0414,38.9815,38.72527228,38.46904455,38.21281683,37.95658911,37.70036139,37.44413366,37.18790594,36.93167822,36.6754505,36.41922277,36.16299505,35.90676733,35.6505396,35.39431188,35.13808416,34.88185644,34.62562871,34.36940099,34.11317327,33.85694554,33.60071782,33.3444901,41.0414,0.723288,0.76937,0.765115,0.759858119,0.754601238,0.749344356,0.744087475,0.738830594,0.733573713,0.728316832,0.72305995,0.717803069,0.712546188,0.707289307,0.702032426,0.696775545,0.691518663,0.686261782,0.681004901,0.67574802,0.670491139,0.665234257,0.659977376,0.654720495,0.649463614,0.76937,1.6522,2.07148,2.2609,2.277579703,2.294259406,2.310939109,2.327618812,2.344298515,2.360978218,2.377657921,2.394337624,2.411017327,2.42769703,2.444376733,2.461056436,2.477736139,2.494415842,2.511095545,2.527775248,2.54445495,2.561134653,2.577814356,2.594494059,2.611173762,2.627853465,2.627853465,0.28938,0.359894,0.379155,0.376722178,0.374289356,0.371856535,0.369423713,0.366990891,0.364558069,0.362125248,0.359692426,0.357259604,0.354826782,0.35239396,0.349961139,0.347528317,0.345095495,0.342662673,0.340229851,0.33779703,0.335364208,0.332931386,0.330498564,0.328065743,0.325632921,0.379155,0.993878,1.16024,1.18485,1.181472475,1.17809495,1.174717426,1.171339901,1.167962376,1.164584851,1.161207327,1.157829802,1.154452277,1.151074752,1.147697228,1.144319703,1.140942178,1.137564653,1.134187129,1.130809604,1.127432079,1.124054554,1.12067703,1.117299505,1.11392198,1.110544455,1.18485,110,5/17/2012 1:48,-10,75,1500,261,1582,11653.71622,45,-51.8,1323,1473,360,1,4396000,360.5,1.42E-09,-0.061976282,32,1,1,1500,-0.009648253
14,5/17/2012 9:10,5/17/2012 9:40,1.086901782,6008.4,5826.2,5786.811386,5747.422772,5708.034158,5668.645545,5629.256931,5589.868317,5550.479703,5511.091089,5471.702475,5432.313861,5392.925248,5353.536634,5314.14802,5274.759406,5235.370792,5195.982178,5156.593564,5117.20495,5077.816337,5038.427723,4999.039109,4959.650495,4920.261881,6008.4,41.0414,38.9815,38.72527228,38.46904455,38.21281683,37.95658911,37.70036139,37.44413366,37.18790594,36.93167822,36.6754505,36.41922277,36.16299505,35.90676733,35.6505396,35.39431188,35.13808416,34.88185644,34.62562871,34.36940099,34.11317327,33.85694554,33.60071782,33.3444901,33.08826238,41.0414,0.76937,0.765115,0.759858119,0.754601238,0.749344356,0.744087475,0.738830594,0.733573713,0.728316832,0.72305995,0.717803069,0.712546188,0.707289307,0.702032426,0.696775545,0.691518663,0.686261782,0.681004901,0.67574802,0.670491139,0.665234257,0.659977376,0.654720495,0.649463614,0.644206733,0.76937,2.07148,2.2609,2.277579703,2.294259406,2.310939109,2.327618812,2.344298515,2.360978218,2.377657921,2.394337624,2.411017327,2.42769703,2.444376733,2.461056436,2.477736139,2.494415842,2.511095545,2.527775248,2.54445495,2.561134653,2.577814356,2.594494059,2.611173762,2.627853465,2.644533168,2.644533168,0.359894,0.379155,0.376722178,0.374289356,0.371856535,0.369423713,0.366990891,0.364558069,0.362125248,0.359692426,0.357259604,0.354826782,0.35239396,0.349961139,0.347528317,0.345095495,0.342662673,0.340229851,0.33779703,0.335364208,0.332931386,0.330498564,0.328065743,0.325632921,0.323200099,0.379155,1.16024,1.18485,1.181472475,1.17809495,1.174717426,1.171339901,1.167962376,1.164584851,1.161207327,1.157829802,1.154452277,1.151074752,1.147697228,1.144319703,1.140942178,1.137564653,1.134187129,1.130809604,1.127432079,1.124054554,1.12067703,1.117299505,1.11392198,1.110544455,1.107166931,1.18485,110,5/17/2012 1:48,-10,75,1500,261,1582,11653.71622,45,-51.8,1323,1473,360,1,4396000,360.5,1.42E-09,-0.061976282,32,1,1,1500,-0.009663793
14,5/17/2012 9:15,5/17/2012 9:45,1.083524257,5826.2,5786.811386,5747.422772,5708.034158,5668.645545,5629.256931,5589.868317,5550.479703,5511.091089,5471.702475,5432.313861,5392.925248,5353.536634,5314.14802,5274.759406,5235.370792,5195.982178,5156.593564,5117.20495,5077.816337,5038.427723,4999.039109,4959.650495,4920.261881,4880.873267,5826.2,38.9815,38.72527228,38.46904455,38.21281683,37.95658911,37.70036139,37.44413366,37.18790594,36.93167822,36.6754505,36.41922277,36.16299505,35.90676733,35.6505396,35.39431188,35.13808416,34.88185644,34.62562871,34.36940099,34.11317327,33.85694554,33.60071782,33.3444901,33.08826238,32.83203465,38.9815,0.765115,0.759858119,0.754601238,0.749344356,0.744087475,0.738830594,0.733573713,0.728316832,0.72305995,0.717803069,0.712546188,0.707289307,0.702032426,0.696775545,0.691518663,0.686261782,0.681004901,0.67574802,0.670491139,0.665234257,0.659977376,0.654720495,0.649463614,0.644206733,0.638949851,0.765115,2.2609,2.277579703,2.294259406,2.310939109,2.327618812,2.344298515,2.360978218,2.377657921,2.394337624,2.411017327,2.42769703,2.444376733,2.461056436,2.477736139,2.494415842,2.511095545,2.527775248,2.54445495,2.561134653,2.577814356,2.594494059,2.611173762,2.627853465,2.644533168,2.661212871,2.661212871,0.379155,0.376722178,0.374289356,0.371856535,0.369423713,0.366990891,0.364558069,0.362125248,0.359692426,0.357259604,0.354826782,0.35239396,0.349961139,0.347528317,0.345095495,0.342662673,0.340229851,0.33779703,0.335364208,0.332931386,0.330498564,0.328065743,0.325632921,0.323200099,0.320767277,0.379155,1.18485,1.181472475,1.17809495,1.174717426,1.171339901,1.167962376,1.164584851,1.161207327,1.157829802,1.154452277,1.151074752,1.147697228,1.144319703,1.140942178,1.137564653,1.134187129,1.130809604,1.127432079,1.124054554,1.12067703,1.117299505,1.11392198,1.110544455,1.107166931,1.103789406,1.18485,110,5/17/2012 1:48,-10,75,1500,261,1582,11653.71622,45,-51.8,1323,1473,360,1,4396000,360.5,1.42E-09,-0.061976282,32,1,1,1500,-0.009679383
14,5/17/2012 9:20,5/17/2012 9:50,1.080146733,5786.811386,5747.422772,5708.034158,5668.645545,5629.256931,5589.868317,5550.479703,5511.091089,5471.702475,5432.313861,5392.925248,5353.536634,5314.14802,5274.759406,5235.370792,5195.982178,5156.593564,5117.20495,5077.816337,5038.427723,4999.039109,4959.650495,4920.261881,4880.873267,4841.484653,5786.811386,38.72527228,38.46904455,38.21281683,37.95658911,37.70036139,37.44413366,37.18790594,36.93167822,36.6754505,36.41922277,36.16299505,35.90676733,35.6505396,35.39431188,35.13808416,34.88185644,34.62562871,34.36940099,34.11317327,33.85694554,33.60071782,33.3444901,33.08826238,32.83203465,32.57580693,38.72527228,0.759858119,0.754601238,0.749344356,0.744087475,0.738830594,0.733573713,0.728316832,0.72305995,0.717803069,0.712546188,0.707289307,0.702032426,0.696775545,0.691518663,0.686261782,0.681004901,0.67574802,0.670491139,0.665234257,0.659977376,0.654720495,0.649463614,0.644206733,0.638949851,0.63369297,0.759858119,2.277579703,2.294259406,2.310939109,2.327618812,2.344298515,2.360978218,2.377657921,2.394337624,2.411017327,2.42769703,2.444376733,2.461056436,2.477736139,2.494415842,2.511095545,2.527775248,2.54445495,2.561134653,2.577814356,2.594494059,2.611173762,2.627853465,2.644533168,2.661212871,2.677892574,2.677892574,0.376722178,0.374289356,0.371856535,0.369423713,0.366990891,0.364558069,0.362125248,0.359692426,0.357259604,0.354826782,0.35239396,0.349961139,0.347528317,0.345095495,0.342662673,0.340229851,0.33779703,0.335364208,0.332931386,0.330498564,0.328065743,0.325632921,0.323200099,0.320767277,0.318334455,0.376722178,1.181472475,1.17809495,1.174717426,1.171339901,1.167962376,1.164584851,1.161207327,1.157829802,1.154452277,1.151074752,1.147697228,1.144319703,1.140942178,1.137564653,1.134187129,1.130809604,1.127432079,1.124054554,1.12067703,1.117299505,1.11392198,1.110544455,1.107166931,1.103789406,1.100411881,1.181472475,110,5/17/2012 1:48,-10,75,1500,261,1582,11653.71622,45,-51.8,1323,1473,360,1,4396000,360.5,1.42E-09,-0.061976282,32,1,1,1500,-0.009695024
14,5/17/2012 9:25,5/17/2012 9:55,1.076769208,5747.422772,5708.034158,5668.645545,5629.256931,5589.868317,5550.479703,5511.091089,5471.702475,5432.313861,5392.925248,5353.536634,5314.14802,5274.759406,5235.370792,5195.982178,5156.593564,5117.20495,5077.816337,5038.427723,4999.039109,4959.650495,4920.261881,4880.873267,4841.484653,4802.09604,5747.422772,38.46904455,38.21281683,37.95658911,37.70036139,37.44413366,37.18790594,36.93167822,36.6754505,36.41922277,36.16299505,35.90676733,35.6505396,35.39431188,35.13808416,34.88185644,34.62562871,34.36940099,34.11317327,33.85694554,33.60071782,33.3444901,33.08826238,32.83203465,32.57580693,32.31957921,38.46904455,0.754601238,0.749344356,0.744087475,0.738830594,0.733573713,0.728316832,0.72305995,0.717803069,0.712546188,0.707289307,0.702032426,0.696775545,0.691518663,0.686261782,0.681004901,0.67574802,0.670491139,0.665234257,0.659977376,0.654720495,0.649463614,0.644206733,0.638949851,0.63369297,0.628436089,0.754601238,2.294259406,2.310939109,2.327618812,2.344298515,2.360978218,2.377657921,2.394337624,2.411017327,2.42769703,2.444376733,2.461056436,2.477736139,2.494415842,2.511095545,2.527775248,2.54445495,2.561134653,2.577814356,2.594494059,2.611173762,2.627853465,2.644533168,2.661212871,2.677892574,2.694572277,2.694572277,0.374289356,0.371856535,0.369423713,0.366990891,0.364558069,0.362125248,0.359692426,0.357259604,0.354826782,0.35239396,0.349961139,0.347528317,0.345095495,0.342662673,0.340229851,0.33779703,0.335364208,0.332931386,0.330498564,0.328065743,0.325632921,0.323200099,0.320767277,0.318334455,0.315901634,0.374289356,1.17809495,1.174717426,1.171339901,1.167962376,1.164584851,1.161207327,1.157829802,1.154452277,1.151074752,1.147697228,1.144319703,1.140942178,1.137564653,1.134187129,1.130809604,1.127432079,1.124054554,1.12067703,1.117299505,1.11392198,1.110544455,1.107166931,1.103789406,1.100411881,1.097034356,1.17809495,110,5/17/2012 1:48,-10,75,1500,261,1582,11653.71622,45,-51.8,1323,1473,360,1,4396000,360.5,1.42E-09,-0.061976282,32,1,1,1500,-0.009710715
14,5/17/2012 9:30,5/17/2012 10:00,1.073391683,5708.034158,5668.645545,5629.256931,5589.868317,5550.479703,5511.091089,5471.702475,5432.313861,5392.925248,5353.536634,5314.14802,5274.759406,5235.370792,5195.982178,5156.593564,5117.20495,5077.816337,5038.427723,4999.039109,4959.650495,4920.261881,4880.873267,4841.484653,4802.09604,4762.707426,5708.034158,38.21281683,37.95658911,37.70036139,37.44413366,37.18790594,36.93167822,36.6754505,36.41922277,36.16299505,35.90676733,35.6505396,35.39431188,35.13808416,34.88185644,34.62562871,34.36940099,34.11317327,33.85694554,33.60071782,33.3444901,33.08826238,32.83203465,32.57580693,32.31957921,32.06335149,38.21281683,0.749344356,0.744087475,0.738830594,0.733573713,0.728316832,0.72305995,0.717803069,0.712546188,0.707289307,0.702032426,0.696775545,0.691518663,0.686261782,0.681004901,0.67574802,0.670491139,0.665234257,0.659977376,0.654720495,0.649463614,0.644206733,0.638949851,0.63369297,0.628436089,0.623179208,0.749344356,2.310939109,2.327618812,2.344298515,2.360978218,2.377657921,2.394337624,2.411017327,2.42769703,2.444376733,2.461056436,2.477736139,2.494415842,2.511095545,2.527775248,2.54445495,2.561134653,2.577814356,2.594494059,2.611173762,2.627853465,2.644533168,2.661212871,2.677892574,2.694572277,2.71125198,2.71125198,0.371856535,0.369423713,0.366990891,0.364558069,0.362125248,0.359692426,0.357259604,0.354826782,0.35239396,0.349961139,0.347528317,0.345095495,0.342662673,0.340229851,0.33779703,0.335364208,0.332931386,0.330498564,0.328065743,0.325632921,0.323200099,0.320767277,0.318334455,0.315901634,0.313468812,0.371856535,1.174717426,1.171339901,1.167962376,1.164584851,1.161207327,1.157829802,1.154452277,1.151074752,1.147697228,1.144319703,1.140942178,1.137564653,1.134187129,1.130809604,1.127432079,1.124054554,1.12067703,1.117299505,1.11392198,1.110544455,1.107166931,1.103789406,1.100411881,1.097034356,1.093656832,1.174717426,110,5/17/2012 1:48,-10,75,1500,261,1582,11653.71622,45,-51.8,1323,1473,360,1,4396000,360.5,1.42E-09,-0.061976282,32,1,1,1500,-0.009726457
14,5/17/2012 9:35,5/17/2012 10:05,1.070014158,5668.645545,5629.256931,5589.868317,5550.479703,5511.091089,5471.702475,5432.313861,5392.925248,5353.536634,5314.14802,5274.759406,5235.370792,5195.982178,5156.593564,5117.20495,5077.816337,5038.427723,4999.039109,4959.650495,4920.261881,4880.873267,4841.484653,4802.09604,4762.707426,4723.318812,5668.645545,37.95658911,37.70036139,37.44413366,37.18790594,36.93167822,36.6754505,36.41922277,36.16299505,35.90676733,35.6505396,35.39431188,35.13808416,34.88185644,34.62562871,34.36940099,34.11317327,33.85694554,33.60071782,33.3444901,33.08826238,32.83203465,32.57580693,32.31957921,32.06335149,31.80712376,37.95658911,0.744087475,0.738830594,0.733573713,0.728316832,0.72305995,0.717803069,0.712546188,0.707289307,0.702032426,0.696775545,0.691518663,0.686261782,0.681004901,0.67574802,0.670491139,0.665234257,0.659977376,0.654720495,0.649463614,0.644206733,0.638949851,0.63369297,0.628436089,0.623179208,0.617922327,0.744087475,2.327618812,2.344298515,2.360978218,2.377657921,2.394337624,2.411017327,2.42769703,2.444376733,2.461056436,2.477736139,2.494415842,2.511095545,2.527775248,2.54445495,2.561134653,2.577814356,2.594494059,2.611173762,2.627853465,2.644533168,2.661212871,2.677892574,2.694572277,2.71125198,2.727931683,2.727931683,0.369423713,0.366990891,0.364558069,0.362125248,0.359692426,0.357259604,0.354826782,0.35239396,0.349961139,0.347528317,0.345095495,0.342662673,0.340229851,0.33779703,0.335364208,0.332931386,0.330498564,0.328065743,0.325632921,0.323200099,0.320767277,0.318334455,0.315901634,0.313468812,0.31103599,0.369423713,1.171339901,1.167962376,1.164584851,1.161207327,1.157829802,1.154452277,1.151074752,1.147697228,1.144319703,1.140942178,1.137564653,1.134187129,1.130809604,1.127432079,1.124054554,1.12067703,1.117299505,1.11392198,1.110544455,1.107166931,1.103789406,1.100411881,1.097034356,1.093656832,1.090279307,1.171339901,110,5/17/2012 1:48,-10,75,1500,261,1582,11653.71622,45,-51.8,1323,1473,360,1,4396000,360.5,1.42E-09,-0.061976282,32,1,1,1500,-0.00974225
14,5/17/2012 9:40,5/17/2012 10:10,1.066636634,5629.256931,5589.868317,5550.479703,5511.091089,5471.702475,5432.313861,5392.925248,5353.536634,5314.14802,5274.759406,5235.370792,5195.982178,5156.593564,5117.20495,5077.816337,5038.427723,4999.039109,4959.650495,4920.261881,4880.873267,4841.484653,4802.09604,4762.707426,4723.318812,4683.930198,5629.256931,37.70036139,37.44413366,37.18790594,36.93167822,36.6754505,36.41922277,36.16299505,35.90676733,35.6505396,35.39431188,35.13808416,34.88185644,34.62562871,34.36940099,34.11317327,33.85694554,33.60071782,33.3444901,33.08826238,32.83203465,32.57580693,32.31957921,32.06335149,31.80712376,31.55089604,37.70036139,0.738830594,0.733573713,0.728316832,0.72305995,0.717803069,0.712546188,0.707289307,0.702032426,0.696775545,0.691518663,0.686261782,0.681004901,0.67574802,0.670491139,0.665234257,0.659977376,0.654720495,0.649463614,0.644206733,0.638949851,0.63369297,0.628436089,0.623179208,0.617922327,0.612665446,0.738830594,2.344298515,2.360978218,2.377657921,2.394337624,2.411017327,2.42769703,2.444376733,2.461056436,2.477736139,2.494415842,2.511095545,2.527775248,2.54445495,2.561134653,2.577814356,2.594494059,2.611173762,2.627853465,2.644533168,2.661212871,2.677892574,2.694572277,2.71125198,2.727931683,2.744611386,2.744611386,0.366990891,0.364558069,0.362125248,0.359692426,0.357259604,0.354826782,0.35239396,0.349961139,0.347528317,0.345095495,0.342662673,0.340229851,0.33779703,0.335364208,0.332931386,0.330498564,0.328065743,0.325632921,0.323200099,0.320767277,0.318334455,0.315901634,0.313468812,0.31103599,0.308603168,0.366990891,1.167962376,1.164584851,1.161207327,1.157829802,1.154452277,1.151074752,1.147697228,1.144319703,1.140942178,1.137564653,1.134187129,1.130809604,1.127432079,1.124054554,1.12067703,1.117299505,1.11392198,1.110544455,1.107166931,1.103789406,1.100411881,1.097034356,1.093656832,1.090279307,1.086901782,1.167962376,110,5/17/2012 1:48,-10,75,1500,261,1582,11653.71622,45,-51.8,1323,1473,360,1,4396000,360.5,1.42E-09,-0.061976282,32,1,1,1500,-0.009758094
14,5/17/2012 9:45,5/17/2012 10:15,1.063259109,5589.868317,5550.479703,5511.091089,5471.702475,5432.313861,5392.925248,5353.536634,5314.14802,5274.759406,5235.370792,5195.982178,5156.593564,5117.20495,5077.816337,5038.427723,4999.039109,4959.650495,4920.261881,4880.873267,4841.484653,4802.09604,4762.707426,4723.318812,4683.930198,4644.541584,5589.868317,37.44413366,37.18790594,36.93167822,36.6754505,36.41922277,36.16299505,35.90676733,35.6505396,35.39431188,35.13808416,34.88185644,34.62562871,34.36940099,34.11317327,33.85694554,33.60071782,33.3444901,33.08826238,32.83203465,32.57580693,32.31957921,32.06335149,31.80712376,31.55089604,31.29466832,37.44413366,0.733573713,0.728316832,0.72305995,0.717803069,0.712546188,0.707289307,0.702032426,0.696775545,0.691518663,0.686261782,0.681004901,0.67574802,0.670491139,0.665234257,0.659977376,0.654720495,0.649463614,0.644206733,0.638949851,0.63369297,0.628436089,0.623179208,0.617922327,0.612665446,0.607408564,0.733573713,2.360978218,2.377657921,2.394337624,2.411017327,2.42769703,2.444376733,2.461056436,2.477736139,2.494415842,2.511095545,2.527775248,2.54445495,2.561134653,2.577814356,2.594494059,2.611173762,2.627853465,2.644533168,2.661212871,2.677892574,2.694572277,2.71125198,2.727931683,2.744611386,2.761291089,2.761291089,0.364558069,0.362125248,0.359692426,0.357259604,0.354826782,0.35239396,0.349961139,0.347528317,0.345095495,0.342662673,0.340229851,0.33779703,0.335364208,0.332931386,0.330498564,0.328065743,0.325632921,0.323200099,0.320767277,0.318334455,0.315901634,0.313468812,0.31103599,0.308603168,0.306170347,0.364558069,1.164584851,1.161207327,1.157829802,1.154452277,1.151074752,1.147697228,1.144319703,1.140942178,1.137564653,1.134187129,1.130809604,1.127432079,1.124054554,1.12067703,1.117299505,1.11392198,1.110544455,1.107166931,1.103789406,1.100411881,1.097034356,1.093656832,1.090279307,1.086901782,1.083524257,1.164584851,110,5/17/2012 1:48,-10,75,1500,261,1582,11653.71622,45,-51.8,1323,1473,360,1,4396000,360.5,1.42E-09,-0.061976282,32,1,1,1500,-0.00977399
14,5/17/2012 9:50,5/17/2012 10:20,1.059881584,5550.479703,5511.091089,5471.702475,5432.313861,5392.925248,5353.536634,5314.14802,5274.759406,5235.370792,5195.982178,5156.593564,5117.20495,5077.816337,5038.427723,4999.039109,4959.650495,4920.261881,4880.873267,4841.484653,4802.09604,4762.707426,4723.318812,4683.930198,4644.541584,4605.15297,5550.479703,37.18790594,36.93167822,36.6754505,36.41922277,36.16299505,35.90676733,35.6505396,35.39431188,35.13808416,34.88185644,34.62562871,34.36940099,34.11317327,33.85694554,33.60071782,33.3444901,33.08826238,32.83203465,32.57580693,32.31957921,32.06335149,31.80712376,31.55089604,31.29466832,31.03844059,37.18790594,0.728316832,0.72305995,0.717803069,0.712546188,0.707289307,0.702032426,0.696775545,0.691518663,0.686261782,0.681004901,0.67574802,0.670491139,0.665234257,0.659977376,0.654720495,0.649463614,0.644206733,0.638949851,0.63369297,0.628436089,0.623179208,0.617922327,0.612665446,0.607408564,0.602151683,0.728316832,2.377657921,2.394337624,2.411017327,2.42769703,2.444376733,2.461056436,2.477736139,2.494415842,2.511095545,2.527775248,2.54445495,2.561134653,2.577814356,2.594494059,2.611173762,2.627853465,2.644533168,2.661212871,2.677892574,2.694572277,2.71125198,2.727931683,2.744611386,2.761291089,2.777970792,2.777970792,0.362125248,0.359692426,0.357259604,0.354826782,0.35239396,0.349961139,0.347528317,0.345095495,0.342662673,0.340229851,0.33779703,0.335364208,0.332931386,0.330498564,0.328065743,0.325632921,0.323200099,0.320767277,0.318334455,0.315901634,0.313468812,0.31103599,0.308603168,0.306170347,0.303737525,0.362125248,1.161207327,1.157829802,1.154452277,1.151074752,1.147697228,1.144319703,1.140942178,1.137564653,1.134187129,1.130809604,1.127432079,1.124054554,1.12067703,1.117299505,1.11392198,1.110544455,1.107166931,1.103789406,1.100411881,1.097034356,1.093656832,1.090279307,1.086901782,1.083524257,1.080146733,1.161207327,110,5/17/2012 1:48,-10,75,1500,261,1582,11653.71622,45,-51.8,1323,1473,360,1,4396000,360.5,1.42E-09,-0.061976282,32,1,1,1500,-0.009789938
14,5/17/2012 9:55,5/17/2012 10:25,1.056504059,5511.091089,5471.702475,5432.313861,5392.925248,5353.536634,5314.14802,5274.759406,5235.370792,5195.982178,5156.593564,5117.20495,5077.816337,5038.427723,4999.039109,4959.650495,4920.261881,4880.873267,4841.484653,4802.09604,4762.707426,4723.318812,4683.930198,4644.541584,4605.15297,4565.764356,5511.091089,36.93167822,36.6754505,36.41922277,36.16299505,35.90676733,35.6505396,35.39431188,35.13808416,34.88185644,34.62562871,34.36940099,34.11317327,33.85694554,33.60071782,33.3444901,33.08826238,32.83203465,32.57580693,32.31957921,32.06335149,31.80712376,31.55089604,31.29466832,31.03844059,30.78221287,36.93167822,0.72305995,0.717803069,0.712546188,0.707289307,0.702032426,0.696775545,0.691518663,0.686261782,0.681004901,0.67574802,0.670491139,0.665234257,0.659977376,0.654720495,0.649463614,0.644206733,0.638949851,0.63369297,0.628436089,0.623179208,0.617922327,0.612665446,0.607408564,0.602151683,0.596894802,0.72305995,2.394337624,2.411017327,2.42769703,2.444376733,2.461056436,2.477736139,2.494415842,2.511095545,2.527775248,2.54445495,2.561134653,2.577814356,2.594494059,2.611173762,2.627853465,2.644533168,2.661212871,2.677892574,2.694572277,2.71125198,2.727931683,2.744611386,2.761291089,2.777970792,2.794650495,2.794650495,0.359692426,0.357259604,0.354826782,0.35239396,0.349961139,0.347528317,0.345095495,0.342662673,0.340229851,0.33779703,0.335364208,0.332931386,0.330498564,0.328065743,0.325632921,0.323200099,0.320767277,0.318334455,0.315901634,0.313468812,0.31103599,0.308603168,0.306170347,0.303737525,0.301304703,0.359692426,1.157829802,1.154452277,1.151074752,1.147697228,1.144319703,1.140942178,1.137564653,1.134187129,1.130809604,1.127432079,1.124054554,1.12067703,1.117299505,1.11392198,1.110544455,1.107166931,1.103789406,1.100411881,1.097034356,1.093656832,1.090279307,1.086901782,1.083524257,1.080146733,1.076769208,1.157829802,110,5/17/2012 1:48,-10,75,1500,261,1582,11653.71622,45,-51.8,1323,1473,360,1,4396000,360.5,1.42E-09,-0.061976282,32,1,1,1500,-0.009805938
14,5/17/2012 10:00,5/17/2012 10:30,1.053126535,5471.702475,5432.313861,5392.925248,5353.536634,5314.14802,5274.759406,5235.370792,5195.982178,5156.593564,5117.20495,5077.816337,5038.427723,4999.039109,4959.650495,4920.261881,4880.873267,4841.484653,4802.09604,4762.707426,4723.318812,4683.930198,4644.541584,4605.15297,4565.764356,4526.375743,5471.702475,36.6754505,36.41922277,36.16299505,35.90676733,35.6505396,35.39431188,35.13808416,34.88185644,34.62562871,34.36940099,34.11317327,33.85694554,33.60071782,33.3444901,33.08826238,32.83203465,32.57580693,32.31957921,32.06335149,31.80712376,31.55089604,31.29466832,31.03844059,30.78221287,30.52598515,36.6754505,0.717803069,0.712546188,0.707289307,0.702032426,0.696775545,0.691518663,0.686261782,0.681004901,0.67574802,0.670491139,0.665234257,0.659977376,0.654720495,0.649463614,0.644206733,0.638949851,0.63369297,0.628436089,0.623179208,0.617922327,0.612665446,0.607408564,0.602151683,0.596894802,0.591637921,0.717803069,2.411017327,2.42769703,2.444376733,2.461056436,2.477736139,2.494415842,2.511095545,2.527775248,2.54445495,2.561134653,2.577814356,2.594494059,2.611173762,2.627853465,2.644533168,2.661212871,2.677892574,2.694572277,2.71125198,2.727931683,2.744611386,2.761291089,2.777970792,2.794650495,2.811330198,2.811330198,0.357259604,0.354826782,0.35239396,0.349961139,0.347528317,0.345095495,0.342662673,0.340229851,0.33779703,0.335364208,0.332931386,0.330498564,0.328065743,0.325632921,0.323200099,0.320767277,0.318334455,0.315901634,0.313468812,0.31103599,0.308603168,0.306170347,0.303737525,0.301304703,0.298871881,0.357259604,1.154452277,1.151074752,1.147697228,1.144319703,1.140942178,1.137564653,1.134187129,1.130809604,1.127432079,1.124054554,1.12067703,1.117299505,1.11392198,1.110544455,1.107166931,1.103789406,1.100411881,1.097034356,1.093656832,1.090279307,1.086901782,1.083524257,1.080146733,1.076769208,1.073391683,1.154452277,110,5/17/2012 1:48,-10,75,1500,261,1582,11653.71622,45,-51.8,1323,1473,360,1,4396000,360.5,1.42E-09,-0.061976282,32,1,1,1500,-0.009821991
14,5/17/2012 10:05,5/17/2012 10:35,1.04974901,5432.313861,5392.925248,5353.536634,5314.14802,5274.759406,5235.370792,5195.982178,5156.593564,5117.20495,5077.816337,5038.427723,4999.039109,4959.650495,4920.261881,4880.873267,4841.484653,4802.09604,4762.707426,4723.318812,4683.930198,4644.541584,4605.15297,4565.764356,4526.375743,4486.987129,5432.313861,36.41922277,36.16299505,35.90676733,35.6505396,35.39431188,35.13808416,34.88185644,34.62562871,34.36940099,34.11317327,33.85694554,33.60071782,33.3444901,33.08826238,32.83203465,32.57580693,32.31957921,32.06335149,31.80712376,31.55089604,31.29466832,31.03844059,30.78221287,30.52598515,30.26975743,36.41922277,0.712546188,0.707289307,0.702032426,0.696775545,0.691518663,0.686261782,0.681004901,0.67574802,0.670491139,0.665234257,0.659977376,0.654720495,0.649463614,0.644206733,0.638949851,0.63369297,0.628436089,0.623179208,0.617922327,0.612665446,0.607408564,0.602151683,0.596894802,0.591637921,0.58638104,0.712546188,2.42769703,2.444376733,2.461056436,2.477736139,2.494415842,2.511095545,2.527775248,2.54445495,2.561134653,2.577814356,2.594494059,2.611173762,2.627853465,2.644533168,2.661212871,2.677892574,2.694572277,2.71125198,2.727931683,2.744611386,2.761291089,2.777970792,2.794650495,2.811330198,2.828009901,2.828009901,0.354826782,0.35239396,0.349961139,0.347528317,0.345095495,0.342662673,0.340229851,0.33779703,0.335364208,0.332931386,0.330498564,0.328065743,0.325632921,0.323200099,0.320767277,0.318334455,0.315901634,0.313468812,0.31103599,0.308603168,0.306170347,0.303737525,0.301304703,0.298871881,0.296439059,0.354826782,1.151074752,1.147697228,1.144319703,1.140942178,1.137564653,1.134187129,1.130809604,1.127432079,1.124054554,1.12067703,1.117299505,1.11392198,1.110544455,1.107166931,1.103789406,1.100411881,1.097034356,1.093656832,1.090279307,1.086901782,1.083524257,1.080146733,1.076769208,1.073391683,1.070014158,1.151074752,110,5/17/2012 1:48,-10,75,1500,261,1582,11653.71622,45,-51.8,1323,1473,360,1,4396000,360.5,1.42E-09,-0.061976282,32,1,1,1500,-0.009838096
14,5/17/2012 10:10,5/17/2012 10:40,1.046371485,5392.925248,5353.536634,5314.14802,5274.759406,5235.370792,5195.982178,5156.593564,5117.20495,5077.816337,5038.427723,4999.039109,4959.650495,4920.261881,4880.873267,4841.484653,4802.09604,4762.707426,4723.318812,4683.930198,4644.541584,4605.15297,4565.764356,4526.375743,4486.987129,4447.598515,5392.925248,36.16299505,35.90676733,35.6505396,35.39431188,35.13808416,34.88185644,34.62562871,34.36940099,34.11317327,33.85694554,33.60071782,33.3444901,33.08826238,32.83203465,32.57580693,32.31957921,32.06335149,31.80712376,31.55089604,31.29466832,31.03844059,30.78221287,30.52598515,30.26975743,30.0135297,36.16299505,0.707289307,0.702032426,0.696775545,0.691518663,0.686261782,0.681004901,0.67574802,0.670491139,0.665234257,0.659977376,0.654720495,0.649463614,0.644206733,0.638949851,0.63369297,0.628436089,0.623179208,0.617922327,0.612665446,0.607408564,0.602151683,0.596894802,0.591637921,0.58638104,0.581124158,0.707289307,2.444376733,2.461056436,2.477736139,2.494415842,2.511095545,2.527775248,2.54445495,2.561134653,2.577814356,2.594494059,2.611173762,2.627853465,2.644533168,2.661212871,2.677892574,2.694572277,2.71125198,2.727931683,2.744611386,2.761291089,2.777970792,2.794650495,2.811330198,2.828009901,2.844689604,2.844689604,0.35239396,0.349961139,0.347528317,0.345095495,0.342662673,0.340229851,0.33779703,0.335364208,0.332931386,0.330498564,0.328065743,0.325632921,0.323200099,0.320767277,0.318334455,0.315901634,0.313468812,0.31103599,0.308603168,0.306170347,0.303737525,0.301304703,0.298871881,0.296439059,0.294006238,0.35239396,1.147697228,1.144319703,1.140942178,1.137564653,1.134187129,1.130809604,1.127432079,1.124054554,1.12067703,1.117299505,1.11392198,1.110544455,1.107166931,1.103789406,1.100411881,1.097034356,1.093656832,1.090279307,1.086901782,1.083524257,1.080146733,1.076769208,1.073391683,1.070014158,1.066636634,1.147697228,110,5/17/2012 1:48,-10,75,1500,261,1582,11653.71622,45,-51.8,1323,1473,360,1,4396000,360.5,1.42E-09,-0.061976282,32,1,1,1500,-0.009854254
14,5/17/2012 10:15,5/17/2012 10:45,1.04299396,5353.536634,5314.14802,5274.759406,5235.370792,5195.982178,5156.593564,5117.20495,5077.816337,5038.427723,4999.039109,4959.650495,4920.261881,4880.873267,4841.484653,4802.09604,4762.707426,4723.318812,4683.930198,4644.541584,4605.15297,4565.764356,4526.375743,4486.987129,4447.598515,4408.209901,5353.536634,35.90676733,35.6505396,35.39431188,35.13808416,34.88185644,34.62562871,34.36940099,34.11317327,33.85694554,33.60071782,33.3444901,33.08826238,32.83203465,32.57580693,32.31957921,32.06335149,31.80712376,31.55089604,31.29466832,31.03844059,30.78221287,30.52598515,30.26975743,30.0135297,29.75730198,35.90676733,0.702032426,0.696775545,0.691518663,0.686261782,0.681004901,0.67574802,0.670491139,0.665234257,0.659977376,0.654720495,0.649463614,0.644206733,0.638949851,0.63369297,0.628436089,0.623179208,0.617922327,0.612665446,0.607408564,0.602151683,0.596894802,0.591637921,0.58638104,0.581124158,0.575867277,0.702032426,2.461056436,2.477736139,2.494415842,2.511095545,2.527775248,2.54445495,2.561134653,2.577814356,2.594494059,2.611173762,2.627853465,2.644533168,2.661212871,2.677892574,2.694572277,2.71125198,2.727931683,2.744611386,2.761291089,2.777970792,2.794650495,2.811330198,2.828009901,2.844689604,2.861369307,2.861369307,0.349961139,0.347528317,0.345095495,0.342662673,0.340229851,0.33779703,0.335364208,0.332931386,0.330498564,0.328065743,0.325632921,0.323200099,0.320767277,0.318334455,0.315901634,0.313468812,0.31103599,0.308603168,0.306170347,0.303737525,0.301304703,0.298871881,0.296439059,0.294006238,0.291573416,0.349961139,1.144319703,1.140942178,1.137564653,1.134187129,1.130809604,1.127432079,1.124054554,1.12067703,1.117299505,1.11392198,1.110544455,1.107166931,1.103789406,1.100411881,1.097034356,1.093656832,1.090279307,1.086901782,1.083524257,1.080146733,1.076769208,1.073391683,1.070014158,1.066636634,1.063259109,1.144319703,110,5/17/2012 1:48,-10,75,1500,261,1582,11653.71622,45,-51.8,1323,1473,360,1,4396000,360.5,1.42E-09,-0.061976282,32,1,1,1500,-0.009870465
14,5/17/2012 10:20,5/17/2012 10:50,1.039616436,5314.14802,5274.759406,5235.370792,5195.982178,5156.593564,5117.20495,5077.816337,5038.427723,4999.039109,4959.650495,4920.261881,4880.873267,4841.484653,4802.09604,4762.707426,4723.318812,4683.930198,4644.541584,4605.15297,4565.764356,4526.375743,4486.987129,4447.598515,4408.209901,4368.821287,5314.14802,35.6505396,35.39431188,35.13808416,34.88185644,34.62562871,34.36940099,34.11317327,33.85694554,33.60071782,33.3444901,33.08826238,32.83203465,32.57580693,32.31957921,32.06335149,31.80712376,31.55089604,31.29466832,31.03844059,30.78221287,30.52598515,30.26975743,30.0135297,29.75730198,29.50107426,35.6505396,0.696775545,0.691518663,0.686261782,0.681004901,0.67574802,0.670491139,0.665234257,0.659977376,0.654720495,0.649463614,0.644206733,0.638949851,0.63369297,0.628436089,0.623179208,0.617922327,0.612665446,0.607408564,0.602151683,0.596894802,0.591637921,0.58638104,0.581124158,0.575867277,0.570610396,0.696775545,2.477736139,2.494415842,2.511095545,2.527775248,2.54445495,2.561134653,2.577814356,2.594494059,2.611173762,2.627853465,2.644533168,2.661212871,2.677892574,2.694572277,2.71125198,2.727931683,2.744611386,2.761291089,2.777970792,2.794650495,2.811330198,2.828009901,2.844689604,2.861369307,2.87804901,2.87804901,0.347528317,0.345095495,0.342662673,0.340229851,0.33779703,0.335364208,0.332931386,0.330498564,0.328065743,0.325632921,0.323200099,0.320767277,0.318334455,0.315901634,0.313468812,0.31103599,0.308603168,0.306170347,0.303737525,0.301304703,0.298871881,0.296439059,0.294006238,0.291573416,0.289140594,0.347528317,1.140942178,1.137564653,1.134187129,1.130809604,1.127432079,1.124054554,1.12067703,1.117299505,1.11392198,1.110544455,1.107166931,1.103789406,1.100411881,1.097034356,1.093656832,1.090279307,1.086901782,1.083524257,1.080146733,1.076769208,1.073391683,1.070014158,1.066636634,1.063259109,1.059881584,1.140942178,110,5/17/2012 1:48,-10,75,1500,261,1582,11653.71622,45,-51.8,1323,1473,360,1,4396000,360.5,1.42E-09,-0.061976282,32,1,1,1500,-0.009886729
14,5/17/2012 10:25,5/17/2012 10:55,1.036238911,5274.759406,5235.370792,5195.982178,5156.593564,5117.20495,5077.816337,5038.427723,4999.039109,4959.650495,4920.261881,4880.873267,4841.484653,4802.09604,4762.707426,4723.318812,4683.930198,4644.541584,4605.15297,4565.764356,4526.375743,4486.987129,4447.598515,4408.209901,4368.821287,4329.432673,5274.759406,35.39431188,35.13808416,34.88185644,34.62562871,34.36940099,34.11317327,33.85694554,33.60071782,33.3444901,33.08826238,32.83203465,32.57580693,32.31957921,32.06335149,31.80712376,31.55089604,31.29466832,31.03844059,30.78221287,30.52598515,30.26975743,30.0135297,29.75730198,29.50107426,29.24484653,35.39431188,0.691518663,0.686261782,0.681004901,0.67574802,0.670491139,0.665234257,0.659977376,0.654720495,0.649463614,0.644206733,0.638949851,0.63369297,0.628436089,0.623179208,0.617922327,0.612665446,0.607408564,0.602151683,0.596894802,0.591637921,0.58638104,0.581124158,0.575867277,0.570610396,0.565353515,0.691518663,2.494415842,2.511095545,2.527775248,2.54445495,2.561134653,2.577814356,2.594494059,2.611173762,2.627853465,2.644533168,2.661212871,2.677892574,2.694572277,2.71125198,2.727931683,2.744611386,2.761291089,2.777970792,2.794650495,2.811330198,2.828009901,2.844689604,2.861369307,2.87804901,2.894728713,2.894728713,0.345095495,0.342662673,0.340229851,0.33779703,0.335364208,0.332931386,0.330498564,0.328065743,0.325632921,0.323200099,0.320767277,0.318334455,0.315901634,0.313468812,0.31103599,0.308603168,0.306170347,0.303737525,0.301304703,0.298871881,0.296439059,0.294006238,0.291573416,0.289140594,0.286707772,0.345095495,1.137564653,1.134187129,1.130809604,1.127432079,1.124054554,1.12067703,1.117299505,1.11392198,1.110544455,1.107166931,1.103789406,1.100411881,1.097034356,1.093656832,1.090279307,1.086901782,1.083524257,1.080146733,1.076769208,1.073391683,1.070014158,1.066636634,1.063259109,1.059881584,1.056504059,1.137564653,110,5/17/2012 1:48,-10,75,1500,261,1582,11653.71622,45,-51.8,1323,1473,360,1,4396000,360.5,1.42E-09,-0.061976282,32,1,1,1500,-0.009903048
14,5/17/2012 10:30,5/17/2012 11:00,1.032861386,5235.370792,5195.982178,5156.593564,5117.20495,5077.816337,5038.427723,4999.039109,4959.650495,4920.261881,4880.873267,4841.484653,4802.09604,4762.707426,4723.318812,4683.930198,4644.541584,4605.15297,4565.764356,4526.375743,4486.987129,4447.598515,4408.209901,4368.821287,4329.432673,4290.044059,5235.370792,35.13808416,34.88185644,34.62562871,34.36940099,34.11317327,33.85694554,33.60071782,33.3444901,33.08826238,32.83203465,32.57580693,32.31957921,32.06335149,31.80712376,31.55089604,31.29466832,31.03844059,30.78221287,30.52598515,30.26975743,30.0135297,29.75730198,29.50107426,29.24484653,28.98861881,35.13808416,0.686261782,0.681004901,0.67574802,0.670491139,0.665234257,0.659977376,0.654720495,0.649463614,0.644206733,0.638949851,0.63369297,0.628436089,0.623179208,0.617922327,0.612665446,0.607408564,0.602151683,0.596894802,0.591637921,0.58638104,0.581124158,0.575867277,0.570610396,0.565353515,0.560096634,0.686261782,2.511095545,2.527775248,2.54445495,2.561134653,2.577814356,2.594494059,2.611173762,2.627853465,2.644533168,2.661212871,2.677892574,2.694572277,2.71125198,2.727931683,2.744611386,2.761291089,2.777970792,2.794650495,2.811330198,2.828009901,2.844689604,2.861369307,2.87804901,2.894728713,2.911408416,2.911408416,0.342662673,0.340229851,0.33779703,0.335364208,0.332931386,0.330498564,0.328065743,0.325632921,0.323200099,0.320767277,0.318334455,0.315901634,0.313468812,0.31103599,0.308603168,0.306170347,0.303737525,0.301304703,0.298871881,0.296439059,0.294006238,0.291573416,0.289140594,0.286707772,0.28427495,0.342662673,1.134187129,1.130809604,1.127432079,1.124054554,1.12067703,1.117299505,1.11392198,1.110544455,1.107166931,1.103789406,1.100411881,1.097034356,1.093656832,1.090279307,1.086901782,1.083524257,1.080146733,1.076769208,1.073391683,1.070014158,1.066636634,1.063259109,1.059881584,1.056504059,1.053126535,1.134187129,110,5/17/2012 1:48,-10,75,1500,261,1582,11653.71622,45,-51.8,1323,1473,360,1,4396000,360.5,1.42E-09,-0.061976282,32,1,1,1500,-0.00991942
14,5/17/2012 10:35,5/17/2012 11:05,1.029483861,5195.982178,5156.593564,5117.20495,5077.816337,5038.427723,4999.039109,4959.650495,4920.261881,4880.873267,4841.484653,4802.09604,4762.707426,4723.318812,4683.930198,4644.541584,4605.15297,4565.764356,4526.375743,4486.987129,4447.598515,4408.209901,4368.821287,4329.432673,4290.044059,4250.655446,5195.982178,34.88185644,34.62562871,34.36940099,34.11317327,33.85694554,33.60071782,33.3444901,33.08826238,32.83203465,32.57580693,32.31957921,32.06335149,31.80712376,31.55089604,31.29466832,31.03844059,30.78221287,30.52598515,30.26975743,30.0135297,29.75730198,29.50107426,29.24484653,28.98861881,28.73239109,34.88185644,0.681004901,0.67574802,0.670491139,0.665234257,0.659977376,0.654720495,0.649463614,0.644206733,0.638949851,0.63369297,0.628436089,0.623179208,0.617922327,0.612665446,0.607408564,0.602151683,0.596894802,0.591637921,0.58638104,0.581124158,0.575867277,0.570610396,0.565353515,0.560096634,0.554839752,0.681004901,2.527775248,2.54445495,2.561134653,2.577814356,2.594494059,2.611173762,2.627853465,2.644533168,2.661212871,2.677892574,2.694572277,2.71125198,2.727931683,2.744611386,2.761291089,2.777970792,2.794650495,2.811330198,2.828009901,2.844689604,2.861369307,2.87804901,2.894728713,2.911408416,2.928088119,2.928088119,0.340229851,0.33779703,0.335364208,0.332931386,0.330498564,0.328065743,0.325632921,0.323200099,0.320767277,0.318334455,0.315901634,0.313468812,0.31103599,0.308603168,0.306170347,0.303737525,0.301304703,0.298871881,0.296439059,0.294006238,0.291573416,0.289140594,0.286707772,0.28427495,0.281842129,0.340229851,1.130809604,1.127432079,1.124054554,1.12067703,1.117299505,1.11392198,1.110544455,1.107166931,1.103789406,1.100411881,1.097034356,1.093656832,1.090279307,1.086901782,1.083524257,1.080146733,1.076769208,1.073391683,1.070014158,1.066636634,1.063259109,1.059881584,1.056504059,1.053126535,1.04974901,1.130809604,110,5/17/2012 1:48,-10,75,1500,261,1582,11653.71622,45,-51.8,1323,1473,360,1,4396000,360.5,1.42E-09,-0.061976282,32,1,1,1500,-0.009935846
14,5/17/2012 10:40,5/17/2012 11:10,1.026106337,5156.593564,5117.20495,5077.816337,5038.427723,4999.039109,4959.650495,4920.261881,4880.873267,4841.484653,4802.09604,4762.707426,4723.318812,4683.930198,4644.541584,4605.15297,4565.764356,4526.375743,4486.987129,4447.598515,4408.209901,4368.821287,4329.432673,4290.044059,4250.655446,4211.266832,5156.593564,34.62562871,34.36940099,34.11317327,33.85694554,33.60071782,33.3444901,33.08826238,32.83203465,32.57580693,32.31957921,32.06335149,31.80712376,31.55089604,31.29466832,31.03844059,30.78221287,30.52598515,30.26975743,30.0135297,29.75730198,29.50107426,29.24484653,28.98861881,28.73239109,28.47616337,34.62562871,0.67574802,0.670491139,0.665234257,0.659977376,0.654720495,0.649463614,0.644206733,0.638949851,0.63369297,0.628436089,0.623179208,0.617922327,0.612665446,0.607408564,0.602151683,0.596894802,0.591637921,0.58638104,0.581124158,0.575867277,0.570610396,0.565353515,0.560096634,0.554839752,0.549582871,0.67574802,2.54445495,2.561134653,2.577814356,2.594494059,2.611173762,2.627853465,2.644533168,2.661212871,2.677892574,2.694572277,2.71125198,2.727931683,2.744611386,2.761291089,2.777970792,2.794650495,2.811330198,2.828009901,2.844689604,2.861369307,2.87804901,2.894728713,2.911408416,2.928088119,2.944767822,2.944767822,0.33779703,0.335364208,0.332931386,0.330498564,0.328065743,0.325632921,0.323200099,0.320767277,0.318334455,0.315901634,0.313468812,0.31103599,0.308603168,0.306170347,0.303737525,0.301304703,0.298871881,0.296439059,0.294006238,0.291573416,0.289140594,0.286707772,0.28427495,0.281842129,0.279409307,0.33779703,1.127432079,1.124054554,1.12067703,1.117299505,1.11392198,1.110544455,1.107166931,1.103789406,1.100411881,1.097034356,1.093656832,1.090279307,1.086901782,1.083524257,1.080146733,1.076769208,1.073391683,1.070014158,1.066636634,1.063259109,1.059881584,1.056504059,1.053126535,1.04974901,1.046371485,1.127432079,110,5/17/2012 1:48,-10,75,1500,261,1582,11653.71622,45,-51.8,1323,1473,360,1,4396000,360.5,1.42E-09,-0.061976282,32,1,1,1500,-0.009952327
14,5/17/2012 10:45,5/17/2012 11:15,1.022728812,5117.20495,5077.816337,5038.427723,4999.039109,4959.650495,4920.261881,4880.873267,4841.484653,4802.09604,4762.707426,4723.318812,4683.930198,4644.541584,4605.15297,4565.764356,4526.375743,4486.987129,4447.598515,4408.209901,4368.821287,4329.432673,4290.044059,4250.655446,4211.266832,4171.878218,5117.20495,34.36940099,34.11317327,33.85694554,33.60071782,33.3444901,33.08826238,32.83203465,32.57580693,32.31957921,32.06335149,31.80712376,31.55089604,31.29466832,31.03844059,30.78221287,30.52598515,30.26975743,30.0135297,29.75730198,29.50107426,29.24484653,28.98861881,28.73239109,28.47616337,28.21993564,34.36940099,0.670491139,0.665234257,0.659977376,0.654720495,0.649463614,0.644206733,0.638949851,0.63369297,0.628436089,0.623179208,0.617922327,0.612665446,0.607408564,0.602151683,0.596894802,0.591637921,0.58638104,0.581124158,0.575867277,0.570610396,0.565353515,0.560096634,0.554839752,0.549582871,0.54432599,0.670491139,2.561134653,2.577814356,2.594494059,2.611173762,2.627853465,2.644533168,2.661212871,2.677892574,2.694572277,2.71125198,2.727931683,2.744611386,2.761291089,2.777970792,2.794650495,2.811330198,2.828009901,2.844689604,2.861369307,2.87804901,2.894728713,2.911408416,2.928088119,2.944767822,2.961447525,2.961447525,0.335364208,0.332931386,0.330498564,0.328065743,0.325632921,0.323200099,0.320767277,0.318334455,0.315901634,0.313468812,0.31103599,0.308603168,0.306170347,0.303737525,0.301304703,0.298871881,0.296439059,0.294006238,0.291573416,0.289140594,0.286707772,0.28427495,0.281842129,0.279409307,0.276976485,0.335364208,1.124054554,1.12067703,1.117299505,1.11392198,1.110544455,1.107166931,1.103789406,1.100411881,1.097034356,1.093656832,1.090279307,1.086901782,1.083524257,1.080146733,1.076769208,1.073391683,1.070014158,1.066636634,1.063259109,1.059881584,1.056504059,1.053126535,1.04974901,1.046371485,1.04299396,1.124054554,110,5/17/2012 1:48,-10,75,1500,261,1582,11653.71622,45,-51.8,1323,1473,360,1,4396000,360.5,1.42E-09,-0.061976282,32,1,1,1500,-0.009968863
14,5/17/2012 10:50,5/17/2012 11:20,1.019351287,5077.816337,5038.427723,4999.039109,4959.650495,4920.261881,4880.873267,4841.484653,4802.09604,4762.707426,4723.318812,4683.930198,4644.541584,4605.15297,4565.764356,4526.375743,4486.987129,4447.598515,4408.209901,4368.821287,4329.432673,4290.044059,4250.655446,4211.266832,4171.878218,4132.489604,5077.816337,34.11317327,33.85694554,33.60071782,33.3444901,33.08826238,32.83203465,32.57580693,32.31957921,32.06335149,31.80712376,31.55089604,31.29466832,31.03844059,30.78221287,30.52598515,30.26975743,30.0135297,29.75730198,29.50107426,29.24484653,28.98861881,28.73239109,28.47616337,28.21993564,27.96370792,34.11317327,0.665234257,0.659977376,0.654720495,0.649463614,0.644206733,0.638949851,0.63369297,0.628436089,0.623179208,0.617922327,0.612665446,0.607408564,0.602151683,0.596894802,0.591637921,0.58638104,0.581124158,0.575867277,0.570610396,0.565353515,0.560096634,0.554839752,0.549582871,0.54432599,0.539069109,0.665234257,2.577814356,2.594494059,2.611173762,2.627853465,2.644533168,2.661212871,2.677892574,2.694572277,2.71125198,2.727931683,2.744611386,2.761291089,2.777970792,2.794650495,2.811330198,2.828009901,2.844689604,2.861369307,2.87804901,2.894728713,2.911408416,2.928088119,2.944767822,2.961447525,2.978127228,2.978127228,0.332931386,0.330498564,0.328065743,0.325632921,0.323200099,0.320767277,0.318334455,0.315901634,0.313468812,0.31103599,0.308603168,0.306170347,0.303737525,0.301304703,0.298871881,0.296439059,0.294006238,0.291573416,0.289140594,0.286707772,0.28427495,0.281842129,0.279409307,0.276976485,0.274543663,0.332931386,1.12067703,1.117299505,1.11392198,1.110544455,1.107166931,1.103789406,1.100411881,1.097034356,1.093656832,1.090279307,1.086901782,1.083524257,1.080146733,1.076769208,1.073391683,1.070014158,1.066636634,1.063259109,1.059881584,1.056504059,1.053126535,1.04974901,1.046371485,1.04299396,1.039616436,1.12067703,110,5/17/2012 1:48,-10,75,1500,261,1582,11653.71622,45,-51.8,1323,1473,360,1,4396000,360.5,1.42E-09,-0.061976282,32,0,0,1500,-0.009985454
14,5/17/2012 10:55,5/17/2012 11:25,1.015973762,5038.427723,4999.039109,4959.650495,4920.261881,4880.873267,4841.484653,4802.09604,4762.707426,4723.318812,4683.930198,4644.541584,4605.15297,4565.764356,4526.375743,4486.987129,4447.598515,4408.209901,4368.821287,4329.432673,4290.044059,4250.655446,4211.266832,4171.878218,4132.489604,4093.10099,5038.427723,33.85694554,33.60071782,33.3444901,33.08826238,32.83203465,32.57580693,32.31957921,32.06335149,31.80712376,31.55089604,31.29466832,31.03844059,30.78221287,30.52598515,30.26975743,30.0135297,29.75730198,29.50107426,29.24484653,28.98861881,28.73239109,28.47616337,28.21993564,27.96370792,27.7074802,33.85694554,0.659977376,0.654720495,0.649463614,0.644206733,0.638949851,0.63369297,0.628436089,0.623179208,0.617922327,0.612665446,0.607408564,0.602151683,0.596894802,0.591637921,0.58638104,0.581124158,0.575867277,0.570610396,0.565353515,0.560096634,0.554839752,0.549582871,0.54432599,0.539069109,0.533812228,0.659977376,2.594494059,2.611173762,2.627853465,2.644533168,2.661212871,2.677892574,2.694572277,2.71125198,2.727931683,2.744611386,2.761291089,2.777970792,2.794650495,2.811330198,2.828009901,2.844689604,2.861369307,2.87804901,2.894728713,2.911408416,2.928088119,2.944767822,2.961447525,2.978127228,2.994806931,2.994806931,0.330498564,0.328065743,0.325632921,0.323200099,0.320767277,0.318334455,0.315901634,0.313468812,0.31103599,0.308603168,0.306170347,0.303737525,0.301304703,0.298871881,0.296439059,0.294006238,0.291573416,0.289140594,0.286707772,0.28427495,0.281842129,0.279409307,0.276976485,0.274543663,0.272110842,0.330498564,1.117299505,1.11392198,1.110544455,1.107166931,1.103789406,1.100411881,1.097034356,1.093656832,1.090279307,1.086901782,1.083524257,1.080146733,1.076769208,1.073391683,1.070014158,1.066636634,1.063259109,1.059881584,1.056504059,1.053126535,1.04974901,1.046371485,1.04299396,1.039616436,1.036238911,1.117299505,110,5/17/2012 1:48,-10,75,1500,261,1582,11653.71622,45,-51.8,1323,1473,360,1,4396000,360.5,1.42E-09,-0.061976282,32,0,0,1500,-0.0100021
14,5/17/2012 11:00,5/17/2012 11:30,1.012596238,4999.039109,4959.650495,4920.261881,4880.873267,4841.484653,4802.09604,4762.707426,4723.318812,4683.930198,4644.541584,4605.15297,4565.764356,4526.375743,4486.987129,4447.598515,4408.209901,4368.821287,4329.432673,4290.044059,4250.655446,4211.266832,4171.878218,4132.489604,4093.10099,4053.712376,4999.039109,33.60071782,33.3444901,33.08826238,32.83203465,32.57580693,32.31957921,32.06335149,31.80712376,31.55089604,31.29466832,31.03844059,30.78221287,30.52598515,30.26975743,30.0135297,29.75730198,29.50107426,29.24484653,28.98861881,28.73239109,28.47616337,28.21993564,27.96370792,27.7074802,27.45125248,33.60071782,0.654720495,0.649463614,0.644206733,0.638949851,0.63369297,0.628436089,0.623179208,0.617922327,0.612665446,0.607408564,0.602151683,0.596894802,0.591637921,0.58638104,0.581124158,0.575867277,0.570610396,0.565353515,0.560096634,0.554839752,0.549582871,0.54432599,0.539069109,0.533812228,0.528555347,0.654720495,2.611173762,2.627853465,2.644533168,2.661212871,2.677892574,2.694572277,2.71125198,2.727931683,2.744611386,2.761291089,2.777970792,2.794650495,2.811330198,2.828009901,2.844689604,2.861369307,2.87804901,2.894728713,2.911408416,2.928088119,2.944767822,2.961447525,2.978127228,2.994806931,3.011486634,3.011486634,0.328065743,0.325632921,0.323200099,0.320767277,0.318334455,0.315901634,0.313468812,0.31103599,0.308603168,0.306170347,0.303737525,0.301304703,0.298871881,0.296439059,0.294006238,0.291573416,0.289140594,0.286707772,0.28427495,0.281842129,0.279409307,0.276976485,0.274543663,0.272110842,0.26967802,0.328065743,1.11392198,1.110544455,1.107166931,1.103789406,1.100411881,1.097034356,1.093656832,1.090279307,1.086901782,1.083524257,1.080146733,1.076769208,1.073391683,1.070014158,1.066636634,1.063259109,1.059881584,1.056504059,1.053126535,1.04974901,1.046371485,1.04299396,1.039616436,1.036238911,1.032861386,1.11392198,110,5/17/2012 1:48,-10,75,1500,261,1582,11653.71622,45,-51.8,1323,1473,360,1,4396000,360.5,1.42E-09,-0.061976282,32,0,0,1500,-0.010018801
14,5/17/2012 11:05,5/17/2012 11:35,1.009218713,4959.650495,4920.261881,4880.873267,4841.484653,4802.09604,4762.707426,4723.318812,4683.930198,4644.541584,4605.15297,4565.764356,4526.375743,4486.987129,4447.598515,4408.209901,4368.821287,4329.432673,4290.044059,4250.655446,4211.266832,4171.878218,4132.489604,4093.10099,4053.712376,4014.323762,4959.650495,33.3444901,33.08826238,32.83203465,32.57580693,32.31957921,32.06335149,31.80712376,31.55089604,31.29466832,31.03844059,30.78221287,30.52598515,30.26975743,30.0135297,29.75730198,29.50107426,29.24484653,28.98861881,28.73239109,28.47616337,28.21993564,27.96370792,27.7074802,27.45125248,27.19502475,33.3444901,0.649463614,0.644206733,0.638949851,0.63369297,0.628436089,0.623179208,0.617922327,0.612665446,0.607408564,0.602151683,0.596894802,0.591637921,0.58638104,0.581124158,0.575867277,0.570610396,0.565353515,0.560096634,0.554839752,0.549582871,0.54432599,0.539069109,0.533812228,0.528555347,0.523298465,0.649463614,2.627853465,2.644533168,2.661212871,2.677892574,2.694572277,2.71125198,2.727931683,2.744611386,2.761291089,2.777970792,2.794650495,2.811330198,2.828009901,2.844689604,2.861369307,2.87804901,2.894728713,2.911408416,2.928088119,2.944767822,2.961447525,2.978127228,2.994806931,3.011486634,3.028166337,3.028166337,0.325632921,0.323200099,0.320767277,0.318334455,0.315901634,0.313468812,0.31103599,0.308603168,0.306170347,0.303737525,0.301304703,0.298871881,0.296439059,0.294006238,0.291573416,0.289140594,0.286707772,0.28427495,0.281842129,0.279409307,0.276976485,0.274543663,0.272110842,0.26967802,0.267245198,0.325632921,1.110544455,1.107166931,1.103789406,1.100411881,1.097034356,1.093656832,1.090279307,1.086901782,1.083524257,1.080146733,1.076769208,1.073391683,1.070014158,1.066636634,1.063259109,1.059881584,1.056504059,1.053126535,1.04974901,1.046371485,1.04299396,1.039616436,1.036238911,1.032861386,1.029483861,1.110544455,110,5/17/2012 1:48,-10,75,1500,261,1582,11653.71622,45,-51.8,1323,1473,360,1,4396000,360.5,1.42E-09,-0.061976282,32,0,0,1500,-0.010035559
14,5/17/2012 11:10,5/17/2012 11:40,1.005841188,4920.261881,4880.873267,4841.484653,4802.09604,4762.707426,4723.318812,4683.930198,4644.541584,4605.15297,4565.764356,4526.375743,4486.987129,4447.598515,4408.209901,4368.821287,4329.432673,4290.044059,4250.655446,4211.266832,4171.878218,4132.489604,4093.10099,4053.712376,4014.323762,3974.935149,4920.261881,33.08826238,32.83203465,32.57580693,32.31957921,32.06335149,31.80712376,31.55089604,31.29466832,31.03844059,30.78221287,30.52598515,30.26975743,30.0135297,29.75730198,29.50107426,29.24484653,28.98861881,28.73239109,28.47616337,28.21993564,27.96370792,27.7074802,27.45125248,27.19502475,26.93879703,33.08826238,0.644206733,0.638949851,0.63369297,0.628436089,0.623179208,0.617922327,0.612665446,0.607408564,0.602151683,0.596894802,0.591637921,0.58638104,0.581124158,0.575867277,0.570610396,0.565353515,0.560096634,0.554839752,0.549582871,0.54432599,0.539069109,0.533812228,0.528555347,0.523298465,0.518041584,0.644206733,2.644533168,2.661212871,2.677892574,2.694572277,2.71125198,2.727931683,2.744611386,2.761291089,2.777970792,2.794650495,2.811330198,2.828009901,2.844689604,2.861369307,2.87804901,2.894728713,2.911408416,2.928088119,2.944767822,2.961447525,2.978127228,2.994806931,3.011486634,3.028166337,3.04484604,3.04484604,0.323200099,0.320767277,0.318334455,0.315901634,0.313468812,0.31103599,0.308603168,0.306170347,0.303737525,0.301304703,0.298871881,0.296439059,0.294006238,0.291573416,0.289140594,0.286707772,0.28427495,0.281842129,0.279409307,0.276976485,0.274543663,0.272110842,0.26967802,0.267245198,0.264812376,0.323200099,1.107166931,1.103789406,1.100411881,1.097034356,1.093656832,1.090279307,1.086901782,1.083524257,1.080146733,1.076769208,1.073391683,1.070014158,1.066636634,1.063259109,1.059881584,1.056504059,1.053126535,1.04974901,1.046371485,1.04299396,1.039616436,1.036238911,1.032861386,1.029483861,1.026106337,1.107166931,110,5/17/2012 1:48,-10,75,1500,261,1582,11653.71622,45,-51.8,1323,1473,360,1,4396000,360.5,1.42E-09,-0.061976282,32,0,0,1500,-0.010052372
14,5/17/2012 11:15,5/17/2012 11:45,1.002463663,4880.873267,4841.484653,4802.09604,4762.707426,4723.318812,4683.930198,4644.541584,4605.15297,4565.764356,4526.375743,4486.987129,4447.598515,4408.209901,4368.821287,4329.432673,4290.044059,4250.655446,4211.266832,4171.878218,4132.489604,4093.10099,4053.712376,4014.323762,3974.935149,3935.546535,4880.873267,32.83203465,32.57580693,32.31957921,32.06335149,31.80712376,31.55089604,31.29466832,31.03844059,30.78221287,30.52598515,30.26975743,30.0135297,29.75730198,29.50107426,29.24484653,28.98861881,28.73239109,28.47616337,28.21993564,27.96370792,27.7074802,27.45125248,27.19502475,26.93879703,26.68256931,32.83203465,0.638949851,0.63369297,0.628436089,0.623179208,0.617922327,0.612665446,0.607408564,0.602151683,0.596894802,0.591637921,0.58638104,0.581124158,0.575867277,0.570610396,0.565353515,0.560096634,0.554839752,0.549582871,0.54432599,0.539069109,0.533812228,0.528555347,0.523298465,0.518041584,0.512784703,0.638949851,2.661212871,2.677892574,2.694572277,2.71125198,2.727931683,2.744611386,2.761291089,2.777970792,2.794650495,2.811330198,2.828009901,2.844689604,2.861369307,2.87804901,2.894728713,2.911408416,2.928088119,2.944767822,2.961447525,2.978127228,2.994806931,3.011486634,3.028166337,3.04484604,3.061525743,3.061525743,0.320767277,0.318334455,0.315901634,0.313468812,0.31103599,0.308603168,0.306170347,0.303737525,0.301304703,0.298871881,0.296439059,0.294006238,0.291573416,0.289140594,0.286707772,0.28427495,0.281842129,0.279409307,0.276976485,0.274543663,0.272110842,0.26967802,0.267245198,0.264812376,0.262379554,0.320767277,1.103789406,1.100411881,1.097034356,1.093656832,1.090279307,1.086901782,1.083524257,1.080146733,1.076769208,1.073391683,1.070014158,1.066636634,1.063259109,1.059881584,1.056504059,1.053126535,1.04974901,1.046371485,1.04299396,1.039616436,1.036238911,1.032861386,1.029483861,1.026106337,1.022728812,1.103789406,110,5/17/2012 1:48,-10,75,1500,261,1582,11653.71622,45,-51.8,1323,1473,360,1,4396000,360.5,1.42E-09,-0.061976282,32,0,0,1500,-0.010069243
14,5/17/2012 11:20,5/17/2012 11:50,0.999086139,4841.484653,4802.09604,4762.707426,4723.318812,4683.930198,4644.541584,4605.15297,4565.764356,4526.375743,4486.987129,4447.598515,4408.209901,4368.821287,4329.432673,4290.044059,4250.655446,4211.266832,4171.878218,4132.489604,4093.10099,4053.712376,4014.323762,3974.935149,3935.546535,3896.157921,4841.484653,32.57580693,32.31957921,32.06335149,31.80712376,31.55089604,31.29466832,31.03844059,30.78221287,30.52598515,30.26975743,30.0135297,29.75730198,29.50107426,29.24484653,28.98861881,28.73239109,28.47616337,28.21993564,27.96370792,27.7074802,27.45125248,27.19502475,26.93879703,26.68256931,26.42634158,32.57580693,0.63369297,0.628436089,0.623179208,0.617922327,0.612665446,0.607408564,0.602151683,0.596894802,0.591637921,0.58638104,0.581124158,0.575867277,0.570610396,0.565353515,0.560096634,0.554839752,0.549582871,0.54432599,0.539069109,0.533812228,0.528555347,0.523298465,0.518041584,0.512784703,0.507527822,0.63369297,2.677892574,2.694572277,2.71125198,2.727931683,2.744611386,2.761291089,2.777970792,2.794650495,2.811330198,2.828009901,2.844689604,2.861369307,2.87804901,2.894728713,2.911408416,2.928088119,2.944767822,2.961447525,2.978127228,2.994806931,3.011486634,3.028166337,3.04484604,3.061525743,3.078205446,3.078205446,0.318334455,0.315901634,0.313468812,0.31103599,0.308603168,0.306170347,0.303737525,0.301304703,0.298871881,0.296439059,0.294006238,0.291573416,0.289140594,0.286707772,0.28427495,0.281842129,0.279409307,0.276976485,0.274543663,0.272110842,0.26967802,0.267245198,0.264812376,0.262379554,0.259946733,0.318334455,1.100411881,1.097034356,1.093656832,1.090279307,1.086901782,1.083524257,1.080146733,1.076769208,1.073391683,1.070014158,1.066636634,1.063259109,1.059881584,1.056504059,1.053126535,1.04974901,1.046371485,1.04299396,1.039616436,1.036238911,1.032861386,1.029483861,1.026106337,1.022728812,1.019351287,1.100411881,110,5/17/2012 1:48,-10,75,1500,261,1582,11653.71622,45,-51.8,1323,1473,360,1,4396000,360.5,1.42E-09,-0.061976282,32,0,0,1500,-0.010086169
14,5/17/2012 11:25,5/17/2012 11:55,0.995708614,4802.09604,4762.707426,4723.318812,4683.930198,4644.541584,4605.15297,4565.764356,4526.375743,4486.987129,4447.598515,4408.209901,4368.821287,4329.432673,4290.044059,4250.655446,4211.266832,4171.878218,4132.489604,4093.10099,4053.712376,4014.323762,3974.935149,3935.546535,3896.157921,3856.769307,4802.09604,32.31957921,32.06335149,31.80712376,31.55089604,31.29466832,31.03844059,30.78221287,30.52598515,30.26975743,30.0135297,29.75730198,29.50107426,29.24484653,28.98861881,28.73239109,28.47616337,28.21993564,27.96370792,27.7074802,27.45125248,27.19502475,26.93879703,26.68256931,26.42634158,26.17011386,32.31957921,0.628436089,0.623179208,0.617922327,0.612665446,0.607408564,0.602151683,0.596894802,0.591637921,0.58638104,0.581124158,0.575867277,0.570610396,0.565353515,0.560096634,0.554839752,0.549582871,0.54432599,0.539069109,0.533812228,0.528555347,0.523298465,0.518041584,0.512784703,0.507527822,0.502270941,0.628436089,2.694572277,2.71125198,2.727931683,2.744611386,2.761291089,2.777970792,2.794650495,2.811330198,2.828009901,2.844689604,2.861369307,2.87804901,2.894728713,2.911408416,2.928088119,2.944767822,2.961447525,2.978127228,2.994806931,3.011486634,3.028166337,3.04484604,3.061525743,3.078205446,3.094885149,3.094885149,0.315901634,0.313468812,0.31103599,0.308603168,0.306170347,0.303737525,0.301304703,0.298871881,0.296439059,0.294006238,0.291573416,0.289140594,0.286707772,0.28427495,0.281842129,0.279409307,0.276976485,0.274543663,0.272110842,0.26967802,0.267245198,0.264812376,0.262379554,0.259946733,0.257513911,0.315901634,1.097034356,1.093656832,1.090279307,1.086901782,1.083524257,1.080146733,1.076769208,1.073391683,1.070014158,1.066636634,1.063259109,1.059881584,1.056504059,1.053126535,1.04974901,1.046371485,1.04299396,1.039616436,1.036238911,1.032861386,1.029483861,1.026106337,1.022728812,1.019351287,1.015973762,1.097034356,110,5/17/2012 1:48,-10,75,1500,261,1582,11653.71622,45,-51.8,1323,1473,360,1,4396000,360.5,1.42E-09,-0.061976282,32,0,0,1500,-0.010103153
14,5/17/2012 11:30,5/17/2012 12:00,0.992331089,4762.707426,4723.318812,4683.930198,4644.541584,4605.15297,4565.764356,4526.375743,4486.987129,4447.598515,4408.209901,4368.821287,4329.432673,4290.044059,4250.655446,4211.266832,4171.878218,4132.489604,4093.10099,4053.712376,4014.323762,3974.935149,3935.546535,3896.157921,3856.769307,3817.380693,4762.707426,32.06335149,31.80712376,31.55089604,31.29466832,31.03844059,30.78221287,30.52598515,30.26975743,30.0135297,29.75730198,29.50107426,29.24484653,28.98861881,28.73239109,28.47616337,28.21993564,27.96370792,27.7074802,27.45125248,27.19502475,26.93879703,26.68256931,26.42634158,26.17011386,25.91388614,32.06335149,0.623179208,0.617922327,0.612665446,0.607408564,0.602151683,0.596894802,0.591637921,0.58638104,0.581124158,0.575867277,0.570610396,0.565353515,0.560096634,0.554839752,0.549582871,0.54432599,0.539069109,0.533812228,0.528555347,0.523298465,0.518041584,0.512784703,0.507527822,0.502270941,0.497014059,0.623179208,2.71125198,2.727931683,2.744611386,2.761291089,2.777970792,2.794650495,2.811330198,2.828009901,2.844689604,2.861369307,2.87804901,2.894728713,2.911408416,2.928088119,2.944767822,2.961447525,2.978127228,2.994806931,3.011486634,3.028166337,3.04484604,3.061525743,3.078205446,3.094885149,3.111564851,3.111564851,0.313468812,0.31103599,0.308603168,0.306170347,0.303737525,0.301304703,0.298871881,0.296439059,0.294006238,0.291573416,0.289140594,0.286707772,0.28427495,0.281842129,0.279409307,0.276976485,0.274543663,0.272110842,0.26967802,0.267245198,0.264812376,0.262379554,0.259946733,0.257513911,0.255081089,0.313468812,1.093656832,1.090279307,1.086901782,1.083524257,1.080146733,1.076769208,1.073391683,1.070014158,1.066636634,1.063259109,1.059881584,1.056504059,1.053126535,1.04974901,1.046371485,1.04299396,1.039616436,1.036238911,1.032861386,1.029483861,1.026106337,1.022728812,1.019351287,1.015973762,1.012596238,1.093656832,110,5/17/2012 1:48,-10,75,1500,261,1582,11653.71622,45,-51.8,1323,1473,360,1,4396000,360.5,1.42E-09,-0.061976282,32,0,0,1500,-0.010120194
14,5/17/2012 11:35,5/17/2012 12:05,0.988953564,4723.318812,4683.930198,4644.541584,4605.15297,4565.764356,4526.375743,4486.987129,4447.598515,4408.209901,4368.821287,4329.432673,4290.044059,4250.655446,4211.266832,4171.878218,4132.489604,4093.10099,4053.712376,4014.323762,3974.935149,3935.546535,3896.157921,3856.769307,3817.380693,3777.992079,4723.318812,31.80712376,31.55089604,31.29466832,31.03844059,30.78221287,30.52598515,30.26975743,30.0135297,29.75730198,29.50107426,29.24484653,28.98861881,28.73239109,28.47616337,28.21993564,27.96370792,27.7074802,27.45125248,27.19502475,26.93879703,26.68256931,26.42634158,26.17011386,25.91388614,25.65765842,31.80712376,0.617922327,0.612665446,0.607408564,0.602151683,0.596894802,0.591637921,0.58638104,0.581124158,0.575867277,0.570610396,0.565353515,0.560096634,0.554839752,0.549582871,0.54432599,0.539069109,0.533812228,0.528555347,0.523298465,0.518041584,0.512784703,0.507527822,0.502270941,0.497014059,0.491757178,0.617922327,2.727931683,2.744611386,2.761291089,2.777970792,2.794650495,2.811330198,2.828009901,2.844689604,2.861369307,2.87804901,2.894728713,2.911408416,2.928088119,2.944767822,2.961447525,2.978127228,2.994806931,3.011486634,3.028166337,3.04484604,3.061525743,3.078205446,3.094885149,3.111564851,3.128244554,3.128244554,0.31103599,0.308603168,0.306170347,0.303737525,0.301304703,0.298871881,0.296439059,0.294006238,0.291573416,0.289140594,0.286707772,0.28427495,0.281842129,0.279409307,0.276976485,0.274543663,0.272110842,0.26967802,0.267245198,0.264812376,0.262379554,0.259946733,0.257513911,0.255081089,0.252648267,0.31103599,1.090279307,1.086901782,1.083524257,1.080146733,1.076769208,1.073391683,1.070014158,1.066636634,1.063259109,1.059881584,1.056504059,1.053126535,1.04974901,1.046371485,1.04299396,1.039616436,1.036238911,1.032861386,1.029483861,1.026106337,1.022728812,1.019351287,1.015973762,1.012596238,1.009218713,1.090279307,110,5/17/2012 1:48,-10,75,1500,261,1582,11653.71622,45,-51.8,1323,1473,360,1,4396000,360.5,1.42E-09,-0.061976282,32,0,0,1500,-0.010137293
14,5/17/2012 11:40,5/17/2012 12:10,0.98557604,4683.930198,4644.541584,4605.15297,4565.764356,4526.375743,4486.987129,4447.598515,4408.209901,4368.821287,4329.432673,4290.044059,4250.655446,4211.266832,4171.878218,4132.489604,4093.10099,4053.712376,4014.323762,3974.935149,3935.546535,3896.157921,3856.769307,3817.380693,3777.992079,3738.603465,4683.930198,31.55089604,31.29466832,31.03844059,30.78221287,30.52598515,30.26975743,30.0135297,29.75730198,29.50107426,29.24484653,28.98861881,28.73239109,28.47616337,28.21993564,27.96370792,27.7074802,27.45125248,27.19502475,26.93879703,26.68256931,26.42634158,26.17011386,25.91388614,25.65765842,25.40143069,31.55089604,0.612665446,0.607408564,0.602151683,0.596894802,0.591637921,0.58638104,0.581124158,0.575867277,0.570610396,0.565353515,0.560096634,0.554839752,0.549582871,0.54432599,0.539069109,0.533812228,0.528555347,0.523298465,0.518041584,0.512784703,0.507527822,0.502270941,0.497014059,0.491757178,0.486500297,0.612665446,2.744611386,2.761291089,2.777970792,2.794650495,2.811330198,2.828009901,2.844689604,2.861369307,2.87804901,2.894728713,2.911408416,2.928088119,2.944767822,2.961447525,2.978127228,2.994806931,3.011486634,3.028166337,3.04484604,3.061525743,3.078205446,3.094885149,3.111564851,3.128244554,3.144924257,3.144924257,0.308603168,0.306170347,0.303737525,0.301304703,0.298871881,0.296439059,0.294006238,0.291573416,0.289140594,0.286707772,0.28427495,0.281842129,0.279409307,0.276976485,0.274543663,0.272110842,0.26967802,0.267245198,0.264812376,0.262379554,0.259946733,0.257513911,0.255081089,0.252648267,0.250215446,0.308603168,1.086901782,1.083524257,1.080146733,1.076769208,1.073391683,1.070014158,1.066636634,1.063259109,1.059881584,1.056504059,1.053126535,1.04974901,1.046371485,1.04299396,1.039616436,1.036238911,1.032861386,1.029483861,1.026106337,1.022728812,1.019351287,1.015973762,1.012596238,1.009218713,1.005841188,1.086901782,110,5/17/2012 1:48,-10,75,1500,261,1582,11653.71622,45,-51.8,1323,1473,360,1,4396000,360.5,1.42E-09,-0.061976282,32,0,0,1500,-0.01015445
14,5/17/2012 11:45,5/17/2012 12:15,0.982198515,4644.541584,4605.15297,4565.764356,4526.375743,4486.987129,4447.598515,4408.209901,4368.821287,4329.432673,4290.044059,4250.655446,4211.266832,4171.878218,4132.489604,4093.10099,4053.712376,4014.323762,3974.935149,3935.546535,3896.157921,3856.769307,3817.380693,3777.992079,3738.603465,3699.214851,4644.541584,31.29466832,31.03844059,30.78221287,30.52598515,30.26975743,30.0135297,29.75730198,29.50107426,29.24484653,28.98861881,28.73239109,28.47616337,28.21993564,27.96370792,27.7074802,27.45125248,27.19502475,26.93879703,26.68256931,26.42634158,26.17011386,25.91388614,25.65765842,25.40143069,25.14520297,31.29466832,0.607408564,0.602151683,0.596894802,0.591637921,0.58638104,0.581124158,0.575867277,0.570610396,0.565353515,0.560096634,0.554839752,0.549582871,0.54432599,0.539069109,0.533812228,0.528555347,0.523298465,0.518041584,0.512784703,0.507527822,0.502270941,0.497014059,0.491757178,0.486500297,0.481243416,0.607408564,2.761291089,2.777970792,2.794650495,2.811330198,2.828009901,2.844689604,2.861369307,2.87804901,2.894728713,2.911408416,2.928088119,2.944767822,2.961447525,2.978127228,2.994806931,3.011486634,3.028166337,3.04484604,3.061525743,3.078205446,3.094885149,3.111564851,3.128244554,3.144924257,3.16160396,3.16160396,0.306170347,0.303737525,0.301304703,0.298871881,0.296439059,0.294006238,0.291573416,0.289140594,0.286707772,0.28427495,0.281842129,0.279409307,0.276976485,0.274543663,0.272110842,0.26967802,0.267245198,0.264812376,0.262379554,0.259946733,0.257513911,0.255081089,0.252648267,0.250215446,0.247782624,0.306170347,1.083524257,1.080146733,1.076769208,1.073391683,1.070014158,1.066636634,1.063259109,1.059881584,1.056504059,1.053126535,1.04974901,1.046371485,1.04299396,1.039616436,1.036238911,1.032861386,1.029483861,1.026106337,1.022728812,1.019351287,1.015973762,1.012596238,1.009218713,1.005841188,1.002463663,1.083524257,110,5/17/2012 1:48,-10,75,1500,261,1582,11653.71622,45,-51.8,1323,1473,360,1,4396000,360.5,1.42E-09,-0.061976282,32,0,0,1500,-0.010171664
14,5/17/2012 11:50,5/17/2012 12:20,0.97882099,4605.15297,4565.764356,4526.375743,4486.987129,4447.598515,4408.209901,4368.821287,4329.432673,4290.044059,4250.655446,4211.266832,4171.878218,4132.489604,4093.10099,4053.712376,4014.323762,3974.935149,3935.546535,3896.157921,3856.769307,3817.380693,3777.992079,3738.603465,3699.214851,3659.826238,4605.15297,31.03844059,30.78221287,30.52598515,30.26975743,30.0135297,29.75730198,29.50107426,29.24484653,28.98861881,28.73239109,28.47616337,28.21993564,27.96370792,27.7074802,27.45125248,27.19502475,26.93879703,26.68256931,26.42634158,26.17011386,25.91388614,25.65765842,25.40143069,25.14520297,24.88897525,31.03844059,0.602151683,0.596894802,0.591637921,0.58638104,0.581124158,0.575867277,0.570610396,0.565353515,0.560096634,0.554839752,0.549582871,0.54432599,0.539069109,0.533812228,0.528555347,0.523298465,0.518041584,0.512784703,0.507527822,0.502270941,0.497014059,0.491757178,0.486500297,0.481243416,0.475986535,0.602151683,2.777970792,2.794650495,2.811330198,2.828009901,2.844689604,2.861369307,2.87804901,2.894728713,2.911408416,2.928088119,2.944767822,2.961447525,2.978127228,2.994806931,3.011486634,3.028166337,3.04484604,3.061525743,3.078205446,3.094885149,3.111564851,3.128244554,3.144924257,3.16160396,3.178283663,3.178283663,0.303737525,0.301304703,0.298871881,0.296439059,0.294006238,0.291573416,0.289140594,0.286707772,0.28427495,0.281842129,0.279409307,0.276976485,0.274543663,0.272110842,0.26967802,0.267245198,0.264812376,0.262379554,0.259946733,0.257513911,0.255081089,0.252648267,0.250215446,0.247782624,0.245349802,0.303737525,1.080146733,1.076769208,1.073391683,1.070014158,1.066636634,1.063259109,1.059881584,1.056504059,1.053126535,1.04974901,1.046371485,1.04299396,1.039616436,1.036238911,1.032861386,1.029483861,1.026106337,1.022728812,1.019351287,1.015973762,1.012596238,1.009218713,1.005841188,1.002463663,0.999086139,1.080146733,110,5/17/2012 1:48,-10,75,1500,261,1582,11653.71622,45,-51.8,1323,1473,360,1,4396000,360.5,1.42E-09,-0.061976282,32,0,0,1500,-0.010188938
14,5/17/2012 11:55,5/17/2012 12:25,0.975443465,4565.764356,4526.375743,4486.987129,4447.598515,4408.209901,4368.821287,4329.432673,4290.044059,4250.655446,4211.266832,4171.878218,4132.489604,4093.10099,4053.712376,4014.323762,3974.935149,3935.546535,3896.157921,3856.769307,3817.380693,3777.992079,3738.603465,3699.214851,3659.826238,3620.437624,4565.764356,30.78221287,30.52598515,30.26975743,30.0135297,29.75730198,29.50107426,29.24484653,28.98861881,28.73239109,28.47616337,28.21993564,27.96370792,27.7074802,27.45125248,27.19502475,26.93879703,26.68256931,26.42634158,26.17011386,25.91388614,25.65765842,25.40143069,25.14520297,24.88897525,24.63274752,30.78221287,0.596894802,0.591637921,0.58638104,0.581124158,0.575867277,0.570610396,0.565353515,0.560096634,0.554839752,0.549582871,0.54432599,0.539069109,0.533812228,0.528555347,0.523298465,0.518041584,0.512784703,0.507527822,0.502270941,0.497014059,0.491757178,0.486500297,0.481243416,0.475986535,0.470729653,0.596894802,2.794650495,2.811330198,2.828009901,2.844689604,2.861369307,2.87804901,2.894728713,2.911408416,2.928088119,2.944767822,2.961447525,2.978127228,2.994806931,3.011486634,3.028166337,3.04484604,3.061525743,3.078205446,3.094885149,3.111564851,3.128244554,3.144924257,3.16160396,3.178283663,3.194963366,3.194963366,0.301304703,0.298871881,0.296439059,0.294006238,0.291573416,0.289140594,0.286707772,0.28427495,0.281842129,0.279409307,0.276976485,0.274543663,0.272110842,0.26967802,0.267245198,0.264812376,0.262379554,0.259946733,0.257513911,0.255081089,0.252648267,0.250215446,0.247782624,0.245349802,0.24291698,0.301304703,1.076769208,1.073391683,1.070014158,1.066636634,1.063259109,1.059881584,1.056504059,1.053126535,1.04974901,1.046371485,1.04299396,1.039616436,1.036238911,1.032861386,1.029483861,1.026106337,1.022728812,1.019351287,1.015973762,1.012596238,1.009218713,1.005841188,1.002463663,0.999086139,0.995708614,1.076769208,110,5/17/2012 1:48,-10,75,1500,261,1582,11653.71622,45,-51.8,1323,1473,360,1,4396000,360.5,1.42E-09,-0.061976282,32,0,0,1500,-0.01020627
14,5/17/2012 12:00,5/17/2012 12:30,0.972065941,4526.375743,4486.987129,4447.598515,4408.209901,4368.821287,4329.432673,4290.044059,4250.655446,4211.266832,4171.878218,4132.489604,4093.10099,4053.712376,4014.323762,3974.935149,3935.546535,3896.157921,3856.769307,3817.380693,3777.992079,3738.603465,3699.214851,3659.826238,3620.437624,3581.04901,4526.375743,30.52598515,30.26975743,30.0135297,29.75730198,29.50107426,29.24484653,28.98861881,28.73239109,28.47616337,28.21993564,27.96370792,27.7074802,27.45125248,27.19502475,26.93879703,26.68256931,26.42634158,26.17011386,25.91388614,25.65765842,25.40143069,25.14520297,24.88897525,24.63274752,24.3765198,30.52598515,0.591637921,0.58638104,0.581124158,0.575867277,0.570610396,0.565353515,0.560096634,0.554839752,0.549582871,0.54432599,0.539069109,0.533812228,0.528555347,0.523298465,0.518041584,0.512784703,0.507527822,0.502270941,0.497014059,0.491757178,0.486500297,0.481243416,0.475986535,0.470729653,0.465472772,0.591637921,2.811330198,2.828009901,2.844689604,2.861369307,2.87804901,2.894728713,2.911408416,2.928088119,2.944767822,2.961447525,2.978127228,2.994806931,3.011486634,3.028166337,3.04484604,3.061525743,3.078205446,3.094885149,3.111564851,3.128244554,3.144924257,3.16160396,3.178283663,3.194963366,3.211643069,3.211643069,0.298871881,0.296439059,0.294006238,0.291573416,0.289140594,0.286707772,0.28427495,0.281842129,0.279409307,0.276976485,0.274543663,0.272110842,0.26967802,0.267245198,0.264812376,0.262379554,0.259946733,0.257513911,0.255081089,0.252648267,0.250215446,0.247782624,0.245349802,0.24291698,0.240484158,0.298871881,1.073391683,1.070014158,1.066636634,1.063259109,1.059881584,1.056504059,1.053126535,1.04974901,1.046371485,1.04299396,1.039616436,1.036238911,1.032861386,1.029483861,1.026106337,1.022728812,1.019351287,1.015973762,1.012596238,1.009218713,1.005841188,1.002463663,0.999086139,0.995708614,0.992331089,1.073391683,110,5/17/2012 1:48,-10,75,1500,261,1582,11653.71622,45,-51.8,1323,1473,360,1,4396000,360.5,1.42E-09,-0.061976282,32,0,0,1500,-0.010223661
14,5/17/2012 12:05,5/17/2012 12:35,0.968688416,4486.987129,4447.598515,4408.209901,4368.821287,4329.432673,4290.044059,4250.655446,4211.266832,4171.878218,4132.489604,4093.10099,4053.712376,4014.323762,3974.935149,3935.546535,3896.157921,3856.769307,3817.380693,3777.992079,3738.603465,3699.214851,3659.826238,3620.437624,3581.04901,3541.660396,4486.987129,30.26975743,30.0135297,29.75730198,29.50107426,29.24484653,28.98861881,28.73239109,28.47616337,28.21993564,27.96370792,27.7074802,27.45125248,27.19502475,26.93879703,26.68256931,26.42634158,26.17011386,25.91388614,25.65765842,25.40143069,25.14520297,24.88897525,24.63274752,24.3765198,24.12029208,30.26975743,0.58638104,0.581124158,0.575867277,0.570610396,0.565353515,0.560096634,0.554839752,0.549582871,0.54432599,0.539069109,0.533812228,0.528555347,0.523298465,0.518041584,0.512784703,0.507527822,0.502270941,0.497014059,0.491757178,0.486500297,0.481243416,0.475986535,0.470729653,0.465472772,0.460215891,0.58638104,2.828009901,2.844689604,2.861369307,2.87804901,2.894728713,2.911408416,2.928088119,2.944767822,2.961447525,2.978127228,2.994806931,3.011486634,3.028166337,3.04484604,3.061525743,3.078205446,3.094885149,3.111564851,3.128244554,3.144924257,3.16160396,3.178283663,3.194963366,3.211643069,3.228322772,3.228322772,0.296439059,0.294006238,0.291573416,0.289140594,0.286707772,0.28427495,0.281842129,0.279409307,0.276976485,0.274543663,0.272110842,0.26967802,0.267245198,0.264812376,0.262379554,0.259946733,0.257513911,0.255081089,0.252648267,0.250215446,0.247782624,0.245349802,0.24291698,0.240484158,0.238051337,0.296439059,1.070014158,1.066636634,1.063259109,1.059881584,1.056504059,1.053126535,1.04974901,1.046371485,1.04299396,1.039616436,1.036238911,1.032861386,1.029483861,1.026106337,1.022728812,1.019351287,1.015973762,1.012596238,1.009218713,1.005841188,1.002463663,0.999086139,0.995708614,0.992331089,0.988953564,1.070014158,110,5/17/2012 1:48,-10,75,1500,261,1582,11653.71622,45,-51.8,1323,1473,360,1,4396000,360.5,1.42E-09,-0.061976282,32,0,0,1500,-0.010241111
14,5/17/2012 12:10,5/17/2012 12:40,0.965310891,4447.598515,4408.209901,4368.821287,4329.432673,4290.044059,4250.655446,4211.266832,4171.878218,4132.489604,4093.10099,4053.712376,4014.323762,3974.935149,3935.546535,3896.157921,3856.769307,3817.380693,3777.992079,3738.603465,3699.214851,3659.826238,3620.437624,3581.04901,3541.660396,3502.271782,4447.598515,30.0135297,29.75730198,29.50107426,29.24484653,28.98861881,28.73239109,28.47616337,28.21993564,27.96370792,27.7074802,27.45125248,27.19502475,26.93879703,26.68256931,26.42634158,26.17011386,25.91388614,25.65765842,25.40143069,25.14520297,24.88897525,24.63274752,24.3765198,24.12029208,23.86406436,30.0135297,0.581124158,0.575867277,0.570610396,0.565353515,0.560096634,0.554839752,0.549582871,0.54432599,0.539069109,0.533812228,0.528555347,0.523298465,0.518041584,0.512784703,0.507527822,0.502270941,0.497014059,0.491757178,0.486500297,0.481243416,0.475986535,0.470729653,0.465472772,0.460215891,0.45495901,0.581124158,2.844689604,2.861369307,2.87804901,2.894728713,2.911408416,2.928088119,2.944767822,2.961447525,2.978127228,2.994806931,3.011486634,3.028166337,3.04484604,3.061525743,3.078205446,3.094885149,3.111564851,3.128244554,3.144924257,3.16160396,3.178283663,3.194963366,3.211643069,3.228322772,3.245002475,3.245002475,0.294006238,0.291573416,0.289140594,0.286707772,0.28427495,0.281842129,0.279409307,0.276976485,0.274543663,0.272110842,0.26967802,0.267245198,0.264812376,0.262379554,0.259946733,0.257513911,0.255081089,0.252648267,0.250215446,0.247782624,0.245349802,0.24291698,0.240484158,0.238051337,0.235618515,0.294006238,1.066636634,1.063259109,1.059881584,1.056504059,1.053126535,1.04974901,1.046371485,1.04299396,1.039616436,1.036238911,1.032861386,1.029483861,1.026106337,1.022728812,1.019351287,1.015973762,1.012596238,1.009218713,1.005841188,1.002463663,0.999086139,0.995708614,0.992331089,0.988953564,0.98557604,1.066636634,110,5/17/2012 1:48,-10,75,1500,261,1582,11653.71622,45,-51.8,1323,1473,360,1,4396000,360.5,1.42E-09,-0.061976282,32,0,0,1500,-0.010258621
14,5/17/2012 12:15,5/17/2012 12:45,0.961933366,4408.209901,4368.821287,4329.432673,4290.044059,4250.655446,4211.266832,4171.878218,4132.489604,4093.10099,4053.712376,4014.323762,3974.935149,3935.546535,3896.157921,3856.769307,3817.380693,3777.992079,3738.603465,3699.214851,3659.826238,3620.437624,3581.04901,3541.660396,3502.271782,3462.883168,4408.209901,29.75730198,29.50107426,29.24484653,28.98861881,28.73239109,28.47616337,28.21993564,27.96370792,27.7074802,27.45125248,27.19502475,26.93879703,26.68256931,26.42634158,26.17011386,25.91388614,25.65765842,25.40143069,25.14520297,24.88897525,24.63274752,24.3765198,24.12029208,23.86406436,23.60783663,29.75730198,0.575867277,0.570610396,0.565353515,0.560096634,0.554839752,0.549582871,0.54432599,0.539069109,0.533812228,0.528555347,0.523298465,0.518041584,0.512784703,0.507527822,0.502270941,0.497014059,0.491757178,0.486500297,0.481243416,0.475986535,0.470729653,0.465472772,0.460215891,0.45495901,0.449702129,0.575867277,2.861369307,2.87804901,2.894728713,2.911408416,2.928088119,2.944767822,2.961447525,2.978127228,2.994806931,3.011486634,3.028166337,3.04484604,3.061525743,3.078205446,3.094885149,3.111564851,3.128244554,3.144924257,3.16160396,3.178283663,3.194963366,3.211643069,3.228322772,3.245002475,3.261682178,3.261682178,0.291573416,0.289140594,0.286707772,0.28427495,0.281842129,0.279409307,0.276976485,0.274543663,0.272110842,0.26967802,0.267245198,0.264812376,0.262379554,0.259946733,0.257513911,0.255081089,0.252648267,0.250215446,0.247782624,0.245349802,0.24291698,0.240484158,0.238051337,0.235618515,0.233185693,0.291573416,1.063259109,1.059881584,1.056504059,1.053126535,1.04974901,1.046371485,1.04299396,1.039616436,1.036238911,1.032861386,1.029483861,1.026106337,1.022728812,1.019351287,1.015973762,1.012596238,1.009218713,1.005841188,1.002463663,0.999086139,0.995708614,0.992331089,0.988953564,0.98557604,0.982198515,1.063259109,110,5/17/2012 1:48,-10,75,1500,261,1582,11653.71622,45,-51.8,1323,1473,360,1,4396000,360.5,1.42E-09,-0.061976282,32,0,0,1500,-0.010276191
14,5/17/2012 12:20,5/17/2012 12:50,0.958555842,4368.821287,4329.432673,4290.044059,4250.655446,4211.266832,4171.878218,4132.489604,4093.10099,4053.712376,4014.323762,3974.935149,3935.546535,3896.157921,3856.769307,3817.380693,3777.992079,3738.603465,3699.214851,3659.826238,3620.437624,3581.04901,3541.660396,3502.271782,3462.883168,3423.494554,4368.821287,29.50107426,29.24484653,28.98861881,28.73239109,28.47616337,28.21993564,27.96370792,27.7074802,27.45125248,27.19502475,26.93879703,26.68256931,26.42634158,26.17011386,25.91388614,25.65765842,25.40143069,25.14520297,24.88897525,24.63274752,24.3765198,24.12029208,23.86406436,23.60783663,23.35160891,29.50107426,0.570610396,0.565353515,0.560096634,0.554839752,0.549582871,0.54432599,0.539069109,0.533812228,0.528555347,0.523298465,0.518041584,0.512784703,0.507527822,0.502270941,0.497014059,0.491757178,0.486500297,0.481243416,0.475986535,0.470729653,0.465472772,0.460215891,0.45495901,0.449702129,0.444445248,0.570610396,2.87804901,2.894728713,2.911408416,2.928088119,2.944767822,2.961447525,2.978127228,2.994806931,3.011486634,3.028166337,3.04484604,3.061525743,3.078205446,3.094885149,3.111564851,3.128244554,3.144924257,3.16160396,3.178283663,3.194963366,3.211643069,3.228322772,3.245002475,3.261682178,3.278361881,3.278361881,0.289140594,0.286707772,0.28427495,0.281842129,0.279409307,0.276976485,0.274543663,0.272110842,0.26967802,0.267245198,0.264812376,0.262379554,0.259946733,0.257513911,0.255081089,0.252648267,0.250215446,0.247782624,0.245349802,0.24291698,0.240484158,0.238051337,0.235618515,0.233185693,0.230752871,0.289140594,1.059881584,1.056504059,1.053126535,1.04974901,1.046371485,1.04299396,1.039616436,1.036238911,1.032861386,1.029483861,1.026106337,1.022728812,1.019351287,1.015973762,1.012596238,1.009218713,1.005841188,1.002463663,0.999086139,0.995708614,0.992331089,0.988953564,0.98557604,0.982198515,0.97882099,1.059881584,110,5/17/2012 1:48,-10,75,1500,261,1582,11653.71622,45,-51.8,1323,1473,360,1,4396000,360.5,1.42E-09,-0.061976282,32,0,0,1500,-0.010293822
14,5/17/2012 12:25,5/17/2012 12:55,0.955178317,4329.432673,4290.044059,4250.655446,4211.266832,4171.878218,4132.489604,4093.10099,4053.712376,4014.323762,3974.935149,3935.546535,3896.157921,3856.769307,3817.380693,3777.992079,3738.603465,3699.214851,3659.826238,3620.437624,3581.04901,3541.660396,3502.271782,3462.883168,3423.494554,3384.105941,4329.432673,29.24484653,28.98861881,28.73239109,28.47616337,28.21993564,27.96370792,27.7074802,27.45125248,27.19502475,26.93879703,26.68256931,26.42634158,26.17011386,25.91388614,25.65765842,25.40143069,25.14520297,24.88897525,24.63274752,24.3765198,24.12029208,23.86406436,23.60783663,23.35160891,23.09538119,29.24484653,0.565353515,0.560096634,0.554839752,0.549582871,0.54432599,0.539069109,0.533812228,0.528555347,0.523298465,0.518041584,0.512784703,0.507527822,0.502270941,0.497014059,0.491757178,0.486500297,0.481243416,0.475986535,0.470729653,0.465472772,0.460215891,0.45495901,0.449702129,0.444445248,0.439188366,0.565353515,2.894728713,2.911408416,2.928088119,2.944767822,2.961447525,2.978127228,2.994806931,3.011486634,3.028166337,3.04484604,3.061525743,3.078205446,3.094885149,3.111564851,3.128244554,3.144924257,3.16160396,3.178283663,3.194963366,3.211643069,3.228322772,3.245002475,3.261682178,3.278361881,3.295041584,3.295041584,0.286707772,0.28427495,0.281842129,0.279409307,0.276976485,0.274543663,0.272110842,0.26967802,0.267245198,0.264812376,0.262379554,0.259946733,0.257513911,0.255081089,0.252648267,0.250215446,0.247782624,0.245349802,0.24291698,0.240484158,0.238051337,0.235618515,0.233185693,0.230752871,0.22832005,0.286707772,1.056504059,1.053126535,1.04974901,1.046371485,1.04299396,1.039616436,1.036238911,1.032861386,1.029483861,1.026106337,1.022728812,1.019351287,1.015973762,1.012596238,1.009218713,1.005841188,1.002463663,0.999086139,0.995708614,0.992331089,0.988953564,0.98557604,0.982198515,0.97882099,0.975443465,1.056504059,110,5/17/2012 1:48,-10,75,1500,261,1582,11653.71622,45,-51.8,1323,1473,360,1,4396000,360.5,1.42E-09,-0.061976282,32,0,0,1500,-0.010311513
14,5/17/2012 12:30,5/17/2012 13:00,0.951800792,4290.044059,4250.655446,4211.266832,4171.878218,4132.489604,4093.10099,4053.712376,4014.323762,3974.935149,3935.546535,3896.157921,3856.769307,3817.380693,3777.992079,3738.603465,3699.214851,3659.826238,3620.437624,3581.04901,3541.660396,3502.271782,3462.883168,3423.494554,3384.105941,3344.717327,4290.044059,28.98861881,28.73239109,28.47616337,28.21993564,27.96370792,27.7074802,27.45125248,27.19502475,26.93879703,26.68256931,26.42634158,26.17011386,25.91388614,25.65765842,25.40143069,25.14520297,24.88897525,24.63274752,24.3765198,24.12029208,23.86406436,23.60783663,23.35160891,23.09538119,22.83915347,28.98861881,0.560096634,0.554839752,0.549582871,0.54432599,0.539069109,0.533812228,0.528555347,0.523298465,0.518041584,0.512784703,0.507527822,0.502270941,0.497014059,0.491757178,0.486500297,0.481243416,0.475986535,0.470729653,0.465472772,0.460215891,0.45495901,0.449702129,0.444445248,0.439188366,0.433931485,0.560096634,2.911408416,2.928088119,2.944767822,2.961447525,2.978127228,2.994806931,3.011486634,3.028166337,3.04484604,3.061525743,3.078205446,3.094885149,3.111564851,3.128244554,3.144924257,3.16160396,3.178283663,3.194963366,3.211643069,3.228322772,3.245002475,3.261682178,3.278361881,3.295041584,3.311721287,3.311721287,0.28427495,0.281842129,0.279409307,0.276976485,0.274543663,0.272110842,0.26967802,0.267245198,0.264812376,0.262379554,0.259946733,0.257513911,0.255081089,0.252648267,0.250215446,0.247782624,0.245349802,0.24291698,0.240484158,0.238051337,0.235618515,0.233185693,0.230752871,0.22832005,0.225887228,0.28427495,1.053126535,1.04974901,1.046371485,1.04299396,1.039616436,1.036238911,1.032861386,1.029483861,1.026106337,1.022728812,1.019351287,1.015973762,1.012596238,1.009218713,1.005841188,1.002463663,0.999086139,0.995708614,0.992331089,0.988953564,0.98557604,0.982198515,0.97882099,0.975443465,0.972065941,1.053126535,110,5/17/2012 1:48,-10,75,1500,261,1582,11653.71622,45,-51.8,1323,1473,360,1,4396000,360.5,1.42E-09,-0.061976282,32,0,0,1500,-0.010329265
14,5/17/2012 12:35,5/17/2012 13:05,0.948423267,4250.655446,4211.266832,4171.878218,4132.489604,4093.10099,4053.712376,4014.323762,3974.935149,3935.546535,3896.157921,3856.769307,3817.380693,3777.992079,3738.603465,3699.214851,3659.826238,3620.437624,3581.04901,3541.660396,3502.271782,3462.883168,3423.494554,3384.105941,3344.717327,3305.328713,4250.655446,28.73239109,28.47616337,28.21993564,27.96370792,27.7074802,27.45125248,27.19502475,26.93879703,26.68256931,26.42634158,26.17011386,25.91388614,25.65765842,25.40143069,25.14520297,24.88897525,24.63274752,24.3765198,24.12029208,23.86406436,23.60783663,23.35160891,23.09538119,22.83915347,22.58292574,28.73239109,0.554839752,0.549582871,0.54432599,0.539069109,0.533812228,0.528555347,0.523298465,0.518041584,0.512784703,0.507527822,0.502270941,0.497014059,0.491757178,0.486500297,0.481243416,0.475986535,0.470729653,0.465472772,0.460215891,0.45495901,0.449702129,0.444445248,0.439188366,0.433931485,0.428674604,0.554839752,2.928088119,2.944767822,2.961447525,2.978127228,2.994806931,3.011486634,3.028166337,3.04484604,3.061525743,3.078205446,3.094885149,3.111564851,3.128244554,3.144924257,3.16160396,3.178283663,3.194963366,3.211643069,3.228322772,3.245002475,3.261682178,3.278361881,3.295041584,3.311721287,3.32840099,3.32840099,0.281842129,0.279409307,0.276976485,0.274543663,0.272110842,0.26967802,0.267245198,0.264812376,0.262379554,0.259946733,0.257513911,0.255081089,0.252648267,0.250215446,0.247782624,0.245349802,0.24291698,0.240484158,0.238051337,0.235618515,0.233185693,0.230752871,0.22832005,0.225887228,0.223454406,0.281842129,1.04974901,1.046371485,1.04299396,1.039616436,1.036238911,1.032861386,1.029483861,1.026106337,1.022728812,1.019351287,1.015973762,1.012596238,1.009218713,1.005841188,1.002463663,0.999086139,0.995708614,0.992331089,0.988953564,0.98557604,0.982198515,0.97882099,0.975443465,0.972065941,0.968688416,1.04974901,110,5/17/2012 1:48,-10,75,1500,261,1582,11653.71622,45,-51.8,1323,1473,360,1,4396000,360.5,1.42E-09,-0.061976282,32,0,0,1500,-0.010347078
14,5/17/2012 12:40,5/17/2012 13:10,0.945045743,4211.266832,4171.878218,4132.489604,4093.10099,4053.712376,4014.323762,3974.935149,3935.546535,3896.157921,3856.769307,3817.380693,3777.992079,3738.603465,3699.214851,3659.826238,3620.437624,3581.04901,3541.660396,3502.271782,3462.883168,3423.494554,3384.105941,3344.717327,3305.328713,3265.940099,4211.266832,28.47616337,28.21993564,27.96370792,27.7074802,27.45125248,27.19502475,26.93879703,26.68256931,26.42634158,26.17011386,25.91388614,25.65765842,25.40143069,25.14520297,24.88897525,24.63274752,24.3765198,24.12029208,23.86406436,23.60783663,23.35160891,23.09538119,22.83915347,22.58292574,22.32669802,28.47616337,0.549582871,0.54432599,0.539069109,0.533812228,0.528555347,0.523298465,0.518041584,0.512784703,0.507527822,0.502270941,0.497014059,0.491757178,0.486500297,0.481243416,0.475986535,0.470729653,0.465472772,0.460215891,0.45495901,0.449702129,0.444445248,0.439188366,0.433931485,0.428674604,0.423417723,0.549582871,2.944767822,2.961447525,2.978127228,2.994806931,3.011486634,3.028166337,3.04484604,3.061525743,3.078205446,3.094885149,3.111564851,3.128244554,3.144924257,3.16160396,3.178283663,3.194963366,3.211643069,3.228322772,3.245002475,3.261682178,3.278361881,3.295041584,3.311721287,3.32840099,3.345080693,3.345080693,0.279409307,0.276976485,0.274543663,0.272110842,0.26967802,0.267245198,0.264812376,0.262379554,0.259946733,0.257513911,0.255081089,0.252648267,0.250215446,0.247782624,0.245349802,0.24291698,0.240484158,0.238051337,0.235618515,0.233185693,0.230752871,0.22832005,0.225887228,0.223454406,0.221021584,0.279409307,1.046371485,1.04299396,1.039616436,1.036238911,1.032861386,1.029483861,1.026106337,1.022728812,1.019351287,1.015973762,1.012596238,1.009218713,1.005841188,1.002463663,0.999086139,0.995708614,0.992331089,0.988953564,0.98557604,0.982198515,0.97882099,0.975443465,0.972065941,0.968688416,0.965310891,1.046371485,110,5/17/2012 1:48,-10,75,1500,261,1582,11653.71622,45,-51.8,1323,1473,360,1,4396000,360.5,1.42E-09,-0.061976282,32,0,0,1500,-0.010364952
14,5/17/2012 12:45,5/17/2012 13:15,0.941668218,4171.878218,4132.489604,4093.10099,4053.712376,4014.323762,3974.935149,3935.546535,3896.157921,3856.769307,3817.380693,3777.992079,3738.603465,3699.214851,3659.826238,3620.437624,3581.04901,3541.660396,3502.271782,3462.883168,3423.494554,3384.105941,3344.717327,3305.328713,3265.940099,3226.551485,4171.878218,28.21993564,27.96370792,27.7074802,27.45125248,27.19502475,26.93879703,26.68256931,26.42634158,26.17011386,25.91388614,25.65765842,25.40143069,25.14520297,24.88897525,24.63274752,24.3765198,24.12029208,23.86406436,23.60783663,23.35160891,23.09538119,22.83915347,22.58292574,22.32669802,22.0704703,28.21993564,0.54432599,0.539069109,0.533812228,0.528555347,0.523298465,0.518041584,0.512784703,0.507527822,0.502270941,0.497014059,0.491757178,0.486500297,0.481243416,0.475986535,0.470729653,0.465472772,0.460215891,0.45495901,0.449702129,0.444445248,0.439188366,0.433931485,0.428674604,0.423417723,0.418160842,0.54432599,2.961447525,2.978127228,2.994806931,3.011486634,3.028166337,3.04484604,3.061525743,3.078205446,3.094885149,3.111564851,3.128244554,3.144924257,3.16160396,3.178283663,3.194963366,3.211643069,3.228322772,3.245002475,3.261682178,3.278361881,3.295041584,3.311721287,3.32840099,3.345080693,3.361760396,3.361760396,0.276976485,0.274543663,0.272110842,0.26967802,0.267245198,0.264812376,0.262379554,0.259946733,0.257513911,0.255081089,0.252648267,0.250215446,0.247782624,0.245349802,0.24291698,0.240484158,0.238051337,0.235618515,0.233185693,0.230752871,0.22832005,0.225887228,0.223454406,0.221021584,0.218588762,0.276976485,1.04299396,1.039616436,1.036238911,1.032861386,1.029483861,1.026106337,1.022728812,1.019351287,1.015973762,1.012596238,1.009218713,1.005841188,1.002463663,0.999086139,0.995708614,0.992331089,0.988953564,0.98557604,0.982198515,0.97882099,0.975443465,0.972065941,0.968688416,0.965310891,0.961933366,1.04299396,110,5/17/2012 1:48,-10,75,1500,261,1582,11653.71622,45,-51.8,1323,1473,360,1,4396000,360.5,1.42E-09,-0.061976282,32,0,0,1500,-0.010382889
14,5/17/2012 12:50,5/17/2012 13:20,0.938290693,4132.489604,4093.10099,4053.712376,4014.323762,3974.935149,3935.546535,3896.157921,3856.769307,3817.380693,3777.992079,3738.603465,3699.214851,3659.826238,3620.437624,3581.04901,3541.660396,3502.271782,3462.883168,3423.494554,3384.105941,3344.717327,3305.328713,3265.940099,3226.551485,3187.162871,4132.489604,27.96370792,27.7074802,27.45125248,27.19502475,26.93879703,26.68256931,26.42634158,26.17011386,25.91388614,25.65765842,25.40143069,25.14520297,24.88897525,24.63274752,24.3765198,24.12029208,23.86406436,23.60783663,23.35160891,23.09538119,22.83915347,22.58292574,22.32669802,22.0704703,21.81424257,27.96370792,0.539069109,0.533812228,0.528555347,0.523298465,0.518041584,0.512784703,0.507527822,0.502270941,0.497014059,0.491757178,0.486500297,0.481243416,0.475986535,0.470729653,0.465472772,0.460215891,0.45495901,0.449702129,0.444445248,0.439188366,0.433931485,0.428674604,0.423417723,0.418160842,0.41290396,0.539069109,2.978127228,2.994806931,3.011486634,3.028166337,3.04484604,3.061525743,3.078205446,3.094885149,3.111564851,3.128244554,3.144924257,3.16160396,3.178283663,3.194963366,3.211643069,3.228322772,3.245002475,3.261682178,3.278361881,3.295041584,3.311721287,3.32840099,3.345080693,3.361760396,3.378440099,3.378440099,0.274543663,0.272110842,0.26967802,0.267245198,0.264812376,0.262379554,0.259946733,0.257513911,0.255081089,0.252648267,0.250215446,0.247782624,0.245349802,0.24291698,0.240484158,0.238051337,0.235618515,0.233185693,0.230752871,0.22832005,0.225887228,0.223454406,0.221021584,0.218588762,0.216155941,0.274543663,1.039616436,1.036238911,1.032861386,1.029483861,1.026106337,1.022728812,1.019351287,1.015973762,1.012596238,1.009218713,1.005841188,1.002463663,0.999086139,0.995708614,0.992331089,0.988953564,0.98557604,0.982198515,0.97882099,0.975443465,0.972065941,0.968688416,0.965310891,0.961933366,0.958555842,1.039616436,110,5/17/2012 1:48,-10,75,1500,261,1582,11653.71622,45,-51.8,1323,1473,360,1,4396000,360.5,1.42E-09,-0.061976282,32,0,0,1500,-0.010400887
14,5/17/2012 12:55,5/17/2012 13:25,0.934913168,4093.10099,4053.712376,4014.323762,3974.935149,3935.546535,3896.157921,3856.769307,3817.380693,3777.992079,3738.603465,3699.214851,3659.826238,3620.437624,3581.04901,3541.660396,3502.271782,3462.883168,3423.494554,3384.105941,3344.717327,3305.328713,3265.940099,3226.551485,3187.162871,3147.774257,4093.10099,27.7074802,27.45125248,27.19502475,26.93879703,26.68256931,26.42634158,26.17011386,25.91388614,25.65765842,25.40143069,25.14520297,24.88897525,24.63274752,24.3765198,24.12029208,23.86406436,23.60783663,23.35160891,23.09538119,22.83915347,22.58292574,22.32669802,22.0704703,21.81424257,21.55801485,27.7074802,0.533812228,0.528555347,0.523298465,0.518041584,0.512784703,0.507527822,0.502270941,0.497014059,0.491757178,0.486500297,0.481243416,0.475986535,0.470729653,0.465472772,0.460215891,0.45495901,0.449702129,0.444445248,0.439188366,0.433931485,0.428674604,0.423417723,0.418160842,0.41290396,0.407647079,0.533812228,2.994806931,3.011486634,3.028166337,3.04484604,3.061525743,3.078205446,3.094885149,3.111564851,3.128244554,3.144924257,3.16160396,3.178283663,3.194963366,3.211643069,3.228322772,3.245002475,3.261682178,3.278361881,3.295041584,3.311721287,3.32840099,3.345080693,3.361760396,3.378440099,3.395119802,3.395119802,0.272110842,0.26967802,0.267245198,0.264812376,0.262379554,0.259946733,0.257513911,0.255081089,0.252648267,0.250215446,0.247782624,0.245349802,0.24291698,0.240484158,0.238051337,0.235618515,0.233185693,0.230752871,0.22832005,0.225887228,0.223454406,0.221021584,0.218588762,0.216155941,0.213723119,0.272110842,1.036238911,1.032861386,1.029483861,1.026106337,1.022728812,1.019351287,1.015973762,1.012596238,1.009218713,1.005841188,1.002463663,0.999086139,0.995708614,0.992331089,0.988953564,0.98557604,0.982198515,0.97882099,0.975443465,0.972065941,0.968688416,0.965310891,0.961933366,0.958555842,0.955178317,1.036238911,110,5/17/2012 1:48,-10,75,1500,261,1582,11653.71622,45,-51.8,1323,1473,360,1,4396000,360.5,1.42E-09,-0.061976282,32,0,0,1500,-0.010418949
14,5/17/2012 13:00,5/17/2012 13:30,0.931535644,4053.712376,4014.323762,3974.935149,3935.546535,3896.157921,3856.769307,3817.380693,3777.992079,3738.603465,3699.214851,3659.826238,3620.437624,3581.04901,3541.660396,3502.271782,3462.883168,3423.494554,3384.105941,3344.717327,3305.328713,3265.940099,3226.551485,3187.162871,3147.774257,3108.385644,4053.712376,27.45125248,27.19502475,26.93879703,26.68256931,26.42634158,26.17011386,25.91388614,25.65765842,25.40143069,25.14520297,24.88897525,24.63274752,24.3765198,24.12029208,23.86406436,23.60783663,23.35160891,23.09538119,22.83915347,22.58292574,22.32669802,22.0704703,21.81424257,21.55801485,21.30178713,27.45125248,0.528555347,0.523298465,0.518041584,0.512784703,0.507527822,0.502270941,0.497014059,0.491757178,0.486500297,0.481243416,0.475986535,0.470729653,0.465472772,0.460215891,0.45495901,0.449702129,0.444445248,0.439188366,0.433931485,0.428674604,0.423417723,0.418160842,0.41290396,0.407647079,0.402390198,0.528555347,3.011486634,3.028166337,3.04484604,3.061525743,3.078205446,3.094885149,3.111564851,3.128244554,3.144924257,3.16160396,3.178283663,3.194963366,3.211643069,3.228322772,3.245002475,3.261682178,3.278361881,3.295041584,3.311721287,3.32840099,3.345080693,3.361760396,3.378440099,3.395119802,3.411799505,3.411799505,0.26967802,0.267245198,0.264812376,0.262379554,0.259946733,0.257513911,0.255081089,0.252648267,0.250215446,0.247782624,0.245349802,0.24291698,0.240484158,0.238051337,0.235618515,0.233185693,0.230752871,0.22832005,0.225887228,0.223454406,0.221021584,0.218588762,0.216155941,0.213723119,0.211290297,0.26967802,1.032861386,1.029483861,1.026106337,1.022728812,1.019351287,1.015973762,1.012596238,1.009218713,1.005841188,1.002463663,0.999086139,0.995708614,0.992331089,0.988953564,0.98557604,0.982198515,0.97882099,0.975443465,0.972065941,0.968688416,0.965310891,0.961933366,0.958555842,0.955178317,0.951800792,1.032861386,110,5/17/2012 1:48,-10,75,1500,261,1582,11653.71622,45,-51.8,1323,1473,360,1,4396000,360.5,1.42E-09,-0.061976282,32,0,0,1500,-0.010437073
14,5/17/2012 13:05,5/17/2012 13:35,0.928158119,4014.323762,3974.935149,3935.546535,3896.157921,3856.769307,3817.380693,3777.992079,3738.603465,3699.214851,3659.826238,3620.437624,3581.04901,3541.660396,3502.271782,3462.883168,3423.494554,3384.105941,3344.717327,3305.328713,3265.940099,3226.551485,3187.162871,3147.774257,3108.385644,3068.99703,4014.323762,27.19502475,26.93879703,26.68256931,26.42634158,26.17011386,25.91388614,25.65765842,25.40143069,25.14520297,24.88897525,24.63274752,24.3765198,24.12029208,23.86406436,23.60783663,23.35160891,23.09538119,22.83915347,22.58292574,22.32669802,22.0704703,21.81424257,21.55801485,21.30178713,21.04555941,27.19502475,0.523298465,0.518041584,0.512784703,0.507527822,0.502270941,0.497014059,0.491757178,0.486500297,0.481243416,0.475986535,0.470729653,0.465472772,0.460215891,0.45495901,0.449702129,0.444445248,0.439188366,0.433931485,0.428674604,0.423417723,0.418160842,0.41290396,0.407647079,0.402390198,0.397133317,0.523298465,3.028166337,3.04484604,3.061525743,3.078205446,3.094885149,3.111564851,3.128244554,3.144924257,3.16160396,3.178283663,3.194963366,3.211643069,3.228322772,3.245002475,3.261682178,3.278361881,3.295041584,3.311721287,3.32840099,3.345080693,3.361760396,3.378440099,3.395119802,3.411799505,3.428479208,3.428479208,0.267245198,0.264812376,0.262379554,0.259946733,0.257513911,0.255081089,0.252648267,0.250215446,0.247782624,0.245349802,0.24291698,0.240484158,0.238051337,0.235618515,0.233185693,0.230752871,0.22832005,0.225887228,0.223454406,0.221021584,0.218588762,0.216155941,0.213723119,0.211290297,0.208857475,0.267245198,1.029483861,1.026106337,1.022728812,1.019351287,1.015973762,1.012596238,1.009218713,1.005841188,1.002463663,0.999086139,0.995708614,0.992331089,0.988953564,0.98557604,0.982198515,0.97882099,0.975443465,0.972065941,0.968688416,0.965310891,0.961933366,0.958555842,0.955178317,0.951800792,0.948423267,1.029483861,110,5/17/2012 1:48,-10,75,1500,261,1582,11653.71622,45,-51.8,1323,1473,360,1,4396000,360.5,1.42E-09,-0.061976282,32,0,0,1500,-0.01045526
14,5/17/2012 13:10,5/17/2012 13:40,0.924780594,3974.935149,3935.546535,3896.157921,3856.769307,3817.380693,3777.992079,3738.603465,3699.214851,3659.826238,3620.437624,3581.04901,3541.660396,3502.271782,3462.883168,3423.494554,3384.105941,3344.717327,3305.328713,3265.940099,3226.551485,3187.162871,3147.774257,3108.385644,3068.99703,3029.608416,3974.935149,26.93879703,26.68256931,26.42634158,26.17011386,25.91388614,25.65765842,25.40143069,25.14520297,24.88897525,24.63274752,24.3765198,24.12029208,23.86406436,23.60783663,23.35160891,23.09538119,22.83915347,22.58292574,22.32669802,22.0704703,21.81424257,21.55801485,21.30178713,21.04555941,20.78933168,26.93879703,0.518041584,0.512784703,0.507527822,0.502270941,0.497014059,0.491757178,0.486500297,0.481243416,0.475986535,0.470729653,0.465472772,0.460215891,0.45495901,0.449702129,0.444445248,0.439188366,0.433931485,0.428674604,0.423417723,0.418160842,0.41290396,0.407647079,0.402390198,0.397133317,0.391876436,0.518041584,3.04484604,3.061525743,3.078205446,3.094885149,3.111564851,3.128244554,3.144924257,3.16160396,3.178283663,3.194963366,3.211643069,3.228322772,3.245002475,3.261682178,3.278361881,3.295041584,3.311721287,3.32840099,3.345080693,3.361760396,3.378440099,3.395119802,3.411799505,3.428479208,3.445158911,3.445158911,0.264812376,0.262379554,0.259946733,0.257513911,0.255081089,0.252648267,0.250215446,0.247782624,0.245349802,0.24291698,0.240484158,0.238051337,0.235618515,0.233185693,0.230752871,0.22832005,0.225887228,0.223454406,0.221021584,0.218588762,0.216155941,0.213723119,0.211290297,0.208857475,0.206424653,0.264812376,1.026106337,1.022728812,1.019351287,1.015973762,1.012596238,1.009218713,1.005841188,1.002463663,0.999086139,0.995708614,0.992331089,0.988953564,0.98557604,0.982198515,0.97882099,0.975443465,0.972065941,0.968688416,0.965310891,0.961933366,0.958555842,0.955178317,0.951800792,0.948423267,0.945045743,1.026106337,110,5/17/2012 1:48,-10,75,1500,261,1582,11653.71622,45,-51.8,1323,1473,360,1,4396000,360.5,1.42E-09,-0.061976282,32,0,0,1500,-0.010473511
14,5/17/2012 13:15,5/17/2012 13:45,0.921403069,3935.546535,3896.157921,3856.769307,3817.380693,3777.992079,3738.603465,3699.214851,3659.826238,3620.437624,3581.04901,3541.660396,3502.271782,3462.883168,3423.494554,3384.105941,3344.717327,3305.328713,3265.940099,3226.551485,3187.162871,3147.774257,3108.385644,3068.99703,3029.608416,2990.219802,3935.546535,26.68256931,26.42634158,26.17011386,25.91388614,25.65765842,25.40143069,25.14520297,24.88897525,24.63274752,24.3765198,24.12029208,23.86406436,23.60783663,23.35160891,23.09538119,22.83915347,22.58292574,22.32669802,22.0704703,21.81424257,21.55801485,21.30178713,21.04555941,20.78933168,20.53310396,26.68256931,0.512784703,0.507527822,0.502270941,0.497014059,0.491757178,0.486500297,0.481243416,0.475986535,0.470729653,0.465472772,0.460215891,0.45495901,0.449702129,0.444445248,0.439188366,0.433931485,0.428674604,0.423417723,0.418160842,0.41290396,0.407647079,0.402390198,0.397133317,0.391876436,0.386619554,0.512784703,3.061525743,3.078205446,3.094885149,3.111564851,3.128244554,3.144924257,3.16160396,3.178283663,3.194963366,3.211643069,3.228322772,3.245002475,3.261682178,3.278361881,3.295041584,3.311721287,3.32840099,3.345080693,3.361760396,3.378440099,3.395119802,3.411799505,3.428479208,3.445158911,3.461838614,3.461838614,0.262379554,0.259946733,0.257513911,0.255081089,0.252648267,0.250215446,0.247782624,0.245349802,0.24291698,0.240484158,0.238051337,0.235618515,0.233185693,0.230752871,0.22832005,0.225887228,0.223454406,0.221021584,0.218588762,0.216155941,0.213723119,0.211290297,0.208857475,0.206424653,0.203991832,0.262379554,1.022728812,1.019351287,1.015973762,1.012596238,1.009218713,1.005841188,1.002463663,0.999086139,0.995708614,0.992331089,0.988953564,0.98557604,0.982198515,0.97882099,0.975443465,0.972065941,0.968688416,0.965310891,0.961933366,0.958555842,0.955178317,0.951800792,0.948423267,0.945045743,0.941668218,1.022728812,110,5/17/2012 1:48,-10,75,1500,261,1582,11653.71622,45,-51.8,1323,1473,360,1,4396000,360.5,1.42E-09,-0.061976282,32,0,0,1500,-0.010491825
14,5/17/2012 13:20,5/17/2012 13:50,0.918025545,3896.157921,3856.769307,3817.380693,3777.992079,3738.603465,3699.214851,3659.826238,3620.437624,3581.04901,3541.660396,3502.271782,3462.883168,3423.494554,3384.105941,3344.717327,3305.328713,3265.940099,3226.551485,3187.162871,3147.774257,3108.385644,3068.99703,3029.608416,2990.219802,2950.831188,3896.157921,26.42634158,26.17011386,25.91388614,25.65765842,25.40143069,25.14520297,24.88897525,24.63274752,24.3765198,24.12029208,23.86406436,23.60783663,23.35160891,23.09538119,22.83915347,22.58292574,22.32669802,22.0704703,21.81424257,21.55801485,21.30178713,21.04555941,20.78933168,20.53310396,20.27687624,26.42634158,0.507527822,0.502270941,0.497014059,0.491757178,0.486500297,0.481243416,0.475986535,0.470729653,0.465472772,0.460215891,0.45495901,0.449702129,0.444445248,0.439188366,0.433931485,0.428674604,0.423417723,0.418160842,0.41290396,0.407647079,0.402390198,0.397133317,0.391876436,0.386619554,0.381362673,0.507527822,3.078205446,3.094885149,3.111564851,3.128244554,3.144924257,3.16160396,3.178283663,3.194963366,3.211643069,3.228322772,3.245002475,3.261682178,3.278361881,3.295041584,3.311721287,3.32840099,3.345080693,3.361760396,3.378440099,3.395119802,3.411799505,3.428479208,3.445158911,3.461838614,3.478518317,3.478518317,0.259946733,0.257513911,0.255081089,0.252648267,0.250215446,0.247782624,0.245349802,0.24291698,0.240484158,0.238051337,0.235618515,0.233185693,0.230752871,0.22832005,0.225887228,0.223454406,0.221021584,0.218588762,0.216155941,0.213723119,0.211290297,0.208857475,0.206424653,0.203991832,0.20155901,0.259946733,1.019351287,1.015973762,1.012596238,1.009218713,1.005841188,1.002463663,0.999086139,0.995708614,0.992331089,0.988953564,0.98557604,0.982198515,0.97882099,0.975443465,0.972065941,0.968688416,0.965310891,0.961933366,0.958555842,0.955178317,0.951800792,0.948423267,0.945045743,0.941668218,0.938290693,1.019351287,110,5/17/2012 1:48,-10,75,1500,261,1582,11653.71622,45,-51.8,1323,1473,360,1,4396000,360.5,1.42E-09,-0.061976282,32,0,0,1500,-0.010510204
14,5/17/2012 13:25,5/17/2012 13:55,0.91464802,3856.769307,3817.380693,3777.992079,3738.603465,3699.214851,3659.826238,3620.437624,3581.04901,3541.660396,3502.271782,3462.883168,3423.494554,3384.105941,3344.717327,3305.328713,3265.940099,3226.551485,3187.162871,3147.774257,3108.385644,3068.99703,3029.608416,2990.219802,2950.831188,2911.442574,3856.769307,26.17011386,25.91388614,25.65765842,25.40143069,25.14520297,24.88897525,24.63274752,24.3765198,24.12029208,23.86406436,23.60783663,23.35160891,23.09538119,22.83915347,22.58292574,22.32669802,22.0704703,21.81424257,21.55801485,21.30178713,21.04555941,20.78933168,20.53310396,20.27687624,20.02064851,26.17011386,0.502270941,0.497014059,0.491757178,0.486500297,0.481243416,0.475986535,0.470729653,0.465472772,0.460215891,0.45495901,0.449702129,0.444445248,0.439188366,0.433931485,0.428674604,0.423417723,0.418160842,0.41290396,0.407647079,0.402390198,0.397133317,0.391876436,0.386619554,0.381362673,0.376105792,0.502270941,3.094885149,3.111564851,3.128244554,3.144924257,3.16160396,3.178283663,3.194963366,3.211643069,3.228322772,3.245002475,3.261682178,3.278361881,3.295041584,3.311721287,3.32840099,3.345080693,3.361760396,3.378440099,3.395119802,3.411799505,3.428479208,3.445158911,3.461838614,3.478518317,3.49519802,3.49519802,0.257513911,0.255081089,0.252648267,0.250215446,0.247782624,0.245349802,0.24291698,0.240484158,0.238051337,0.235618515,0.233185693,0.230752871,0.22832005,0.225887228,0.223454406,0.221021584,0.218588762,0.216155941,0.213723119,0.211290297,0.208857475,0.206424653,0.203991832,0.20155901,0.199126188,0.257513911,1.015973762,1.012596238,1.009218713,1.005841188,1.002463663,0.999086139,0.995708614,0.992331089,0.988953564,0.98557604,0.982198515,0.97882099,0.975443465,0.972065941,0.968688416,0.965310891,0.961933366,0.958555842,0.955178317,0.951800792,0.948423267,0.945045743,0.941668218,0.938290693,0.934913168,1.015973762,110,5/17/2012 1:48,-10,75,1500,261,1582,11653.71622,45,-51.8,1323,1473,360,1,4396000,360.5,1.42E-09,-0.061976282,32,0,0,1500,-0.010528647
14,5/17/2012 13:30,5/17/2012 14:00,0.911270495,3817.380693,3777.992079,3738.603465,3699.214851,3659.826238,3620.437624,3581.04901,3541.660396,3502.271782,3462.883168,3423.494554,3384.105941,3344.717327,3305.328713,3265.940099,3226.551485,3187.162871,3147.774257,3108.385644,3068.99703,3029.608416,2990.219802,2950.831188,2911.442574,2872.05396,3817.380693,25.91388614,25.65765842,25.40143069,25.14520297,24.88897525,24.63274752,24.3765198,24.12029208,23.86406436,23.60783663,23.35160891,23.09538119,22.83915347,22.58292574,22.32669802,22.0704703,21.81424257,21.55801485,21.30178713,21.04555941,20.78933168,20.53310396,20.27687624,20.02064851,19.76442079,25.91388614,0.497014059,0.491757178,0.486500297,0.481243416,0.475986535,0.470729653,0.465472772,0.460215891,0.45495901,0.449702129,0.444445248,0.439188366,0.433931485,0.428674604,0.423417723,0.418160842,0.41290396,0.407647079,0.402390198,0.397133317,0.391876436,0.386619554,0.381362673,0.376105792,0.370848911,0.497014059,3.111564851,3.128244554,3.144924257,3.16160396,3.178283663,3.194963366,3.211643069,3.228322772,3.245002475,3.261682178,3.278361881,3.295041584,3.311721287,3.32840099,3.345080693,3.361760396,3.378440099,3.395119802,3.411799505,3.428479208,3.445158911,3.461838614,3.478518317,3.49519802,3.511877723,3.511877723,0.255081089,0.252648267,0.250215446,0.247782624,0.245349802,0.24291698,0.240484158,0.238051337,0.235618515,0.233185693,0.230752871,0.22832005,0.225887228,0.223454406,0.221021584,0.218588762,0.216155941,0.213723119,0.211290297,0.208857475,0.206424653,0.203991832,0.20155901,0.199126188,0.196693366,0.255081089,1.012596238,1.009218713,1.005841188,1.002463663,0.999086139,0.995708614,0.992331089,0.988953564,0.98557604,0.982198515,0.97882099,0.975443465,0.972065941,0.968688416,0.965310891,0.961933366,0.958555842,0.955178317,0.951800792,0.948423267,0.945045743,0.941668218,0.938290693,0.934913168,0.931535644,1.012596238,110,5/17/2012 1:48,-10,75,1500,261,1582,11653.71622,45,-51.8,1323,1473,360,1,4396000,360.5,1.42E-09,-0.061976282,32,0,0,1500,-0.010547155
14,5/17/2012 13:35,5/17/2012 14:05,0.90789297,3777.992079,3738.603465,3699.214851,3659.826238,3620.437624,3581.04901,3541.660396,3502.271782,3462.883168,3423.494554,3384.105941,3344.717327,3305.328713,3265.940099,3226.551485,3187.162871,3147.774257,3108.385644,3068.99703,3029.608416,2990.219802,2950.831188,2911.442574,2872.05396,2832.665347,3777.992079,25.65765842,25.40143069,25.14520297,24.88897525,24.63274752,24.3765198,24.12029208,23.86406436,23.60783663,23.35160891,23.09538119,22.83915347,22.58292574,22.32669802,22.0704703,21.81424257,21.55801485,21.30178713,21.04555941,20.78933168,20.53310396,20.27687624,20.02064851,19.76442079,19.50819307,25.65765842,0.491757178,0.486500297,0.481243416,0.475986535,0.470729653,0.465472772,0.460215891,0.45495901,0.449702129,0.444445248,0.439188366,0.433931485,0.428674604,0.423417723,0.418160842,0.41290396,0.407647079,0.402390198,0.397133317,0.391876436,0.386619554,0.381362673,0.376105792,0.370848911,0.36559203,0.491757178,3.128244554,3.144924257,3.16160396,3.178283663,3.194963366,3.211643069,3.228322772,3.245002475,3.261682178,3.278361881,3.295041584,3.311721287,3.32840099,3.345080693,3.361760396,3.378440099,3.395119802,3.411799505,3.428479208,3.445158911,3.461838614,3.478518317,3.49519802,3.511877723,3.528557426,3.528557426,0.252648267,0.250215446,0.247782624,0.245349802,0.24291698,0.240484158,0.238051337,0.235618515,0.233185693,0.230752871,0.22832005,0.225887228,0.223454406,0.221021584,0.218588762,0.216155941,0.213723119,0.211290297,0.208857475,0.206424653,0.203991832,0.20155901,0.199126188,0.196693366,0.194260545,0.252648267,1.009218713,1.005841188,1.002463663,0.999086139,0.995708614,0.992331089,0.988953564,0.98557604,0.982198515,0.97882099,0.975443465,0.972065941,0.968688416,0.965310891,0.961933366,0.958555842,0.955178317,0.951800792,0.948423267,0.945045743,0.941668218,0.938290693,0.934913168,0.931535644,0.928158119,1.009218713,110,5/17/2012 1:48,-10,75,1500,261,1582,11653.71622,45,-51.8,1323,1473,360,1,4396000,360.5,1.42E-09,-0.061976282,32,0,0,1500,-0.010565728
14,5/17/2012 13:40,5/17/2012 14:10,0.904515446,3738.603465,3699.214851,3659.826238,3620.437624,3581.04901,3541.660396,3502.271782,3462.883168,3423.494554,3384.105941,3344.717327,3305.328713,3265.940099,3226.551485,3187.162871,3147.774257,3108.385644,3068.99703,3029.608416,2990.219802,2950.831188,2911.442574,2872.05396,2832.665347,2793.276733,3738.603465,25.40143069,25.14520297,24.88897525,24.63274752,24.3765198,24.12029208,23.86406436,23.60783663,23.35160891,23.09538119,22.83915347,22.58292574,22.32669802,22.0704703,21.81424257,21.55801485,21.30178713,21.04555941,20.78933168,20.53310396,20.27687624,20.02064851,19.76442079,19.50819307,19.25196535,25.40143069,0.486500297,0.481243416,0.475986535,0.470729653,0.465472772,0.460215891,0.45495901,0.449702129,0.444445248,0.439188366,0.433931485,0.428674604,0.423417723,0.418160842,0.41290396,0.407647079,0.402390198,0.397133317,0.391876436,0.386619554,0.381362673,0.376105792,0.370848911,0.36559203,0.360335149,0.486500297,3.144924257,3.16160396,3.178283663,3.194963366,3.211643069,3.228322772,3.245002475,3.261682178,3.278361881,3.295041584,3.311721287,3.32840099,3.345080693,3.361760396,3.378440099,3.395119802,3.411799505,3.428479208,3.445158911,3.461838614,3.478518317,3.49519802,3.511877723,3.528557426,3.545237129,3.545237129,0.250215446,0.247782624,0.245349802,0.24291698,0.240484158,0.238051337,0.235618515,0.233185693,0.230752871,0.22832005,0.225887228,0.223454406,0.221021584,0.218588762,0.216155941,0.213723119,0.211290297,0.208857475,0.206424653,0.203991832,0.20155901,0.199126188,0.196693366,0.194260545,0.191827723,0.250215446,1.005841188,1.002463663,0.999086139,0.995708614,0.992331089,0.988953564,0.98557604,0.982198515,0.97882099,0.975443465,0.972065941,0.968688416,0.965310891,0.961933366,0.958555842,0.955178317,0.951800792,0.948423267,0.945045743,0.941668218,0.938290693,0.934913168,0.931535644,0.928158119,0.924780594,1.005841188,110,5/17/2012 1:48,-10,75,1500,261,1582,11653.71622,45,-51.8,1323,1473,360,1,4396000,360.5,1.42E-09,-0.061976282,32,0,0,1500,-0.010584367
14,5/17/2012 13:45,5/17/2012 14:15,0.901137921,3699.214851,3659.826238,3620.437624,3581.04901,3541.660396,3502.271782,3462.883168,3423.494554,3384.105941,3344.717327,3305.328713,3265.940099,3226.551485,3187.162871,3147.774257,3108.385644,3068.99703,3029.608416,2990.219802,2950.831188,2911.442574,2872.05396,2832.665347,2793.276733,2753.888119,3699.214851,25.14520297,24.88897525,24.63274752,24.3765198,24.12029208,23.86406436,23.60783663,23.35160891,23.09538119,22.83915347,22.58292574,22.32669802,22.0704703,21.81424257,21.55801485,21.30178713,21.04555941,20.78933168,20.53310396,20.27687624,20.02064851,19.76442079,19.50819307,19.25196535,18.99573762,25.14520297,0.481243416,0.475986535,0.470729653,0.465472772,0.460215891,0.45495901,0.449702129,0.444445248,0.439188366,0.433931485,0.428674604,0.423417723,0.418160842,0.41290396,0.407647079,0.402390198,0.397133317,0.391876436,0.386619554,0.381362673,0.376105792,0.370848911,0.36559203,0.360335149,0.355078267,0.481243416,3.16160396,3.178283663,3.194963366,3.211643069,3.228322772,3.245002475,3.261682178,3.278361881,3.295041584,3.311721287,3.32840099,3.345080693,3.361760396,3.378440099,3.395119802,3.411799505,3.428479208,3.445158911,3.461838614,3.478518317,3.49519802,3.511877723,3.528557426,3.545237129,3.561916832,3.561916832,0.247782624,0.245349802,0.24291698,0.240484158,0.238051337,0.235618515,0.233185693,0.230752871,0.22832005,0.225887228,0.223454406,0.221021584,0.218588762,0.216155941,0.213723119,0.211290297,0.208857475,0.206424653,0.203991832,0.20155901,0.199126188,0.196693366,0.194260545,0.191827723,0.189394901,0.247782624,1.002463663,0.999086139,0.995708614,0.992331089,0.988953564,0.98557604,0.982198515,0.97882099,0.975443465,0.972065941,0.968688416,0.965310891,0.961933366,0.958555842,0.955178317,0.951800792,0.948423267,0.945045743,0.941668218,0.938290693,0.934913168,0.931535644,0.928158119,0.924780594,0.921403069,1.002463663,110,5/17/2012 1:48,-10,75,1500,261,1582,11653.71622,45,-51.8,1323,1473,360,1,4396000,360.5,1.42E-09,-0.061976282,32,0,0,1500,-0.010603072
14,5/17/2012 13:50,5/17/2012 14:20,0.897760396,3659.826238,3620.437624,3581.04901,3541.660396,3502.271782,3462.883168,3423.494554,3384.105941,3344.717327,3305.328713,3265.940099,3226.551485,3187.162871,3147.774257,3108.385644,3068.99703,3029.608416,2990.219802,2950.831188,2911.442574,2872.05396,2832.665347,2793.276733,2753.888119,2714.499505,3659.826238,24.88897525,24.63274752,24.3765198,24.12029208,23.86406436,23.60783663,23.35160891,23.09538119,22.83915347,22.58292574,22.32669802,22.0704703,21.81424257,21.55801485,21.30178713,21.04555941,20.78933168,20.53310396,20.27687624,20.02064851,19.76442079,19.50819307,19.25196535,18.99573762,18.7395099,24.88897525,0.475986535,0.470729653,0.465472772,0.460215891,0.45495901,0.449702129,0.444445248,0.439188366,0.433931485,0.428674604,0.423417723,0.418160842,0.41290396,0.407647079,0.402390198,0.397133317,0.391876436,0.386619554,0.381362673,0.376105792,0.370848911,0.36559203,0.360335149,0.355078267,0.349821386,0.475986535,3.178283663,3.194963366,3.211643069,3.228322772,3.245002475,3.261682178,3.278361881,3.295041584,3.311721287,3.32840099,3.345080693,3.361760396,3.378440099,3.395119802,3.411799505,3.428479208,3.445158911,3.461838614,3.478518317,3.49519802,3.511877723,3.528557426,3.545237129,3.561916832,3.578596535,3.578596535,0.245349802,0.24291698,0.240484158,0.238051337,0.235618515,0.233185693,0.230752871,0.22832005,0.225887228,0.223454406,0.221021584,0.218588762,0.216155941,0.213723119,0.211290297,0.208857475,0.206424653,0.203991832,0.20155901,0.199126188,0.196693366,0.194260545,0.191827723,0.189394901,0.186962079,0.245349802,0.999086139,0.995708614,0.992331089,0.988953564,0.98557604,0.982198515,0.97882099,0.975443465,0.972065941,0.968688416,0.965310891,0.961933366,0.958555842,0.955178317,0.951800792,0.948423267,0.945045743,0.941668218,0.938290693,0.934913168,0.931535644,0.928158119,0.924780594,0.921403069,0.918025545,0.999086139,110,5/17/2012 1:48,-10,75,1500,261,1582,11653.71622,45,-51.8,1323,1473,360,1,4396000,360.5,1.42E-09,-0.061976282,32,0,0,1500,-0.010621843
14,5/17/2012 13:55,5/17/2012 14:25,0.894382871,3620.437624,3581.04901,3541.660396,3502.271782,3462.883168,3423.494554,3384.105941,3344.717327,3305.328713,3265.940099,3226.551485,3187.162871,3147.774257,3108.385644,3068.99703,3029.608416,2990.219802,2950.831188,2911.442574,2872.05396,2832.665347,2793.276733,2753.888119,2714.499505,2675.110891,3620.437624,24.63274752,24.3765198,24.12029208,23.86406436,23.60783663,23.35160891,23.09538119,22.83915347,22.58292574,22.32669802,22.0704703,21.81424257,21.55801485,21.30178713,21.04555941,20.78933168,20.53310396,20.27687624,20.02064851,19.76442079,19.50819307,19.25196535,18.99573762,18.7395099,18.48328218,24.63274752,0.470729653,0.465472772,0.460215891,0.45495901,0.449702129,0.444445248,0.439188366,0.433931485,0.428674604,0.423417723,0.418160842,0.41290396,0.407647079,0.402390198,0.397133317,0.391876436,0.386619554,0.381362673,0.376105792,0.370848911,0.36559203,0.360335149,0.355078267,0.349821386,0.344564505,0.470729653,3.194963366,3.211643069,3.228322772,3.245002475,3.261682178,3.278361881,3.295041584,3.311721287,3.32840099,3.345080693,3.361760396,3.378440099,3.395119802,3.411799505,3.428479208,3.445158911,3.461838614,3.478518317,3.49519802,3.511877723,3.528557426,3.545237129,3.561916832,3.578596535,3.595276238,3.595276238,0.24291698,0.240484158,0.238051337,0.235618515,0.233185693,0.230752871,0.22832005,0.225887228,0.223454406,0.221021584,0.218588762,0.216155941,0.213723119,0.211290297,0.208857475,0.206424653,0.203991832,0.20155901,0.199126188,0.196693366,0.194260545,0.191827723,0.189394901,0.186962079,0.184529257,0.24291698,0.995708614,0.992331089,0.988953564,0.98557604,0.982198515,0.97882099,0.975443465,0.972065941,0.968688416,0.965310891,0.961933366,0.958555842,0.955178317,0.951800792,0.948423267,0.945045743,0.941668218,0.938290693,0.934913168,0.931535644,0.928158119,0.924780594,0.921403069,0.918025545,0.91464802,0.995708614,110,5/17/2012 1:48,-10,75,1500,261,1582,11653.71622,45,-51.8,1323,1473,360,1,4396000,360.5,1.42E-09,-0.061976282,32,0,0,1500,-0.01064068
14,5/17/2012 14:00,5/17/2012 14:30,0.891005347,3581.04901,3541.660396,3502.271782,3462.883168,3423.494554,3384.105941,3344.717327,3305.328713,3265.940099,3226.551485,3187.162871,3147.774257,3108.385644,3068.99703,3029.608416,2990.219802,2950.831188,2911.442574,2872.05396,2832.665347,2793.276733,2753.888119,2714.499505,2675.110891,2635.722277,3581.04901,24.3765198,24.12029208,23.86406436,23.60783663,23.35160891,23.09538119,22.83915347,22.58292574,22.32669802,22.0704703,21.81424257,21.55801485,21.30178713,21.04555941,20.78933168,20.53310396,20.27687624,20.02064851,19.76442079,19.50819307,19.25196535,18.99573762,18.7395099,18.48328218,18.22705446,24.3765198,0.465472772,0.460215891,0.45495901,0.449702129,0.444445248,0.439188366,0.433931485,0.428674604,0.423417723,0.418160842,0.41290396,0.407647079,0.402390198,0.397133317,0.391876436,0.386619554,0.381362673,0.376105792,0.370848911,0.36559203,0.360335149,0.355078267,0.349821386,0.344564505,0.339307624,0.465472772,3.211643069,3.228322772,3.245002475,3.261682178,3.278361881,3.295041584,3.311721287,3.32840099,3.345080693,3.361760396,3.378440099,3.395119802,3.411799505,3.428479208,3.445158911,3.461838614,3.478518317,3.49519802,3.511877723,3.528557426,3.545237129,3.561916832,3.578596535,3.595276238,3.611955941,3.611955941,0.240484158,0.238051337,0.235618515,0.233185693,0.230752871,0.22832005,0.225887228,0.223454406,0.221021584,0.218588762,0.216155941,0.213723119,0.211290297,0.208857475,0.206424653,0.203991832,0.20155901,0.199126188,0.196693366,0.194260545,0.191827723,0.189394901,0.186962079,0.184529257,0.182096436,0.240484158,0.992331089,0.988953564,0.98557604,0.982198515,0.97882099,0.975443465,0.972065941,0.968688416,0.965310891,0.961933366,0.958555842,0.955178317,0.951800792,0.948423267,0.945045743,0.941668218,0.938290693,0.934913168,0.931535644,0.928158119,0.924780594,0.921403069,0.918025545,0.91464802,0.911270495,0.992331089,110,5/17/2012 1:48,-10,75,1500,261,1582,11653.71622,45,-51.8,1323,1473,360,1,4396000,360.5,1.42E-09,-0.061976282,32,0,0,1500,-0.010659585
14,5/17/2012 14:05,5/17/2012 14:35,0.887627822,3541.660396,3502.271782,3462.883168,3423.494554,3384.105941,3344.717327,3305.328713,3265.940099,3226.551485,3187.162871,3147.774257,3108.385644,3068.99703,3029.608416,2990.219802,2950.831188,2911.442574,2872.05396,2832.665347,2793.276733,2753.888119,2714.499505,2675.110891,2635.722277,2596.333663,3541.660396,24.12029208,23.86406436,23.60783663,23.35160891,23.09538119,22.83915347,22.58292574,22.32669802,22.0704703,21.81424257,21.55801485,21.30178713,21.04555941,20.78933168,20.53310396,20.27687624,20.02064851,19.76442079,19.50819307,19.25196535,18.99573762,18.7395099,18.48328218,18.22705446,17.97082673,24.12029208,0.460215891,0.45495901,0.449702129,0.444445248,0.439188366,0.433931485,0.428674604,0.423417723,0.418160842,0.41290396,0.407647079,0.402390198,0.397133317,0.391876436,0.386619554,0.381362673,0.376105792,0.370848911,0.36559203,0.360335149,0.355078267,0.349821386,0.344564505,0.339307624,0.334050743,0.460215891,3.228322772,3.245002475,3.261682178,3.278361881,3.295041584,3.311721287,3.32840099,3.345080693,3.361760396,3.378440099,3.395119802,3.411799505,3.428479208,3.445158911,3.461838614,3.478518317,3.49519802,3.511877723,3.528557426,3.545237129,3.561916832,3.578596535,3.595276238,3.611955941,3.628635644,3.628635644,0.238051337,0.235618515,0.233185693,0.230752871,0.22832005,0.225887228,0.223454406,0.221021584,0.218588762,0.216155941,0.213723119,0.211290297,0.208857475,0.206424653,0.203991832,0.20155901,0.199126188,0.196693366,0.194260545,0.191827723,0.189394901,0.186962079,0.184529257,0.182096436,0.179663614,0.238051337,0.988953564,0.98557604,0.982198515,0.97882099,0.975443465,0.972065941,0.968688416,0.965310891,0.961933366,0.958555842,0.955178317,0.951800792,0.948423267,0.945045743,0.941668218,0.938290693,0.934913168,0.931535644,0.928158119,0.924780594,0.921403069,0.918025545,0.91464802,0.911270495,0.90789297,0.988953564,110,5/17/2012 1:48,-10,75,1500,261,1582,11653.71622,45,-51.8,1323,1473,360,1,4396000,360.5,1.42E-09,-0.061976282,32,0,0,1500,-0.010678556
14,5/17/2012 14:10,5/17/2012 14:40,0.884250297,3502.271782,3462.883168,3423.494554,3384.105941,3344.717327,3305.328713,3265.940099,3226.551485,3187.162871,3147.774257,3108.385644,3068.99703,3029.608416,2990.219802,2950.831188,2911.442574,2872.05396,2832.665347,2793.276733,2753.888119,2714.499505,2675.110891,2635.722277,2596.333663,2556.94505,3502.271782,23.86406436,23.60783663,23.35160891,23.09538119,22.83915347,22.58292574,22.32669802,22.0704703,21.81424257,21.55801485,21.30178713,21.04555941,20.78933168,20.53310396,20.27687624,20.02064851,19.76442079,19.50819307,19.25196535,18.99573762,18.7395099,18.48328218,18.22705446,17.97082673,17.71459901,23.86406436,0.45495901,0.449702129,0.444445248,0.439188366,0.433931485,0.428674604,0.423417723,0.418160842,0.41290396,0.407647079,0.402390198,0.397133317,0.391876436,0.386619554,0.381362673,0.376105792,0.370848911,0.36559203,0.360335149,0.355078267,0.349821386,0.344564505,0.339307624,0.334050743,0.328793861,0.45495901,3.245002475,3.261682178,3.278361881,3.295041584,3.311721287,3.32840099,3.345080693,3.361760396,3.378440099,3.395119802,3.411799505,3.428479208,3.445158911,3.461838614,3.478518317,3.49519802,3.511877723,3.528557426,3.545237129,3.561916832,3.578596535,3.595276238,3.611955941,3.628635644,3.645315347,3.645315347,0.235618515,0.233185693,0.230752871,0.22832005,0.225887228,0.223454406,0.221021584,0.218588762,0.216155941,0.213723119,0.211290297,0.208857475,0.206424653,0.203991832,0.20155901,0.199126188,0.196693366,0.194260545,0.191827723,0.189394901,0.186962079,0.184529257,0.182096436,0.179663614,0.177230792,0.235618515,0.98557604,0.982198515,0.97882099,0.975443465,0.972065941,0.968688416,0.965310891,0.961933366,0.958555842,0.955178317,0.951800792,0.948423267,0.945045743,0.941668218,0.938290693,0.934913168,0.931535644,0.928158119,0.924780594,0.921403069,0.918025545,0.91464802,0.911270495,0.90789297,0.904515446,0.98557604,110,5/17/2012 1:48,-10,75,1500,261,1582,11653.71622,45,-51.8,1323,1473,360,1,4396000,360.5,1.42E-09,-0.061976282,32,0,0,1500,-0.010697596
14,5/17/2012 14:15,5/17/2012 14:45,0.880872772,3462.883168,3423.494554,3384.105941,3344.717327,3305.328713,3265.940099,3226.551485,3187.162871,3147.774257,3108.385644,3068.99703,3029.608416,2990.219802,2950.831188,2911.442574,2872.05396,2832.665347,2793.276733,2753.888119,2714.499505,2675.110891,2635.722277,2596.333663,2556.94505,2517.556436,3462.883168,23.60783663,23.35160891,23.09538119,22.83915347,22.58292574,22.32669802,22.0704703,21.81424257,21.55801485,21.30178713,21.04555941,20.78933168,20.53310396,20.27687624,20.02064851,19.76442079,19.50819307,19.25196535,18.99573762,18.7395099,18.48328218,18.22705446,17.97082673,17.71459901,17.45837129,23.60783663,0.449702129,0.444445248,0.439188366,0.433931485,0.428674604,0.423417723,0.418160842,0.41290396,0.407647079,0.402390198,0.397133317,0.391876436,0.386619554,0.381362673,0.376105792,0.370848911,0.36559203,0.360335149,0.355078267,0.349821386,0.344564505,0.339307624,0.334050743,0.328793861,0.32353698,0.449702129,3.261682178,3.278361881,3.295041584,3.311721287,3.32840099,3.345080693,3.361760396,3.378440099,3.395119802,3.411799505,3.428479208,3.445158911,3.461838614,3.478518317,3.49519802,3.511877723,3.528557426,3.545237129,3.561916832,3.578596535,3.595276238,3.611955941,3.628635644,3.645315347,3.66199505,3.66199505,0.233185693,0.230752871,0.22832005,0.225887228,0.223454406,0.221021584,0.218588762,0.216155941,0.213723119,0.211290297,0.208857475,0.206424653,0.203991832,0.20155901,0.199126188,0.196693366,0.194260545,0.191827723,0.189394901,0.186962079,0.184529257,0.182096436,0.179663614,0.177230792,0.17479797,0.233185693,0.982198515,0.97882099,0.975443465,0.972065941,0.968688416,0.965310891,0.961933366,0.958555842,0.955178317,0.951800792,0.948423267,0.945045743,0.941668218,0.938290693,0.934913168,0.931535644,0.928158119,0.924780594,0.921403069,0.918025545,0.91464802,0.911270495,0.90789297,0.904515446,0.901137921,0.982198515,110,5/17/2012 1:48,-10,75,1500,261,1582,11653.71622,45,-51.8,1323,1473,360,1,4396000,360.5,1.42E-09,-0.061976282,32,0,0,1500,-0.010716703
14,5/17/2012 14:20,5/17/2012 14:50,0.877495248,3423.494554,3384.105941,3344.717327,3305.328713,3265.940099,3226.551485,3187.162871,3147.774257,3108.385644,3068.99703,3029.608416,2990.219802,2950.831188,2911.442574,2872.05396,2832.665347,2793.276733,2753.888119,2714.499505,2675.110891,2635.722277,2596.333663,2556.94505,2517.556436,2478.167822,3423.494554,23.35160891,23.09538119,22.83915347,22.58292574,22.32669802,22.0704703,21.81424257,21.55801485,21.30178713,21.04555941,20.78933168,20.53310396,20.27687624,20.02064851,19.76442079,19.50819307,19.25196535,18.99573762,18.7395099,18.48328218,18.22705446,17.97082673,17.71459901,17.45837129,17.20214356,23.35160891,0.444445248,0.439188366,0.433931485,0.428674604,0.423417723,0.418160842,0.41290396,0.407647079,0.402390198,0.397133317,0.391876436,0.386619554,0.381362673,0.376105792,0.370848911,0.36559203,0.360335149,0.355078267,0.349821386,0.344564505,0.339307624,0.334050743,0.328793861,0.32353698,0.318280099,0.444445248,3.278361881,3.295041584,3.311721287,3.32840099,3.345080693,3.361760396,3.378440099,3.395119802,3.411799505,3.428479208,3.445158911,3.461838614,3.478518317,3.49519802,3.511877723,3.528557426,3.545237129,3.561916832,3.578596535,3.595276238,3.611955941,3.628635644,3.645315347,3.66199505,3.678674752,3.678674752,0.230752871,0.22832005,0.225887228,0.223454406,0.221021584,0.218588762,0.216155941,0.213723119,0.211290297,0.208857475,0.206424653,0.203991832,0.20155901,0.199126188,0.196693366,0.194260545,0.191827723,0.189394901,0.186962079,0.184529257,0.182096436,0.179663614,0.177230792,0.17479797,0.172365149,0.230752871,0.97882099,0.975443465,0.972065941,0.968688416,0.965310891,0.961933366,0.958555842,0.955178317,0.951800792,0.948423267,0.945045743,0.941668218,0.938290693,0.934913168,0.931535644,0.928158119,0.924780594,0.921403069,0.918025545,0.91464802,0.911270495,0.90789297,0.904515446,0.901137921,0.897760396,0.97882099,110,5/17/2012 1:48,-10,75,1500,261,1582,11653.71622,45,-51.8,1323,1473,360,1,4396000,360.5,1.42E-09,-0.061976282,32,0,0,1500,-0.010735879
14,5/17/2012 14:25,5/17/2012 14:55,0.874117723,3384.105941,3344.717327,3305.328713,3265.940099,3226.551485,3187.162871,3147.774257,3108.385644,3068.99703,3029.608416,2990.219802,2950.831188,2911.442574,2872.05396,2832.665347,2793.276733,2753.888119,2714.499505,2675.110891,2635.722277,2596.333663,2556.94505,2517.556436,2478.167822,2438.779208,3384.105941,23.09538119,22.83915347,22.58292574,22.32669802,22.0704703,21.81424257,21.55801485,21.30178713,21.04555941,20.78933168,20.53310396,20.27687624,20.02064851,19.76442079,19.50819307,19.25196535,18.99573762,18.7395099,18.48328218,18.22705446,17.97082673,17.71459901,17.45837129,17.20214356,16.94591584,23.09538119,0.439188366,0.433931485,0.428674604,0.423417723,0.418160842,0.41290396,0.407647079,0.402390198,0.397133317,0.391876436,0.386619554,0.381362673,0.376105792,0.370848911,0.36559203,0.360335149,0.355078267,0.349821386,0.344564505,0.339307624,0.334050743,0.328793861,0.32353698,0.318280099,0.313023218,0.439188366,3.295041584,3.311721287,3.32840099,3.345080693,3.361760396,3.378440099,3.395119802,3.411799505,3.428479208,3.445158911,3.461838614,3.478518317,3.49519802,3.511877723,3.528557426,3.545237129,3.561916832,3.578596535,3.595276238,3.611955941,3.628635644,3.645315347,3.66199505,3.678674752,3.695354455,3.695354455,0.22832005,0.225887228,0.223454406,0.221021584,0.218588762,0.216155941,0.213723119,0.211290297,0.208857475,0.206424653,0.203991832,0.20155901,0.199126188,0.196693366,0.194260545,0.191827723,0.189394901,0.186962079,0.184529257,0.182096436,0.179663614,0.177230792,0.17479797,0.172365149,0.169932327,0.22832005,0.975443465,0.972065941,0.968688416,0.965310891,0.961933366,0.958555842,0.955178317,0.951800792,0.948423267,0.945045743,0.941668218,0.938290693,0.934913168,0.931535644,0.928158119,0.924780594,0.921403069,0.918025545,0.91464802,0.911270495,0.90789297,0.904515446,0.901137921,0.897760396,0.894382871,0.975443465,110,5/17/2012 1:48,-10,75,1500,261,1582,11653.71622,45,-51.8,1323,1473,360,1,4396000,360.5,1.42E-09,-0.061976282,31,0,0,1500,-0.010755123
14,5/17/2012 14:30,5/17/2012 15:00,0.870740198,3344.717327,3305.328713,3265.940099,3226.551485,3187.162871,3147.774257,3108.385644,3068.99703,3029.608416,2990.219802,2950.831188,2911.442574,2872.05396,2832.665347,2793.276733,2753.888119,2714.499505,2675.110891,2635.722277,2596.333663,2556.94505,2517.556436,2478.167822,2438.779208,2399.390594,3344.717327,22.83915347,22.58292574,22.32669802,22.0704703,21.81424257,21.55801485,21.30178713,21.04555941,20.78933168,20.53310396,20.27687624,20.02064851,19.76442079,19.50819307,19.25196535,18.99573762,18.7395099,18.48328218,18.22705446,17.97082673,17.71459901,17.45837129,17.20214356,16.94591584,16.68968812,22.83915347,0.433931485,0.428674604,0.423417723,0.418160842,0.41290396,0.407647079,0.402390198,0.397133317,0.391876436,0.386619554,0.381362673,0.376105792,0.370848911,0.36559203,0.360335149,0.355078267,0.349821386,0.344564505,0.339307624,0.334050743,0.328793861,0.32353698,0.318280099,0.313023218,0.307766337,0.433931485,3.311721287,3.32840099,3.345080693,3.361760396,3.378440099,3.395119802,3.411799505,3.428479208,3.445158911,3.461838614,3.478518317,3.49519802,3.511877723,3.528557426,3.545237129,3.561916832,3.578596535,3.595276238,3.611955941,3.628635644,3.645315347,3.66199505,3.678674752,3.695354455,3.712034158,3.712034158,0.225887228,0.223454406,0.221021584,0.218588762,0.216155941,0.213723119,0.211290297,0.208857475,0.206424653,0.203991832,0.20155901,0.199126188,0.196693366,0.194260545,0.191827723,0.189394901,0.186962079,0.184529257,0.182096436,0.179663614,0.177230792,0.17479797,0.172365149,0.169932327,0.167499505,0.225887228,0.972065941,0.968688416,0.965310891,0.961933366,0.958555842,0.955178317,0.951800792,0.948423267,0.945045743,0.941668218,0.938290693,0.934913168,0.931535644,0.928158119,0.924780594,0.921403069,0.918025545,0.91464802,0.911270495,0.90789297,0.904515446,0.901137921,0.897760396,0.894382871,0.891005347,0.972065941,110,5/17/2012 1:48,-10,75,1500,261,1582,11653.71622,45,-51.8,1323,1473,360,1,4396000,360.5,1.42E-09,-0.061976282,31,0,0,1500,-0.010774437
14,5/17/2012 14:35,5/17/2012 15:05,0.867362673,3305.328713,3265.940099,3226.551485,3187.162871,3147.774257,3108.385644,3068.99703,3029.608416,2990.219802,2950.831188,2911.442574,2872.05396,2832.665347,2793.276733,2753.888119,2714.499505,2675.110891,2635.722277,2596.333663,2556.94505,2517.556436,2478.167822,2438.779208,2399.390594,2360.00198,3305.328713,22.58292574,22.32669802,22.0704703,21.81424257,21.55801485,21.30178713,21.04555941,20.78933168,20.53310396,20.27687624,20.02064851,19.76442079,19.50819307,19.25196535,18.99573762,18.7395099,18.48328218,18.22705446,17.97082673,17.71459901,17.45837129,17.20214356,16.94591584,16.68968812,16.4334604,22.58292574,0.428674604,0.423417723,0.418160842,0.41290396,0.407647079,0.402390198,0.397133317,0.391876436,0.386619554,0.381362673,0.376105792,0.370848911,0.36559203,0.360335149,0.355078267,0.349821386,0.344564505,0.339307624,0.334050743,0.328793861,0.32353698,0.318280099,0.313023218,0.307766337,0.302509455,0.428674604,3.32840099,3.345080693,3.361760396,3.378440099,3.395119802,3.411799505,3.428479208,3.445158911,3.461838614,3.478518317,3.49519802,3.511877723,3.528557426,3.545237129,3.561916832,3.578596535,3.595276238,3.611955941,3.628635644,3.645315347,3.66199505,3.678674752,3.695354455,3.712034158,3.728713861,3.728713861,0.223454406,0.221021584,0.218588762,0.216155941,0.213723119,0.211290297,0.208857475,0.206424653,0.203991832,0.20155901,0.199126188,0.196693366,0.194260545,0.191827723,0.189394901,0.186962079,0.184529257,0.182096436,0.179663614,0.177230792,0.17479797,0.172365149,0.169932327,0.167499505,0.165066683,0.223454406,0.968688416,0.965310891,0.961933366,0.958555842,0.955178317,0.951800792,0.948423267,0.945045743,0.941668218,0.938290693,0.934913168,0.931535644,0.928158119,0.924780594,0.921403069,0.918025545,0.91464802,0.911270495,0.90789297,0.904515446,0.901137921,0.897760396,0.894382871,0.891005347,0.887627822,0.968688416,110,5/17/2012 1:48,-10,75,1500,261,1582,11653.71622,45,-51.8,1323,1473,360,1,4396000,360.5,1.42E-09,-0.061976282,31,0,0,1500,-0.01079382
14,5/17/2012 14:40,5/17/2012 15:10,0.863985149,3265.940099,3226.551485,3187.162871,3147.774257,3108.385644,3068.99703,3029.608416,2990.219802,2950.831188,2911.442574,2872.05396,2832.665347,2793.276733,2753.888119,2714.499505,2675.110891,2635.722277,2596.333663,2556.94505,2517.556436,2478.167822,2438.779208,2399.390594,2360.00198,2320.613366,3265.940099,22.32669802,22.0704703,21.81424257,21.55801485,21.30178713,21.04555941,20.78933168,20.53310396,20.27687624,20.02064851,19.76442079,19.50819307,19.25196535,18.99573762,18.7395099,18.48328218,18.22705446,17.97082673,17.71459901,17.45837129,17.20214356,16.94591584,16.68968812,16.4334604,16.17723267,22.32669802,0.423417723,0.418160842,0.41290396,0.407647079,0.402390198,0.397133317,0.391876436,0.386619554,0.381362673,0.376105792,0.370848911,0.36559203,0.360335149,0.355078267,0.349821386,0.344564505,0.339307624,0.334050743,0.328793861,0.32353698,0.318280099,0.313023218,0.307766337,0.302509455,0.297252574,0.423417723,3.345080693,3.361760396,3.378440099,3.395119802,3.411799505,3.428479208,3.445158911,3.461838614,3.478518317,3.49519802,3.511877723,3.528557426,3.545237129,3.561916832,3.578596535,3.595276238,3.611955941,3.628635644,3.645315347,3.66199505,3.678674752,3.695354455,3.712034158,3.728713861,3.745393564,3.745393564,0.221021584,0.218588762,0.216155941,0.213723119,0.211290297,0.208857475,0.206424653,0.203991832,0.20155901,0.199126188,0.196693366,0.194260545,0.191827723,0.189394901,0.186962079,0.184529257,0.182096436,0.179663614,0.177230792,0.17479797,0.172365149,0.169932327,0.167499505,0.165066683,0.162633861,0.221021584,0.965310891,0.961933366,0.958555842,0.955178317,0.951800792,0.948423267,0.945045743,0.941668218,0.938290693,0.934913168,0.931535644,0.928158119,0.924780594,0.921403069,0.918025545,0.91464802,0.911270495,0.90789297,0.904515446,0.901137921,0.897760396,0.894382871,0.891005347,0.887627822,0.884250297,0.965310891,110,5/17/2012 1:48,-10,75,1500,261,1582,11653.71622,45,-51.8,1323,1473,360,1,4396000,360.5,1.42E-09,-0.061976282,31,0,0,1500,-0.010813273
14,5/17/2012 14:45,5/17/2012 15:15,0.860607624,3226.551485,3187.162871,3147.774257,3108.385644,3068.99703,3029.608416,2990.219802,2950.831188,2911.442574,2872.05396,2832.665347,2793.276733,2753.888119,2714.499505,2675.110891,2635.722277,2596.333663,2556.94505,2517.556436,2478.167822,2438.779208,2399.390594,2360.00198,2320.613366,2281.224752,3226.551485,22.0704703,21.81424257,21.55801485,21.30178713,21.04555941,20.78933168,20.53310396,20.27687624,20.02064851,19.76442079,19.50819307,19.25196535,18.99573762,18.7395099,18.48328218,18.22705446,17.97082673,17.71459901,17.45837129,17.20214356,16.94591584,16.68968812,16.4334604,16.17723267,15.92100495,22.0704703,0.418160842,0.41290396,0.407647079,0.402390198,0.397133317,0.391876436,0.386619554,0.381362673,0.376105792,0.370848911,0.36559203,0.360335149,0.355078267,0.349821386,0.344564505,0.339307624,0.334050743,0.328793861,0.32353698,0.318280099,0.313023218,0.307766337,0.302509455,0.297252574,0.291995693,0.418160842,3.361760396,3.378440099,3.395119802,3.411799505,3.428479208,3.445158911,3.461838614,3.478518317,3.49519802,3.511877723,3.528557426,3.545237129,3.561916832,3.578596535,3.595276238,3.611955941,3.628635644,3.645315347,3.66199505,3.678674752,3.695354455,3.712034158,3.728713861,3.745393564,3.762073267,3.762073267,0.218588762,0.216155941,0.213723119,0.211290297,0.208857475,0.206424653,0.203991832,0.20155901,0.199126188,0.196693366,0.194260545,0.191827723,0.189394901,0.186962079,0.184529257,0.182096436,0.179663614,0.177230792,0.17479797,0.172365149,0.169932327,0.167499505,0.165066683,0.162633861,0.16020104,0.218588762,0.961933366,0.958555842,0.955178317,0.951800792,0.948423267,0.945045743,0.941668218,0.938290693,0.934913168,0.931535644,0.928158119,0.924780594,0.921403069,0.918025545,0.91464802,0.911270495,0.90789297,0.904515446,0.901137921,0.897760396,0.894382871,0.891005347,0.887627822,0.884250297,0.880872772,0.961933366,110,5/17/2012 1:48,-10,75,1500,261,1582,11653.71622,45,-51.8,1323,1473,360,1,4396000,360.5,1.42E-09,-0.061976282,31,0,0,1500,-0.010832796
14,5/17/2012 14:50,5/17/2012 15:20,0.857230099,3187.162871,3147.774257,3108.385644,3068.99703,3029.608416,2990.219802,2950.831188,2911.442574,2872.05396,2832.665347,2793.276733,2753.888119,2714.499505,2675.110891,2635.722277,2596.333663,2556.94505,2517.556436,2478.167822,2438.779208,2399.390594,2360.00198,2320.613366,2281.224752,2241.836139,3187.162871,21.81424257,21.55801485,21.30178713,21.04555941,20.78933168,20.53310396,20.27687624,20.02064851,19.76442079,19.50819307,19.25196535,18.99573762,18.7395099,18.48328218,18.22705446,17.97082673,17.71459901,17.45837129,17.20214356,16.94591584,16.68968812,16.4334604,16.17723267,15.92100495,15.66477723,21.81424257,0.41290396,0.407647079,0.402390198,0.397133317,0.391876436,0.386619554,0.381362673,0.376105792,0.370848911,0.36559203,0.360335149,0.355078267,0.349821386,0.344564505,0.339307624,0.334050743,0.328793861,0.32353698,0.318280099,0.313023218,0.307766337,0.302509455,0.297252574,0.291995693,0.286738812,0.41290396,3.378440099,3.395119802,3.411799505,3.428479208,3.445158911,3.461838614,3.478518317,3.49519802,3.511877723,3.528557426,3.545237129,3.561916832,3.578596535,3.595276238,3.611955941,3.628635644,3.645315347,3.66199505,3.678674752,3.695354455,3.712034158,3.728713861,3.745393564,3.762073267,3.77875297,3.77875297,0.216155941,0.213723119,0.211290297,0.208857475,0.206424653,0.203991832,0.20155901,0.199126188,0.196693366,0.194260545,0.191827723,0.189394901,0.186962079,0.184529257,0.182096436,0.179663614,0.177230792,0.17479797,0.172365149,0.169932327,0.167499505,0.165066683,0.162633861,0.16020104,0.157768218,0.216155941,0.958555842,0.955178317,0.951800792,0.948423267,0.945045743,0.941668218,0.938290693,0.934913168,0.931535644,0.928158119,0.924780594,0.921403069,0.918025545,0.91464802,0.911270495,0.90789297,0.904515446,0.901137921,0.897760396,0.894382871,0.891005347,0.887627822,0.884250297,0.880872772,0.877495248,0.958555842,110,5/17/2012 1:48,-10,75,1500,261,1582,11653.71622,45,-51.8,1323,1473,360,1,4396000,360.5,1.42E-09,-0.061976282,31,0,0,1500,-0.01085239
14,5/17/2012 14:55,5/17/2012 15:25,0.853852574,3147.774257,3108.385644,3068.99703,3029.608416,2990.219802,2950.831188,2911.442574,2872.05396,2832.665347,2793.276733,2753.888119,2714.499505,2675.110891,2635.722277,2596.333663,2556.94505,2517.556436,2478.167822,2438.779208,2399.390594,2360.00198,2320.613366,2281.224752,2241.836139,2202.447525,3147.774257,21.55801485,21.30178713,21.04555941,20.78933168,20.53310396,20.27687624,20.02064851,19.76442079,19.50819307,19.25196535,18.99573762,18.7395099,18.48328218,18.22705446,17.97082673,17.71459901,17.45837129,17.20214356,16.94591584,16.68968812,16.4334604,16.17723267,15.92100495,15.66477723,15.4085495,21.55801485,0.407647079,0.402390198,0.397133317,0.391876436,0.386619554,0.381362673,0.376105792,0.370848911,0.36559203,0.360335149,0.355078267,0.349821386,0.344564505,0.339307624,0.334050743,0.328793861,0.32353698,0.318280099,0.313023218,0.307766337,0.302509455,0.297252574,0.291995693,0.286738812,0.281481931,0.407647079,3.395119802,3.411799505,3.428479208,3.445158911,3.461838614,3.478518317,3.49519802,3.511877723,3.528557426,3.545237129,3.561916832,3.578596535,3.595276238,3.611955941,3.628635644,3.645315347,3.66199505,3.678674752,3.695354455,3.712034158,3.728713861,3.745393564,3.762073267,3.77875297,3.795432673,3.795432673,0.213723119,0.211290297,0.208857475,0.206424653,0.203991832,0.20155901,0.199126188,0.196693366,0.194260545,0.191827723,0.189394901,0.186962079,0.184529257,0.182096436,0.179663614,0.177230792,0.17479797,0.172365149,0.169932327,0.167499505,0.165066683,0.162633861,0.16020104,0.157768218,0.155335396,0.213723119,0.955178317,0.951800792,0.948423267,0.945045743,0.941668218,0.938290693,0.934913168,0.931535644,0.928158119,0.924780594,0.921403069,0.918025545,0.91464802,0.911270495,0.90789297,0.904515446,0.901137921,0.897760396,0.894382871,0.891005347,0.887627822,0.884250297,0.880872772,0.877495248,0.874117723,0.955178317,110,5/17/2012 1:48,-10,75,1500,261,1582,11653.71622,45,-51.8,1323,1473,360,1,4396000,360.5,1.42E-09,-0.061976282,31,0,0,1500,-0.010872055
14,5/17/2012 15:00,5/17/2012 15:30,0.85047505,3108.385644,3068.99703,3029.608416,2990.219802,2950.831188,2911.442574,2872.05396,2832.665347,2793.276733,2753.888119,2714.499505,2675.110891,2635.722277,2596.333663,2556.94505,2517.556436,2478.167822,2438.779208,2399.390594,2360.00198,2320.613366,2281.224752,2241.836139,2202.447525,2163.058911,3108.385644,21.30178713,21.04555941,20.78933168,20.53310396,20.27687624,20.02064851,19.76442079,19.50819307,19.25196535,18.99573762,18.7395099,18.48328218,18.22705446,17.97082673,17.71459901,17.45837129,17.20214356,16.94591584,16.68968812,16.4334604,16.17723267,15.92100495,15.66477723,15.4085495,15.15232178,21.30178713,0.402390198,0.397133317,0.391876436,0.386619554,0.381362673,0.376105792,0.370848911,0.36559203,0.360335149,0.355078267,0.349821386,0.344564505,0.339307624,0.334050743,0.328793861,0.32353698,0.318280099,0.313023218,0.307766337,0.302509455,0.297252574,0.291995693,0.286738812,0.281481931,0.27622505,0.402390198,3.411799505,3.428479208,3.445158911,3.461838614,3.478518317,3.49519802,3.511877723,3.528557426,3.545237129,3.561916832,3.578596535,3.595276238,3.611955941,3.628635644,3.645315347,3.66199505,3.678674752,3.695354455,3.712034158,3.728713861,3.745393564,3.762073267,3.77875297,3.795432673,3.812112376,3.812112376,0.211290297,0.208857475,0.206424653,0.203991832,0.20155901,0.199126188,0.196693366,0.194260545,0.191827723,0.189394901,0.186962079,0.184529257,0.182096436,0.179663614,0.177230792,0.17479797,0.172365149,0.169932327,0.167499505,0.165066683,0.162633861,0.16020104,0.157768218,0.155335396,0.152902574,0.211290297,0.951800792,0.948423267,0.945045743,0.941668218,0.938290693,0.934913168,0.931535644,0.928158119,0.924780594,0.921403069,0.918025545,0.91464802,0.911270495,0.90789297,0.904515446,0.901137921,0.897760396,0.894382871,0.891005347,0.887627822,0.884250297,0.880872772,0.877495248,0.874117723,0.870740198,0.951800792,110,5/17/2012 1:48,-10,75,1500,261,1582,11653.71622,45,-51.8,1323,1473,360,1,4396000,360.5,1.42E-09,-0.061976282,31,0,0,1500,-0.010891791
14,5/17/2012 15:05,5/17/2012 15:35,0.847097525,3068.99703,3029.608416,2990.219802,2950.831188,2911.442574,2872.05396,2832.665347,2793.276733,2753.888119,2714.499505,2675.110891,2635.722277,2596.333663,2556.94505,2517.556436,2478.167822,2438.779208,2399.390594,2360.00198,2320.613366,2281.224752,2241.836139,2202.447525,2163.058911,2123.670297,3068.99703,21.04555941,20.78933168,20.53310396,20.27687624,20.02064851,19.76442079,19.50819307,19.25196535,18.99573762,18.7395099,18.48328218,18.22705446,17.97082673,17.71459901,17.45837129,17.20214356,16.94591584,16.68968812,16.4334604,16.17723267,15.92100495,15.66477723,15.4085495,15.15232178,14.89609406,21.04555941,0.397133317,0.391876436,0.386619554,0.381362673,0.376105792,0.370848911,0.36559203,0.360335149,0.355078267,0.349821386,0.344564505,0.339307624,0.334050743,0.328793861,0.32353698,0.318280099,0.313023218,0.307766337,0.302509455,0.297252574,0.291995693,0.286738812,0.281481931,0.27622505,0.270968168,0.397133317,3.428479208,3.445158911,3.461838614,3.478518317,3.49519802,3.511877723,3.528557426,3.545237129,3.561916832,3.578596535,3.595276238,3.611955941,3.628635644,3.645315347,3.66199505,3.678674752,3.695354455,3.712034158,3.728713861,3.745393564,3.762073267,3.77875297,3.795432673,3.812112376,3.828792079,3.828792079,0.208857475,0.206424653,0.203991832,0.20155901,0.199126188,0.196693366,0.194260545,0.191827723,0.189394901,0.186962079,0.184529257,0.182096436,0.179663614,0.177230792,0.17479797,0.172365149,0.169932327,0.167499505,0.165066683,0.162633861,0.16020104,0.157768218,0.155335396,0.152902574,0.150469752,0.208857475,0.948423267,0.945045743,0.941668218,0.938290693,0.934913168,0.931535644,0.928158119,0.924780594,0.921403069,0.918025545,0.91464802,0.911270495,0.90789297,0.904515446,0.901137921,0.897760396,0.894382871,0.891005347,0.887627822,0.884250297,0.880872772,0.877495248,0.874117723,0.870740198,0.867362673,0.948423267,110,5/17/2012 1:48,-10,75,1500,261,1582,11653.71622,45,-51.8,1323,1473,360,1,4396000,360.5,1.42E-09,-0.061976282,31,0,0,1500,-0.010911599
14,5/17/2012 15:10,5/17/2012 15:40,0.84372,3029.608416,2990.219802,2950.831188,2911.442574,2872.05396,2832.665347,2793.276733,2753.888119,2714.499505,2675.110891,2635.722277,2596.333663,2556.94505,2517.556436,2478.167822,2438.779208,2399.390594,2360.00198,2320.613366,2281.224752,2241.836139,2202.447525,2163.058911,2123.670297,2084.281683,3029.608416,20.78933168,20.53310396,20.27687624,20.02064851,19.76442079,19.50819307,19.25196535,18.99573762,18.7395099,18.48328218,18.22705446,17.97082673,17.71459901,17.45837129,17.20214356,16.94591584,16.68968812,16.4334604,16.17723267,15.92100495,15.66477723,15.4085495,15.15232178,14.89609406,14.63986634,20.78933168,0.391876436,0.386619554,0.381362673,0.376105792,0.370848911,0.36559203,0.360335149,0.355078267,0.349821386,0.344564505,0.339307624,0.334050743,0.328793861,0.32353698,0.318280099,0.313023218,0.307766337,0.302509455,0.297252574,0.291995693,0.286738812,0.281481931,0.27622505,0.270968168,0.265711287,0.391876436,3.445158911,3.461838614,3.478518317,3.49519802,3.511877723,3.528557426,3.545237129,3.561916832,3.578596535,3.595276238,3.611955941,3.628635644,3.645315347,3.66199505,3.678674752,3.695354455,3.712034158,3.728713861,3.745393564,3.762073267,3.77875297,3.795432673,3.812112376,3.828792079,3.845471782,3.845471782,0.206424653,0.203991832,0.20155901,0.199126188,0.196693366,0.194260545,0.191827723,0.189394901,0.186962079,0.184529257,0.182096436,0.179663614,0.177230792,0.17479797,0.172365149,0.169932327,0.167499505,0.165066683,0.162633861,0.16020104,0.157768218,0.155335396,0.152902574,0.150469752,0.148036931,0.206424653,0.945045743,0.941668218,0.938290693,0.934913168,0.931535644,0.928158119,0.924780594,0.921403069,0.918025545,0.91464802,0.911270495,0.90789297,0.904515446,0.901137921,0.897760396,0.894382871,0.891005347,0.887627822,0.884250297,0.880872772,0.877495248,0.874117723,0.870740198,0.867362673,0.863985149,0.945045743,110,5/17/2012 1:48,-10,75,1500,261,1582,11653.71622,45,-51.8,1323,1473,360,1,4396000,360.5,1.42E-09,-0.061976282,31,0,0,1500,-0.010931479
14,5/17/2012 15:15,5/17/2012 15:45,0.810324,2990.219802,2950.831188,2911.442574,2872.05396,2832.665347,2793.276733,2753.888119,2714.499505,2675.110891,2635.722277,2596.333663,2556.94505,2517.556436,2478.167822,2438.779208,2399.390594,2360.00198,2320.613366,2281.224752,2241.836139,2202.447525,2163.058911,2123.670297,2084.281683,2044.893069,2990.219802,20.53310396,20.27687624,20.02064851,19.76442079,19.50819307,19.25196535,18.99573762,18.7395099,18.48328218,18.22705446,17.97082673,17.71459901,17.45837129,17.20214356,16.94591584,16.68968812,16.4334604,16.17723267,15.92100495,15.66477723,15.4085495,15.15232178,14.89609406,14.63986634,14.38363861,20.53310396,0.386619554,0.381362673,0.376105792,0.370848911,0.36559203,0.360335149,0.355078267,0.349821386,0.344564505,0.339307624,0.334050743,0.328793861,0.32353698,0.318280099,0.313023218,0.307766337,0.302509455,0.297252574,0.291995693,0.286738812,0.281481931,0.27622505,0.270968168,0.265711287,0.260454406,0.386619554,3.461838614,3.478518317,3.49519802,3.511877723,3.528557426,3.545237129,3.561916832,3.578596535,3.595276238,3.611955941,3.628635644,3.645315347,3.66199505,3.678674752,3.695354455,3.712034158,3.728713861,3.745393564,3.762073267,3.77875297,3.795432673,3.812112376,3.828792079,3.845471782,3.862151485,3.862151485,0.203991832,0.20155901,0.199126188,0.196693366,0.194260545,0.191827723,0.189394901,0.186962079,0.184529257,0.182096436,0.179663614,0.177230792,0.17479797,0.172365149,0.169932327,0.167499505,0.165066683,0.162633861,0.16020104,0.157768218,0.155335396,0.152902574,0.150469752,0.148036931,0.145604109,0.203991832,0.941668218,0.938290693,0.934913168,0.931535644,0.928158119,0.924780594,0.921403069,0.918025545,0.91464802,0.911270495,0.90789297,0.904515446,0.901137921,0.897760396,0.894382871,0.891005347,0.887627822,0.884250297,0.880872772,0.877495248,0.874117723,0.870740198,0.867362673,0.863985149,0.860607624,0.941668218,110,5/17/2012 1:48,-10,75,1500,261,1582,11653.71622,45,-51.8,1323,1473,360,1,4396000,360.5,1.42E-09,-0.061976282,31,0,0,1500,-0.027397279
14,5/17/2012 15:20,5/17/2012 15:50,0.828136,2950.831188,2911.442574,2872.05396,2832.665347,2793.276733,2753.888119,2714.499505,2675.110891,2635.722277,2596.333663,2556.94505,2517.556436,2478.167822,2438.779208,2399.390594,2360.00198,2320.613366,2281.224752,2241.836139,2202.447525,2163.058911,2123.670297,2084.281683,2044.893069,2005.504455,2950.831188,20.27687624,20.02064851,19.76442079,19.50819307,19.25196535,18.99573762,18.7395099,18.48328218,18.22705446,17.97082673,17.71459901,17.45837129,17.20214356,16.94591584,16.68968812,16.4334604,16.17723267,15.92100495,15.66477723,15.4085495,15.15232178,14.89609406,14.63986634,14.38363861,14.12741089,20.27687624,0.381362673,0.376105792,0.370848911,0.36559203,0.360335149,0.355078267,0.349821386,0.344564505,0.339307624,0.334050743,0.328793861,0.32353698,0.318280099,0.313023218,0.307766337,0.302509455,0.297252574,0.291995693,0.286738812,0.281481931,0.27622505,0.270968168,0.265711287,0.260454406,0.255197525,0.381362673,3.478518317,3.49519802,3.511877723,3.528557426,3.545237129,3.561916832,3.578596535,3.595276238,3.611955941,3.628635644,3.645315347,3.66199505,3.678674752,3.695354455,3.712034158,3.728713861,3.745393564,3.762073267,3.77875297,3.795432673,3.812112376,3.828792079,3.845471782,3.862151485,3.878831188,3.878831188,0.20155901,0.199126188,0.196693366,0.194260545,0.191827723,0.189394901,0.186962079,0.184529257,0.182096436,0.179663614,0.177230792,0.17479797,0.172365149,0.169932327,0.167499505,0.165066683,0.162633861,0.16020104,0.157768218,0.155335396,0.152902574,0.150469752,0.148036931,0.145604109,0.143171287,0.20155901,0.938290693,0.934913168,0.931535644,0.928158119,0.924780594,0.921403069,0.918025545,0.91464802,0.911270495,0.90789297,0.904515446,0.901137921,0.897760396,0.894382871,0.891005347,0.887627822,0.884250297,0.880872772,0.877495248,0.874117723,0.870740198,0.867362673,0.863985149,0.860607624,0.857230099,0.938290693,110,5/17/2012 1:48,-10,75,1500,261,1582,11653.71622,45,-51.8,1323,1473,360,1,4396000,360.5,1.42E-09,-0.061976282,31,0,0,1500,-0.015789315
14,5/17/2012 15:25,5/17/2012 15:55,0.955192,2911.442574,2872.05396,2832.665347,2793.276733,2753.888119,2714.499505,2675.110891,2635.722277,2596.333663,2556.94505,2517.556436,2478.167822,2438.779208,2399.390594,2360.00198,2320.613366,2281.224752,2241.836139,2202.447525,2163.058911,2123.670297,2084.281683,2044.893069,2005.504455,1966.115842,2911.442574,20.02064851,19.76442079,19.50819307,19.25196535,18.99573762,18.7395099,18.48328218,18.22705446,17.97082673,17.71459901,17.45837129,17.20214356,16.94591584,16.68968812,16.4334604,16.17723267,15.92100495,15.66477723,15.4085495,15.15232178,14.89609406,14.63986634,14.38363861,14.12741089,13.87118317,20.02064851,0.376105792,0.370848911,0.36559203,0.360335149,0.355078267,0.349821386,0.344564505,0.339307624,0.334050743,0.328793861,0.32353698,0.318280099,0.313023218,0.307766337,0.302509455,0.297252574,0.291995693,0.286738812,0.281481931,0.27622505,0.270968168,0.265711287,0.260454406,0.255197525,0.249940644,0.376105792,3.49519802,3.511877723,3.528557426,3.545237129,3.561916832,3.578596535,3.595276238,3.611955941,3.628635644,3.645315347,3.66199505,3.678674752,3.695354455,3.712034158,3.728713861,3.745393564,3.762073267,3.77875297,3.795432673,3.812112376,3.828792079,3.845471782,3.862151485,3.878831188,3.895510891,3.895510891,0.199126188,0.196693366,0.194260545,0.191827723,0.189394901,0.186962079,0.184529257,0.182096436,0.179663614,0.177230792,0.17479797,0.172365149,0.169932327,0.167499505,0.165066683,0.162633861,0.16020104,0.157768218,0.155335396,0.152902574,0.150469752,0.148036931,0.145604109,0.143171287,0.140738465,0.199126188,0.934913168,0.931535644,0.928158119,0.924780594,0.921403069,0.918025545,0.91464802,0.911270495,0.90789297,0.904515446,0.901137921,0.897760396,0.894382871,0.891005347,0.887627822,0.884250297,0.880872772,0.877495248,0.874117723,0.870740198,0.867362673,0.863985149,0.860607624,0.857230099,0.853852574,0.934913168,110,5/17/2012 1:48,-10,75,1500,261,1582,11653.71622,45,-51.8,1323,1473,360,1,4396000,360.5,1.42E-09,-0.061976282,31,0,0,1500,0.053222452
14,5/17/2012 15:30,5/17/2012 16:00,1.008872,2872.05396,2832.665347,2793.276733,2753.888119,2714.499505,2675.110891,2635.722277,2596.333663,2556.94505,2517.556436,2478.167822,2438.779208,2399.390594,2360.00198,2320.613366,2281.224752,2241.836139,2202.447525,2163.058911,2123.670297,2084.281683,2044.893069,2005.504455,1966.115842,1926.727228,2872.05396,19.76442079,19.50819307,19.25196535,18.99573762,18.7395099,18.48328218,18.22705446,17.97082673,17.71459901,17.45837129,17.20214356,16.94591584,16.68968812,16.4334604,16.17723267,15.92100495,15.66477723,15.4085495,15.15232178,14.89609406,14.63986634,14.38363861,14.12741089,13.87118317,13.61495545,19.76442079,0.370848911,0.36559203,0.360335149,0.355078267,0.349821386,0.344564505,0.339307624,0.334050743,0.328793861,0.32353698,0.318280099,0.313023218,0.307766337,0.302509455,0.297252574,0.291995693,0.286738812,0.281481931,0.27622505,0.270968168,0.265711287,0.260454406,0.255197525,0.249940644,0.244683762,0.370848911,3.511877723,3.528557426,3.545237129,3.561916832,3.578596535,3.595276238,3.611955941,3.628635644,3.645315347,3.66199505,3.678674752,3.695354455,3.712034158,3.728713861,3.745393564,3.762073267,3.77875297,3.795432673,3.812112376,3.828792079,3.845471782,3.862151485,3.878831188,3.895510891,3.912190594,3.912190594,0.196693366,0.194260545,0.191827723,0.189394901,0.186962079,0.184529257,0.182096436,0.179663614,0.177230792,0.17479797,0.172365149,0.169932327,0.167499505,0.165066683,0.162633861,0.16020104,0.157768218,0.155335396,0.152902574,0.150469752,0.148036931,0.145604109,0.143171287,0.140738465,0.138305644,0.196693366,0.931535644,0.928158119,0.924780594,0.921403069,0.918025545,0.91464802,0.911270495,0.90789297,0.904515446,0.901137921,0.897760396,0.894382871,0.891005347,0.887627822,0.884250297,0.880872772,0.877495248,0.874117723,0.870740198,0.867362673,0.863985149,0.860607624,0.857230099,0.853852574,0.85047505,0.931535644,110,5/17/2012 1:48,-10,75,1500,261,1582,11653.71622,45,-51.8,1323,1473,360,1,4396000,360.5,1.42E-09,-0.061976282,31,0,0,1500,0.082130981
14,5/17/2012 15:35,5/17/2012 16:05,0.894924,2832.665347,2793.276733,2753.888119,2714.499505,2675.110891,2635.722277,2596.333663,2556.94505,2517.556436,2478.167822,2438.779208,2399.390594,2360.00198,2320.613366,2281.224752,2241.836139,2202.447525,2163.058911,2123.670297,2084.281683,2044.893069,2005.504455,1966.115842,1926.727228,1887.338614,2832.665347,19.50819307,19.25196535,18.99573762,18.7395099,18.48328218,18.22705446,17.97082673,17.71459901,17.45837129,17.20214356,16.94591584,16.68968812,16.4334604,16.17723267,15.92100495,15.66477723,15.4085495,15.15232178,14.89609406,14.63986634,14.38363861,14.12741089,13.87118317,13.61495545,13.35872772,19.50819307,0.36559203,0.360335149,0.355078267,0.349821386,0.344564505,0.339307624,0.334050743,0.328793861,0.32353698,0.318280099,0.313023218,0.307766337,0.302509455,0.297252574,0.291995693,0.286738812,0.281481931,0.27622505,0.270968168,0.265711287,0.260454406,0.255197525,0.249940644,0.244683762,0.239426881,0.36559203,3.528557426,3.545237129,3.561916832,3.578596535,3.595276238,3.611955941,3.628635644,3.645315347,3.66199505,3.678674752,3.695354455,3.712034158,3.728713861,3.745393564,3.762073267,3.77875297,3.795432673,3.812112376,3.828792079,3.845471782,3.862151485,3.878831188,3.895510891,3.912190594,3.928870297,3.928870297,0.194260545,0.191827723,0.189394901,0.186962079,0.184529257,0.182096436,0.179663614,0.177230792,0.17479797,0.172365149,0.169932327,0.167499505,0.165066683,0.162633861,0.16020104,0.157768218,0.155335396,0.152902574,0.150469752,0.148036931,0.145604109,0.143171287,0.140738465,0.138305644,0.135872822,0.194260545,0.928158119,0.924780594,0.921403069,0.918025545,0.91464802,0.911270495,0.90789297,0.904515446,0.901137921,0.897760396,0.894382871,0.891005347,0.887627822,0.884250297,0.880872772,0.877495248,0.874117723,0.870740198,0.867362673,0.863985149,0.860607624,0.857230099,0.853852574,0.85047505,0.847097525,0.928158119,110,5/17/2012 1:48,-10,75,1500,261,1582,11653.71622,45,-51.8,1323,1473,360,1,4396000,360.5,1.42E-09,-0.061976282,31,0,0,1500,0.025563231
14,5/17/2012 15:40,5/17/2012 16:10,0.891418,2793.276733,2753.888119,2714.499505,2675.110891,2635.722277,2596.333663,2556.94505,2517.556436,2478.167822,2438.779208,2399.390594,2360.00198,2320.613366,2281.224752,2241.836139,2202.447525,2163.058911,2123.670297,2084.281683,2044.893069,2005.504455,1966.115842,1926.727228,1887.338614,1847.95,2793.276733,19.25196535,18.99573762,18.7395099,18.48328218,18.22705446,17.97082673,17.71459901,17.45837129,17.20214356,16.94591584,16.68968812,16.4334604,16.17723267,15.92100495,15.66477723,15.4085495,15.15232178,14.89609406,14.63986634,14.38363861,14.12741089,13.87118317,13.61495545,13.35872772,13.1025,19.25196535,0.360335149,0.355078267,0.349821386,0.344564505,0.339307624,0.334050743,0.328793861,0.32353698,0.318280099,0.313023218,0.307766337,0.302509455,0.297252574,0.291995693,0.286738812,0.281481931,0.27622505,0.270968168,0.265711287,0.260454406,0.255197525,0.249940644,0.244683762,0.239426881,0.23417,0.360335149,3.545237129,3.561916832,3.578596535,3.595276238,3.611955941,3.628635644,3.645315347,3.66199505,3.678674752,3.695354455,3.712034158,3.728713861,3.745393564,3.762073267,3.77875297,3.795432673,3.812112376,3.828792079,3.845471782,3.862151485,3.878831188,3.895510891,3.912190594,3.928870297,3.94555,3.94555,0.191827723,0.189394901,0.186962079,0.184529257,0.182096436,0.179663614,0.177230792,0.17479797,0.172365149,0.169932327,0.167499505,0.165066683,0.162633861,0.16020104,0.157768218,0.155335396,0.152902574,0.150469752,0.148036931,0.145604109,0.143171287,0.140738465,0.138305644,0.135872822,0.13344,0.191827723,0.924780594,0.921403069,0.918025545,0.91464802,0.911270495,0.90789297,0.904515446,0.901137921,0.897760396,0.894382871,0.891005347,0.887627822,0.884250297,0.880872772,0.877495248,0.874117723,0.870740198,0.867362673,0.863985149,0.860607624,0.857230099,0.853852574,0.85047505,0.847097525,0.84372,0.924780594,110,5/17/2012 1:48,-10,75,1500,261,1582,11653.71622,45,-51.8,1323,1473,360,1,4396000,360.5,1.42E-09,-0.061976282,31,0,0,1500,0.025541543
14,5/17/2012 15:45,5/17/2012 16:15,0.933752,2753.888119,2714.499505,2675.110891,2635.722277,2596.333663,2556.94505,2517.556436,2478.167822,2438.779208,2399.390594,2360.00198,2320.613366,2281.224752,2241.836139,2202.447525,2163.058911,2123.670297,2084.281683,2044.893069,2005.504455,1966.115842,1926.727228,1887.338614,1847.95,1851.3,2753.888119,18.99573762,18.7395099,18.48328218,18.22705446,17.97082673,17.71459901,17.45837129,17.20214356,16.94591584,16.68968812,16.4334604,16.17723267,15.92100495,15.66477723,15.4085495,15.15232178,14.89609406,14.63986634,14.38363861,14.12741089,13.87118317,13.61495545,13.35872772,13.1025,13.2524,18.99573762,0.355078267,0.349821386,0.344564505,0.339307624,0.334050743,0.328793861,0.32353698,0.318280099,0.313023218,0.307766337,0.302509455,0.297252574,0.291995693,0.286738812,0.281481931,0.27622505,0.270968168,0.265711287,0.260454406,0.255197525,0.249940644,0.244683762,0.239426881,0.23417,0.228908,0.355078267,3.561916832,3.578596535,3.595276238,3.611955941,3.628635644,3.645315347,3.66199505,3.678674752,3.695354455,3.712034158,3.728713861,3.745393564,3.762073267,3.77875297,3.795432673,3.812112376,3.828792079,3.845471782,3.862151485,3.878831188,3.895510891,3.912190594,3.928870297,3.94555,3.61614,3.94555,0.189394901,0.186962079,0.184529257,0.182096436,0.179663614,0.177230792,0.17479797,0.172365149,0.169932327,0.167499505,0.165066683,0.162633861,0.16020104,0.157768218,0.155335396,0.152902574,0.150469752,0.148036931,0.145604109,0.143171287,0.140738465,0.138305644,0.135872822,0.13344,0.137358,0.189394901,0.921403069,0.918025545,0.91464802,0.911270495,0.90789297,0.904515446,0.901137921,0.897760396,0.894382871,0.891005347,0.887627822,0.884250297,0.880872772,0.877495248,0.874117723,0.870740198,0.867362673,0.863985149,0.860607624,0.857230099,0.853852574,0.85047505,0.847097525,0.84372,0.810324,0.921403069,110,5/17/2012 1:48,-10,75,1500,261,1582,11653.71622,45,-51.8,1323,1473,360,1,4396000,360.5,1.42E-09,-0.061976282,31,0,0,1500,0.065956322
14,5/17/2012 15:50,5/17/2012 16:20,0.986088,2714.499505,2675.110891,2635.722277,2596.333663,2556.94505,2517.556436,2478.167822,2438.779208,2399.390594,2360.00198,2320.613366,2281.224752,2241.836139,2202.447525,2163.058911,2123.670297,2084.281683,2044.893069,2005.504455,1966.115842,1926.727228,1887.338614,1847.95,1851.3,1869.3,2714.499505,18.7395099,18.48328218,18.22705446,17.97082673,17.71459901,17.45837129,17.20214356,16.94591584,16.68968812,16.4334604,16.17723267,15.92100495,15.66477723,15.4085495,15.15232178,14.89609406,14.63986634,14.38363861,14.12741089,13.87118317,13.61495545,13.35872772,13.1025,13.2524,13.1742,18.7395099,0.349821386,0.344564505,0.339307624,0.334050743,0.328793861,0.32353698,0.318280099,0.313023218,0.307766337,0.302509455,0.297252574,0.291995693,0.286738812,0.281481931,0.27622505,0.270968168,0.265711287,0.260454406,0.255197525,0.249940644,0.244683762,0.239426881,0.23417,0.228908,0.2239,0.349821386,3.578596535,3.595276238,3.611955941,3.628635644,3.645315347,3.66199505,3.678674752,3.695354455,3.712034158,3.728713861,3.745393564,3.762073267,3.77875297,3.795432673,3.812112376,3.828792079,3.845471782,3.862151485,3.878831188,3.895510891,3.912190594,3.928870297,3.94555,3.61614,4.01294,4.01294,0.186962079,0.184529257,0.182096436,0.179663614,0.177230792,0.17479797,0.172365149,0.169932327,0.167499505,0.165066683,0.162633861,0.16020104,0.157768218,0.155335396,0.152902574,0.150469752,0.148036931,0.145604109,0.143171287,0.140738465,0.138305644,0.135872822,0.13344,0.137358,0.138692,0.186962079,0.918025545,0.91464802,0.911270495,0.90789297,0.904515446,0.901137921,0.897760396,0.894382871,0.891005347,0.887627822,0.884250297,0.880872772,0.877495248,0.874117723,0.870740198,0.867362673,0.863985149,0.860607624,0.857230099,0.853852574,0.85047505,0.847097525,0.84372,0.810324,0.828136,0.918025545,110,5/17/2012 1:48,-10,75,1500,261,1582,11653.71622,45,-51.8,1323,1473,360,1,4396000,360.5,1.42E-09,-0.061976282,31,0,0,1500,0.082870006
14,5/17/2012 15:55,5/17/2012 16:25,1.02452,2675.110891,2635.722277,2596.333663,2556.94505,2517.556436,2478.167822,2438.779208,2399.390594,2360.00198,2320.613366,2281.224752,2241.836139,2202.447525,2163.058911,2123.670297,2084.281683,2044.893069,2005.504455,1966.115842,1926.727228,1887.338614,1847.95,1851.3,1869.3,1860.74,2675.110891,18.48328218,18.22705446,17.97082673,17.71459901,17.45837129,17.20214356,16.94591584,16.68968812,16.4334604,16.17723267,15.92100495,15.66477723,15.4085495,15.15232178,14.89609406,14.63986634,14.38363861,14.12741089,13.87118317,13.61495545,13.35872772,13.1025,13.2524,13.1742,13.4286,18.48328218,0.344564505,0.339307624,0.334050743,0.328793861,0.32353698,0.318280099,0.313023218,0.307766337,0.302509455,0.297252574,0.291995693,0.286738812,0.281481931,0.27622505,0.270968168,0.265711287,0.260454406,0.255197525,0.249940644,0.244683762,0.239426881,0.23417,0.228908,0.2239,0.226154,0.344564505,3.595276238,3.611955941,3.628635644,3.645315347,3.66199505,3.678674752,3.695354455,3.712034158,3.728713861,3.745393564,3.762073267,3.77875297,3.795432673,3.812112376,3.828792079,3.845471782,3.862151485,3.878831188,3.895510891,3.912190594,3.928870297,3.94555,3.61614,4.01294,5.3694,5.3694,0.184529257,0.182096436,0.179663614,0.177230792,0.17479797,0.172365149,0.169932327,0.167499505,0.165066683,0.162633861,0.16020104,0.157768218,0.155335396,0.152902574,0.150469752,0.148036931,0.145604109,0.143171287,0.140738465,0.138305644,0.135872822,0.13344,0.137358,0.138692,0.139718,0.184529257,0.91464802,0.911270495,0.90789297,0.904515446,0.901137921,0.897760396,0.894382871,0.891005347,0.887627822,0.884250297,0.880872772,0.877495248,0.874117723,0.870740198,0.867362673,0.863985149,0.860607624,0.857230099,0.853852574,0.85047505,0.847097525,0.84372,0.810324,0.828136,0.955192,0.955192,110,5/17/2012 1:48,-10,75,1500,261,1582,11653.71622,45,-51.8,1323,1473,360,1,4396000,360.5,1.42E-09,-0.061976282,31,0,0,1500,0.034844237
14,5/17/2012 16:00,5/17/2012 16:30,0.992682,2635.722277,2596.333663,2556.94505,2517.556436,2478.167822,2438.779208,2399.390594,2360.00198,2320.613366,2281.224752,2241.836139,2202.447525,2163.058911,2123.670297,2084.281683,2044.893069,2005.504455,1966.115842,1926.727228,1887.338614,1847.95,1851.3,1869.3,1860.74,1848.44,2635.722277,18.22705446,17.97082673,17.71459901,17.45837129,17.20214356,16.94591584,16.68968812,16.4334604,16.17723267,15.92100495,15.66477723,15.4085495,15.15232178,14.89609406,14.63986634,14.38363861,14.12741089,13.87118317,13.61495545,13.35872772,13.1025,13.2524,13.1742,13.4286,13.1418,18.22705446,0.339307624,0.334050743,0.328793861,0.32353698,0.318280099,0.313023218,0.307766337,0.302509455,0.297252574,0.291995693,0.286738812,0.281481931,0.27622505,0.270968168,0.265711287,0.260454406,0.255197525,0.249940644,0.244683762,0.239426881,0.23417,0.228908,0.2239,0.226154,0.228158,0.339307624,3.611955941,3.628635644,3.645315347,3.66199505,3.678674752,3.695354455,3.712034158,3.728713861,3.745393564,3.762073267,3.77875297,3.795432673,3.812112376,3.828792079,3.845471782,3.862151485,3.878831188,3.895510891,3.912190594,3.928870297,3.94555,3.61614,4.01294,5.3694,5.94832,5.94832,0.182096436,0.179663614,0.177230792,0.17479797,0.172365149,0.169932327,0.167499505,0.165066683,0.162633861,0.16020104,0.157768218,0.155335396,0.152902574,0.150469752,0.148036931,0.145604109,0.143171287,0.140738465,0.138305644,0.135872822,0.13344,0.137358,0.138692,0.139718,0.144912,0.182096436,0.911270495,0.90789297,0.904515446,0.901137921,0.897760396,0.894382871,0.891005347,0.887627822,0.884250297,0.880872772,0.877495248,0.874117723,0.870740198,0.867362673,0.863985149,0.860607624,0.857230099,0.853852574,0.85047505,0.847097525,0.84372,0.810324,0.828136,0.955192,1.008872,1.008872,110,5/17/2012 1:48,-10,75,1500,261,1582,11653.71622,45,-51.8,1323,1473,360,1,4396000,360.5,1.42E-09,-0.061976282,31,0,0,1500,-0.0080919
14,5/17/2012 16:05,5/17/2012 16:35,0.971674,2596.333663,2556.94505,2517.556436,2478.167822,2438.779208,2399.390594,2360.00198,2320.613366,2281.224752,2241.836139,2202.447525,2163.058911,2123.670297,2084.281683,2044.893069,2005.504455,1966.115842,1926.727228,1887.338614,1847.95,1851.3,1869.3,1860.74,1848.44,1813.32,2596.333663,17.97082673,17.71459901,17.45837129,17.20214356,16.94591584,16.68968812,16.4334604,16.17723267,15.92100495,15.66477723,15.4085495,15.15232178,14.89609406,14.63986634,14.38363861,14.12741089,13.87118317,13.61495545,13.35872772,13.1025,13.2524,13.1742,13.4286,13.1418,12.9852,17.97082673,0.334050743,0.328793861,0.32353698,0.318280099,0.313023218,0.307766337,0.302509455,0.297252574,0.291995693,0.286738812,0.281481931,0.27622505,0.270968168,0.265711287,0.260454406,0.255197525,0.249940644,0.244683762,0.239426881,0.23417,0.228908,0.2239,0.226154,0.228158,0.23567,0.334050743,3.628635644,3.645315347,3.66199505,3.678674752,3.695354455,3.712034158,3.728713861,3.745393564,3.762073267,3.77875297,3.795432673,3.812112376,3.828792079,3.845471782,3.862151485,3.878831188,3.895510891,3.912190594,3.928870297,3.94555,3.61614,4.01294,5.3694,5.94832,4.69164,5.94832,0.179663614,0.177230792,0.17479797,0.172365149,0.169932327,0.167499505,0.165066683,0.162633861,0.16020104,0.157768218,0.155335396,0.152902574,0.150469752,0.148036931,0.145604109,0.143171287,0.140738465,0.138305644,0.135872822,0.13344,0.137358,0.138692,0.139718,0.144912,0.141414,0.179663614,0.90789297,0.904515446,0.901137921,0.897760396,0.894382871,0.891005347,0.887627822,0.884250297,0.880872772,0.877495248,0.874117723,0.870740198,0.867362673,0.863985149,0.860607624,0.857230099,0.853852574,0.85047505,0.847097525,0.84372,0.810324,0.828136,0.955192,1.008872,0.894924,1.008872,110,5/17/2012 1:48,-10,75,1500,261,1582,11653.71622,45,-51.8,1323,1473,360,1,4396000,360.5,1.42E-09,-0.061976282,31,0,0,1500,0.039704196
14,5/17/2012 16:10,5/17/2012 16:40,0.963826,2556.94505,2517.556436,2478.167822,2438.779208,2399.390594,2360.00198,2320.613366,2281.224752,2241.836139,2202.447525,2163.058911,2123.670297,2084.281683,2044.893069,2005.504455,1966.115842,1926.727228,1887.338614,1847.95,1851.3,1869.3,1860.74,1848.44,1813.32,1821.88,2556.94505,17.71459901,17.45837129,17.20214356,16.94591584,16.68968812,16.4334604,16.17723267,15.92100495,15.66477723,15.4085495,15.15232178,14.89609406,14.63986634,14.38363861,14.12741089,13.87118317,13.61495545,13.35872772,13.1025,13.2524,13.1742,13.4286,13.1418,12.9852,12.9854,17.71459901,0.328793861,0.32353698,0.318280099,0.313023218,0.307766337,0.302509455,0.297252574,0.291995693,0.286738812,0.281481931,0.27622505,0.270968168,0.265711287,0.260454406,0.255197525,0.249940644,0.244683762,0.239426881,0.23417,0.228908,0.2239,0.226154,0.228158,0.23567,0.249944,0.328793861,3.645315347,3.66199505,3.678674752,3.695354455,3.712034158,3.728713861,3.745393564,3.762073267,3.77875297,3.795432673,3.812112376,3.828792079,3.845471782,3.862151485,3.878831188,3.895510891,3.912190594,3.928870297,3.94555,3.61614,4.01294,5.3694,5.94832,4.69164,4.42758,5.94832,0.177230792,0.17479797,0.172365149,0.169932327,0.167499505,0.165066683,0.162633861,0.16020104,0.157768218,0.155335396,0.152902574,0.150469752,0.148036931,0.145604109,0.143171287,0.140738465,0.138305644,0.135872822,0.13344,0.137358,0.138692,0.139718,0.144912,0.141414,0.134916,0.177230792,0.904515446,0.901137921,0.897760396,0.894382871,0.891005347,0.887627822,0.884250297,0.880872772,0.877495248,0.874117723,0.870740198,0.867362673,0.863985149,0.860607624,0.857230099,0.853852574,0.85047505,0.847097525,0.84372,0.810324,0.828136,0.955192,1.008872,0.894924,0.891418,1.008872,110,5/17/2012 1:48,-10,75,1500,261,1582,11653.71622,45,-51.8,1323,1473,360,1,4396000,360.5,1.42E-09,-0.061976282,31,0,0,1500,0.037567799
14,5/17/2012 16:15,5/17/2012 16:45,1.003998,2517.556436,2478.167822,2438.779208,2399.390594,2360.00198,2320.613366,2281.224752,2241.836139,2202.447525,2163.058911,2123.670297,2084.281683,2044.893069,2005.504455,1966.115842,1926.727228,1887.338614,1847.95,1851.3,1869.3,1860.74,1848.44,1813.32,1821.88,1828.5,2517.556436,17.45837129,17.20214356,16.94591584,16.68968812,16.4334604,16.17723267,15.92100495,15.66477723,15.4085495,15.15232178,14.89609406,14.63986634,14.38363861,14.12741089,13.87118317,13.61495545,13.35872772,13.1025,13.2524,13.1742,13.4286,13.1418,12.9852,12.9854,12.9526,17.45837129,0.32353698,0.318280099,0.313023218,0.307766337,0.302509455,0.297252574,0.291995693,0.286738812,0.281481931,0.27622505,0.270968168,0.265711287,0.260454406,0.255197525,0.249940644,0.244683762,0.239426881,0.23417,0.228908,0.2239,0.226154,0.228158,0.23567,0.249944,0.227156,0.32353698,3.66199505,3.678674752,3.695354455,3.712034158,3.728713861,3.745393564,3.762073267,3.77875297,3.795432673,3.812112376,3.828792079,3.845471782,3.862151485,3.878831188,3.895510891,3.912190594,3.928870297,3.94555,3.61614,4.01294,5.3694,5.94832,4.69164,4.42758,4.56016,5.94832,0.17479797,0.172365149,0.169932327,0.167499505,0.165066683,0.162633861,0.16020104,0.157768218,0.155335396,0.152902574,0.150469752,0.148036931,0.145604109,0.143171287,0.140738465,0.138305644,0.135872822,0.13344,0.137358,0.138692,0.139718,0.144912,0.141414,0.134916,0.14719,0.17479797,0.901137921,0.897760396,0.894382871,0.891005347,0.887627822,0.884250297,0.880872772,0.877495248,0.874117723,0.870740198,0.867362673,0.863985149,0.860607624,0.857230099,0.853852574,0.85047505,0.847097525,0.84372,0.810324,0.828136,0.955192,1.008872,0.894924,0.891418,0.933752,1.008872,110,5/17/2012 1:48,-10,75,1500,261,1582,11653.71622,45,-51.8,1323,1473,360,1,4396000,360.5,1.42E-09,-0.061976282,31,0,0,1500,0.035682028
14,5/17/2012 16:20,5/17/2012 16:50,1.0367,2478.167822,2438.779208,2399.390594,2360.00198,2320.613366,2281.224752,2241.836139,2202.447525,2163.058911,2123.670297,2084.281683,2044.893069,2005.504455,1966.115842,1926.727228,1887.338614,1847.95,1851.3,1869.3,1860.74,1848.44,1813.32,1821.88,1828.5,1787.72,2478.167822,17.20214356,16.94591584,16.68968812,16.4334604,16.17723267,15.92100495,15.66477723,15.4085495,15.15232178,14.89609406,14.63986634,14.38363861,14.12741089,13.87118317,13.61495545,13.35872772,13.1025,13.2524,13.1742,13.4286,13.1418,12.9852,12.9854,12.9526,12.6462,17.20214356,0.318280099,0.313023218,0.307766337,0.302509455,0.297252574,0.291995693,0.286738812,0.281481931,0.27622505,0.270968168,0.265711287,0.260454406,0.255197525,0.249940644,0.244683762,0.239426881,0.23417,0.228908,0.2239,0.226154,0.228158,0.23567,0.249944,0.227156,0.227656,0.318280099,3.678674752,3.695354455,3.712034158,3.728713861,3.745393564,3.762073267,3.77875297,3.795432673,3.812112376,3.828792079,3.845471782,3.862151485,3.878831188,3.895510891,3.912190594,3.928870297,3.94555,3.61614,4.01294,5.3694,5.94832,4.69164,4.42758,4.56016,5.03786,5.94832,0.172365149,0.169932327,0.167499505,0.165066683,0.162633861,0.16020104,0.157768218,0.155335396,0.152902574,0.150469752,0.148036931,0.145604109,0.143171287,0.140738465,0.138305644,0.135872822,0.13344,0.137358,0.138692,0.139718,0.144912,0.141414,0.134916,0.14719,0.147412,0.172365149,0.897760396,0.894382871,0.891005347,0.887627822,0.884250297,0.880872772,0.877495248,0.874117723,0.870740198,0.867362673,0.863985149,0.860607624,0.857230099,0.853852574,0.85047505,0.847097525,0.84372,0.810324,0.828136,0.955192,1.008872,0.894924,0.891418,0.933752,0.986088,1.008872,110,5/17/2012 1:48,-10,75,1500,261,1582,11653.71622,45,-51.8,1323,1473,360,1,4396000,360.5,1.42E-09,-0.061976282,31,0,0,1500,0.025163976
14,5/17/2012 16:25,5/17/2012 16:55,1.13454,2438.779208,2399.390594,2360.00198,2320.613366,2281.224752,2241.836139,2202.447525,2163.058911,2123.670297,2084.281683,2044.893069,2005.504455,1966.115842,1926.727228,1887.338614,1847.95,1851.3,1869.3,1860.74,1848.44,1813.32,1821.88,1828.5,1787.72,1788.64,2438.779208,16.94591584,16.68968812,16.4334604,16.17723267,15.92100495,15.66477723,15.4085495,15.15232178,14.89609406,14.63986634,14.38363861,14.12741089,13.87118317,13.61495545,13.35872772,13.1025,13.2524,13.1742,13.4286,13.1418,12.9852,12.9854,12.9526,12.6462,12.6138,16.94591584,0.313023218,0.307766337,0.302509455,0.297252574,0.291995693,0.286738812,0.281481931,0.27622505,0.270968168,0.265711287,0.260454406,0.255197525,0.249940644,0.244683762,0.239426881,0.23417,0.228908,0.2239,0.226154,0.228158,0.23567,0.249944,0.227156,0.227656,0.220392,0.313023218,3.695354455,3.712034158,3.728713861,3.745393564,3.762073267,3.77875297,3.795432673,3.812112376,3.828792079,3.845471782,3.862151485,3.878831188,3.895510891,3.912190594,3.928870297,3.94555,3.61614,4.01294,5.3694,5.94832,4.69164,4.42758,4.56016,5.03786,6.31176,6.31176,0.169932327,0.167499505,0.165066683,0.162633861,0.16020104,0.157768218,0.155335396,0.152902574,0.150469752,0.148036931,0.145604109,0.143171287,0.140738465,0.138305644,0.135872822,0.13344,0.137358,0.138692,0.139718,0.144912,0.141414,0.134916,0.14719,0.147412,0.14694,0.169932327,0.894382871,0.891005347,0.887627822,0.884250297,0.880872772,0.877495248,0.874117723,0.870740198,0.867362673,0.863985149,0.860607624,0.857230099,0.853852574,0.85047505,0.847097525,0.84372,0.810324,0.828136,0.955192,1.008872,0.894924,0.891418,0.933752,0.986088,1.02452,1.02452,110,5/17/2012 1:48,-10,75,1500,261,1582,11653.71622,45,-51.8,1323,1473,360,1,4396000,360.5,1.42E-09,-0.061976282,31,0,0,1500,0.052918531
14,5/17/2012 16:30,5/17/2012 17:00,1.245,2399.390594,2360.00198,2320.613366,2281.224752,2241.836139,2202.447525,2163.058911,2123.670297,2084.281683,2044.893069,2005.504455,1966.115842,1926.727228,1887.338614,1847.95,1851.3,1869.3,1860.74,1848.44,1813.32,1821.88,1828.5,1787.72,1788.64,1745.96,2399.390594,16.68968812,16.4334604,16.17723267,15.92100495,15.66477723,15.4085495,15.15232178,14.89609406,14.63986634,14.38363861,14.12741089,13.87118317,13.61495545,13.35872772,13.1025,13.2524,13.1742,13.4286,13.1418,12.9852,12.9854,12.9526,12.6462,12.6138,12.3988,16.68968812,0.307766337,0.302509455,0.297252574,0.291995693,0.286738812,0.281481931,0.27622505,0.270968168,0.265711287,0.260454406,0.255197525,0.249940644,0.244683762,0.239426881,0.23417,0.228908,0.2239,0.226154,0.228158,0.23567,0.249944,0.227156,0.227656,0.220392,0.211628,0.307766337,3.712034158,3.728713861,3.745393564,3.762073267,3.77875297,3.795432673,3.812112376,3.828792079,3.845471782,3.862151485,3.878831188,3.895510891,3.912190594,3.928870297,3.94555,3.61614,4.01294,5.3694,5.94832,4.69164,4.42758,4.56016,5.03786,6.31176,5.8519,6.31176,0.167499505,0.165066683,0.162633861,0.16020104,0.157768218,0.155335396,0.152902574,0.150469752,0.148036931,0.145604109,0.143171287,0.140738465,0.138305644,0.135872822,0.13344,0.137358,0.138692,0.139718,0.144912,0.141414,0.134916,0.14719,0.147412,0.14694,0.142218,0.167499505,0.891005347,0.887627822,0.884250297,0.880872772,0.877495248,0.874117723,0.870740198,0.867362673,0.863985149,0.860607624,0.857230099,0.853852574,0.85047505,0.847097525,0.84372,0.810324,0.828136,0.955192,1.008872,0.894924,0.891418,0.933752,0.986088,1.02452,0.992682,1.02452,110,5/17/2012 1:48,-10,75,1500,261,1582,11653.71622,45,-51.8,1323,1473,360,1,4396000,360.5,1.42E-09,-0.061976282,31,0,0,1500,0.119224051
14,5/17/2012 16:35,5/17/2012 17:05,1.2087,2360.00198,2320.613366,2281.224752,2241.836139,2202.447525,2163.058911,2123.670297,2084.281683,2044.893069,2005.504455,1966.115842,1926.727228,1887.338614,1847.95,1851.3,1869.3,1860.74,1848.44,1813.32,1821.88,1828.5,1787.72,1788.64,1745.96,1750.72,2360.00198,16.4334604,16.17723267,15.92100495,15.66477723,15.4085495,15.15232178,14.89609406,14.63986634,14.38363861,14.12741089,13.87118317,13.61495545,13.35872772,13.1025,13.2524,13.1742,13.4286,13.1418,12.9852,12.9854,12.9526,12.6462,12.6138,12.3988,12.3724,16.4334604,0.302509455,0.297252574,0.291995693,0.286738812,0.281481931,0.27622505,0.270968168,0.265711287,0.260454406,0.255197525,0.249940644,0.244683762,0.239426881,0.23417,0.228908,0.2239,0.226154,0.228158,0.23567,0.249944,0.227156,0.227656,0.220392,0.211628,0.221394,0.302509455,3.728713861,3.745393564,3.762073267,3.77875297,3.795432673,3.812112376,3.828792079,3.845471782,3.862151485,3.878831188,3.895510891,3.912190594,3.928870297,3.94555,3.61614,4.01294,5.3694,5.94832,4.69164,4.42758,4.56016,5.03786,6.31176,5.8519,5.49642,6.31176,0.165066683,0.162633861,0.16020104,0.157768218,0.155335396,0.152902574,0.150469752,0.148036931,0.145604109,0.143171287,0.140738465,0.138305644,0.135872822,0.13344,0.137358,0.138692,0.139718,0.144912,0.141414,0.134916,0.14719,0.147412,0.14694,0.142218,0.136358,0.165066683,0.887627822,0.884250297,0.880872772,0.877495248,0.874117723,0.870740198,0.867362673,0.863985149,0.860607624,0.857230099,0.853852574,0.85047505,0.847097525,0.84372,0.810324,0.828136,0.955192,1.008872,0.894924,0.891418,0.933752,0.986088,1.02452,0.992682,0.971674,1.02452,110,5/17/2012 1:48,-10,75,1500,261,1582,11653.71622,45,-51.8,1323,1473,360,1,4396000,360.5,1.42E-09,-0.061976282,31,0,0,1500,0.113521179
14,5/17/2012 16:40,5/17/2012 17:10,1.08322,2320.613366,2281.224752,2241.836139,2202.447525,2163.058911,2123.670297,2084.281683,2044.893069,2005.504455,1966.115842,1926.727228,1887.338614,1847.95,1851.3,1869.3,1860.74,1848.44,1813.32,1821.88,1828.5,1787.72,1788.64,1745.96,1750.72,1706.1,2320.613366,16.17723267,15.92100495,15.66477723,15.4085495,15.15232178,14.89609406,14.63986634,14.38363861,14.12741089,13.87118317,13.61495545,13.35872772,13.1025,13.2524,13.1742,13.4286,13.1418,12.9852,12.9854,12.9526,12.6462,12.6138,12.3988,12.3724,12.092,16.17723267,0.297252574,0.291995693,0.286738812,0.281481931,0.27622505,0.270968168,0.265711287,0.260454406,0.255197525,0.249940644,0.244683762,0.239426881,0.23417,0.228908,0.2239,0.226154,0.228158,0.23567,0.249944,0.227156,0.227656,0.220392,0.211628,0.221394,0.217638,0.297252574,3.745393564,3.762073267,3.77875297,3.795432673,3.812112376,3.828792079,3.845471782,3.862151485,3.878831188,3.895510891,3.912190594,3.928870297,3.94555,3.61614,4.01294,5.3694,5.94832,4.69164,4.42758,4.56016,5.03786,6.31176,5.8519,5.49642,5.40426,6.31176,0.162633861,0.16020104,0.157768218,0.155335396,0.152902574,0.150469752,0.148036931,0.145604109,0.143171287,0.140738465,0.138305644,0.135872822,0.13344,0.137358,0.138692,0.139718,0.144912,0.141414,0.134916,0.14719,0.147412,0.14694,0.142218,0.136358,0.136196,0.162633861,0.884250297,0.880872772,0.877495248,0.874117723,0.870740198,0.867362673,0.863985149,0.860607624,0.857230099,0.853852574,0.85047505,0.847097525,0.84372,0.810324,0.828136,0.955192,1.008872,0.894924,0.891418,0.933752,0.986088,1.02452,0.992682,0.971674,0.963826,1.02452,110,5/17/2012 1:48,-10,75,1500,261,1582,11653.71622,45,-51.8,1323,1473,360,1,4396000,360.5,1.42E-09,-0.061976282,31,0,0,1500,0.059020162
14,5/17/2012 16:45,5/17/2012 17:15,1.12332,2281.224752,2241.836139,2202.447525,2163.058911,2123.670297,2084.281683,2044.893069,2005.504455,1966.115842,1926.727228,1887.338614,1847.95,1851.3,1869.3,1860.74,1848.44,1813.32,1821.88,1828.5,1787.72,1788.64,1745.96,1750.72,1706.1,1667.2,2281.224752,15.92100495,15.66477723,15.4085495,15.15232178,14.89609406,14.63986634,14.38363861,14.12741089,13.87118317,13.61495545,13.35872772,13.1025,13.2524,13.1742,13.4286,13.1418,12.9852,12.9854,12.9526,12.6462,12.6138,12.3988,12.3724,12.092,11.8118,15.92100495,0.291995693,0.286738812,0.281481931,0.27622505,0.270968168,0.265711287,0.260454406,0.255197525,0.249940644,0.244683762,0.239426881,0.23417,0.228908,0.2239,0.226154,0.228158,0.23567,0.249944,0.227156,0.227656,0.220392,0.211628,0.221394,0.217638,0.198602,0.291995693,3.762073267,3.77875297,3.795432673,3.812112376,3.828792079,3.845471782,3.862151485,3.878831188,3.895510891,3.912190594,3.928870297,3.94555,3.61614,4.01294,5.3694,5.94832,4.69164,4.42758,4.56016,5.03786,6.31176,5.8519,5.49642,5.40426,6.02324,6.31176,0.16020104,0.157768218,0.155335396,0.152902574,0.150469752,0.148036931,0.145604109,0.143171287,0.140738465,0.138305644,0.135872822,0.13344,0.137358,0.138692,0.139718,0.144912,0.141414,0.134916,0.14719,0.147412,0.14694,0.142218,0.136358,0.136196,0.13561,0.16020104,0.880872772,0.877495248,0.874117723,0.870740198,0.867362673,0.863985149,0.860607624,0.857230099,0.853852574,0.85047505,0.847097525,0.84372,0.810324,0.828136,0.955192,1.008872,0.894924,0.891418,0.933752,0.986088,1.02452,0.992682,0.971674,0.963826,1.003998,1.02452,110,5/17/2012 1:48,-10,75,1500,261,1582,11653.71622,45,-51.8,1323,1473,360,1,4396000,360.5,1.42E-09,-0.061976282,31,0,0,1500,0.057836716
14,5/17/2012 16:50,5/17/2012 17:20,1.15924,2241.836139,2202.447525,2163.058911,2123.670297,2084.281683,2044.893069,2005.504455,1966.115842,1926.727228,1887.338614,1847.95,1851.3,1869.3,1860.74,1848.44,1813.32,1821.88,1828.5,1787.72,1788.64,1745.96,1750.72,1706.1,1667.2,1633.96,2241.836139,15.66477723,15.4085495,15.15232178,14.89609406,14.63986634,14.38363861,14.12741089,13.87118317,13.61495545,13.35872772,13.1025,13.2524,13.1742,13.4286,13.1418,12.9852,12.9854,12.9526,12.6462,12.6138,12.3988,12.3724,12.092,11.8118,11.5902,15.66477723,0.286738812,0.281481931,0.27622505,0.270968168,0.265711287,0.260454406,0.255197525,0.249940644,0.244683762,0.239426881,0.23417,0.228908,0.2239,0.226154,0.228158,0.23567,0.249944,0.227156,0.227656,0.220392,0.211628,0.221394,0.217638,0.198602,0.205868,0.286738812,3.77875297,3.795432673,3.812112376,3.828792079,3.845471782,3.862151485,3.878831188,3.895510891,3.912190594,3.928870297,3.94555,3.61614,4.01294,5.3694,5.94832,4.69164,4.42758,4.56016,5.03786,6.31176,5.8519,5.49642,5.40426,6.02324,6.46718,6.46718,0.157768218,0.155335396,0.152902574,0.150469752,0.148036931,0.145604109,0.143171287,0.140738465,0.138305644,0.135872822,0.13344,0.137358,0.138692,0.139718,0.144912,0.141414,0.134916,0.14719,0.147412,0.14694,0.142218,0.136358,0.136196,0.13561,0.13511,0.157768218,0.877495248,0.874117723,0.870740198,0.867362673,0.863985149,0.860607624,0.857230099,0.853852574,0.85047505,0.847097525,0.84372,0.810324,0.828136,0.955192,1.008872,0.894924,0.891418,0.933752,0.986088,1.02452,0.992682,0.971674,0.963826,1.003998,1.0367,1.0367,110,5/17/2012 1:48,-10,75,1500,261,1582,11653.71622,45,-51.8,1323,1473,360,1,4396000,360.5,1.42E-09,-0.061976282,31,0,0,1500,0.058425457
14,5/17/2012 16:55,5/17/2012 17:25,1.20662,2202.447525,2163.058911,2123.670297,2084.281683,2044.893069,2005.504455,1966.115842,1926.727228,1887.338614,1847.95,1851.3,1869.3,1860.74,1848.44,1813.32,1821.88,1828.5,1787.72,1788.64,1745.96,1750.72,1706.1,1667.2,1633.96,1640.64,2202.447525,15.4085495,15.15232178,14.89609406,14.63986634,14.38363861,14.12741089,13.87118317,13.61495545,13.35872772,13.1025,13.2524,13.1742,13.4286,13.1418,12.9852,12.9854,12.9526,12.6462,12.6138,12.3988,12.3724,12.092,11.8118,11.5902,11.5574,15.4085495,0.281481931,0.27622505,0.270968168,0.265711287,0.260454406,0.255197525,0.249940644,0.244683762,0.239426881,0.23417,0.228908,0.2239,0.226154,0.228158,0.23567,0.249944,0.227156,0.227656,0.220392,0.211628,0.221394,0.217638,0.198602,0.205868,0.194846,0.281481931,3.795432673,3.812112376,3.828792079,3.845471782,3.862151485,3.878831188,3.895510891,3.912190594,3.928870297,3.94555,3.61614,4.01294,5.3694,5.94832,4.69164,4.42758,4.56016,5.03786,6.31176,5.8519,5.49642,5.40426,6.02324,6.46718,7.7665,7.7665,0.155335396,0.152902574,0.150469752,0.148036931,0.145604109,0.143171287,0.140738465,0.138305644,0.135872822,0.13344,0.137358,0.138692,0.139718,0.144912,0.141414,0.134916,0.14719,0.147412,0.14694,0.142218,0.136358,0.136196,0.13561,0.13511,0.131168,0.155335396,0.874117723,0.870740198,0.867362673,0.863985149,0.860607624,0.857230099,0.853852574,0.85047505,0.847097525,0.84372,0.810324,0.828136,0.955192,1.008872,0.894924,0.891418,0.933752,0.986088,1.02452,0.992682,0.971674,0.963826,1.003998,1.0367,1.13454,1.13454,110,5/17/2012 1:48,-10,75,1500,261,1582,11653.71622,45,-51.8,1323,1473,360,1,4396000,360.5,1.42E-09,-0.061976282,31,0,0,1500,0.033210766
14,5/17/2012 17:00,5/17/2012 17:30,1.20824,2163.058911,2123.670297,2084.281683,2044.893069,2005.504455,1966.115842,1926.727228,1887.338614,1847.95,1851.3,1869.3,1860.74,1848.44,1813.32,1821.88,1828.5,1787.72,1788.64,1745.96,1750.72,1706.1,1667.2,1633.96,1640.64,1664.36,2163.058911,15.15232178,14.89609406,14.63986634,14.38363861,14.12741089,13.87118317,13.61495545,13.35872772,13.1025,13.2524,13.1742,13.4286,13.1418,12.9852,12.9854,12.9526,12.6462,12.6138,12.3988,12.3724,12.092,11.8118,11.5902,11.5574,11.4012,15.15232178,0.27622505,0.270968168,0.265711287,0.260454406,0.255197525,0.249940644,0.244683762,0.239426881,0.23417,0.228908,0.2239,0.226154,0.228158,0.23567,0.249944,0.227156,0.227656,0.220392,0.211628,0.221394,0.217638,0.198602,0.205868,0.194846,0.190338,0.27622505,3.812112376,3.828792079,3.845471782,3.862151485,3.878831188,3.895510891,3.912190594,3.928870297,3.94555,3.61614,4.01294,5.3694,5.94832,4.69164,4.42758,4.56016,5.03786,6.31176,5.8519,5.49642,5.40426,6.02324,6.46718,7.7665,8.94678,8.94678,0.152902574,0.150469752,0.148036931,0.145604109,0.143171287,0.140738465,0.138305644,0.135872822,0.13344,0.137358,0.138692,0.139718,0.144912,0.141414,0.134916,0.14719,0.147412,0.14694,0.142218,0.136358,0.136196,0.13561,0.13511,0.131168,0.134638,0.152902574,0.870740198,0.867362673,0.863985149,0.860607624,0.857230099,0.853852574,0.85047505,0.847097525,0.84372,0.810324,0.828136,0.955192,1.008872,0.894924,0.891418,0.933752,0.986088,1.02452,0.992682,0.971674,0.963826,1.003998,1.0367,1.13454,1.245,1.245,110,5/17/2012 1:48,-10,75,1500,261,1582,11653.71622,45,-51.8,1323,1473,360,1,4396000,360.5,1.42E-09,-0.061976282,31,0,0,1500,-0.016509703
14,5/17/2012 17:05,5/17/2012 17:35,1.1266,2123.670297,2084.281683,2044.893069,2005.504455,1966.115842,1926.727228,1887.338614,1847.95,1851.3,1869.3,1860.74,1848.44,1813.32,1821.88,1828.5,1787.72,1788.64,1745.96,1750.72,1706.1,1667.2,1633.96,1640.64,1664.36,1604.56,2123.670297,14.89609406,14.63986634,14.38363861,14.12741089,13.87118317,13.61495545,13.35872772,13.1025,13.2524,13.1742,13.4286,13.1418,12.9852,12.9854,12.9526,12.6462,12.6138,12.3988,12.3724,12.092,11.8118,11.5902,11.5574,11.4012,11.3624,14.89609406,0.270968168,0.265711287,0.260454406,0.255197525,0.249940644,0.244683762,0.239426881,0.23417,0.228908,0.2239,0.226154,0.228158,0.23567,0.249944,0.227156,0.227656,0.220392,0.211628,0.221394,0.217638,0.198602,0.205868,0.194846,0.190338,0.19635,0.270968168,3.828792079,3.845471782,3.862151485,3.878831188,3.895510891,3.912190594,3.928870297,3.94555,3.61614,4.01294,5.3694,5.94832,4.69164,4.42758,4.56016,5.03786,6.31176,5.8519,5.49642,5.40426,6.02324,6.46718,7.7665,8.94678,8.72276,8.94678,0.150469752,0.148036931,0.145604109,0.143171287,0.140738465,0.138305644,0.135872822,0.13344,0.137358,0.138692,0.139718,0.144912,0.141414,0.134916,0.14719,0.147412,0.14694,0.142218,0.136358,0.136196,0.13561,0.13511,0.131168,0.134638,0.133332,0.150469752,0.867362673,0.863985149,0.860607624,0.857230099,0.853852574,0.85047505,0.847097525,0.84372,0.810324,0.828136,0.955192,1.008872,0.894924,0.891418,0.933752,0.986088,1.02452,0.992682,0.971674,0.963826,1.003998,1.0367,1.13454,1.245,1.2087,1.245,110,5/17/2012 1:48,-10,75,1500,261,1582,11653.71622,45,-51.8,1323,1473,360,1,4396000,360.5,1.42E-09,-0.061976282,31,0,0,1500,-0.037879647
14,5/17/2012 17:10,5/17/2012 17:40,1.12192,2084.281683,2044.893069,2005.504455,1966.115842,1926.727228,1887.338614,1847.95,1851.3,1869.3,1860.74,1848.44,1813.32,1821.88,1828.5,1787.72,1788.64,1745.96,1750.72,1706.1,1667.2,1633.96,1640.64,1664.36,1604.56,1569.48,2084.281683,14.63986634,14.38363861,14.12741089,13.87118317,13.61495545,13.35872772,13.1025,13.2524,13.1742,13.4286,13.1418,12.9852,12.9854,12.9526,12.6462,12.6138,12.3988,12.3724,12.092,11.8118,11.5902,11.5574,11.4012,11.3624,10.8862,14.63986634,0.265711287,0.260454406,0.255197525,0.249940644,0.244683762,0.239426881,0.23417,0.228908,0.2239,0.226154,0.228158,0.23567,0.249944,0.227156,0.227656,0.220392,0.211628,0.221394,0.217638,0.198602,0.205868,0.194846,0.190338,0.19635,0.192092,0.265711287,3.845471782,3.862151485,3.878831188,3.895510891,3.912190594,3.928870297,3.94555,3.61614,4.01294,5.3694,5.94832,4.69164,4.42758,4.56016,5.03786,6.31176,5.8519,5.49642,5.40426,6.02324,6.46718,7.7665,8.94678,8.72276,7.23894,8.94678,0.148036931,0.145604109,0.143171287,0.140738465,0.138305644,0.135872822,0.13344,0.137358,0.138692,0.139718,0.144912,0.141414,0.134916,0.14719,0.147412,0.14694,0.142218,0.136358,0.136196,0.13561,0.13511,0.131168,0.134638,0.133332,0.128666,0.148036931,0.863985149,0.860607624,0.857230099,0.853852574,0.85047505,0.847097525,0.84372,0.810324,0.828136,0.955192,1.008872,0.894924,0.891418,0.933752,0.986088,1.02452,0.992682,0.971674,0.963826,1.003998,1.0367,1.13454,1.245,1.2087,1.08322,1.245,110,5/17/2012 1:48,-10,75,1500,261,1582,11653.71622,45,-51.8,1323,1473,360,1,4396000,360.5,1.42E-09,-0.061976282,31,0,0,1500,0.018406566
14,5/17/2012 17:15,5/17/2012 17:45,1.09934,2044.893069,2005.504455,1966.115842,1926.727228,1887.338614,1847.95,1851.3,1869.3,1860.74,1848.44,1813.32,1821.88,1828.5,1787.72,1788.64,1745.96,1750.72,1706.1,1667.2,1633.96,1640.64,1664.36,1604.56,1569.48,1566.6,2044.893069,14.38363861,14.12741089,13.87118317,13.61495545,13.35872772,13.1025,13.2524,13.1742,13.4286,13.1418,12.9852,12.9854,12.9526,12.6462,12.6138,12.3988,12.3724,12.092,11.8118,11.5902,11.5574,11.4012,11.3624,10.8862,10.9452,14.38363861,0.260454406,0.255197525,0.249940644,0.244683762,0.239426881,0.23417,0.228908,0.2239,0.226154,0.228158,0.23567,0.249944,0.227156,0.227656,0.220392,0.211628,0.221394,0.217638,0.198602,0.205868,0.194846,0.190338,0.19635,0.192092,0.187084,0.260454406,3.862151485,3.878831188,3.895510891,3.912190594,3.928870297,3.94555,3.61614,4.01294,5.3694,5.94832,4.69164,4.42758,4.56016,5.03786,6.31176,5.8519,5.49642,5.40426,6.02324,6.46718,7.7665,8.94678,8.72276,7.23894,7.78966,8.94678,0.145604109,0.143171287,0.140738465,0.138305644,0.135872822,0.13344,0.137358,0.138692,0.139718,0.144912,0.141414,0.134916,0.14719,0.147412,0.14694,0.142218,0.136358,0.136196,0.13561,0.13511,0.131168,0.134638,0.133332,0.128666,0.127472,0.147412,0.860607624,0.857230099,0.853852574,0.85047505,0.847097525,0.84372,0.810324,0.828136,0.955192,1.008872,0.894924,0.891418,0.933752,0.986088,1.02452,0.992682,0.971674,0.963826,1.003998,1.0367,1.13454,1.245,1.2087,1.08322,1.12332,1.245,110,5/17/2012 1:48,-10,75,1500,261,1582,11653.71622,45,-51.8,1323,1473,360,1,4396000,360.5,1.42E-09,-0.061976282,31,0,0,1500,-0.011357892
14,5/17/2012 17:20,5/17/2012 17:50,1.0985,2005.504455,1966.115842,1926.727228,1887.338614,1847.95,1851.3,1869.3,1860.74,1848.44,1813.32,1821.88,1828.5,1787.72,1788.64,1745.96,1750.72,1706.1,1667.2,1633.96,1640.64,1664.36,1604.56,1569.48,1566.6,1559.02,2005.504455,14.12741089,13.87118317,13.61495545,13.35872772,13.1025,13.2524,13.1742,13.4286,13.1418,12.9852,12.9854,12.9526,12.6462,12.6138,12.3988,12.3724,12.092,11.8118,11.5902,11.5574,11.4012,11.3624,10.8862,10.9452,10.9516,14.12741089,0.255197525,0.249940644,0.244683762,0.239426881,0.23417,0.228908,0.2239,0.226154,0.228158,0.23567,0.249944,0.227156,0.227656,0.220392,0.211628,0.221394,0.217638,0.198602,0.205868,0.194846,0.190338,0.19635,0.192092,0.187084,0.198854,0.255197525,3.878831188,3.895510891,3.912190594,3.928870297,3.94555,3.61614,4.01294,5.3694,5.94832,4.69164,4.42758,4.56016,5.03786,6.31176,5.8519,5.49642,5.40426,6.02324,6.46718,7.7665,8.94678,8.72276,7.23894,7.78966,8.38508,8.94678,0.143171287,0.140738465,0.138305644,0.135872822,0.13344,0.137358,0.138692,0.139718,0.144912,0.141414,0.134916,0.14719,0.147412,0.14694,0.142218,0.136358,0.136196,0.13561,0.13511,0.131168,0.134638,0.133332,0.128666,0.127472,0.129804,0.147412,0.857230099,0.853852574,0.85047505,0.847097525,0.84372,0.810324,0.828136,0.955192,1.008872,0.894924,0.891418,0.933752,0.986088,1.02452,0.992682,0.971674,0.963826,1.003998,1.0367,1.13454,1.245,1.2087,1.08322,1.12332,1.15924,1.245,110,5/17/2012 1:48,-10,75,1500,261,1582,11653.71622,45,-51.8,1323,1473,360,1,4396000,360.5,1.42E-09,-0.061976282,31,0,0,1500,-0.028533504
14,5/17/2012 17:25,5/17/2012 17:55,1.12978,1966.115842,1926.727228,1887.338614,1847.95,1851.3,1869.3,1860.74,1848.44,1813.32,1821.88,1828.5,1787.72,1788.64,1745.96,1750.72,1706.1,1667.2,1633.96,1640.64,1664.36,1604.56,1569.48,1566.6,1559.02,1564.72,1966.115842,13.87118317,13.61495545,13.35872772,13.1025,13.2524,13.1742,13.4286,13.1418,12.9852,12.9854,12.9526,12.6462,12.6138,12.3988,12.3724,12.092,11.8118,11.5902,11.5574,11.4012,11.3624,10.8862,10.9452,10.9516,10.7624,13.87118317,0.249940644,0.244683762,0.239426881,0.23417,0.228908,0.2239,0.226154,0.228158,0.23567,0.249944,0.227156,0.227656,0.220392,0.211628,0.221394,0.217638,0.198602,0.205868,0.194846,0.190338,0.19635,0.192092,0.187084,0.198854,0.201606,0.249944,3.895510891,3.912190594,3.928870297,3.94555,3.61614,4.01294,5.3694,5.94832,4.69164,4.42758,4.56016,5.03786,6.31176,5.8519,5.49642,5.40426,6.02324,6.46718,7.7665,8.94678,8.72276,7.23894,7.78966,8.38508,9.15296,9.15296,0.140738465,0.138305644,0.135872822,0.13344,0.137358,0.138692,0.139718,0.144912,0.141414,0.134916,0.14719,0.147412,0.14694,0.142218,0.136358,0.136196,0.13561,0.13511,0.131168,0.134638,0.133332,0.128666,0.127472,0.129804,0.132776,0.147412,0.853852574,0.85047505,0.847097525,0.84372,0.810324,0.828136,0.955192,1.008872,0.894924,0.891418,0.933752,0.986088,1.02452,0.992682,0.971674,0.963826,1.003998,1.0367,1.13454,1.245,1.2087,1.08322,1.12332,1.15924,1.20662,1.245,110,5/17/2012 1:48,-10,75,1500,261,1582,11653.71622,45,-51.8,1323,1473,360,1,4396000,360.5,1.42E-09,-0.061976282,31,0,0,1500,-0.035443245
14,5/17/2012 17:30,5/17/2012 18:00,1.09303,1926.727228,1887.338614,1847.95,1851.3,1869.3,1860.74,1848.44,1813.32,1821.88,1828.5,1787.72,1788.64,1745.96,1750.72,1706.1,1667.2,1633.96,1640.64,1664.36,1604.56,1569.48,1566.6,1559.02,1564.72,1563.78,1926.727228,13.61495545,13.35872772,13.1025,13.2524,13.1742,13.4286,13.1418,12.9852,12.9854,12.9526,12.6462,12.6138,12.3988,12.3724,12.092,11.8118,11.5902,11.5574,11.4012,11.3624,10.8862,10.9452,10.9516,10.7624,10.7492,13.61495545,0.244683762,0.239426881,0.23417,0.228908,0.2239,0.226154,0.228158,0.23567,0.249944,0.227156,0.227656,0.220392,0.211628,0.221394,0.217638,0.198602,0.205868,0.194846,0.190338,0.19635,0.192092,0.187084,0.198854,0.201606,0.182074,0.249944,3.912190594,3.928870297,3.94555,3.61614,4.01294,5.3694,5.94832,4.69164,4.42758,4.56016,5.03786,6.31176,5.8519,5.49642,5.40426,6.02324,6.46718,7.7665,8.94678,8.72276,7.23894,7.78966,8.38508,9.15296,9.16614,9.16614,0.138305644,0.135872822,0.13344,0.137358,0.138692,0.139718,0.144912,0.141414,0.134916,0.14719,0.147412,0.14694,0.142218,0.136358,0.136196,0.13561,0.13511,0.131168,0.134638,0.133332,0.128666,0.127472,0.129804,0.132776,0.129888,0.147412,0.85047505,0.847097525,0.84372,0.810324,0.828136,0.955192,1.008872,0.894924,0.891418,0.933752,0.986088,1.02452,0.992682,0.971674,0.963826,1.003998,1.0367,1.13454,1.245,1.2087,1.08322,1.12332,1.15924,1.20662,1.20824,1.245,110,5/17/2012 1:48,-10,75,1500,261,1582,11653.71622,45,-51.8,1323,1473,360,1,4396000,360.5,1.42E-09,-0.061976282,31,0,0,1500,-0.053583041
14,5/17/2012 17:35,5/17/2012 18:05,1.005996,1887.338614,1847.95,1851.3,1869.3,1860.74,1848.44,1813.32,1821.88,1828.5,1787.72,1788.64,1745.96,1750.72,1706.1,1667.2,1633.96,1640.64,1664.36,1604.56,1569.48,1566.6,1559.02,1564.72,1563.78,1520.12,1887.338614,13.35872772,13.1025,13.2524,13.1742,13.4286,13.1418,12.9852,12.9854,12.9526,12.6462,12.6138,12.3988,12.3724,12.092,11.8118,11.5902,11.5574,11.4012,11.3624,10.8862,10.9452,10.9516,10.7624,10.7492,10.5148,13.4286,0.239426881,0.23417,0.228908,0.2239,0.226154,0.228158,0.23567,0.249944,0.227156,0.227656,0.220392,0.211628,0.221394,0.217638,0.198602,0.205868,0.194846,0.190338,0.19635,0.192092,0.187084,0.198854,0.201606,0.182074,0.184828,0.249944,3.928870297,3.94555,3.61614,4.01294,5.3694,5.94832,4.69164,4.42758,4.56016,5.03786,6.31176,5.8519,5.49642,5.40426,6.02324,6.46718,7.7665,8.94678,8.72276,7.23894,7.78966,8.38508,9.15296,9.16614,8.10158,9.16614,0.135872822,0.13344,0.137358,0.138692,0.139718,0.144912,0.141414,0.134916,0.14719,0.147412,0.14694,0.142218,0.136358,0.136196,0.13561,0.13511,0.131168,0.134638,0.133332,0.128666,0.127472,0.129804,0.132776,0.129888,0.131692,0.147412,0.847097525,0.84372,0.810324,0.828136,0.955192,1.008872,0.894924,0.891418,0.933752,0.986088,1.02452,0.992682,0.971674,0.963826,1.003998,1.0367,1.13454,1.245,1.2087,1.08322,1.12332,1.15924,1.20662,1.20824,1.1266,1.245,110,5/17/2012 1:48,-10,75,1500,261,1582,11653.71622,45,-51.8,1323,1473,360,1,4396000,360.5,1.42E-09,-0.061976282,31,0,0,1500,-0.058383765
14,5/17/2012 17:40,5/17/2012 18:10,1.01926,1847.95,1851.3,1869.3,1860.74,1848.44,1813.32,1821.88,1828.5,1787.72,1788.64,1745.96,1750.72,1706.1,1667.2,1633.96,1640.64,1664.36,1604.56,1569.48,1566.6,1559.02,1564.72,1563.78,1520.12,1537.22,1869.3,13.1025,13.2524,13.1742,13.4286,13.1418,12.9852,12.9854,12.9526,12.6462,12.6138,12.3988,12.3724,12.092,11.8118,11.5902,11.5574,11.4012,11.3624,10.8862,10.9452,10.9516,10.7624,10.7492,10.5148,10.5798,13.4286,0.23417,0.228908,0.2239,0.226154,0.228158,0.23567,0.249944,0.227156,0.227656,0.220392,0.211628,0.221394,0.217638,0.198602,0.205868,0.194846,0.190338,0.19635,0.192092,0.187084,0.198854,0.201606,0.182074,0.184828,0.182324,0.249944,3.94555,3.61614,4.01294,5.3694,5.94832,4.69164,4.42758,4.56016,5.03786,6.31176,5.8519,5.49642,5.40426,6.02324,6.46718,7.7665,8.94678,8.72276,7.23894,7.78966,8.38508,9.15296,9.16614,8.10158,8.40828,9.16614,0.13344,0.137358,0.138692,0.139718,0.144912,0.141414,0.134916,0.14719,0.147412,0.14694,0.142218,0.136358,0.136196,0.13561,0.13511,0.131168,0.134638,0.133332,0.128666,0.127472,0.129804,0.132776,0.129888,0.131692,0.12375,0.147412,0.84372,0.810324,0.828136,0.955192,1.008872,0.894924,0.891418,0.933752,0.986088,1.02452,0.992682,0.971674,0.963826,1.003998,1.0367,1.13454,1.245,1.2087,1.08322,1.12332,1.15924,1.20662,1.20824,1.1266,1.12192,1.245,110,5/17/2012 1:48,-10,75,1500,261,1582,11653.71622,45,-51.8,1323,1473,360,1,4396000,360.5,1.42E-09,-0.061976282,31,0,0,1500,-0.049590232
14,5/17/2012 17:45,5/17/2012 18:15,1.06842,1851.3,1869.3,1860.74,1848.44,1813.32,1821.88,1828.5,1787.72,1788.64,1745.96,1750.72,1706.1,1667.2,1633.96,1640.64,1664.36,1604.56,1569.48,1566.6,1559.02,1564.72,1563.78,1520.12,1537.22,1523.9,1869.3,13.2524,13.1742,13.4286,13.1418,12.9852,12.9854,12.9526,12.6462,12.6138,12.3988,12.3724,12.092,11.8118,11.5902,11.5574,11.4012,11.3624,10.8862,10.9452,10.9516,10.7624,10.7492,10.5148,10.5798,10.697,13.4286,0.228908,0.2239,0.226154,0.228158,0.23567,0.249944,0.227156,0.227656,0.220392,0.211628,0.221394,0.217638,0.198602,0.205868,0.194846,0.190338,0.19635,0.192092,0.187084,0.198854,0.201606,0.182074,0.184828,0.182324,0.194348,0.249944,3.61614,4.01294,5.3694,5.94832,4.69164,4.42758,4.56016,5.03786,6.31176,5.8519,5.49642,5.40426,6.02324,6.46718,7.7665,8.94678,8.72276,7.23894,7.78966,8.38508,9.15296,9.16614,8.10158,8.40828,7.84178,9.16614,0.137358,0.138692,0.139718,0.144912,0.141414,0.134916,0.14719,0.147412,0.14694,0.142218,0.136358,0.136196,0.13561,0.13511,0.131168,0.134638,0.133332,0.128666,0.127472,0.129804,0.132776,0.129888,0.131692,0.12375,0.125334,0.147412,0.810324,0.828136,0.955192,1.008872,0.894924,0.891418,0.933752,0.986088,1.02452,0.992682,0.971674,0.963826,1.003998,1.0367,1.13454,1.245,1.2087,1.08322,1.12332,1.15924,1.20662,1.20824,1.1266,1.12192,1.09934,1.245,110,5/17/2012 1:48,-10,75,1500,261,1582,11653.71622,45,-51.8,1323,1473,360,1,4396000,360.5,1.42E-09,-0.061976282,31,0,0,1500,-0.014837979
14,5/17/2012 17:50,5/17/2012 18:20,1.11692,1869.3,1860.74,1848.44,1813.32,1821.88,1828.5,1787.72,1788.64,1745.96,1750.72,1706.1,1667.2,1633.96,1640.64,1664.36,1604.56,1569.48,1566.6,1559.02,1564.72,1563.78,1520.12,1537.22,1523.9,1530.56,1869.3,13.1742,13.4286,13.1418,12.9852,12.9854,12.9526,12.6462,12.6138,12.3988,12.3724,12.092,11.8118,11.5902,11.5574,11.4012,11.3624,10.8862,10.9452,10.9516,10.7624,10.7492,10.5148,10.5798,10.697,10.7426,13.4286,0.2239,0.226154,0.228158,0.23567,0.249944,0.227156,0.227656,0.220392,0.211628,0.221394,0.217638,0.198602,0.205868,0.194846,0.190338,0.19635,0.192092,0.187084,0.198854,0.201606,0.182074,0.184828,0.182324,0.194348,0.18533,0.249944,4.01294,5.3694,5.94832,4.69164,4.42758,4.56016,5.03786,6.31176,5.8519,5.49642,5.40426,6.02324,6.46718,7.7665,8.94678,8.72276,7.23894,7.78966,8.38508,9.15296,9.16614,8.10158,8.40828,7.84178,8.17852,9.16614,0.138692,0.139718,0.144912,0.141414,0.134916,0.14719,0.147412,0.14694,0.142218,0.136358,0.136196,0.13561,0.13511,0.131168,0.134638,0.133332,0.128666,0.127472,0.129804,0.132776,0.129888,0.131692,0.12375,0.125334,0.1235,0.147412,0.828136,0.955192,1.008872,0.894924,0.891418,0.933752,0.986088,1.02452,0.992682,0.971674,0.963826,1.003998,1.0367,1.13454,1.245,1.2087,1.08322,1.12332,1.15924,1.20662,1.20824,1.1266,1.12192,1.09934,1.0985,1.245,110,5/17/2012 1:48,-10,75,1500,261,1582,11653.71622,45,-51.8,1323,1473,360,1,4396000,360.5,1.42E-09,-0.061976282,31,0,0,1500,0.008739398
14,5/17/2012 17:55,5/17/2012 18:25,1.2733,1860.74,1848.44,1813.32,1821.88,1828.5,1787.72,1788.64,1745.96,1750.72,1706.1,1667.2,1633.96,1640.64,1664.36,1604.56,1569.48,1566.6,1559.02,1564.72,1563.78,1520.12,1537.22,1523.9,1530.56,1514.42,1860.74,13.4286,13.1418,12.9852,12.9854,12.9526,12.6462,12.6138,12.3988,12.3724,12.092,11.8118,11.5902,11.5574,11.4012,11.3624,10.8862,10.9452,10.9516,10.7624,10.7492,10.5148,10.5798,10.697,10.7426,10.5538,13.4286,0.226154,0.228158,0.23567,0.249944,0.227156,0.227656,0.220392,0.211628,0.221394,0.217638,0.198602,0.205868,0.194846,0.190338,0.19635,0.192092,0.187084,0.198854,0.201606,0.182074,0.184828,0.182324,0.194348,0.18533,0.178068,0.249944,5.3694,5.94832,4.69164,4.42758,4.56016,5.03786,6.31176,5.8519,5.49642,5.40426,6.02324,6.46718,7.7665,8.94678,8.72276,7.23894,7.78966,8.38508,9.15296,9.16614,8.10158,8.40828,7.84178,8.17852,9.04076,9.16614,0.139718,0.144912,0.141414,0.134916,0.14719,0.147412,0.14694,0.142218,0.136358,0.136196,0.13561,0.13511,0.131168,0.134638,0.133332,0.128666,0.127472,0.129804,0.132776,0.129888,0.131692,0.12375,0.125334,0.1235,0.122612,0.147412,0.955192,1.008872,0.894924,0.891418,0.933752,0.986088,1.02452,0.992682,0.971674,0.963826,1.003998,1.0367,1.13454,1.245,1.2087,1.08322,1.12332,1.15924,1.20662,1.20824,1.1266,1.12192,1.09934,1.0985,1.12978,1.245,110,5/17/2012 1:48,-10,75,1500,261,1582,11653.71622,45,-51.8,1323,1473,360,1,4396000,360.5,1.42E-09,-0.061976282,31,0,0,1500,0.065213832
14,5/17/2012 18:00,5/17/2012 18:30,1.29912,1848.44,1813.32,1821.88,1828.5,1787.72,1788.64,1745.96,1750.72,1706.1,1667.2,1633.96,1640.64,1664.36,1604.56,1569.48,1566.6,1559.02,1564.72,1563.78,1520.12,1537.22,1523.9,1530.56,1514.42,1459.36,1848.44,13.1418,12.9852,12.9854,12.9526,12.6462,12.6138,12.3988,12.3724,12.092,11.8118,11.5902,11.5574,11.4012,11.3624,10.8862,10.9452,10.9516,10.7624,10.7492,10.5148,10.5798,10.697,10.7426,10.5538,10.2214,13.1418,0.228158,0.23567,0.249944,0.227156,0.227656,0.220392,0.211628,0.221394,0.217638,0.198602,0.205868,0.194846,0.190338,0.19635,0.192092,0.187084,0.198854,0.201606,0.182074,0.184828,0.182324,0.194348,0.18533,0.178068,0.184076,0.249944,5.94832,4.69164,4.42758,4.56016,5.03786,6.31176,5.8519,5.49642,5.40426,6.02324,6.46718,7.7665,8.94678,8.72276,7.23894,7.78966,8.38508,9.15296,9.16614,8.10158,8.40828,7.84178,8.17852,9.04076,7.57214,9.16614,0.144912,0.141414,0.134916,0.14719,0.147412,0.14694,0.142218,0.136358,0.136196,0.13561,0.13511,0.131168,0.134638,0.133332,0.128666,0.127472,0.129804,0.132776,0.129888,0.131692,0.12375,0.125334,0.1235,0.122612,0.122972,0.147412,1.008872,0.894924,0.891418,0.933752,0.986088,1.02452,0.992682,0.971674,0.963826,1.003998,1.0367,1.13454,1.245,1.2087,1.08322,1.12332,1.15924,1.20662,1.20824,1.1266,1.12192,1.09934,1.0985,1.12978,1.09303,1.245,110,5/17/2012 1:48,-10,75,1500,261,1582,11653.71622,45,-51.8,1323,1473,360,1,4396000,360.5,1.42E-09,-0.061976282,31,0,0,1500,0.093913664
14,5/17/2012 18:05,5/17/2012 18:35,1.35576,1813.32,1821.88,1828.5,1787.72,1788.64,1745.96,1750.72,1706.1,1667.2,1633.96,1640.64,1664.36,1604.56,1569.48,1566.6,1559.02,1564.72,1563.78,1520.12,1537.22,1523.9,1530.56,1514.42,1459.36,1447.08,1828.5,12.9852,12.9854,12.9526,12.6462,12.6138,12.3988,12.3724,12.092,11.8118,11.5902,11.5574,11.4012,11.3624,10.8862,10.9452,10.9516,10.7624,10.7492,10.5148,10.5798,10.697,10.7426,10.5538,10.2214,10.15616,12.9854,0.23567,0.249944,0.227156,0.227656,0.220392,0.211628,0.221394,0.217638,0.198602,0.205868,0.194846,0.190338,0.19635,0.192092,0.187084,0.198854,0.201606,0.182074,0.184828,0.182324,0.194348,0.18533,0.178068,0.184076,0.16755,0.249944,4.69164,4.42758,4.56016,5.03786,6.31176,5.8519,5.49642,5.40426,6.02324,6.46718,7.7665,8.94678,8.72276,7.23894,7.78966,8.38508,9.15296,9.16614,8.10158,8.40828,7.84178,8.17852,9.04076,7.57214,6.85896,9.16614,0.141414,0.134916,0.14719,0.147412,0.14694,0.142218,0.136358,0.136196,0.13561,0.13511,0.131168,0.134638,0.133332,0.128666,0.127472,0.129804,0.132776,0.129888,0.131692,0.12375,0.125334,0.1235,0.122612,0.122972,0.120974,0.147412,0.894924,0.891418,0.933752,0.986088,1.02452,0.992682,0.971674,0.963826,1.003998,1.0367,1.13454,1.245,1.2087,1.08322,1.12332,1.15924,1.20662,1.20824,1.1266,1.12192,1.09934,1.0985,1.12978,1.09303,1.005996,1.245,110,5/17/2012 1:48,-10,75,1500,261,1582,11653.71622,45,-51.8,1323,1473,360,1,4396000,360.5,1.42E-09,-0.061976282,31,0,0,1500,0.160722698
14,5/17/2012 18:10,5/17/2012 18:40,1.42662,1821.88,1828.5,1787.72,1788.64,1745.96,1750.72,1706.1,1667.2,1633.96,1640.64,1664.36,1604.56,1569.48,1566.6,1559.02,1564.72,1563.78,1520.12,1537.22,1523.9,1530.56,1514.42,1459.36,1447.08,1448.02,1828.5,12.9854,12.9526,12.6462,12.6138,12.3988,12.3724,12.092,11.8118,11.5902,11.5574,11.4012,11.3624,10.8862,10.9452,10.9516,10.7624,10.7492,10.5148,10.5798,10.697,10.7426,10.5538,10.2214,10.15616,10.07794,12.9854,0.249944,0.227156,0.227656,0.220392,0.211628,0.221394,0.217638,0.198602,0.205868,0.194846,0.190338,0.19635,0.192092,0.187084,0.198854,0.201606,0.182074,0.184828,0.182324,0.194348,0.18533,0.178068,0.184076,0.16755,0.177318,0.249944,4.42758,4.56016,5.03786,6.31176,5.8519,5.49642,5.40426,6.02324,6.46718,7.7665,8.94678,8.72276,7.23894,7.78966,8.38508,9.15296,9.16614,8.10158,8.40828,7.84178,8.17852,9.04076,7.57214,6.85896,7.1796,9.16614,0.134916,0.14719,0.147412,0.14694,0.142218,0.136358,0.136196,0.13561,0.13511,0.131168,0.134638,0.133332,0.128666,0.127472,0.129804,0.132776,0.129888,0.131692,0.12375,0.125334,0.1235,0.122612,0.122972,0.120974,0.120804,0.147412,0.891418,0.933752,0.986088,1.02452,0.992682,0.971674,0.963826,1.003998,1.0367,1.13454,1.245,1.2087,1.08322,1.12332,1.15924,1.20662,1.20824,1.1266,1.12192,1.09934,1.0985,1.12978,1.09303,1.005996,1.01926,1.245,110,5/17/2012 1:48,-10,75,1500,261,1582,11653.71622,45,-51.8,1323,1473,360,1,4396000,360.5,1.42E-09,-0.061976282,30,0,0,1500,0.183768235
14,5/17/2012 18:15,5/17/2012 18:45,1.34484,1828.5,1787.72,1788.64,1745.96,1750.72,1706.1,1667.2,1633.96,1640.64,1664.36,1604.56,1569.48,1566.6,1559.02,1564.72,1563.78,1520.12,1537.22,1523.9,1530.56,1514.42,1459.36,1447.08,1448.02,1438.54,1828.5,12.9526,12.6462,12.6138,12.3988,12.3724,12.092,11.8118,11.5902,11.5574,11.4012,11.3624,10.8862,10.9452,10.9516,10.7624,10.7492,10.5148,10.5798,10.697,10.7426,10.5538,10.2214,10.15616,10.07794,10.02568,12.9526,0.227156,0.227656,0.220392,0.211628,0.221394,0.217638,0.198602,0.205868,0.194846,0.190338,0.19635,0.192092,0.187084,0.198854,0.201606,0.182074,0.184828,0.182324,0.194348,0.18533,0.178068,0.184076,0.16755,0.177318,0.170806,0.227656,4.56016,5.03786,6.31176,5.8519,5.49642,5.40426,6.02324,6.46718,7.7665,8.94678,8.72276,7.23894,7.78966,8.38508,9.15296,9.16614,8.10158,8.40828,7.84178,8.17852,9.04076,7.57214,6.85896,7.1796,8.0387,9.16614,0.14719,0.147412,0.14694,0.142218,0.136358,0.136196,0.13561,0.13511,0.131168,0.134638,0.133332,0.128666,0.127472,0.129804,0.132776,0.129888,0.131692,0.12375,0.125334,0.1235,0.122612,0.122972,0.120974,0.120804,0.117334,0.147412,0.933752,0.986088,1.02452,0.992682,0.971674,0.963826,1.003998,1.0367,1.13454,1.245,1.2087,1.08322,1.12332,1.15924,1.20662,1.20824,1.1266,1.12192,1.09934,1.0985,1.12978,1.09303,1.005996,1.01926,1.06842,1.245,110,5/17/2012 1:48,-10,75,1500,261,1582,11653.71622,45,-51.8,1323,1473,360,1,4396000,360.5,1.42E-09,-0.061976282,30,0,0,1500,0.125432138
14,5/17/2012 18:20,5/17/2012 18:50,1.48472,1787.72,1788.64,1745.96,1750.72,1706.1,1667.2,1633.96,1640.64,1664.36,1604.56,1569.48,1566.6,1559.02,1564.72,1563.78,1520.12,1537.22,1523.9,1530.56,1514.42,1459.36,1447.08,1448.02,1438.54,1509.68,1788.64,12.6462,12.6138,12.3988,12.3724,12.092,11.8118,11.5902,11.5574,11.4012,11.3624,10.8862,10.9452,10.9516,10.7624,10.7492,10.5148,10.5798,10.697,10.7426,10.5538,10.2214,10.15616,10.07794,10.02568,10.43,12.6462,0.227656,0.220392,0.211628,0.221394,0.217638,0.198602,0.205868,0.194846,0.190338,0.19635,0.192092,0.187084,0.198854,0.201606,0.182074,0.184828,0.182324,0.194348,0.18533,0.178068,0.184076,0.16755,0.177318,0.170806,0.179822,0.227656,5.03786,6.31176,5.8519,5.49642,5.40426,6.02324,6.46718,7.7665,8.94678,8.72276,7.23894,7.78966,8.38508,9.15296,9.16614,8.10158,8.40828,7.84178,8.17852,9.04076,7.57214,6.85896,7.1796,8.0387,8.53956,9.16614,0.147412,0.14694,0.142218,0.136358,0.136196,0.13561,0.13511,0.131168,0.134638,0.133332,0.128666,0.127472,0.129804,0.132776,0.129888,0.131692,0.12375,0.125334,0.1235,0.122612,0.122972,0.120974,0.120804,0.117334,0.125336,0.147412,0.986088,1.02452,0.992682,0.971674,0.963826,1.003998,1.0367,1.13454,1.245,1.2087,1.08322,1.12332,1.15924,1.20662,1.20824,1.1266,1.12192,1.09934,1.0985,1.12978,1.09303,1.005996,1.01926,1.06842,1.11692,1.245,110,5/17/2012 1:48,-10,75,1500,261,1582,11653.71622,45,-51.8,1323,1473,360,1,4396000,360.5,1.42E-09,-0.061976282,30,0,0,1500,0.160197775
14,5/17/2012 18:25,5/17/2012 18:55,1.48878,1788.64,1745.96,1750.72,1706.1,1667.2,1633.96,1640.64,1664.36,1604.56,1569.48,1566.6,1559.02,1564.72,1563.78,1520.12,1537.22,1523.9,1530.56,1514.42,1459.36,1447.08,1448.02,1438.54,1509.68,1548.58,1788.64,12.6138,12.3988,12.3724,12.092,11.8118,11.5902,11.5574,11.4012,11.3624,10.8862,10.9452,10.9516,10.7624,10.7492,10.5148,10.5798,10.697,10.7426,10.5538,10.2214,10.15616,10.07794,10.02568,10.43,10.6972,12.6138,0.220392,0.211628,0.221394,0.217638,0.198602,0.205868,0.194846,0.190338,0.19635,0.192092,0.187084,0.198854,0.201606,0.182074,0.184828,0.182324,0.194348,0.18533,0.178068,0.184076,0.16755,0.177318,0.170806,0.179822,0.190338,0.221394,6.31176,5.8519,5.49642,5.40426,6.02324,6.46718,7.7665,8.94678,8.72276,7.23894,7.78966,8.38508,9.15296,9.16614,8.10158,8.40828,7.84178,8.17852,9.04076,7.57214,6.85896,7.1796,8.0387,8.53956,10.07774,10.07774,0.14694,0.142218,0.136358,0.136196,0.13561,0.13511,0.131168,0.134638,0.133332,0.128666,0.127472,0.129804,0.132776,0.129888,0.131692,0.12375,0.125334,0.1235,0.122612,0.122972,0.120974,0.120804,0.117334,0.125336,0.139192,0.14694,1.02452,0.992682,0.971674,0.963826,1.003998,1.0367,1.13454,1.245,1.2087,1.08322,1.12332,1.15924,1.20662,1.20824,1.1266,1.12192,1.09934,1.0985,1.12978,1.09303,1.005996,1.01926,1.06842,1.11692,1.2733,1.2733,110,5/17/2012 1:48,-10,75,1500,261,1582,11653.71622,45,-51.8,1323,1473,360,1,4396000,360.5,1.42E-09,-0.061976282,30,0,0,1500,0.09056011
14,5/17/2012 18:30,5/17/2012 19:00,1.83206,1745.96,1750.72,1706.1,1667.2,1633.96,1640.64,1664.36,1604.56,1569.48,1566.6,1559.02,1564.72,1563.78,1520.12,1537.22,1523.9,1530.56,1514.42,1459.36,1447.08,1448.02,1438.54,1509.68,1548.58,1559.06,1750.72,12.3988,12.3724,12.092,11.8118,11.5902,11.5574,11.4012,11.3624,10.8862,10.9452,10.9516,10.7624,10.7492,10.5148,10.5798,10.697,10.7426,10.5538,10.2214,10.15616,10.07794,10.02568,10.43,10.6972,10.8274,12.3988,0.211628,0.221394,0.217638,0.198602,0.205868,0.194846,0.190338,0.19635,0.192092,0.187084,0.198854,0.201606,0.182074,0.184828,0.182324,0.194348,0.18533,0.178068,0.184076,0.16755,0.177318,0.170806,0.179822,0.190338,0.178068,0.221394,5.8519,5.49642,5.40426,6.02324,6.46718,7.7665,8.94678,8.72276,7.23894,7.78966,8.38508,9.15296,9.16614,8.10158,8.40828,7.84178,8.17852,9.04076,7.57214,6.85896,7.1796,8.0387,8.53956,10.07774,11.48334,11.48334,0.142218,0.136358,0.136196,0.13561,0.13511,0.131168,0.134638,0.133332,0.128666,0.127472,0.129804,0.132776,0.129888,0.131692,0.12375,0.125334,0.1235,0.122612,0.122972,0.120974,0.120804,0.117334,0.125336,0.139192,0.14472,0.14472,0.992682,0.971674,0.963826,1.003998,1.0367,1.13454,1.245,1.2087,1.08322,1.12332,1.15924,1.20662,1.20824,1.1266,1.12192,1.09934,1.0985,1.12978,1.09303,1.005996,1.01926,1.06842,1.11692,1.2733,1.29912,1.29912,110,5/17/2012 1:48,-10,75,1500,261,1582,11653.71622,45,-51.8,1323,1473,360,1,4396000,360.5,1.42E-09,-0.061976282,30,0,0,1500,0.208477921
14,5/17/2012 18:35,5/17/2012 19:05,1.78434,1750.72,1706.1,1667.2,1633.96,1640.64,1664.36,1604.56,1569.48,1566.6,1559.02,1564.72,1563.78,1520.12,1537.22,1523.9,1530.56,1514.42,1459.36,1447.08,1448.02,1438.54,1509.68,1548.58,1559.06,1554.28,1750.72,12.3724,12.092,11.8118,11.5902,11.5574,11.4012,11.3624,10.8862,10.9452,10.9516,10.7624,10.7492,10.5148,10.5798,10.697,10.7426,10.5538,10.2214,10.15616,10.07794,10.02568,10.43,10.6972,10.8274,10.7428,12.3724,0.221394,0.217638,0.198602,0.205868,0.194846,0.190338,0.19635,0.192092,0.187084,0.198854,0.201606,0.182074,0.184828,0.182324,0.194348,0.18533,0.178068,0.184076,0.16755,0.177318,0.170806,0.179822,0.190338,0.178068,0.186082,0.221394,5.49642,5.40426,6.02324,6.46718,7.7665,8.94678,8.72276,7.23894,7.78966,8.38508,9.15296,9.16614,8.10158,8.40828,7.84178,8.17852,9.04076,7.57214,6.85896,7.1796,8.0387,8.53956,10.07774,11.48334,10.9454,11.48334,0.136358,0.136196,0.13561,0.13511,0.131168,0.134638,0.133332,0.128666,0.127472,0.129804,0.132776,0.129888,0.131692,0.12375,0.125334,0.1235,0.122612,0.122972,0.120974,0.120804,0.117334,0.125336,0.139192,0.14472,0.144274,0.14472,0.971674,0.963826,1.003998,1.0367,1.13454,1.245,1.2087,1.08322,1.12332,1.15924,1.20662,1.20824,1.1266,1.12192,1.09934,1.0985,1.12978,1.09303,1.005996,1.01926,1.06842,1.11692,1.2733,1.29912,1.35576,1.35576,110,5/17/2012 1:48,-10,75,1500,261,1582,11653.71622,45,-51.8,1323,1473,360,1,4396000,360.5,1.42E-09,-0.061976282,30,0,0,1500,0.167147468
14,5/17/2012 18:40,5/17/2012 19:10,1.58694,1706.1,1667.2,1633.96,1640.64,1664.36,1604.56,1569.48,1566.6,1559.02,1564.72,1563.78,1520.12,1537.22,1523.9,1530.56,1514.42,1459.36,1447.08,1448.02,1438.54,1509.68,1548.58,1559.06,1554.28,1554.28,1706.1,12.092,11.8118,11.5902,11.5574,11.4012,11.3624,10.8862,10.9452,10.9516,10.7624,10.7492,10.5148,10.5798,10.697,10.7426,10.5538,10.2214,10.15616,10.07794,10.02568,10.43,10.6972,10.8274,10.7428,10.6058,12.092,0.217638,0.198602,0.205868,0.194846,0.190338,0.19635,0.192092,0.187084,0.198854,0.201606,0.182074,0.184828,0.182324,0.194348,0.18533,0.178068,0.184076,0.16755,0.177318,0.170806,0.179822,0.190338,0.178068,0.186082,0.18608,0.217638,5.40426,6.02324,6.46718,7.7665,8.94678,8.72276,7.23894,7.78966,8.38508,9.15296,9.16614,8.10158,8.40828,7.84178,8.17852,9.04076,7.57214,6.85896,7.1796,8.0387,8.53956,10.07774,11.48334,10.9454,13.3302,13.3302,0.136196,0.13561,0.13511,0.131168,0.134638,0.133332,0.128666,0.127472,0.129804,0.132776,0.129888,0.131692,0.12375,0.125334,0.1235,0.122612,0.122972,0.120974,0.120804,0.117334,0.125336,0.139192,0.14472,0.144274,0.143164,0.14472,0.963826,1.003998,1.0367,1.13454,1.245,1.2087,1.08322,1.12332,1.15924,1.20662,1.20824,1.1266,1.12192,1.09934,1.0985,1.12978,1.09303,1.005996,1.01926,1.06842,1.11692,1.2733,1.29912,1.35576,1.42662,1.42662,110,5/17/2012 1:48,-10,75,1500,261,1582,11653.71622,45,-51.8,1323,1473,360,1,4396000,360.5,1.42E-09,-0.061976282,30,0,0,1500,0.063976367
14,5/17/2012 18:45,5/17/2012 19:15,1.42548,1667.2,1633.96,1640.64,1664.36,1604.56,1569.48,1566.6,1559.02,1564.72,1563.78,1520.12,1537.22,1523.9,1530.56,1514.42,1459.36,1447.08,1448.02,1438.54,1509.68,1548.58,1559.06,1554.28,1554.28,1548.6,1667.2,11.8118,11.5902,11.5574,11.4012,11.3624,10.8862,10.9452,10.9516,10.7624,10.7492,10.5148,10.5798,10.697,10.7426,10.5538,10.2214,10.15616,10.07794,10.02568,10.43,10.6972,10.8274,10.7428,10.6058,10.469,11.8118,0.198602,0.205868,0.194846,0.190338,0.19635,0.192092,0.187084,0.198854,0.201606,0.182074,0.184828,0.182324,0.194348,0.18533,0.178068,0.184076,0.16755,0.177318,0.170806,0.179822,0.190338,0.178068,0.186082,0.18608,0.182074,0.205868,6.02324,6.46718,7.7665,8.94678,8.72276,7.23894,7.78966,8.38508,9.15296,9.16614,8.10158,8.40828,7.84178,8.17852,9.04076,7.57214,6.85896,7.1796,8.0387,8.53956,10.07774,11.48334,10.9454,13.3302,10.6086,13.3302,0.13561,0.13511,0.131168,0.134638,0.133332,0.128666,0.127472,0.129804,0.132776,0.129888,0.131692,0.12375,0.125334,0.1235,0.122612,0.122972,0.120974,0.120804,0.117334,0.125336,0.139192,0.14472,0.144274,0.143164,0.146608,0.146608,1.003998,1.0367,1.13454,1.245,1.2087,1.08322,1.12332,1.15924,1.20662,1.20824,1.1266,1.12192,1.09934,1.0985,1.12978,1.09303,1.005996,1.01926,1.06842,1.11692,1.2733,1.29912,1.35576,1.42662,1.34484,1.42662,110,5/17/2012 1:48,-10,75,1500,261,1582,11653.71622,45,-51.8,1323,1473,360,1,4396000,360.5,1.42E-09,-0.061976282,30,0,0,1500,0.033812274
14,5/17/2012 18:50,5/17/2012 19:20,1.40222,1633.96,1640.64,1664.36,1604.56,1569.48,1566.6,1559.02,1564.72,1563.78,1520.12,1537.22,1523.9,1530.56,1514.42,1459.36,1447.08,1448.02,1438.54,1509.68,1548.58,1559.06,1554.28,1554.28,1548.6,1514.44,1664.36,11.5902,11.5574,11.4012,11.3624,10.8862,10.9452,10.9516,10.7624,10.7492,10.5148,10.5798,10.697,10.7426,10.5538,10.2214,10.15616,10.07794,10.02568,10.43,10.6972,10.8274,10.7428,10.6058,10.469,10.5472,11.5902,0.205868,0.194846,0.190338,0.19635,0.192092,0.187084,0.198854,0.201606,0.182074,0.184828,0.182324,0.194348,0.18533,0.178068,0.184076,0.16755,0.177318,0.170806,0.179822,0.190338,0.178068,0.186082,0.18608,0.182074,0.172558,0.205868,6.46718,7.7665,8.94678,8.72276,7.23894,7.78966,8.38508,9.15296,9.16614,8.10158,8.40828,7.84178,8.17852,9.04076,7.57214,6.85896,7.1796,8.0387,8.53956,10.07774,11.48334,10.9454,13.3302,10.6086,14.5544,14.5544,0.13511,0.131168,0.134638,0.133332,0.128666,0.127472,0.129804,0.132776,0.129888,0.131692,0.12375,0.125334,0.1235,0.122612,0.122972,0.120974,0.120804,0.117334,0.125336,0.139192,0.14472,0.144274,0.143164,0.146608,0.14508,0.146608,1.0367,1.13454,1.245,1.2087,1.08322,1.12332,1.15924,1.20662,1.20824,1.1266,1.12192,1.09934,1.0985,1.12978,1.09303,1.005996,1.01926,1.06842,1.11692,1.2733,1.29912,1.35576,1.42662,1.34484,1.48472,1.48472,110,5/17/2012 1:48,-10,75,1500,261,1582,11653.71622,45,-51.8,1323,1473,360,1,4396000,360.5,1.42E-09,-0.061976282,30,0,0,1500,-0.033766667
14,5/17/2012 18:55,5/17/2012 19:25,1.43926,1640.64,1664.36,1604.56,1569.48,1566.6,1559.02,1564.72,1563.78,1520.12,1537.22,1523.9,1530.56,1514.42,1459.36,1447.08,1448.02,1438.54,1509.68,1548.58,1559.06,1554.28,1554.28,1548.6,1514.44,1526.78,1664.36,11.5574,11.4012,11.3624,10.8862,10.9452,10.9516,10.7624,10.7492,10.5148,10.5798,10.697,10.7426,10.5538,10.2214,10.15616,10.07794,10.02568,10.43,10.6972,10.8274,10.7428,10.6058,10.469,10.5472,10.3974,11.5574,0.194846,0.190338,0.19635,0.192092,0.187084,0.198854,0.201606,0.182074,0.184828,0.182324,0.194348,0.18533,0.178068,0.184076,0.16755,0.177318,0.170806,0.179822,0.190338,0.178068,0.186082,0.18608,0.182074,0.172558,0.186834,0.201606,7.7665,8.94678,8.72276,7.23894,7.78966,8.38508,9.15296,9.16614,8.10158,8.40828,7.84178,8.17852,9.04076,7.57214,6.85896,7.1796,8.0387,8.53956,10.07774,11.48334,10.9454,13.3302,10.6086,14.5544,15.8426,15.8426,0.131168,0.134638,0.133332,0.128666,0.127472,0.129804,0.132776,0.129888,0.131692,0.12375,0.125334,0.1235,0.122612,0.122972,0.120974,0.120804,0.117334,0.125336,0.139192,0.14472,0.144274,0.143164,0.146608,0.14508,0.139746,0.146608,1.13454,1.245,1.2087,1.08322,1.12332,1.15924,1.20662,1.20824,1.1266,1.12192,1.09934,1.0985,1.12978,1.09303,1.005996,1.01926,1.06842,1.11692,1.2733,1.29912,1.35576,1.42662,1.34484,1.48472,1.48878,1.48878,110,5/17/2012 1:48,-10,75,1500,261,1582,11653.71622,45,-51.8,1323,1473,360,1,4396000,360.5,1.42E-09,-0.061976282,30,0,0,1500,-0.020097916
14,5/17/2012 19:00,5/17/2012 19:30,1.37008,1664.36,1604.56,1569.48,1566.6,1559.02,1564.72,1563.78,1520.12,1537.22,1523.9,1530.56,1514.42,1459.36,1447.08,1448.02,1438.54,1509.68,1548.58,1559.06,1554.28,1554.28,1548.6,1514.44,1526.78,1565.66,1664.36,11.4012,11.3624,10.8862,10.9452,10.9516,10.7624,10.7492,10.5148,10.5798,10.697,10.7426,10.5538,10.2214,10.15616,10.07794,10.02568,10.43,10.6972,10.8274,10.7428,10.6058,10.469,10.5472,10.3974,10.6516,11.4012,0.190338,0.19635,0.192092,0.187084,0.198854,0.201606,0.182074,0.184828,0.182324,0.194348,0.18533,0.178068,0.184076,0.16755,0.177318,0.170806,0.179822,0.190338,0.178068,0.186082,0.18608,0.182074,0.172558,0.186834,0.188084,0.201606,8.94678,8.72276,7.23894,7.78966,8.38508,9.15296,9.16614,8.10158,8.40828,7.84178,8.17852,9.04076,7.57214,6.85896,7.1796,8.0387,8.53956,10.07774,11.48334,10.9454,13.3302,10.6086,14.5544,15.8426,21.506,21.506,0.134638,0.133332,0.128666,0.127472,0.129804,0.132776,0.129888,0.131692,0.12375,0.125334,0.1235,0.122612,0.122972,0.120974,0.120804,0.117334,0.125336,0.139192,0.14472,0.144274,0.143164,0.146608,0.14508,0.139746,0.140024,0.146608,1.245,1.2087,1.08322,1.12332,1.15924,1.20662,1.20824,1.1266,1.12192,1.09934,1.0985,1.12978,1.09303,1.005996,1.01926,1.06842,1.11692,1.2733,1.29912,1.35576,1.42662,1.34484,1.48472,1.48878,1.83206,1.83206,110,5/17/2012 1:48,-10,75,1500,261,1582,11653.71622,45,-51.8,1323,1473,360,1,4396000,360.5,1.42E-09,-0.061976282,30,0,0,1500,-0.178080652
14,5/17/2012 19:05,5/17/2012 19:35,1.48122,1604.56,1569.48,1566.6,1559.02,1564.72,1563.78,1520.12,1537.22,1523.9,1530.56,1514.42,1459.36,1447.08,1448.02,1438.54,1509.68,1548.58,1559.06,1554.28,1554.28,1548.6,1514.44,1526.78,1565.66,1508.74,1604.56,11.3624,10.8862,10.9452,10.9516,10.7624,10.7492,10.5148,10.5798,10.697,10.7426,10.5538,10.2214,10.15616,10.07794,10.02568,10.43,10.6972,10.8274,10.7428,10.6058,10.469,10.5472,10.3974,10.6516,10.2798,11.3624,0.19635,0.192092,0.187084,0.198854,0.201606,0.182074,0.184828,0.182324,0.194348,0.18533,0.178068,0.184076,0.16755,0.177318,0.170806,0.179822,0.190338,0.178068,0.186082,0.18608,0.182074,0.172558,0.186834,0.188084,0.179068,0.201606,8.72276,7.23894,7.78966,8.38508,9.15296,9.16614,8.10158,8.40828,7.84178,8.17852,9.04076,7.57214,6.85896,7.1796,8.0387,8.53956,10.07774,11.48334,10.9454,13.3302,10.6086,14.5544,15.8426,21.506,20.9696,21.506,0.133332,0.128666,0.127472,0.129804,0.132776,0.129888,0.131692,0.12375,0.125334,0.1235,0.122612,0.122972,0.120974,0.120804,0.117334,0.125336,0.139192,0.14472,0.144274,0.143164,0.146608,0.14508,0.139746,0.140024,0.143358,0.146608,1.2087,1.08322,1.12332,1.15924,1.20662,1.20824,1.1266,1.12192,1.09934,1.0985,1.12978,1.09303,1.005996,1.01926,1.06842,1.11692,1.2733,1.29912,1.35576,1.42662,1.34484,1.48472,1.48878,1.83206,1.78434,1.83206,110,5/17/2012 1:48,-10,75,1500,261,1582,11653.71622,45,-51.8,1323,1473,360,1,4396000,360.5,1.42E-09,-0.061976282,30,0,0,1500,-0.115260487
14,5/17/2012 19:10,5/17/2012 19:40,1.50188,1569.48,1566.6,1559.02,1564.72,1563.78,1520.12,1537.22,1523.9,1530.56,1514.42,1459.36,1447.08,1448.02,1438.54,1509.68,1548.58,1559.06,1554.28,1554.28,1548.6,1514.44,1526.78,1565.66,1508.74,1510.62,1569.48,10.8862,10.9452,10.9516,10.7624,10.7492,10.5148,10.5798,10.697,10.7426,10.5538,10.2214,10.15616,10.07794,10.02568,10.43,10.6972,10.8274,10.7428,10.6058,10.469,10.5472,10.3974,10.6516,10.2798,10.4168,10.9516,0.192092,0.187084,0.198854,0.201606,0.182074,0.184828,0.182324,0.194348,0.18533,0.178068,0.184076,0.16755,0.177318,0.170806,0.179822,0.190338,0.178068,0.186082,0.18608,0.182074,0.172558,0.186834,0.188084,0.179068,0.185578,0.201606,7.23894,7.78966,8.38508,9.15296,9.16614,8.10158,8.40828,7.84178,8.17852,9.04076,7.57214,6.85896,7.1796,8.0387,8.53956,10.07774,11.48334,10.9454,13.3302,10.6086,14.5544,15.8426,21.506,20.9696,15.4958,21.506,0.128666,0.127472,0.129804,0.132776,0.129888,0.131692,0.12375,0.125334,0.1235,0.122612,0.122972,0.120974,0.120804,0.117334,0.125336,0.139192,0.14472,0.144274,0.143164,0.146608,0.14508,0.139746,0.140024,0.143358,0.142694,0.146608,1.08322,1.12332,1.15924,1.20662,1.20824,1.1266,1.12192,1.09934,1.0985,1.12978,1.09303,1.005996,1.01926,1.06842,1.11692,1.2733,1.29912,1.35576,1.42662,1.34484,1.48472,1.48878,1.83206,1.78434,1.58694,1.83206,110,5/17/2012 1:48,-10,75,1500,261,1582,11653.71622,45,-51.8,1323,1473,360,1,4396000,360.5,1.42E-09,-0.061976282,30,0,0,1500,-0.033433261
14,5/17/2012 19:15,5/17/2012 19:45,1.53308,1566.6,1559.02,1564.72,1563.78,1520.12,1537.22,1523.9,1530.56,1514.42,1459.36,1447.08,1448.02,1438.54,1509.68,1548.58,1559.06,1554.28,1554.28,1548.6,1514.44,1526.78,1565.66,1508.74,1510.62,1528.66,1566.6,10.9452,10.9516,10.7624,10.7492,10.5148,10.5798,10.697,10.7426,10.5538,10.2214,10.15616,10.07794,10.02568,10.43,10.6972,10.8274,10.7428,10.6058,10.469,10.5472,10.3974,10.6516,10.2798,10.4168,10.1822,10.9516,0.187084,0.198854,0.201606,0.182074,0.184828,0.182324,0.194348,0.18533,0.178068,0.184076,0.16755,0.177318,0.170806,0.179822,0.190338,0.178068,0.186082,0.18608,0.182074,0.172558,0.186834,0.188084,0.179068,0.185578,0.188836,0.201606,7.78966,8.38508,9.15296,9.16614,8.10158,8.40828,7.84178,8.17852,9.04076,7.57214,6.85896,7.1796,8.0387,8.53956,10.07774,11.48334,10.9454,13.3302,10.6086,14.5544,15.8426,21.506,20.9696,15.4958,14.5474,21.506,0.127472,0.129804,0.132776,0.129888,0.131692,0.12375,0.125334,0.1235,0.122612,0.122972,0.120974,0.120804,0.117334,0.125336,0.139192,0.14472,0.144274,0.143164,0.146608,0.14508,0.139746,0.140024,0.143358,0.142694,0.148134,0.148134,1.12332,1.15924,1.20662,1.20824,1.1266,1.12192,1.09934,1.0985,1.12978,1.09303,1.005996,1.01926,1.06842,1.11692,1.2733,1.29912,1.35576,1.42662,1.34484,1.48472,1.48878,1.83206,1.78434,1.58694,1.42548,1.83206,110,5/17/2012 1:48,-10,75,1500,261,1582,11653.71622,45,-51.8,1323,1473,360,1,4396000,360.5,1.42E-09,-0.061976282,30,0,0,1500,0.043406511
14,5/17/2012 19:20,5/17/2012 19:50,1.6808,1559.02,1564.72,1563.78,1520.12,1537.22,1523.9,1530.56,1514.42,1459.36,1447.08,1448.02,1438.54,1509.68,1548.58,1559.06,1554.28,1554.28,1548.6,1514.44,1526.78,1565.66,1508.74,1510.62,1528.66,1528.68,1565.66,10.9516,10.7624,10.7492,10.5148,10.5798,10.697,10.7426,10.5538,10.2214,10.15616,10.07794,10.02568,10.43,10.6972,10.8274,10.7428,10.6058,10.469,10.5472,10.3974,10.6516,10.2798,10.4168,10.1822,10.26048,10.9516,0.198854,0.201606,0.182074,0.184828,0.182324,0.194348,0.18533,0.178068,0.184076,0.16755,0.177318,0.170806,0.179822,0.190338,0.178068,0.186082,0.18608,0.182074,0.172558,0.186834,0.188084,0.179068,0.185578,0.188836,0.179068,0.201606,8.38508,9.15296,9.16614,8.10158,8.40828,7.84178,8.17852,9.04076,7.57214,6.85896,7.1796,8.0387,8.53956,10.07774,11.48334,10.9454,13.3302,10.6086,14.5544,15.8426,21.506,20.9696,15.4958,14.5474,13.416,21.506,0.129804,0.132776,0.129888,0.131692,0.12375,0.125334,0.1235,0.122612,0.122972,0.120974,0.120804,0.117334,0.125336,0.139192,0.14472,0.144274,0.143164,0.146608,0.14508,0.139746,0.140024,0.143358,0.142694,0.148134,0.13386,0.148134,1.15924,1.20662,1.20824,1.1266,1.12192,1.09934,1.0985,1.12978,1.09303,1.005996,1.01926,1.06842,1.11692,1.2733,1.29912,1.35576,1.42662,1.34484,1.48472,1.48878,1.83206,1.78434,1.58694,1.42548,1.40222,1.83206,110,5/17/2012 1:48,-10,75,1500,261,1582,11653.71622,45,-51.8,1323,1473,360,1,4396000,360.5,1.42E-09,-0.061976282,30,0,0,1500,0.109721948
14,5/17/2012 19:25,5/17/2012 19:55,1.64302,1564.72,1563.78,1520.12,1537.22,1523.9,1530.56,1514.42,1459.36,1447.08,1448.02,1438.54,1509.68,1548.58,1559.06,1554.28,1554.28,1548.6,1514.44,1526.78,1565.66,1508.74,1510.62,1528.66,1528.68,1504,1565.66,10.7624,10.7492,10.5148,10.5798,10.697,10.7426,10.5538,10.2214,10.15616,10.07794,10.02568,10.43,10.6972,10.8274,10.7428,10.6058,10.469,10.5472,10.3974,10.6516,10.2798,10.4168,10.1822,10.26048,10.1888,10.8274,0.201606,0.182074,0.184828,0.182324,0.194348,0.18533,0.178068,0.184076,0.16755,0.177318,0.170806,0.179822,0.190338,0.178068,0.186082,0.18608,0.182074,0.172558,0.186834,0.188084,0.179068,0.185578,0.188836,0.179068,0.172056,0.201606,9.15296,9.16614,8.10158,8.40828,7.84178,8.17852,9.04076,7.57214,6.85896,7.1796,8.0387,8.53956,10.07774,11.48334,10.9454,13.3302,10.6086,14.5544,15.8426,21.506,20.9696,15.4958,14.5474,13.416,14.8928,21.506,0.132776,0.129888,0.131692,0.12375,0.125334,0.1235,0.122612,0.122972,0.120974,0.120804,0.117334,0.125336,0.139192,0.14472,0.144274,0.143164,0.146608,0.14508,0.139746,0.140024,0.143358,0.142694,0.148134,0.13386,0.138302,0.148134,1.20662,1.20824,1.1266,1.12192,1.09934,1.0985,1.12978,1.09303,1.005996,1.01926,1.06842,1.11692,1.2733,1.29912,1.35576,1.42662,1.34484,1.48472,1.48878,1.83206,1.78434,1.58694,1.42548,1.40222,1.43926,1.83206,110,5/17/2012 1:48,-10,75,1500,261,1582,11653.71622,45,-51.8,1323,1473,360,1,4396000,360.5,1.42E-09,-0.061976282,30,0,0,1500,0.080227488
14,5/17/2012 19:30,5/17/2012 20:00,1.79228,1563.78,1520.12,1537.22,1523.9,1530.56,1514.42,1459.36,1447.08,1448.02,1438.54,1509.68,1548.58,1559.06,1554.28,1554.28,1548.6,1514.44,1526.78,1565.66,1508.74,1510.62,1528.66,1528.68,1504,1538.16,1565.66,10.7492,10.5148,10.5798,10.697,10.7426,10.5538,10.2214,10.15616,10.07794,10.02568,10.43,10.6972,10.8274,10.7428,10.6058,10.469,10.5472,10.3974,10.6516,10.2798,10.4168,10.1822,10.26048,10.1888,10.43636,10.8274,0.182074,0.184828,0.182324,0.194348,0.18533,0.178068,0.184076,0.16755,0.177318,0.170806,0.179822,0.190338,0.178068,0.186082,0.18608,0.182074,0.172558,0.186834,0.188084,0.179068,0.185578,0.188836,0.179068,0.172056,0.187584,0.194348,9.16614,8.10158,8.40828,7.84178,8.17852,9.04076,7.57214,6.85896,7.1796,8.0387,8.53956,10.07774,11.48334,10.9454,13.3302,10.6086,14.5544,15.8426,21.506,20.9696,15.4958,14.5474,13.416,14.8928,13.1276,21.506,0.129888,0.131692,0.12375,0.125334,0.1235,0.122612,0.122972,0.120974,0.120804,0.117334,0.125336,0.139192,0.14472,0.144274,0.143164,0.146608,0.14508,0.139746,0.140024,0.143358,0.142694,0.148134,0.13386,0.138302,0.133724,0.148134,1.20824,1.1266,1.12192,1.09934,1.0985,1.12978,1.09303,1.005996,1.01926,1.06842,1.11692,1.2733,1.29912,1.35576,1.42662,1.34484,1.48472,1.48878,1.83206,1.78434,1.58694,1.42548,1.40222,1.43926,1.37008,1.83206,110,5/17/2012 1:48,-10,75,1500,261,1582,11653.71622,45,-51.8,1323,1473,360,1,4396000,360.5,1.42E-09,-0.061976282,30,0,0,1500,0.163934757
14,5/17/2012 19:35,5/17/2012 20:05,1.89162,1520.12,1537.22,1523.9,1530.56,1514.42,1459.36,1447.08,1448.02,1438.54,1509.68,1548.58,1559.06,1554.28,1554.28,1548.6,1514.44,1526.78,1565.66,1508.74,1510.62,1528.66,1528.68,1504,1538.16,1463.16,1565.66,10.5148,10.5798,10.697,10.7426,10.5538,10.2214,10.15616,10.07794,10.02568,10.43,10.6972,10.8274,10.7428,10.6058,10.469,10.5472,10.3974,10.6516,10.2798,10.4168,10.1822,10.26048,10.1888,10.43636,9.90834,10.8274,0.184828,0.182324,0.194348,0.18533,0.178068,0.184076,0.16755,0.177318,0.170806,0.179822,0.190338,0.178068,0.186082,0.18608,0.182074,0.172558,0.186834,0.188084,0.179068,0.185578,0.188836,0.179068,0.172056,0.187584,0.175312,0.194348,8.10158,8.40828,7.84178,8.17852,9.04076,7.57214,6.85896,7.1796,8.0387,8.53956,10.07774,11.48334,10.9454,13.3302,10.6086,14.5544,15.8426,21.506,20.9696,15.4958,14.5474,13.416,14.8928,13.1276,14.8546,21.506,0.131692,0.12375,0.125334,0.1235,0.122612,0.122972,0.120974,0.120804,0.117334,0.125336,0.139192,0.14472,0.144274,0.143164,0.146608,0.14508,0.139746,0.140024,0.143358,0.142694,0.148134,0.13386,0.138302,0.133724,0.139248,0.148134,1.1266,1.12192,1.09934,1.0985,1.12978,1.09303,1.005996,1.01926,1.06842,1.11692,1.2733,1.29912,1.35576,1.42662,1.34484,1.48472,1.48878,1.83206,1.78434,1.58694,1.42548,1.40222,1.43926,1.37008,1.48122,1.83206,110,5/17/2012 1:48,-10,75,1500,261,1582,11653.71622,45,-51.8,1323,1473,360,1,4396000,360.5,1.42E-09,-0.061976282,30,0,0,1500,0.153066524
14,5/17/2012 19:40,5/17/2012 20:10,1.76396,1537.22,1523.9,1530.56,1514.42,1459.36,1447.08,1448.02,1438.54,1509.68,1548.58,1559.06,1554.28,1554.28,1548.6,1514.44,1526.78,1565.66,1508.74,1510.62,1528.66,1528.68,1504,1538.16,1463.16,1461.3,1565.66,10.5798,10.697,10.7426,10.5538,10.2214,10.15616,10.07794,10.02568,10.43,10.6972,10.8274,10.7428,10.6058,10.469,10.5472,10.3974,10.6516,10.2798,10.4168,10.1822,10.26048,10.1888,10.43636,9.90834,9.71286,10.8274,0.182324,0.194348,0.18533,0.178068,0.184076,0.16755,0.177318,0.170806,0.179822,0.190338,0.178068,0.186082,0.18608,0.182074,0.172558,0.186834,0.188084,0.179068,0.185578,0.188836,0.179068,0.172056,0.187584,0.175312,0.171306,0.194348,8.40828,7.84178,8.17852,9.04076,7.57214,6.85896,7.1796,8.0387,8.53956,10.07774,11.48334,10.9454,13.3302,10.6086,14.5544,15.8426,21.506,20.9696,15.4958,14.5474,13.416,14.8928,13.1276,14.8546,16.223,21.506,0.12375,0.125334,0.1235,0.122612,0.122972,0.120974,0.120804,0.117334,0.125336,0.139192,0.14472,0.144274,0.143164,0.146608,0.14508,0.139746,0.140024,0.143358,0.142694,0.148134,0.13386,0.138302,0.133724,0.139248,0.132722,0.148134,1.12192,1.09934,1.0985,1.12978,1.09303,1.005996,1.01926,1.06842,1.11692,1.2733,1.29912,1.35576,1.42662,1.34484,1.48472,1.48878,1.83206,1.78434,1.58694,1.42548,1.40222,1.43926,1.37008,1.48122,1.50188,1.83206,110,5/17/2012 1:48,-10,75,1500,261,1582,11653.71622,45,-51.8,1323,1473,360,1,4396000,360.5,1.42E-09,-0.061976282,30,0,0,1500,0.099621985
14,5/17/2012 19:45,5/17/2012 20:15,1.53126,1523.9,1530.56,1514.42,1459.36,1447.08,1448.02,1438.54,1509.68,1548.58,1559.06,1554.28,1554.28,1548.6,1514.44,1526.78,1565.66,1508.74,1510.62,1528.66,1528.68,1504,1538.16,1463.16,1461.3,1440.42,1565.66,10.697,10.7426,10.5538,10.2214,10.15616,10.07794,10.02568,10.43,10.6972,10.8274,10.7428,10.6058,10.469,10.5472,10.3974,10.6516,10.2798,10.4168,10.1822,10.26048,10.1888,10.43636,9.90834,9.71286,9.54988,10.8274,0.194348,0.18533,0.178068,0.184076,0.16755,0.177318,0.170806,0.179822,0.190338,0.178068,0.186082,0.18608,0.182074,0.172558,0.186834,0.188084,0.179068,0.185578,0.188836,0.179068,0.172056,0.187584,0.175312,0.171306,0.167048,0.194348,7.84178,8.17852,9.04076,7.57214,6.85896,7.1796,8.0387,8.53956,10.07774,11.48334,10.9454,13.3302,10.6086,14.5544,15.8426,21.506,20.9696,15.4958,14.5474,13.416,14.8928,13.1276,14.8546,16.223,19.9852,21.506,0.125334,0.1235,0.122612,0.122972,0.120974,0.120804,0.117334,0.125336,0.139192,0.14472,0.144274,0.143164,0.146608,0.14508,0.139746,0.140024,0.143358,0.142694,0.148134,0.13386,0.138302,0.133724,0.139248,0.132722,0.13336,0.148134,1.09934,1.0985,1.12978,1.09303,1.005996,1.01926,1.06842,1.11692,1.2733,1.29912,1.35576,1.42662,1.34484,1.48472,1.48878,1.83206,1.78434,1.58694,1.42548,1.40222,1.43926,1.37008,1.48122,1.50188,1.53308,1.83206,110,5/17/2012 1:48,-10,75,1500,261,1582,11653.71622,45,-51.8,1323,1473,360,1,4396000,360.5,1.42E-09,-0.061976282,30,0,0,1500,-0.000718751
14,5/17/2012 19:50,5/17/2012 20:20,1.48552,1530.56,1514.42,1459.36,1447.08,1448.02,1438.54,1509.68,1548.58,1559.06,1554.28,1554.28,1548.6,1514.44,1526.78,1565.66,1508.74,1510.62,1528.66,1528.68,1504,1538.16,1463.16,1461.3,1440.42,1433.78,1565.66,10.7426,10.5538,10.2214,10.15616,10.07794,10.02568,10.43,10.6972,10.8274,10.7428,10.6058,10.469,10.5472,10.3974,10.6516,10.2798,10.4168,10.1822,10.26048,10.1888,10.43636,9.90834,9.71286,9.54988,9.66732,10.8274,0.18533,0.178068,0.184076,0.16755,0.177318,0.170806,0.179822,0.190338,0.178068,0.186082,0.18608,0.182074,0.172558,0.186834,0.188084,0.179068,0.185578,0.188836,0.179068,0.172056,0.187584,0.175312,0.171306,0.167048,0.175314,0.190338,8.17852,9.04076,7.57214,6.85896,7.1796,8.0387,8.53956,10.07774,11.48334,10.9454,13.3302,10.6086,14.5544,15.8426,21.506,20.9696,15.4958,14.5474,13.416,14.8928,13.1276,14.8546,16.223,19.9852,19.9584,21.506,0.1235,0.122612,0.122972,0.120974,0.120804,0.117334,0.125336,0.139192,0.14472,0.144274,0.143164,0.146608,0.14508,0.139746,0.140024,0.143358,0.142694,0.148134,0.13386,0.138302,0.133724,0.139248,0.132722,0.13336,0.135164,0.148134,1.0985,1.12978,1.09303,1.005996,1.01926,1.06842,1.11692,1.2733,1.29912,1.35576,1.42662,1.34484,1.48472,1.48878,1.83206,1.78434,1.58694,1.42548,1.40222,1.43926,1.37008,1.48122,1.50188,1.53308,1.6808,1.83206,110,5/17/2012 1:48,-10,75,1500,261,1582,11653.71622,45,-51.8,1323,1473,360,1,4396000,360.5,1.42E-09,-0.061976282,30,0,0,1500,-0.075633364
14,5/17/2012 19:55,5/17/2012 20:25,1.2904,1514.42,1459.36,1447.08,1448.02,1438.54,1509.68,1548.58,1559.06,1554.28,1554.28,1548.6,1514.44,1526.78,1565.66,1508.74,1510.62,1528.66,1528.68,1504,1538.16,1463.16,1461.3,1440.42,1433.78,1455.58,1565.66,10.5538,10.2214,10.15616,10.07794,10.02568,10.43,10.6972,10.8274,10.7428,10.6058,10.469,10.5472,10.3974,10.6516,10.2798,10.4168,10.1822,10.26048,10.1888,10.43636,9.90834,9.71286,9.54988,9.66732,9.49772,10.8274,0.178068,0.184076,0.16755,0.177318,0.170806,0.179822,0.190338,0.178068,0.186082,0.18608,0.182074,0.172558,0.186834,0.188084,0.179068,0.185578,0.188836,0.179068,0.172056,0.187584,0.175312,0.171306,0.167048,0.175314,0.168048,0.190338,9.04076,7.57214,6.85896,7.1796,8.0387,8.53956,10.07774,11.48334,10.9454,13.3302,10.6086,14.5544,15.8426,21.506,20.9696,15.4958,14.5474,13.416,14.8928,13.1276,14.8546,16.223,19.9852,19.9584,19.158,21.506,0.122612,0.122972,0.120974,0.120804,0.117334,0.125336,0.139192,0.14472,0.144274,0.143164,0.146608,0.14508,0.139746,0.140024,0.143358,0.142694,0.148134,0.13386,0.138302,0.133724,0.139248,0.132722,0.13336,0.135164,0.13747,0.148134,1.12978,1.09303,1.005996,1.01926,1.06842,1.11692,1.2733,1.29912,1.35576,1.42662,1.34484,1.48472,1.48878,1.83206,1.78434,1.58694,1.42548,1.40222,1.43926,1.37008,1.48122,1.50188,1.53308,1.6808,1.64302,1.83206,110,5/17/2012 1:48,-10,75,1500,261,1582,11653.71622,45,-51.8,1323,1473,360,1,4396000,360.5,1.42E-09,-0.061976282,30,0,0,1500,-0.143195728
14,5/17/2012 20:00,5/17/2012 20:30,1.16116,1459.36,1447.08,1448.02,1438.54,1509.68,1548.58,1559.06,1554.28,1554.28,1548.6,1514.44,1526.78,1565.66,1508.74,1510.62,1528.66,1528.68,1504,1538.16,1463.16,1461.3,1440.42,1433.78,1455.58,1440.4,1565.66,10.2214,10.15616,10.07794,10.02568,10.43,10.6972,10.8274,10.7428,10.6058,10.469,10.5472,10.3974,10.6516,10.2798,10.4168,10.1822,10.26048,10.1888,10.43636,9.90834,9.71286,9.54988,9.66732,9.49772,9.52382,10.8274,0.184076,0.16755,0.177318,0.170806,0.179822,0.190338,0.178068,0.186082,0.18608,0.182074,0.172558,0.186834,0.188084,0.179068,0.185578,0.188836,0.179068,0.172056,0.187584,0.175312,0.171306,0.167048,0.175314,0.168048,0.163792,0.190338,7.57214,6.85896,7.1796,8.0387,8.53956,10.07774,11.48334,10.9454,13.3302,10.6086,14.5544,15.8426,21.506,20.9696,15.4958,14.5474,13.416,14.8928,13.1276,14.8546,16.223,19.9852,19.9584,19.158,25.1328,25.1328,0.122972,0.120974,0.120804,0.117334,0.125336,0.139192,0.14472,0.144274,0.143164,0.146608,0.14508,0.139746,0.140024,0.143358,0.142694,0.148134,0.13386,0.138302,0.133724,0.139248,0.132722,0.13336,0.135164,0.13747,0.127004,0.148134,1.09303,1.005996,1.01926,1.06842,1.11692,1.2733,1.29912,1.35576,1.42662,1.34484,1.48472,1.48878,1.83206,1.78434,1.58694,1.42548,1.40222,1.43926,1.37008,1.48122,1.50188,1.53308,1.6808,1.64302,1.79228,1.83206,110,5/17/2012 1:48,-10,75,1500,261,1582,11653.71622,45,-51.8,1323,1473,360,1,4396000,360.5,1.42E-09,-0.061976282,30,0,0,1500,-0.256213352
14,5/17/2012 20:05,5/17/2012 20:35,1.38986,1447.08,1448.02,1438.54,1509.68,1548.58,1559.06,1554.28,1554.28,1548.6,1514.44,1526.78,1565.66,1508.74,1510.62,1528.66,1528.68,1504,1538.16,1463.16,1461.3,1440.42,1433.78,1455.58,1440.4,1456.56,1565.66,10.15616,10.07794,10.02568,10.43,10.6972,10.8274,10.7428,10.6058,10.469,10.5472,10.3974,10.6516,10.2798,10.4168,10.1822,10.26048,10.1888,10.43636,9.90834,9.71286,9.54988,9.66732,9.49772,9.52382,9.58892,10.8274,0.16755,0.177318,0.170806,0.179822,0.190338,0.178068,0.186082,0.18608,0.182074,0.172558,0.186834,0.188084,0.179068,0.185578,0.188836,0.179068,0.172056,0.187584,0.175312,0.171306,0.167048,0.175314,0.168048,0.163792,0.171806,0.190338,6.85896,7.1796,8.0387,8.53956,10.07774,11.48334,10.9454,13.3302,10.6086,14.5544,15.8426,21.506,20.9696,15.4958,14.5474,13.416,14.8928,13.1276,14.8546,16.223,19.9852,19.9584,19.158,25.1328,25.173,25.173,0.120974,0.120804,0.117334,0.125336,0.139192,0.14472,0.144274,0.143164,0.146608,0.14508,0.139746,0.140024,0.143358,0.142694,0.148134,0.13386,0.138302,0.133724,0.139248,0.132722,0.13336,0.135164,0.13747,0.127004,0.129028,0.148134,1.005996,1.01926,1.06842,1.11692,1.2733,1.29912,1.35576,1.42662,1.34484,1.48472,1.48878,1.83206,1.78434,1.58694,1.42548,1.40222,1.43926,1.37008,1.48122,1.50188,1.53308,1.6808,1.64302,1.79228,1.89162,1.89162,110,5/17/2012 1:48,-10,75,1500,261,1582,11653.71622,45,-51.8,1323,1473,360,1,4396000,360.5,1.42E-09,-0.061976282,30,0,0,1500,-0.190582112
14,5/17/2012 20:10,5/17/2012 20:40,1.5674,1448.02,1438.54,1509.68,1548.58,1559.06,1554.28,1554.28,1548.6,1514.44,1526.78,1565.66,1508.74,1510.62,1528.66,1528.68,1504,1538.16,1463.16,1461.3,1440.42,1433.78,1455.58,1440.4,1456.56,1403.42,1565.66,10.07794,10.02568,10.43,10.6972,10.8274,10.7428,10.6058,10.469,10.5472,10.3974,10.6516,10.2798,10.4168,10.1822,10.26048,10.1888,10.43636,9.90834,9.71286,9.54988,9.66732,9.49772,9.52382,9.58892,9.36736,10.8274,0.177318,0.170806,0.179822,0.190338,0.178068,0.186082,0.18608,0.182074,0.172558,0.186834,0.188084,0.179068,0.185578,0.188836,0.179068,0.172056,0.187584,0.175312,0.171306,0.167048,0.175314,0.168048,0.163792,0.171806,0.161288,0.190338,7.1796,8.0387,8.53956,10.07774,11.48334,10.9454,13.3302,10.6086,14.5544,15.8426,21.506,20.9696,15.4958,14.5474,13.416,14.8928,13.1276,14.8546,16.223,19.9852,19.9584,19.158,25.1328,25.173,20.0156,25.173,0.120804,0.117334,0.125336,0.139192,0.14472,0.144274,0.143164,0.146608,0.14508,0.139746,0.140024,0.143358,0.142694,0.148134,0.13386,0.138302,0.133724,0.139248,0.132722,0.13336,0.135164,0.13747,0.127004,0.129028,0.12961,0.148134,1.01926,1.06842,1.11692,1.2733,1.29912,1.35576,1.42662,1.34484,1.48472,1.48878,1.83206,1.78434,1.58694,1.42548,1.40222,1.43926,1.37008,1.48122,1.50188,1.53308,1.6808,1.64302,1.79228,1.89162,1.76396,1.89162,110,5/17/2012 1:48,-10,75,1500,261,1582,11653.71622,45,-51.8,1323,1473,360,1,4396000,360.5,1.42E-09,-0.061976282,30,0,0,1500,-0.07377072
14,5/17/2012 20:15,5/17/2012 20:45,1.54952,1438.54,1509.68,1548.58,1559.06,1554.28,1554.28,1548.6,1514.44,1526.78,1565.66,1508.74,1510.62,1528.66,1528.68,1504,1538.16,1463.16,1461.3,1440.42,1433.78,1455.58,1440.4,1456.56,1403.42,1459.38,1565.66,10.02568,10.43,10.6972,10.8274,10.7428,10.6058,10.469,10.5472,10.3974,10.6516,10.2798,10.4168,10.1822,10.26048,10.1888,10.43636,9.90834,9.71286,9.54988,9.66732,9.49772,9.52382,9.58892,9.36736,9.81062,10.8274,0.170806,0.179822,0.190338,0.178068,0.186082,0.18608,0.182074,0.172558,0.186834,0.188084,0.179068,0.185578,0.188836,0.179068,0.172056,0.187584,0.175312,0.171306,0.167048,0.175314,0.168048,0.163792,0.171806,0.161288,0.166546,0.190338,8.0387,8.53956,10.07774,11.48334,10.9454,13.3302,10.6086,14.5544,15.8426,21.506,20.9696,15.4958,14.5474,13.416,14.8928,13.1276,14.8546,16.223,19.9852,19.9584,19.158,25.1328,25.173,20.0156,16.0934,25.173,0.117334,0.125336,0.139192,0.14472,0.144274,0.143164,0.146608,0.14508,0.139746,0.140024,0.143358,0.142694,0.148134,0.13386,0.138302,0.133724,0.139248,0.132722,0.13336,0.135164,0.13747,0.127004,0.129028,0.12961,0.132362,0.148134,1.06842,1.11692,1.2733,1.29912,1.35576,1.42662,1.34484,1.48472,1.48878,1.83206,1.78434,1.58694,1.42548,1.40222,1.43926,1.37008,1.48122,1.50188,1.53308,1.6808,1.64302,1.79228,1.89162,1.76396,1.53126,1.89162,110,5/17/2012 1:48,-10,75,1500,261,1582,11653.71622,45,-51.8,1323,1473,360,1,4396000,360.5,1.42E-09,-0.061976282,30,0,0,1500,0.007187904
14,5/17/2012 20:20,5/17/2012 20:50,1.65436,1509.68,1548.58,1559.06,1554.28,1554.28,1548.6,1514.44,1526.78,1565.66,1508.74,1510.62,1528.66,1528.68,1504,1538.16,1463.16,1461.3,1440.42,1433.78,1455.58,1440.4,1456.56,1403.42,1459.38,1349.32,1565.66,10.43,10.6972,10.8274,10.7428,10.6058,10.469,10.5472,10.3974,10.6516,10.2798,10.4168,10.1822,10.26048,10.1888,10.43636,9.90834,9.71286,9.54988,9.66732,9.49772,9.52382,9.58892,9.36736,9.81062,9.12618,10.8274,0.179822,0.190338,0.178068,0.186082,0.18608,0.182074,0.172558,0.186834,0.188084,0.179068,0.185578,0.188836,0.179068,0.172056,0.187584,0.175312,0.171306,0.167048,0.175314,0.168048,0.163792,0.171806,0.161288,0.166546,0.160034,0.190338,8.53956,10.07774,11.48334,10.9454,13.3302,10.6086,14.5544,15.8426,21.506,20.9696,15.4958,14.5474,13.416,14.8928,13.1276,14.8546,16.223,19.9852,19.9584,19.158,25.1328,25.173,20.0156,16.0934,17.0288,25.173,0.125336,0.139192,0.14472,0.144274,0.143164,0.146608,0.14508,0.139746,0.140024,0.143358,0.142694,0.148134,0.13386,0.138302,0.133724,0.139248,0.132722,0.13336,0.135164,0.13747,0.127004,0.129028,0.12961,0.132362,0.133166,0.148134,1.11692,1.2733,1.29912,1.35576,1.42662,1.34484,1.48472,1.48878,1.83206,1.78434,1.58694,1.42548,1.40222,1.43926,1.37008,1.48122,1.50188,1.53308,1.6808,1.64302,1.79228,1.89162,1.76396,1.53126,1.48552,1.89162,110,5/17/2012 1:48,-10,75,1500,261,1582,11653.71622,45,-51.8,1323,1473,360,1,4396000,360.5,1.42E-09,-0.061976282,30,0,0,1500,0.065721678
14,5/17/2012 20:25,5/17/2012 20:55,1.55038,1548.58,1559.06,1554.28,1554.28,1548.6,1514.44,1526.78,1565.66,1508.74,1510.62,1528.66,1528.68,1504,1538.16,1463.16,1461.3,1440.42,1433.78,1455.58,1440.4,1456.56,1403.42,1459.38,1349.32,1354.06,1565.66,10.6972,10.8274,10.7428,10.6058,10.469,10.5472,10.3974,10.6516,10.2798,10.4168,10.1822,10.26048,10.1888,10.43636,9.90834,9.71286,9.54988,9.66732,9.49772,9.52382,9.58892,9.36736,9.81062,9.12618,9.23048,10.8274,0.190338,0.178068,0.186082,0.18608,0.182074,0.172558,0.186834,0.188084,0.179068,0.185578,0.188836,0.179068,0.172056,0.187584,0.175312,0.171306,0.167048,0.175314,0.168048,0.163792,0.171806,0.161288,0.166546,0.160034,0.154026,0.190338,10.07774,11.48334,10.9454,13.3302,10.6086,14.5544,15.8426,21.506,20.9696,15.4958,14.5474,13.416,14.8928,13.1276,14.8546,16.223,19.9852,19.9584,19.158,25.1328,25.173,20.0156,16.0934,17.0288,11.4022,25.173,0.139192,0.14472,0.144274,0.143164,0.146608,0.14508,0.139746,0.140024,0.143358,0.142694,0.148134,0.13386,0.138302,0.133724,0.139248,0.132722,0.13336,0.135164,0.13747,0.127004,0.129028,0.12961,0.132362,0.133166,0.128944,0.148134,1.2733,1.29912,1.35576,1.42662,1.34484,1.48472,1.48878,1.83206,1.78434,1.58694,1.42548,1.40222,1.43926,1.37008,1.48122,1.50188,1.53308,1.6808,1.64302,1.79228,1.89162,1.76396,1.53126,1.48552,1.2904,1.89162,110,5/17/2012 1:48,-10,75,1500,261,1582,11653.71622,45,-51.8,1323,1473,360,1,4396000,360.5,1.42E-09,-0.061976282,30,0,0,1500,0.107515893
14,5/17/2012 20:30,5/17/2012 21:00,1.50714,1559.06,1554.28,1554.28,1548.6,1514.44,1526.78,1565.66,1508.74,1510.62,1528.66,1528.68,1504,1538.16,1463.16,1461.3,1440.42,1433.78,1455.58,1440.4,1456.56,1403.42,1459.38,1349.32,1354.06,1313.28,1565.66,10.8274,10.7428,10.6058,10.469,10.5472,10.3974,10.6516,10.2798,10.4168,10.1822,10.26048,10.1888,10.43636,9.90834,9.71286,9.54988,9.66732,9.49772,9.52382,9.58892,9.36736,9.81062,9.12618,9.23048,8.97624,10.8274,0.178068,0.186082,0.18608,0.182074,0.172558,0.186834,0.188084,0.179068,0.185578,0.188836,0.179068,0.172056,0.187584,0.175312,0.171306,0.167048,0.175314,0.168048,0.163792,0.171806,0.161288,0.166546,0.160034,0.154026,0.1683,0.188836,11.48334,10.9454,13.3302,10.6086,14.5544,15.8426,21.506,20.9696,15.4958,14.5474,13.416,14.8928,13.1276,14.8546,16.223,19.9852,19.9584,19.158,25.1328,25.173,20.0156,16.0934,17.0288,11.4022,9.54396,25.173,0.14472,0.144274,0.143164,0.146608,0.14508,0.139746,0.140024,0.143358,0.142694,0.148134,0.13386,0.138302,0.133724,0.139248,0.132722,0.13336,0.135164,0.13747,0.127004,0.129028,0.12961,0.132362,0.133166,0.128944,0.127998,0.148134,1.29912,1.35576,1.42662,1.34484,1.48472,1.48878,1.83206,1.78434,1.58694,1.42548,1.40222,1.43926,1.37008,1.48122,1.50188,1.53308,1.6808,1.64302,1.79228,1.89162,1.76396,1.53126,1.48552,1.2904,1.16116,1.89162,110,5/17/2012 1:48,-10,75,1500,261,1582,11653.71622,45,-51.8,1323,1473,360,1,4396000,360.5,1.42E-09,-0.061976282,30,0,0,1500,0.148497547
14,5/17/2012 20:35,5/17/2012 21:05,1.41328,1554.28,1554.28,1548.6,1514.44,1526.78,1565.66,1508.74,1510.62,1528.66,1528.68,1504,1538.16,1463.16,1461.3,1440.42,1433.78,1455.58,1440.4,1456.56,1403.42,1459.38,1349.32,1354.06,1313.28,1311.38,1565.66,10.7428,10.6058,10.469,10.5472,10.3974,10.6516,10.2798,10.4168,10.1822,10.26048,10.1888,10.43636,9.90834,9.71286,9.54988,9.66732,9.49772,9.52382,9.58892,9.36736,9.81062,9.12618,9.23048,8.97624,8.87846,10.7428,0.186082,0.18608,0.182074,0.172558,0.186834,0.188084,0.179068,0.185578,0.188836,0.179068,0.172056,0.187584,0.175312,0.171306,0.167048,0.175314,0.168048,0.163792,0.171806,0.161288,0.166546,0.160034,0.154026,0.1683,0.158282,0.188836,10.9454,13.3302,10.6086,14.5544,15.8426,21.506,20.9696,15.4958,14.5474,13.416,14.8928,13.1276,14.8546,16.223,19.9852,19.9584,19.158,25.1328,25.173,20.0156,16.0934,17.0288,11.4022,9.54396,17.0442,25.173,0.144274,0.143164,0.146608,0.14508,0.139746,0.140024,0.143358,0.142694,0.148134,0.13386,0.138302,0.133724,0.139248,0.132722,0.13336,0.135164,0.13747,0.127004,0.129028,0.12961,0.132362,0.133166,0.128944,0.127998,0.119696,0.148134,1.35576,1.42662,1.34484,1.48472,1.48878,1.83206,1.78434,1.58694,1.42548,1.40222,1.43926,1.37008,1.48122,1.50188,1.53308,1.6808,1.64302,1.79228,1.89162,1.76396,1.53126,1.48552,1.2904,1.16116,1.38986,1.89162,110,5/17/2012 1:48,-10,75,1500,261,1582,11653.71622,45,-51.8,1323,1473,360,1,4396000,360.5,1.42E-09,-0.061976282,30,0,0,1500,0.009752031
14,5/17/2012 20:40,5/17/2012 21:10,1.38952,1554.28,1548.6,1514.44,1526.78,1565.66,1508.74,1510.62,1528.66,1528.68,1504,1538.16,1463.16,1461.3,1440.42,1433.78,1455.58,1440.4,1456.56,1403.42,1459.38,1349.32,1354.06,1313.28,1311.38,1322.74,1565.66,10.6058,10.469,10.5472,10.3974,10.6516,10.2798,10.4168,10.1822,10.26048,10.1888,10.43636,9.90834,9.71286,9.54988,9.66732,9.49772,9.52382,9.58892,9.36736,9.81062,9.12618,9.23048,8.97624,8.87846,8.93062,10.6516,0.18608,0.182074,0.172558,0.186834,0.188084,0.179068,0.185578,0.188836,0.179068,0.172056,0.187584,0.175312,0.171306,0.167048,0.175314,0.168048,0.163792,0.171806,0.161288,0.166546,0.160034,0.154026,0.1683,0.158282,0.155528,0.188836,13.3302,10.6086,14.5544,15.8426,21.506,20.9696,15.4958,14.5474,13.416,14.8928,13.1276,14.8546,16.223,19.9852,19.9584,19.158,25.1328,25.173,20.0156,16.0934,17.0288,11.4022,9.54396,17.0442,19.7884,25.173,0.143164,0.146608,0.14508,0.139746,0.140024,0.143358,0.142694,0.148134,0.13386,0.138302,0.133724,0.139248,0.132722,0.13336,0.135164,0.13747,0.127004,0.129028,0.12961,0.132362,0.133166,0.128944,0.127998,0.119696,0.119974,0.148134,1.42662,1.34484,1.48472,1.48878,1.83206,1.78434,1.58694,1.42548,1.40222,1.43926,1.37008,1.48122,1.50188,1.53308,1.6808,1.64302,1.79228,1.89162,1.76396,1.53126,1.48552,1.2904,1.16116,1.38986,1.5674,1.89162,110,5/17/2012 1:48,-10,75,1500,261,1582,11653.71622,45,-51.8,1323,1473,360,1,4396000,360.5,1.42E-09,-0.061976282,30,0,0,1500,-0.071801205
14,5/17/2012 20:45,5/17/2012 21:15,1.40194,1548.6,1514.44,1526.78,1565.66,1508.74,1510.62,1528.66,1528.68,1504,1538.16,1463.16,1461.3,1440.42,1433.78,1455.58,1440.4,1456.56,1403.42,1459.38,1349.32,1354.06,1313.28,1311.38,1322.74,1294.28,1565.66,10.469,10.5472,10.3974,10.6516,10.2798,10.4168,10.1822,10.26048,10.1888,10.43636,9.90834,9.71286,9.54988,9.66732,9.49772,9.52382,9.58892,9.36736,9.81062,9.12618,9.23048,8.97624,8.87846,8.93062,8.6829,10.6516,0.182074,0.172558,0.186834,0.188084,0.179068,0.185578,0.188836,0.179068,0.172056,0.187584,0.175312,0.171306,0.167048,0.175314,0.168048,0.163792,0.171806,0.161288,0.166546,0.160034,0.154026,0.1683,0.158282,0.155528,0.153524,0.188836,10.6086,14.5544,15.8426,21.506,20.9696,15.4958,14.5474,13.416,14.8928,13.1276,14.8546,16.223,19.9852,19.9584,19.158,25.1328,25.173,20.0156,16.0934,17.0288,11.4022,9.54396,17.0442,19.7884,18.4626,25.173,0.146608,0.14508,0.139746,0.140024,0.143358,0.142694,0.148134,0.13386,0.138302,0.133724,0.139248,0.132722,0.13336,0.135164,0.13747,0.127004,0.129028,0.12961,0.132362,0.133166,0.128944,0.127998,0.119696,0.119974,0.120418,0.148134,1.34484,1.48472,1.48878,1.83206,1.78434,1.58694,1.42548,1.40222,1.43926,1.37008,1.48122,1.50188,1.53308,1.6808,1.64302,1.79228,1.89162,1.76396,1.53126,1.48552,1.2904,1.16116,1.38986,1.5674,1.54952,1.89162,110,5/17/2012 1:48,-10,75,1500,261,1582,11653.71622,45,-51.8,1323,1473,360,1,4396000,360.5,1.42E-09,-0.061976282,30,0,0,1500,-0.059628362
14,5/17/2012 20:50,5/17/2012 21:20,1.3509,1514.44,1526.78,1565.66,1508.74,1510.62,1528.66,1528.68,1504,1538.16,1463.16,1461.3,1440.42,1433.78,1455.58,1440.4,1456.56,1403.42,1459.38,1349.32,1354.06,1313.28,1311.38,1322.74,1294.28,1282.88,1565.66,10.5472,10.3974,10.6516,10.2798,10.4168,10.1822,10.26048,10.1888,10.43636,9.90834,9.71286,9.54988,9.66732,9.49772,9.52382,9.58892,9.36736,9.81062,9.12618,9.23048,8.97624,8.87846,8.93062,8.6829,8.6894,10.6516,0.172558,0.186834,0.188084,0.179068,0.185578,0.188836,0.179068,0.172056,0.187584,0.175312,0.171306,0.167048,0.175314,0.168048,0.163792,0.171806,0.161288,0.166546,0.160034,0.154026,0.1683,0.158282,0.155528,0.153524,0.15127,0.188836,14.5544,15.8426,21.506,20.9696,15.4958,14.5474,13.416,14.8928,13.1276,14.8546,16.223,19.9852,19.9584,19.158,25.1328,25.173,20.0156,16.0934,17.0288,11.4022,9.54396,17.0442,19.7884,18.4626,20.5122,25.173,0.14508,0.139746,0.140024,0.143358,0.142694,0.148134,0.13386,0.138302,0.133724,0.139248,0.132722,0.13336,0.135164,0.13747,0.127004,0.129028,0.12961,0.132362,0.133166,0.128944,0.127998,0.119696,0.119974,0.120418,0.117336,0.148134,1.48472,1.48878,1.83206,1.78434,1.58694,1.42548,1.40222,1.43926,1.37008,1.48122,1.50188,1.53308,1.6808,1.64302,1.79228,1.89162,1.76396,1.53126,1.48552,1.2904,1.16116,1.38986,1.5674,1.54952,1.65436,1.89162,110,5/17/2012 1:48,-10,75,1500,261,1582,11653.71622,45,-51.8,1323,1473,360,1,4396000,360.5,1.42E-09,-0.061976282,30,0,0,1500,-0.121405337
14,5/17/2012 20:55,5/17/2012 21:25,1.27244,1526.78,1565.66,1508.74,1510.62,1528.66,1528.68,1504,1538.16,1463.16,1461.3,1440.42,1433.78,1455.58,1440.4,1456.56,1403.42,1459.38,1349.32,1354.06,1313.28,1311.38,1322.74,1294.28,1282.88,1276.26,1565.66,10.3974,10.6516,10.2798,10.4168,10.1822,10.26048,10.1888,10.43636,9.90834,9.71286,9.54988,9.66732,9.49772,9.52382,9.58892,9.36736,9.81062,9.12618,9.23048,8.97624,8.87846,8.93062,8.6829,8.6894,8.67638,10.6516,0.186834,0.188084,0.179068,0.185578,0.188836,0.179068,0.172056,0.187584,0.175312,0.171306,0.167048,0.175314,0.168048,0.163792,0.171806,0.161288,0.166546,0.160034,0.154026,0.1683,0.158282,0.155528,0.153524,0.15127,0.16279,0.188836,15.8426,21.506,20.9696,15.4958,14.5474,13.416,14.8928,13.1276,14.8546,16.223,19.9852,19.9584,19.158,25.1328,25.173,20.0156,16.0934,17.0288,11.4022,9.54396,17.0442,19.7884,18.4626,20.5122,18.8308,25.173,0.139746,0.140024,0.143358,0.142694,0.148134,0.13386,0.138302,0.133724,0.139248,0.132722,0.13336,0.135164,0.13747,0.127004,0.129028,0.12961,0.132362,0.133166,0.128944,0.127998,0.119696,0.119974,0.120418,0.117336,0.122806,0.148134,1.48878,1.83206,1.78434,1.58694,1.42548,1.40222,1.43926,1.37008,1.48122,1.50188,1.53308,1.6808,1.64302,1.79228,1.89162,1.76396,1.53126,1.48552,1.2904,1.16116,1.38986,1.5674,1.54952,1.65436,1.55038,1.89162,110,5/17/2012 1:48,-10,75,1500,261,1582,11653.71622,45,-51.8,1323,1473,360,1,4396000,360.5,1.42E-09,-0.061976282,30,0,0,1500,-0.115388224
14,5/17/2012 21:00,5/17/2012 21:30,1.32992,1565.66,1508.74,1510.62,1528.66,1528.68,1504,1538.16,1463.16,1461.3,1440.42,1433.78,1455.58,1440.4,1456.56,1403.42,1459.38,1349.32,1354.06,1313.28,1311.38,1322.74,1294.28,1282.88,1276.26,1264.88,1565.66,10.6516,10.2798,10.4168,10.1822,10.26048,10.1888,10.43636,9.90834,9.71286,9.54988,9.66732,9.49772,9.52382,9.58892,9.36736,9.81062,9.12618,9.23048,8.97624,8.87846,8.93062,8.6829,8.6894,8.67638,8.59814,10.6516,0.188084,0.179068,0.185578,0.188836,0.179068,0.172056,0.187584,0.175312,0.171306,0.167048,0.175314,0.168048,0.163792,0.171806,0.161288,0.166546,0.160034,0.154026,0.1683,0.158282,0.155528,0.153524,0.15127,0.16279,0.15678,0.188836,21.506,20.9696,15.4958,14.5474,13.416,14.8928,13.1276,14.8546,16.223,19.9852,19.9584,19.158,25.1328,25.173,20.0156,16.0934,17.0288,11.4022,9.54396,17.0442,19.7884,18.4626,20.5122,18.8308,17.984,25.173,0.140024,0.143358,0.142694,0.148134,0.13386,0.138302,0.133724,0.139248,0.132722,0.13336,0.135164,0.13747,0.127004,0.129028,0.12961,0.132362,0.133166,0.128944,0.127998,0.119696,0.119974,0.120418,0.117336,0.122806,0.118472,0.148134,1.83206,1.78434,1.58694,1.42548,1.40222,1.43926,1.37008,1.48122,1.50188,1.53308,1.6808,1.64302,1.79228,1.89162,1.76396,1.53126,1.48552,1.2904,1.16116,1.38986,1.5674,1.54952,1.65436,1.55038,1.50714,1.89162,110,5/17/2012 1:48,-10,75,1500,261,1582,11653.71622,45,-51.8,1323,1473,360,1,4396000,360.5,1.42E-09,-0.061976282,30,0,0,1500,-0.073308729
14,5/17/2012 21:05,5/17/2012 21:35,1.33386,1508.74,1510.62,1528.66,1528.68,1504,1538.16,1463.16,1461.3,1440.42,1433.78,1455.58,1440.4,1456.56,1403.42,1459.38,1349.32,1354.06,1313.28,1311.38,1322.74,1294.28,1282.88,1276.26,1264.88,1252.54,1538.16,10.2798,10.4168,10.1822,10.26048,10.1888,10.43636,9.90834,9.71286,9.54988,9.66732,9.49772,9.52382,9.58892,9.36736,9.81062,9.12618,9.23048,8.97624,8.87846,8.93062,8.6829,8.6894,8.67638,8.59814,8.5069,10.43636,0.179068,0.185578,0.188836,0.179068,0.172056,0.187584,0.175312,0.171306,0.167048,0.175314,0.168048,0.163792,0.171806,0.161288,0.166546,0.160034,0.154026,0.1683,0.158282,0.155528,0.153524,0.15127,0.16279,0.15678,0.153022,0.188836,20.9696,15.4958,14.5474,13.416,14.8928,13.1276,14.8546,16.223,19.9852,19.9584,19.158,25.1328,25.173,20.0156,16.0934,17.0288,11.4022,9.54396,17.0442,19.7884,18.4626,20.5122,18.8308,17.984,15.2836,25.173,0.143358,0.142694,0.148134,0.13386,0.138302,0.133724,0.139248,0.132722,0.13336,0.135164,0.13747,0.127004,0.129028,0.12961,0.132362,0.133166,0.128944,0.127998,0.119696,0.119974,0.120418,0.117336,0.122806,0.118472,0.122,0.148134,1.78434,1.58694,1.42548,1.40222,1.43926,1.37008,1.48122,1.50188,1.53308,1.6808,1.64302,1.79228,1.89162,1.76396,1.53126,1.48552,1.2904,1.16116,1.38986,1.5674,1.54952,1.65436,1.55038,1.50714,1.41328,1.89162,110,5/17/2012 1:48,-10,75,1500,261,1582,11653.71622,45,-51.8,1323,1473,360,1,4396000,360.5,1.42E-09,-0.061976282,30,0,0,1500,-0.033463269
14,5/17/2012 21:10,5/17/2012 21:40,1.26748,1510.62,1528.66,1528.68,1504,1538.16,1463.16,1461.3,1440.42,1433.78,1455.58,1440.4,1456.56,1403.42,1459.38,1349.32,1354.06,1313.28,1311.38,1322.74,1294.28,1282.88,1276.26,1264.88,1252.54,1256.34,1538.16,10.4168,10.1822,10.26048,10.1888,10.43636,9.90834,9.71286,9.54988,9.66732,9.49772,9.52382,9.58892,9.36736,9.81062,9.12618,9.23048,8.97624,8.87846,8.93062,8.6829,8.6894,8.67638,8.59814,8.5069,8.43518,10.43636,0.185578,0.188836,0.179068,0.172056,0.187584,0.175312,0.171306,0.167048,0.175314,0.168048,0.163792,0.171806,0.161288,0.166546,0.160034,0.154026,0.1683,0.158282,0.155528,0.153524,0.15127,0.16279,0.15678,0.153022,0.149264,0.188836,15.4958,14.5474,13.416,14.8928,13.1276,14.8546,16.223,19.9852,19.9584,19.158,25.1328,25.173,20.0156,16.0934,17.0288,11.4022,9.54396,17.0442,19.7884,18.4626,20.5122,18.8308,17.984,15.2836,15.418,25.173,0.142694,0.148134,0.13386,0.138302,0.133724,0.139248,0.132722,0.13336,0.135164,0.13747,0.127004,0.129028,0.12961,0.132362,0.133166,0.128944,0.127998,0.119696,0.119974,0.120418,0.117336,0.122806,0.118472,0.122,0.120778,0.148134,1.58694,1.42548,1.40222,1.43926,1.37008,1.48122,1.50188,1.53308,1.6808,1.64302,1.79228,1.89162,1.76396,1.53126,1.48552,1.2904,1.16116,1.38986,1.5674,1.54952,1.65436,1.55038,1.50714,1.41328,1.38952,1.89162,110,5/17/2012 1:48,-10,75,1500,261,1582,11653.71622,45,-51.8,1323,1473,360,1,4396000,360.5,1.42E-09,-0.061976282,30,0,0,1500,-0.052423426
14,5/17/2012 21:15,5/17/2012 21:45,1.32716,1528.66,1528.68,1504,1538.16,1463.16,1461.3,1440.42,1433.78,1455.58,1440.4,1456.56,1403.42,1459.38,1349.32,1354.06,1313.28,1311.38,1322.74,1294.28,1282.88,1276.26,1264.88,1252.54,1256.34,1239.26,1538.16,10.1822,10.26048,10.1888,10.43636,9.90834,9.71286,9.54988,9.66732,9.49772,9.52382,9.58892,9.36736,9.81062,9.12618,9.23048,8.97624,8.87846,8.93062,8.6829,8.6894,8.67638,8.59814,8.5069,8.43518,8.3309,10.43636,0.188836,0.179068,0.172056,0.187584,0.175312,0.171306,0.167048,0.175314,0.168048,0.163792,0.171806,0.161288,0.166546,0.160034,0.154026,0.1683,0.158282,0.155528,0.153524,0.15127,0.16279,0.15678,0.153022,0.149264,0.142256,0.188836,14.5474,13.416,14.8928,13.1276,14.8546,16.223,19.9852,19.9584,19.158,25.1328,25.173,20.0156,16.0934,17.0288,11.4022,9.54396,17.0442,19.7884,18.4626,20.5122,18.8308,17.984,15.2836,15.418,14.916,25.173,0.148134,0.13386,0.138302,0.133724,0.139248,0.132722,0.13336,0.135164,0.13747,0.127004,0.129028,0.12961,0.132362,0.133166,0.128944,0.127998,0.119696,0.119974,0.120418,0.117336,0.122806,0.118472,0.122,0.120778,0.121278,0.148134,1.42548,1.40222,1.43926,1.37008,1.48122,1.50188,1.53308,1.6808,1.64302,1.79228,1.89162,1.76396,1.53126,1.48552,1.2904,1.16116,1.38986,1.5674,1.54952,1.65436,1.55038,1.50714,1.41328,1.38952,1.40194,1.89162,110,5/17/2012 1:48,-10,75,1500,261,1582,11653.71622,45,-51.8,1323,1473,360,1,4396000,360.5,1.42E-09,-0.061976282,30,0,0,1500,-0.031628104
14,5/17/2012 21:20,5/17/2012 21:50,1.40384,1528.68,1504,1538.16,1463.16,1461.3,1440.42,1433.78,1455.58,1440.4,1456.56,1403.42,1459.38,1349.32,1354.06,1313.28,1311.38,1322.74,1294.28,1282.88,1276.26,1264.88,1252.54,1256.34,1239.26,1255.4,1538.16,10.26048,10.1888,10.43636,9.90834,9.71286,9.54988,9.66732,9.49772,9.52382,9.58892,9.36736,9.81062,9.12618,9.23048,8.97624,8.87846,8.93062,8.6829,8.6894,8.67638,8.59814,8.5069,8.43518,8.3309,8.46128,10.43636,0.179068,0.172056,0.187584,0.175312,0.171306,0.167048,0.175314,0.168048,0.163792,0.171806,0.161288,0.166546,0.160034,0.154026,0.1683,0.158282,0.155528,0.153524,0.15127,0.16279,0.15678,0.153022,0.149264,0.142256,0.155778,0.187584,13.416,14.8928,13.1276,14.8546,16.223,19.9852,19.9584,19.158,25.1328,25.173,20.0156,16.0934,17.0288,11.4022,9.54396,17.0442,19.7884,18.4626,20.5122,18.8308,17.984,15.2836,15.418,14.916,13.1562,25.173,0.13386,0.138302,0.133724,0.139248,0.132722,0.13336,0.135164,0.13747,0.127004,0.129028,0.12961,0.132362,0.133166,0.128944,0.127998,0.119696,0.119974,0.120418,0.117336,0.122806,0.118472,0.122,0.120778,0.121278,0.124696,0.139248,1.40222,1.43926,1.37008,1.48122,1.50188,1.53308,1.6808,1.64302,1.79228,1.89162,1.76396,1.53126,1.48552,1.2904,1.16116,1.38986,1.5674,1.54952,1.65436,1.55038,1.50714,1.41328,1.38952,1.40194,1.3509,1.89162,110,5/17/2012 1:48,-10,75,1500,261,1582,11653.71622,45,-51.8,1323,1473,360,1,4396000,360.5,1.42E-09,-0.061976282,30,0,0,1500,0.022269225
14,5/17/2012 21:25,5/17/2012 21:55,1.45448,1504,1538.16,1463.16,1461.3,1440.42,1433.78,1455.58,1440.4,1456.56,1403.42,1459.38,1349.32,1354.06,1313.28,1311.38,1322.74,1294.28,1282.88,1276.26,1264.88,1252.54,1256.34,1239.26,1255.4,1265.84,1538.16,10.1888,10.43636,9.90834,9.71286,9.54988,9.66732,9.49772,9.52382,9.58892,9.36736,9.81062,9.12618,9.23048,8.97624,8.87846,8.93062,8.6829,8.6894,8.67638,8.59814,8.5069,8.43518,8.3309,8.46128,8.56556,10.43636,0.172056,0.187584,0.175312,0.171306,0.167048,0.175314,0.168048,0.163792,0.171806,0.161288,0.166546,0.160034,0.154026,0.1683,0.158282,0.155528,0.153524,0.15127,0.16279,0.15678,0.153022,0.149264,0.142256,0.155778,0.16179,0.187584,14.8928,13.1276,14.8546,16.223,19.9852,19.9584,19.158,25.1328,25.173,20.0156,16.0934,17.0288,11.4022,9.54396,17.0442,19.7884,18.4626,20.5122,18.8308,17.984,15.2836,15.418,14.916,13.1562,11.9478,25.173,0.138302,0.133724,0.139248,0.132722,0.13336,0.135164,0.13747,0.127004,0.129028,0.12961,0.132362,0.133166,0.128944,0.127998,0.119696,0.119974,0.120418,0.117336,0.122806,0.118472,0.122,0.120778,0.121278,0.124696,0.124972,0.139248,1.43926,1.37008,1.48122,1.50188,1.53308,1.6808,1.64302,1.79228,1.89162,1.76396,1.53126,1.48552,1.2904,1.16116,1.38986,1.5674,1.54952,1.65436,1.55038,1.50714,1.41328,1.38952,1.40194,1.3509,1.27244,1.89162,110,5/17/2012 1:48,-10,75,1500,261,1582,11653.71622,45,-51.8,1323,1473,360,1,4396000,360.5,1.42E-09,-0.061976282,30,0,0,1500,0.077060782
14,5/17/2012 21:30,5/17/2012 22:00,1.41508,1538.16,1463.16,1461.3,1440.42,1433.78,1455.58,1440.4,1456.56,1403.42,1459.38,1349.32,1354.06,1313.28,1311.38,1322.74,1294.28,1282.88,1276.26,1264.88,1252.54,1256.34,1239.26,1255.4,1265.84,1283.82,1538.16,10.43636,9.90834,9.71286,9.54988,9.66732,9.49772,9.52382,9.58892,9.36736,9.81062,9.12618,9.23048,8.97624,8.87846,8.93062,8.6829,8.6894,8.67638,8.59814,8.5069,8.43518,8.3309,8.46128,8.56556,8.73504,10.43636,0.187584,0.175312,0.171306,0.167048,0.175314,0.168048,0.163792,0.171806,0.161288,0.166546,0.160034,0.154026,0.1683,0.158282,0.155528,0.153524,0.15127,0.16279,0.15678,0.153022,0.149264,0.142256,0.155778,0.16179,0.151018,0.187584,13.1276,14.8546,16.223,19.9852,19.9584,19.158,25.1328,25.173,20.0156,16.0934,17.0288,11.4022,9.54396,17.0442,19.7884,18.4626,20.5122,18.8308,17.984,15.2836,15.418,14.916,13.1562,11.9478,12.7664,25.173,0.133724,0.139248,0.132722,0.13336,0.135164,0.13747,0.127004,0.129028,0.12961,0.132362,0.133166,0.128944,0.127998,0.119696,0.119974,0.120418,0.117336,0.122806,0.118472,0.122,0.120778,0.121278,0.124696,0.124972,0.126724,0.139248,1.37008,1.48122,1.50188,1.53308,1.6808,1.64302,1.79228,1.89162,1.76396,1.53126,1.48552,1.2904,1.16116,1.38986,1.5674,1.54952,1.65436,1.55038,1.50714,1.41328,1.38952,1.40194,1.3509,1.27244,1.32992,1.89162,110,5/17/2012 1:48,-10,75,1500,261,1582,11653.71622,45,-51.8,1323,1473,360,1,4396000,360.5,1.42E-09,-0.061976282,30,0,0,1500,0.035898481
14,5/17/2012 21:35,5/17/2012 22:05,1.4413,1463.16,1461.3,1440.42,1433.78,1455.58,1440.4,1456.56,1403.42,1459.38,1349.32,1354.06,1313.28,1311.38,1322.74,1294.28,1282.88,1276.26,1264.88,1252.54,1256.34,1239.26,1255.4,1265.84,1283.82,1251.6,1463.16,9.90834,9.71286,9.54988,9.66732,9.49772,9.52382,9.58892,9.36736,9.81062,9.12618,9.23048,8.97624,8.87846,8.93062,8.6829,8.6894,8.67638,8.59814,8.5069,8.43518,8.3309,8.46128,8.56556,8.73504,8.59162,9.90834,0.175312,0.171306,0.167048,0.175314,0.168048,0.163792,0.171806,0.161288,0.166546,0.160034,0.154026,0.1683,0.158282,0.155528,0.153524,0.15127,0.16279,0.15678,0.153022,0.149264,0.142256,0.155778,0.16179,0.151018,0.158782,0.175314,14.8546,16.223,19.9852,19.9584,19.158,25.1328,25.173,20.0156,16.0934,17.0288,11.4022,9.54396,17.0442,19.7884,18.4626,20.5122,18.8308,17.984,15.2836,15.418,14.916,13.1562,11.9478,12.7664,12.1294,25.173,0.139248,0.132722,0.13336,0.135164,0.13747,0.127004,0.129028,0.12961,0.132362,0.133166,0.128944,0.127998,0.119696,0.119974,0.120418,0.117336,0.122806,0.118472,0.122,0.120778,0.121278,0.124696,0.124972,0.126724,0.130196,0.139248,1.48122,1.50188,1.53308,1.6808,1.64302,1.79228,1.89162,1.76396,1.53126,1.48552,1.2904,1.16116,1.38986,1.5674,1.54952,1.65436,1.55038,1.50714,1.41328,1.38952,1.40194,1.3509,1.27244,1.32992,1.33386,1.89162,110,5/17/2012 1:48,-10,75,1500,261,1582,11653.71622,45,-51.8,1323,1473,360,1,4396000,360.5,1.42E-09,-0.061976282,30,0,0,1500,0.045007135
14,5/17/2012 21:40,5/17/2012 22:10,1.51882,1461.3,1440.42,1433.78,1455.58,1440.4,1456.56,1403.42,1459.38,1349.32,1354.06,1313.28,1311.38,1322.74,1294.28,1282.88,1276.26,1264.88,1252.54,1256.34,1239.26,1255.4,1265.84,1283.82,1251.6,1229.78,1461.3,9.71286,9.54988,9.66732,9.49772,9.52382,9.58892,9.36736,9.81062,9.12618,9.23048,8.97624,8.87846,8.93062,8.6829,8.6894,8.67638,8.59814,8.5069,8.43518,8.3309,8.46128,8.56556,8.73504,8.59162,8.23636,9.81062,0.171306,0.167048,0.175314,0.168048,0.163792,0.171806,0.161288,0.166546,0.160034,0.154026,0.1683,0.158282,0.155528,0.153524,0.15127,0.16279,0.15678,0.153022,0.149264,0.142256,0.155778,0.16179,0.151018,0.158782,0.155026,0.175314,16.223,19.9852,19.9584,19.158,25.1328,25.173,20.0156,16.0934,17.0288,11.4022,9.54396,17.0442,19.7884,18.4626,20.5122,18.8308,17.984,15.2836,15.418,14.916,13.1562,11.9478,12.7664,12.1294,13.4076,25.173,0.132722,0.13336,0.135164,0.13747,0.127004,0.129028,0.12961,0.132362,0.133166,0.128944,0.127998,0.119696,0.119974,0.120418,0.117336,0.122806,0.118472,0.122,0.120778,0.121278,0.124696,0.124972,0.126724,0.130196,0.12203,0.13747,1.50188,1.53308,1.6808,1.64302,1.79228,1.89162,1.76396,1.53126,1.48552,1.2904,1.16116,1.38986,1.5674,1.54952,1.65436,1.55038,1.50714,1.41328,1.38952,1.40194,1.3509,1.27244,1.32992,1.33386,1.26748,1.89162,110,5/17/2012 1:48,-10,75,1500,261,1582,11653.71622,45,-51.8,1323,1473,360,1,4396000,360.5,1.42E-09,-0.061976282,30,0,0,1500,0.105121455
14,5/17/2012 21:45,5/17/2012 22:15,1.62846,1440.42,1433.78,1455.58,1440.4,1456.56,1403.42,1459.38,1349.32,1354.06,1313.28,1311.38,1322.74,1294.28,1282.88,1276.26,1264.88,1252.54,1256.34,1239.26,1255.4,1265.84,1283.82,1251.6,1229.78,1226.44,1459.38,9.54988,9.66732,9.49772,9.52382,9.58892,9.36736,9.81062,9.12618,9.23048,8.97624,8.87846,8.93062,8.6829,8.6894,8.67638,8.59814,8.5069,8.43518,8.3309,8.46128,8.56556,8.73504,8.59162,8.23636,8.3048,9.81062,0.167048,0.175314,0.168048,0.163792,0.171806,0.161288,0.166546,0.160034,0.154026,0.1683,0.158282,0.155528,0.153524,0.15127,0.16279,0.15678,0.153022,0.149264,0.142256,0.155778,0.16179,0.151018,0.158782,0.155026,0.144758,0.175314,19.9852,19.9584,19.158,25.1328,25.173,20.0156,16.0934,17.0288,11.4022,9.54396,17.0442,19.7884,18.4626,20.5122,18.8308,17.984,15.2836,15.418,14.916,13.1562,11.9478,12.7664,12.1294,13.4076,13.6804,25.173,0.13336,0.135164,0.13747,0.127004,0.129028,0.12961,0.132362,0.133166,0.128944,0.127998,0.119696,0.119974,0.120418,0.117336,0.122806,0.118472,0.122,0.120778,0.121278,0.124696,0.124972,0.126724,0.130196,0.12203,0.11967,0.13747,1.53308,1.6808,1.64302,1.79228,1.89162,1.76396,1.53126,1.48552,1.2904,1.16116,1.38986,1.5674,1.54952,1.65436,1.55038,1.50714,1.41328,1.38952,1.40194,1.3509,1.27244,1.32992,1.33386,1.26748,1.32716,1.89162,110,5/17/2012 1:48,-10,75,1500,261,1582,11653.71622,45,-51.8,1323,1473,360,1,4396000,360.5,1.42E-09,-0.061976282,30,0,0,1500,0.121749483
14,5/17/2012 21:50,5/17/2012 22:20,1.6261,1433.78,1455.58,1440.4,1456.56,1403.42,1459.38,1349.32,1354.06,1313.28,1311.38,1322.74,1294.28,1282.88,1276.26,1264.88,1252.54,1256.34,1239.26,1255.4,1265.84,1283.82,1251.6,1229.78,1226.44,1212.68,1459.38,9.66732,9.49772,9.52382,9.58892,9.36736,9.81062,9.12618,9.23048,8.97624,8.87846,8.93062,8.6829,8.6894,8.67638,8.59814,8.5069,8.43518,8.3309,8.46128,8.56556,8.73504,8.59162,8.23636,8.3048,8.2559,9.81062,0.175314,0.168048,0.163792,0.171806,0.161288,0.166546,0.160034,0.154026,0.1683,0.158282,0.155528,0.153524,0.15127,0.16279,0.15678,0.153022,0.149264,0.142256,0.155778,0.16179,0.151018,0.158782,0.155026,0.144758,0.137244,0.175314,19.9584,19.158,25.1328,25.173,20.0156,16.0934,17.0288,11.4022,9.54396,17.0442,19.7884,18.4626,20.5122,18.8308,17.984,15.2836,15.418,14.916,13.1562,11.9478,12.7664,12.1294,13.4076,13.6804,15.9098,25.173,0.135164,0.13747,0.127004,0.129028,0.12961,0.132362,0.133166,0.128944,0.127998,0.119696,0.119974,0.120418,0.117336,0.122806,0.118472,0.122,0.120778,0.121278,0.124696,0.124972,0.126724,0.130196,0.12203,0.11967,0.119752,0.13747,1.6808,1.64302,1.79228,1.89162,1.76396,1.53126,1.48552,1.2904,1.16116,1.38986,1.5674,1.54952,1.65436,1.55038,1.50714,1.41328,1.38952,1.40194,1.3509,1.27244,1.32992,1.33386,1.26748,1.32716,1.40384,1.89162,110,5/17/2012 1:48,-10,75,1500,261,1582,11653.71622,45,-51.8,1323,1473,360,1,4396000,360.5,1.42E-09,-0.061976282,30,0,0,1500,0.088432397
14,5/17/2012 21:55,5/17/2012 22:25,1.63514,1455.58,1440.4,1456.56,1403.42,1459.38,1349.32,1354.06,1313.28,1311.38,1322.74,1294.28,1282.88,1276.26,1264.88,1252.54,1256.34,1239.26,1255.4,1265.84,1283.82,1251.6,1229.78,1226.44,1212.68,1220.74,1459.38,9.49772,9.52382,9.58892,9.36736,9.81062,9.12618,9.23048,8.97624,8.87846,8.93062,8.6829,8.6894,8.67638,8.59814,8.5069,8.43518,8.3309,8.46128,8.56556,8.73504,8.59162,8.23636,8.3048,8.2559,8.15488,9.81062,0.168048,0.163792,0.171806,0.161288,0.166546,0.160034,0.154026,0.1683,0.158282,0.155528,0.153524,0.15127,0.16279,0.15678,0.153022,0.149264,0.142256,0.155778,0.16179,0.151018,0.158782,0.155026,0.144758,0.137244,0.13399,0.171806,19.158,25.1328,25.173,20.0156,16.0934,17.0288,11.4022,9.54396,17.0442,19.7884,18.4626,20.5122,18.8308,17.984,15.2836,15.418,14.916,13.1562,11.9478,12.7664,12.1294,13.4076,13.6804,15.9098,15.9532,25.173,0.13747,0.127004,0.129028,0.12961,0.132362,0.133166,0.128944,0.127998,0.119696,0.119974,0.120418,0.117336,0.122806,0.118472,0.122,0.120778,0.121278,0.124696,0.124972,0.126724,0.130196,0.12203,0.11967,0.119752,0.12039,0.13747,1.64302,1.79228,1.89162,1.76396,1.53126,1.48552,1.2904,1.16116,1.38986,1.5674,1.54952,1.65436,1.55038,1.50714,1.41328,1.38952,1.40194,1.3509,1.27244,1.32992,1.33386,1.26748,1.32716,1.40384,1.45448,1.89162,110,5/17/2012 1:48,-10,75,1500,261,1582,11653.71622,45,-51.8,1323,1473,360,1,4396000,360.5,1.42E-09,-0.061976282,30,0,0,1500,0.071021385
14,5/17/2012 22:00,5/17/2012 22:30,1.64756,1440.4,1456.56,1403.42,1459.38,1349.32,1354.06,1313.28,1311.38,1322.74,1294.28,1282.88,1276.26,1264.88,1252.54,1256.34,1239.26,1255.4,1265.84,1283.82,1251.6,1229.78,1226.44,1212.68,1220.74,1210.76,1459.38,9.52382,9.58892,9.36736,9.81062,9.12618,9.23048,8.97624,8.87846,8.93062,8.6829,8.6894,8.67638,8.59814,8.5069,8.43518,8.3309,8.46128,8.56556,8.73504,8.59162,8.23636,8.3048,8.2559,8.15488,8.07016,9.81062,0.163792,0.171806,0.161288,0.166546,0.160034,0.154026,0.1683,0.158282,0.155528,0.153524,0.15127,0.16279,0.15678,0.153022,0.149264,0.142256,0.155778,0.16179,0.151018,0.158782,0.155026,0.144758,0.137244,0.13399,0.14125,0.171806,25.1328,25.173,20.0156,16.0934,17.0288,11.4022,9.54396,17.0442,19.7884,18.4626,20.5122,18.8308,17.984,15.2836,15.418,14.916,13.1562,11.9478,12.7664,12.1294,13.4076,13.6804,15.9098,15.9532,15.2652,25.173,0.127004,0.129028,0.12961,0.132362,0.133166,0.128944,0.127998,0.119696,0.119974,0.120418,0.117336,0.122806,0.118472,0.122,0.120778,0.121278,0.124696,0.124972,0.126724,0.130196,0.12203,0.11967,0.119752,0.12039,0.120696,0.133166,1.79228,1.89162,1.76396,1.53126,1.48552,1.2904,1.16116,1.38986,1.5674,1.54952,1.65436,1.55038,1.50714,1.41328,1.38952,1.40194,1.3509,1.27244,1.32992,1.33386,1.26748,1.32716,1.40384,1.45448,1.41508,1.89162,110,5/17/2012 1:48,-10,75,1500,261,1582,11653.71622,45,-51.8,1323,1473,360,1,4396000,360.5,1.42E-09,-0.061976282,30,0,0,1500,0.091906048
14,5/17/2012 22:05,5/17/2012 22:35,1.57404,1456.56,1403.42,1459.38,1349.32,1354.06,1313.28,1311.38,1322.74,1294.28,1282.88,1276.26,1264.88,1252.54,1256.34,1239.26,1255.4,1265.84,1283.82,1251.6,1229.78,1226.44,1212.68,1220.74,1210.76,1203.66,1459.38,9.58892,9.36736,9.81062,9.12618,9.23048,8.97624,8.87846,8.93062,8.6829,8.6894,8.67638,8.59814,8.5069,8.43518,8.3309,8.46128,8.56556,8.73504,8.59162,8.23636,8.3048,8.2559,8.15488,8.07016,7.9691,9.81062,0.171806,0.161288,0.166546,0.160034,0.154026,0.1683,0.158282,0.155528,0.153524,0.15127,0.16279,0.15678,0.153022,0.149264,0.142256,0.155778,0.16179,0.151018,0.158782,0.155026,0.144758,0.137244,0.13399,0.14125,0.133738,0.171806,25.173,20.0156,16.0934,17.0288,11.4022,9.54396,17.0442,19.7884,18.4626,20.5122,18.8308,17.984,15.2836,15.418,14.916,13.1562,11.9478,12.7664,12.1294,13.4076,13.6804,15.9098,15.9532,15.2652,16.3814,25.173,0.129028,0.12961,0.132362,0.133166,0.128944,0.127998,0.119696,0.119974,0.120418,0.117336,0.122806,0.118472,0.122,0.120778,0.121278,0.124696,0.124972,0.126724,0.130196,0.12203,0.11967,0.119752,0.12039,0.120696,0.120112,0.133166,1.89162,1.76396,1.53126,1.48552,1.2904,1.16116,1.38986,1.5674,1.54952,1.65436,1.55038,1.50714,1.41328,1.38952,1.40194,1.3509,1.27244,1.32992,1.33386,1.26748,1.32716,1.40384,1.45448,1.41508,1.4413,1.89162,110,5/17/2012 1:48,-10,75,1500,261,1582,11653.71622,45,-51.8,1323,1473,360,1,4396000,360.5,1.42E-09,-0.061976282,30,0,0,1500,0.052945965
14,5/17/2012 22:10,5/17/2012 22:40,1.57378,1403.42,1459.38,1349.32,1354.06,1313.28,1311.38,1322.74,1294.28,1282.88,1276.26,1264.88,1252.54,1256.34,1239.26,1255.4,1265.84,1283.82,1251.6,1229.78,1226.44,1212.68,1220.74,1210.76,1203.66,1186.6,1459.38,9.36736,9.81062,9.12618,9.23048,8.97624,8.87846,8.93062,8.6829,8.6894,8.67638,8.59814,8.5069,8.43518,8.3309,8.46128,8.56556,8.73504,8.59162,8.23636,8.3048,8.2559,8.15488,8.07016,7.9691,7.86152,9.81062,0.161288,0.166546,0.160034,0.154026,0.1683,0.158282,0.155528,0.153524,0.15127,0.16279,0.15678,0.153022,0.149264,0.142256,0.155778,0.16179,0.151018,0.158782,0.155026,0.144758,0.137244,0.13399,0.14125,0.133738,0.129482,0.1683,20.0156,16.0934,17.0288,11.4022,9.54396,17.0442,19.7884,18.4626,20.5122,18.8308,17.984,15.2836,15.418,14.916,13.1562,11.9478,12.7664,12.1294,13.4076,13.6804,15.9098,15.9532,15.2652,16.3814,20.4014,20.5122,0.12961,0.132362,0.133166,0.128944,0.127998,0.119696,0.119974,0.120418,0.117336,0.122806,0.118472,0.122,0.120778,0.121278,0.124696,0.124972,0.126724,0.130196,0.12203,0.11967,0.119752,0.12039,0.120696,0.120112,0.116752,0.133166,1.76396,1.53126,1.48552,1.2904,1.16116,1.38986,1.5674,1.54952,1.65436,1.55038,1.50714,1.41328,1.38952,1.40194,1.3509,1.27244,1.32992,1.33386,1.26748,1.32716,1.40384,1.45448,1.41508,1.4413,1.51882,1.76396,110,5/17/2012 1:48,-10,75,1500,261,1582,11653.71622,45,-51.8,1323,1473,360,1,4396000,360.5,1.42E-09,-0.061976282,30,0,0,1500,0.021585098
14,5/17/2012 22:15,5/17/2012 22:45,1.59652,1459.38,1349.32,1354.06,1313.28,1311.38,1322.74,1294.28,1282.88,1276.26,1264.88,1252.54,1256.34,1239.26,1255.4,1265.84,1283.82,1251.6,1229.78,1226.44,1212.68,1220.74,1210.76,1203.66,1186.6,1183.26,1459.38,9.81062,9.12618,9.23048,8.97624,8.87846,8.93062,8.6829,8.6894,8.67638,8.59814,8.5069,8.43518,8.3309,8.46128,8.56556,8.73504,8.59162,8.23636,8.3048,8.2559,8.15488,8.07016,7.9691,7.86152,7.69206,9.81062,0.166546,0.160034,0.154026,0.1683,0.158282,0.155528,0.153524,0.15127,0.16279,0.15678,0.153022,0.149264,0.142256,0.155778,0.16179,0.151018,0.158782,0.155026,0.144758,0.137244,0.13399,0.14125,0.133738,0.129482,0.142252,0.1683,16.0934,17.0288,11.4022,9.54396,17.0442,19.7884,18.4626,20.5122,18.8308,17.984,15.2836,15.418,14.916,13.1562,11.9478,12.7664,12.1294,13.4076,13.6804,15.9098,15.9532,15.2652,16.3814,20.4014,26.8048,26.8048,0.132362,0.133166,0.128944,0.127998,0.119696,0.119974,0.120418,0.117336,0.122806,0.118472,0.122,0.120778,0.121278,0.124696,0.124972,0.126724,0.130196,0.12203,0.11967,0.119752,0.12039,0.120696,0.120112,0.116752,0.111254,0.133166,1.53126,1.48552,1.2904,1.16116,1.38986,1.5674,1.54952,1.65436,1.55038,1.50714,1.41328,1.38952,1.40194,1.3509,1.27244,1.32992,1.33386,1.26748,1.32716,1.40384,1.45448,1.41508,1.4413,1.51882,1.62846,1.65436,110,5/17/2012 1:48,-10,75,1500,261,1582,11653.71622,45,-51.8,1323,1473,360,1,4396000,360.5,1.42E-09,-0.061976282,30,0,0,1500,-0.012226036
14,5/17/2012 22:20,5/17/2012 22:50,1.56428,1349.32,1354.06,1313.28,1311.38,1322.74,1294.28,1282.88,1276.26,1264.88,1252.54,1256.34,1239.26,1255.4,1265.84,1283.82,1251.6,1229.78,1226.44,1212.68,1220.74,1210.76,1203.66,1186.6,1183.26,1167.62,1354.06,9.12618,9.23048,8.97624,8.87846,8.93062,8.6829,8.6894,8.67638,8.59814,8.5069,8.43518,8.3309,8.46128,8.56556,8.73504,8.59162,8.23636,8.3048,8.2559,8.15488,8.07016,7.9691,7.86152,7.69206,7.64644,9.23048,0.160034,0.154026,0.1683,0.158282,0.155528,0.153524,0.15127,0.16279,0.15678,0.153022,0.149264,0.142256,0.155778,0.16179,0.151018,0.158782,0.155026,0.144758,0.137244,0.13399,0.14125,0.133738,0.129482,0.142252,0.133488,0.1683,17.0288,11.4022,9.54396,17.0442,19.7884,18.4626,20.5122,18.8308,17.984,15.2836,15.418,14.916,13.1562,11.9478,12.7664,12.1294,13.4076,13.6804,15.9098,15.9532,15.2652,16.3814,20.4014,26.8048,28.3986,28.3986,0.133166,0.128944,0.127998,0.119696,0.119974,0.120418,0.117336,0.122806,0.118472,0.122,0.120778,0.121278,0.124696,0.124972,0.126724,0.130196,0.12203,0.11967,0.119752,0.12039,0.120696,0.120112,0.116752,0.111254,0.105506,0.133166,1.48552,1.2904,1.16116,1.38986,1.5674,1.54952,1.65436,1.55038,1.50714,1.41328,1.38952,1.40194,1.3509,1.27244,1.32992,1.33386,1.26748,1.32716,1.40384,1.45448,1.41508,1.4413,1.51882,1.62846,1.6261,1.65436,110,5/17/2012 1:48,-10,75,1500,261,1582,11653.71622,45,-51.8,1323,1473,360,1,4396000,360.5,1.42E-09,-0.061976282,30,0,0,1500,-0.023822118
14,5/17/2012 22:25,5/17/2012 22:55,1.56872,1354.06,1313.28,1311.38,1322.74,1294.28,1282.88,1276.26,1264.88,1252.54,1256.34,1239.26,1255.4,1265.84,1283.82,1251.6,1229.78,1226.44,1212.68,1220.74,1210.76,1203.66,1186.6,1183.26,1167.62,1164.28,1354.06,9.23048,8.97624,8.87846,8.93062,8.6829,8.6894,8.67638,8.59814,8.5069,8.43518,8.3309,8.46128,8.56556,8.73504,8.59162,8.23636,8.3048,8.2559,8.15488,8.07016,7.9691,7.86152,7.69206,7.64644,7.6725,9.23048,0.154026,0.1683,0.158282,0.155528,0.153524,0.15127,0.16279,0.15678,0.153022,0.149264,0.142256,0.155778,0.16179,0.151018,0.158782,0.155026,0.144758,0.137244,0.13399,0.14125,0.133738,0.129482,0.142252,0.133488,0.141002,0.1683,11.4022,9.54396,17.0442,19.7884,18.4626,20.5122,18.8308,17.984,15.2836,15.418,14.916,13.1562,11.9478,12.7664,12.1294,13.4076,13.6804,15.9098,15.9532,15.2652,16.3814,20.4014,26.8048,28.3986,27.798,28.3986,0.128944,0.127998,0.119696,0.119974,0.120418,0.117336,0.122806,0.118472,0.122,0.120778,0.121278,0.124696,0.124972,0.126724,0.130196,0.12203,0.11967,0.119752,0.12039,0.120696,0.120112,0.116752,0.111254,0.105506,0.108172,0.130196,1.2904,1.16116,1.38986,1.5674,1.54952,1.65436,1.55038,1.50714,1.41328,1.38952,1.40194,1.3509,1.27244,1.32992,1.33386,1.26748,1.32716,1.40384,1.45448,1.41508,1.4413,1.51882,1.62846,1.6261,1.63514,1.65436,110,5/17/2012 1:48,-10,75,1500,261,1582,11653.71622,45,-51.8,1323,1473,360,1,4396000,360.5,1.42E-09,-0.061976282,30,0,0,1500,-0.025528591
14,5/17/2012 22:30,5/17/2012 23:00,1.57616,1313.28,1311.38,1322.74,1294.28,1282.88,1276.26,1264.88,1252.54,1256.34,1239.26,1255.4,1265.84,1283.82,1251.6,1229.78,1226.44,1212.68,1220.74,1210.76,1203.66,1186.6,1183.26,1167.62,1164.28,1177.56,1322.74,8.97624,8.87846,8.93062,8.6829,8.6894,8.67638,8.59814,8.5069,8.43518,8.3309,8.46128,8.56556,8.73504,8.59162,8.23636,8.3048,8.2559,8.15488,8.07016,7.9691,7.86152,7.69206,7.64644,7.6725,7.70508,8.97624,0.1683,0.158282,0.155528,0.153524,0.15127,0.16279,0.15678,0.153022,0.149264,0.142256,0.155778,0.16179,0.151018,0.158782,0.155026,0.144758,0.137244,0.13399,0.14125,0.133738,0.129482,0.142252,0.133488,0.141002,0.13549,0.1683,9.54396,17.0442,19.7884,18.4626,20.5122,18.8308,17.984,15.2836,15.418,14.916,13.1562,11.9478,12.7664,12.1294,13.4076,13.6804,15.9098,15.9532,15.2652,16.3814,20.4014,26.8048,28.3986,27.798,28.5824,28.5824,0.127998,0.119696,0.119974,0.120418,0.117336,0.122806,0.118472,0.122,0.120778,0.121278,0.124696,0.124972,0.126724,0.130196,0.12203,0.11967,0.119752,0.12039,0.120696,0.120112,0.116752,0.111254,0.105506,0.108172,0.104644,0.130196,1.16116,1.38986,1.5674,1.54952,1.65436,1.55038,1.50714,1.41328,1.38952,1.40194,1.3509,1.27244,1.32992,1.33386,1.26748,1.32716,1.40384,1.45448,1.41508,1.4413,1.51882,1.62846,1.6261,1.63514,1.64756,1.65436,110,0,0,0,0,0,0,0,0,0,0,0,0,0,0,0,0,0,30,0,0,1500,-0.027338543
14,5/17/2012 22:35,5/17/2012 23:05,1.51912,1311.38,1322.74,1294.28,1282.88,1276.26,1264.88,1252.54,1256.34,1239.26,1255.4,1265.84,1283.82,1251.6,1229.78,1226.44,1212.68,1220.74,1210.76,1203.66,1186.6,1183.26,1167.62,1164.28,1177.56,1137.24,1322.74,8.87846,8.93062,8.6829,8.6894,8.67638,8.59814,8.5069,8.43518,8.3309,8.46128,8.56556,8.73504,8.59162,8.23636,8.3048,8.2559,8.15488,8.07016,7.9691,7.86152,7.69206,7.64644,7.6725,7.70508,7.50952,8.93062,0.158282,0.155528,0.153524,0.15127,0.16279,0.15678,0.153022,0.149264,0.142256,0.155778,0.16179,0.151018,0.158782,0.155026,0.144758,0.137244,0.13399,0.14125,0.133738,0.129482,0.142252,0.133488,0.141002,0.13549,0.121716,0.16279,17.0442,19.7884,18.4626,20.5122,18.8308,17.984,15.2836,15.418,14.916,13.1562,11.9478,12.7664,12.1294,13.4076,13.6804,15.9098,15.9532,15.2652,16.3814,20.4014,26.8048,28.3986,27.798,28.5824,26.7166,28.5824,0.119696,0.119974,0.120418,0.117336,0.122806,0.118472,0.122,0.120778,0.121278,0.124696,0.124972,0.126724,0.130196,0.12203,0.11967,0.119752,0.12039,0.120696,0.120112,0.116752,0.111254,0.105506,0.108172,0.104644,0.1033946,0.130196,1.38986,1.5674,1.54952,1.65436,1.55038,1.50714,1.41328,1.38952,1.40194,1.3509,1.27244,1.32992,1.33386,1.26748,1.32716,1.40384,1.45448,1.41508,1.4413,1.51882,1.62846,1.6261,1.63514,1.64756,1.57404,1.65436,110,0,0,0,0,0,0,0,0,0,0,0,0,0,0,0,0,0,30,0,0,1500,-0.021567015
14,5/17/2012 22:40,5/17/2012 23:10,1.52104,1322.74,1294.28,1282.88,1276.26,1264.88,1252.54,1256.34,1239.26,1255.4,1265.84,1283.82,1251.6,1229.78,1226.44,1212.68,1220.74,1210.76,1203.66,1186.6,1183.26,1167.62,1164.28,1177.56,1137.24,1139.14,1322.74,8.93062,8.6829,8.6894,8.67638,8.59814,8.5069,8.43518,8.3309,8.46128,8.56556,8.73504,8.59162,8.23636,8.3048,8.2559,8.15488,8.07016,7.9691,7.86152,7.69206,7.64644,7.6725,7.70508,7.50952,7.34658,8.93062,0.155528,0.153524,0.15127,0.16279,0.15678,0.153022,0.149264,0.142256,0.155778,0.16179,0.151018,0.158782,0.155026,0.144758,0.137244,0.13399,0.14125,0.133738,0.129482,0.142252,0.133488,0.141002,0.13549,0.121716,0.12898,0.16279,19.7884,18.4626,20.5122,18.8308,17.984,15.2836,15.418,14.916,13.1562,11.9478,12.7664,12.1294,13.4076,13.6804,15.9098,15.9532,15.2652,16.3814,20.4014,26.8048,28.3986,27.798,28.5824,26.7166,26.2848,28.5824,0.119974,0.120418,0.117336,0.122806,0.118472,0.122,0.120778,0.121278,0.124696,0.124972,0.126724,0.130196,0.12203,0.11967,0.119752,0.12039,0.120696,0.120112,0.116752,0.111254,0.105506,0.108172,0.104644,0.1033946,0.1035338,0.130196,1.5674,1.54952,1.65436,1.55038,1.50714,1.41328,1.38952,1.40194,1.3509,1.27244,1.32992,1.33386,1.26748,1.32716,1.40384,1.45448,1.41508,1.4413,1.51882,1.62846,1.6261,1.63514,1.64756,1.57404,1.57378,1.65436,110,0,0,0,0,0,0,0,0,0,0,0,0,0,0,0,0,0,30,0,0,1500,-0.020704121
14,5/17/2012 22:45,5/17/2012 23:15,1.52812,1294.28,1282.88,1276.26,1264.88,1252.54,1256.34,1239.26,1255.4,1265.84,1283.82,1251.6,1229.78,1226.44,1212.68,1220.74,1210.76,1203.66,1186.6,1183.26,1167.62,1164.28,1177.56,1137.24,1139.14,1123.5,1294.28,8.6829,8.6894,8.67638,8.59814,8.5069,8.43518,8.3309,8.46128,8.56556,8.73504,8.59162,8.23636,8.3048,8.2559,8.15488,8.07016,7.9691,7.86152,7.69206,7.64644,7.6725,7.70508,7.50952,7.34658,7.2879,8.73504,0.153524,0.15127,0.16279,0.15678,0.153022,0.149264,0.142256,0.155778,0.16179,0.151018,0.158782,0.155026,0.144758,0.137244,0.13399,0.14125,0.133738,0.129482,0.142252,0.133488,0.141002,0.13549,0.121716,0.12898,0.120716,0.16279,18.4626,20.5122,18.8308,17.984,15.2836,15.418,14.916,13.1562,11.9478,12.7664,12.1294,13.4076,13.6804,15.9098,15.9532,15.2652,16.3814,20.4014,26.8048,28.3986,27.798,28.5824,26.7166,26.2848,26.4924,28.5824,0.120418,0.117336,0.122806,0.118472,0.122,0.120778,0.121278,0.124696,0.124972,0.126724,0.130196,0.12203,0.11967,0.119752,0.12039,0.120696,0.120112,0.116752,0.111254,0.105506,0.108172,0.104644,0.1033946,0.1035338,0.102784,0.130196,1.54952,1.65436,1.55038,1.50714,1.41328,1.38952,1.40194,1.3509,1.27244,1.32992,1.33386,1.26748,1.32716,1.40384,1.45448,1.41508,1.4413,1.51882,1.62846,1.6261,1.63514,1.64756,1.57404,1.57378,1.59652,1.65436,110,0,0,0,0,0,0,0,0,0,0,0,0,0,0,0,0,0,30,0,0,1500,-0.026696143
14,5/17/2012 22:50,5/17/2012 23:20,1.54848,1282.88,1276.26,1264.88,1252.54,1256.34,1239.26,1255.4,1265.84,1283.82,1251.6,1229.78,1226.44,1212.68,1220.74,1210.76,1203.66,1186.6,1183.26,1167.62,1164.28,1177.56,1137.24,1139.14,1123.5,1141.54,1283.82,8.6894,8.67638,8.59814,8.5069,8.43518,8.3309,8.46128,8.56556,8.73504,8.59162,8.23636,8.3048,8.2559,8.15488,8.07016,7.9691,7.86152,7.69206,7.64644,7.6725,7.70508,7.50952,7.34658,7.2879,7.23248,8.73504,0.15127,0.16279,0.15678,0.153022,0.149264,0.142256,0.155778,0.16179,0.151018,0.158782,0.155026,0.144758,0.137244,0.13399,0.14125,0.133738,0.129482,0.142252,0.133488,0.141002,0.13549,0.121716,0.12898,0.120716,0.129232,0.16279,20.5122,18.8308,17.984,15.2836,15.418,14.916,13.1562,11.9478,12.7664,12.1294,13.4076,13.6804,15.9098,15.9532,15.2652,16.3814,20.4014,26.8048,28.3986,27.798,28.5824,26.7166,26.2848,26.4924,30.2516,30.2516,0.117336,0.122806,0.118472,0.122,0.120778,0.121278,0.124696,0.124972,0.126724,0.130196,0.12203,0.11967,0.119752,0.12039,0.120696,0.120112,0.116752,0.111254,0.105506,0.108172,0.104644,0.1033946,0.1035338,0.102784,0.095618,0.130196,1.65436,1.55038,1.50714,1.41328,1.38952,1.40194,1.3509,1.27244,1.32992,1.33386,1.26748,1.32716,1.40384,1.45448,1.41508,1.4413,1.51882,1.62846,1.6261,1.63514,1.64756,1.57404,1.57378,1.59652,1.56428,1.65436,110,0,0,0,0,0,0,0,0,0,0,0,0,0,0,0,0,0,30,0,0,1500,-0.006180634
14,5/17/2012 22:55,5/17/2012 23:25,1.5115,1276.26,1264.88,1252.54,1256.34,1239.26,1255.4,1265.84,1283.82,1251.6,1229.78,1226.44,1212.68,1220.74,1210.76,1203.66,1186.6,1183.26,1167.62,1164.28,1177.56,1137.24,1139.14,1123.5,1141.54,1108.78,1283.82,8.67638,8.59814,8.5069,8.43518,8.3309,8.46128,8.56556,8.73504,8.59162,8.23636,8.3048,8.2559,8.15488,8.07016,7.9691,7.86152,7.69206,7.64644,7.6725,7.70508,7.50952,7.34658,7.2879,7.23248,7.24226,8.73504,0.16279,0.15678,0.153022,0.149264,0.142256,0.155778,0.16179,0.151018,0.158782,0.155026,0.144758,0.137244,0.13399,0.14125,0.133738,0.129482,0.142252,0.133488,0.141002,0.13549,0.121716,0.12898,0.120716,0.129232,0.123722,0.16279,18.8308,17.984,15.2836,15.418,14.916,13.1562,11.9478,12.7664,12.1294,13.4076,13.6804,15.9098,15.9532,15.2652,16.3814,20.4014,26.8048,28.3986,27.798,28.5824,26.7166,26.2848,26.4924,30.2516,25.1744,30.2516,0.122806,0.118472,0.122,0.120778,0.121278,0.124696,0.124972,0.126724,0.130196,0.12203,0.11967,0.119752,0.12039,0.120696,0.120112,0.116752,0.111254,0.105506,0.108172,0.104644,0.1033946,0.1035338,0.102784,0.095618,0.1051726,0.130196,1.55038,1.50714,1.41328,1.38952,1.40194,1.3509,1.27244,1.32992,1.33386,1.26748,1.32716,1.40384,1.45448,1.41508,1.4413,1.51882,1.62846,1.6261,1.63514,1.64756,1.57404,1.57378,1.59652,1.56428,1.56872,1.64756,110,0,0,0,0,0,0,0,0,0,0,0,0,0,0,0,0,0,30,0,0,1500,-0.022527536
14,5/17/2012 23:00,5/17/2012 23:30,1.4974,1264.88,1252.54,1256.34,1239.26,1255.4,1265.84,1283.82,1251.6,1229.78,1226.44,1212.68,1220.74,1210.76,1203.66,1186.6,1183.26,1167.62,1164.28,1177.56,1137.24,1139.14,1123.5,1141.54,1108.78,1102.62,1283.82,8.59814,8.5069,8.43518,8.3309,8.46128,8.56556,8.73504,8.59162,8.23636,8.3048,8.2559,8.15488,8.07016,7.9691,7.86152,7.69206,7.64644,7.6725,7.70508,7.50952,7.34658,7.2879,7.23248,7.24226,7.19664,8.73504,0.15678,0.153022,0.149264,0.142256,0.155778,0.16179,0.151018,0.158782,0.155026,0.144758,0.137244,0.13399,0.14125,0.133738,0.129482,0.142252,0.133488,0.141002,0.13549,0.121716,0.12898,0.120716,0.129232,0.123722,0.129982,0.16179,17.984,15.2836,15.418,14.916,13.1562,11.9478,12.7664,12.1294,13.4076,13.6804,15.9098,15.9532,15.2652,16.3814,20.4014,26.8048,28.3986,27.798,28.5824,26.7166,26.2848,26.4924,30.2516,25.1744,27.1296,30.2516,0.118472,0.122,0.120778,0.121278,0.124696,0.124972,0.126724,0.130196,0.12203,0.11967,0.119752,0.12039,0.120696,0.120112,0.116752,0.111254,0.105506,0.108172,0.104644,0.1033946,0.1035338,0.102784,0.095618,0.1051726,0.099063,0.130196,1.50714,1.41328,1.38952,1.40194,1.3509,1.27244,1.32992,1.33386,1.26748,1.32716,1.40384,1.45448,1.41508,1.4413,1.51882,1.62846,1.6261,1.63514,1.64756,1.57404,1.57378,1.59652,1.56428,1.56872,1.57616,1.64756,110,0,0,0,0,0,0,0,0,0,0,0,0,0,0,0,0,0,30,0,0,1500,-0.031049727
14,5/17/2012 23:05,5/17/2012 23:35,1.52942,1252.54,1256.34,1239.26,1255.4,1265.84,1283.82,1251.6,1229.78,1226.44,1212.68,1220.74,1210.76,1203.66,1186.6,1183.26,1167.62,1164.28,1177.56,1137.24,1139.14,1123.5,1141.54,1108.78,1102.62,1090.76,1283.82,8.5069,8.43518,8.3309,8.46128,8.56556,8.73504,8.59162,8.23636,8.3048,8.2559,8.15488,8.07016,7.9691,7.86152,7.69206,7.64644,7.6725,7.70508,7.50952,7.34658,7.2879,7.23248,7.24226,7.19664,6.97176,8.73504,0.153022,0.149264,0.142256,0.155778,0.16179,0.151018,0.158782,0.155026,0.144758,0.137244,0.13399,0.14125,0.133738,0.129482,0.142252,0.133488,0.141002,0.13549,0.121716,0.12898,0.120716,0.129232,0.123722,0.129982,0.12798,0.16179,15.2836,15.418,14.916,13.1562,11.9478,12.7664,12.1294,13.4076,13.6804,15.9098,15.9532,15.2652,16.3814,20.4014,26.8048,28.3986,27.798,28.5824,26.7166,26.2848,26.4924,30.2516,25.1744,27.1296,28.0232,30.2516,0.122,0.120778,0.121278,0.124696,0.124972,0.126724,0.130196,0.12203,0.11967,0.119752,0.12039,0.120696,0.120112,0.116752,0.111254,0.105506,0.108172,0.104644,0.1033946,0.1035338,0.102784,0.095618,0.1051726,0.099063,0.0954514,0.130196,1.41328,1.38952,1.40194,1.3509,1.27244,1.32992,1.33386,1.26748,1.32716,1.40384,1.45448,1.41508,1.4413,1.51882,1.62846,1.6261,1.63514,1.64756,1.57404,1.57378,1.59652,1.56428,1.56872,1.57616,1.51912,1.64756,110,0,0,0,0,0,0,0,0,0,0,0,0,0,0,0,0,0,30,0,0,1500,0.004080393
14,5/17/2012 23:10,5/17/2012 23:40,1.48106,1256.34,1239.26,1255.4,1265.84,1283.82,1251.6,1229.78,1226.44,1212.68,1220.74,1210.76,1203.66,1186.6,1183.26,1167.62,1164.28,1177.56,1137.24,1139.14,1123.5,1141.54,1108.78,1102.62,1090.76,1084.6,1283.82,8.43518,8.3309,8.46128,8.56556,8.73504,8.59162,8.23636,8.3048,8.2559,8.15488,8.07016,7.9691,7.86152,7.69206,7.64644,7.6725,7.70508,7.50952,7.34658,7.2879,7.23248,7.24226,7.19664,6.97176,6.93916,8.73504,0.149264,0.142256,0.155778,0.16179,0.151018,0.158782,0.155026,0.144758,0.137244,0.13399,0.14125,0.133738,0.129482,0.142252,0.133488,0.141002,0.13549,0.121716,0.12898,0.120716,0.129232,0.123722,0.129982,0.12798,0.121466,0.16179,15.418,14.916,13.1562,11.9478,12.7664,12.1294,13.4076,13.6804,15.9098,15.9532,15.2652,16.3814,20.4014,26.8048,28.3986,27.798,28.5824,26.7166,26.2848,26.4924,30.2516,25.1744,27.1296,28.0232,26.6126,30.2516,0.120778,0.121278,0.124696,0.124972,0.126724,0.130196,0.12203,0.11967,0.119752,0.12039,0.120696,0.120112,0.116752,0.111254,0.105506,0.108172,0.104644,0.1033946,0.1035338,0.102784,0.095618,0.1051726,0.099063,0.0954514,0.09945,0.130196,1.38952,1.40194,1.3509,1.27244,1.32992,1.33386,1.26748,1.32716,1.40384,1.45448,1.41508,1.4413,1.51882,1.62846,1.6261,1.63514,1.64756,1.57404,1.57378,1.59652,1.56428,1.56872,1.57616,1.51912,1.52104,1.64756,110,0,0,0,0,0,0,0,0,0,0,0,0,0,0,0,0,0,30,0,0,1500,-0.015985627
14,5/17/2012 23:15,5/17/2012 23:45,1.49454,1239.26,1255.4,1265.84,1283.82,1251.6,1229.78,1226.44,1212.68,1220.74,1210.76,1203.66,1186.6,1183.26,1167.62,1164.28,1177.56,1137.24,1139.14,1123.5,1141.54,1108.78,1102.62,1090.76,1084.6,1087.92,1283.82,8.3309,8.46128,8.56556,8.73504,8.59162,8.23636,8.3048,8.2559,8.15488,8.07016,7.9691,7.86152,7.69206,7.64644,7.6725,7.70508,7.50952,7.34658,7.2879,7.23248,7.24226,7.19664,6.97176,6.93916,6.9424,8.73504,0.142256,0.155778,0.16179,0.151018,0.158782,0.155026,0.144758,0.137244,0.13399,0.14125,0.133738,0.129482,0.142252,0.133488,0.141002,0.13549,0.121716,0.12898,0.120716,0.129232,0.123722,0.129982,0.12798,0.121466,0.126478,0.16179,14.916,13.1562,11.9478,12.7664,12.1294,13.4076,13.6804,15.9098,15.9532,15.2652,16.3814,20.4014,26.8048,28.3986,27.798,28.5824,26.7166,26.2848,26.4924,30.2516,25.1744,27.1296,28.0232,26.6126,26.4796,30.2516,0.121278,0.124696,0.124972,0.126724,0.130196,0.12203,0.11967,0.119752,0.12039,0.120696,0.120112,0.116752,0.111254,0.105506,0.108172,0.104644,0.1033946,0.1035338,0.102784,0.095618,0.1051726,0.099063,0.0954514,0.09945,0.1022554,0.130196,1.40194,1.3509,1.27244,1.32992,1.33386,1.26748,1.32716,1.40384,1.45448,1.41508,1.4413,1.51882,1.62846,1.6261,1.63514,1.64756,1.57404,1.57378,1.59652,1.56428,1.56872,1.57616,1.51912,1.52104,1.52812,1.64756,110,0,0,0,0,0,0,0,0,0,0,0,0,0,0,0,0,0,30,0,0,1500,-0.0133716
14,5/17/2012 23:20,5/17/2012 23:50,1.4907,1255.4,1265.84,1283.82,1251.6,1229.78,1226.44,1212.68,1220.74,1210.76,1203.66,1186.6,1183.26,1167.62,1164.28,1177.56,1137.24,1139.14,1123.5,1141.54,1108.78,1102.62,1090.76,1084.6,1087.92,1085.54,1283.82,8.46128,8.56556,8.73504,8.59162,8.23636,8.3048,8.2559,8.15488,8.07016,7.9691,7.86152,7.69206,7.64644,7.6725,7.70508,7.50952,7.34658,7.2879,7.23248,7.24226,7.19664,6.97176,6.93916,6.9424,6.9098,8.73504,0.155778,0.16179,0.151018,0.158782,0.155026,0.144758,0.137244,0.13399,0.14125,0.133738,0.129482,0.142252,0.133488,0.141002,0.13549,0.121716,0.12898,0.120716,0.129232,0.123722,0.129982,0.12798,0.121466,0.126478,0.132738,0.16179,13.1562,11.9478,12.7664,12.1294,13.4076,13.6804,15.9098,15.9532,15.2652,16.3814,20.4014,26.8048,28.3986,27.798,28.5824,26.7166,26.2848,26.4924,30.2516,25.1744,27.1296,28.0232,26.6126,26.4796,26.8576,30.2516,0.124696,0.124972,0.126724,0.130196,0.12203,0.11967,0.119752,0.12039,0.120696,0.120112,0.116752,0.111254,0.105506,0.108172,0.104644,0.1033946,0.1035338,0.102784,0.095618,0.1051726,0.099063,0.0954514,0.09945,0.1022554,0.1026146,0.130196,1.3509,1.27244,1.32992,1.33386,1.26748,1.32716,1.40384,1.45448,1.41508,1.4413,1.51882,1.62846,1.6261,1.63514,1.64756,1.57404,1.57378,1.59652,1.56428,1.56872,1.57616,1.51912,1.52104,1.52812,1.54848,1.64756,110,0,0,0,0,0,0,0,0,0,0,0,0,0,0,0,0,0,30,0,0,1500,-0.022933308
14,5/17/2012 23:25,5/17/2012 23:55,1.4681,1265.84,1283.82,1251.6,1229.78,1226.44,1212.68,1220.74,1210.76,1203.66,1186.6,1183.26,1167.62,1164.28,1177.56,1137.24,1139.14,1123.5,1141.54,1108.78,1102.62,1090.76,1084.6,1087.92,1085.54,1073.2,1283.82,8.56556,8.73504,8.59162,8.23636,8.3048,8.2559,8.15488,8.07016,7.9691,7.86152,7.69206,7.64644,7.6725,7.70508,7.50952,7.34658,7.2879,7.23248,7.24226,7.19664,6.97176,6.93916,6.9424,6.9098,7.02062,8.73504,0.16179,0.151018,0.158782,0.155026,0.144758,0.137244,0.13399,0.14125,0.133738,0.129482,0.142252,0.133488,0.141002,0.13549,0.121716,0.12898,0.120716,0.129232,0.123722,0.129982,0.12798,0.121466,0.126478,0.132738,0.123972,0.16179,11.9478,12.7664,12.1294,13.4076,13.6804,15.9098,15.9532,15.2652,16.3814,20.4014,26.8048,28.3986,27.798,28.5824,26.7166,26.2848,26.4924,30.2516,25.1744,27.1296,28.0232,26.6126,26.4796,26.8576,27.0494,30.2516,0.124972,0.126724,0.130196,0.12203,0.11967,0.119752,0.12039,0.120696,0.120112,0.116752,0.111254,0.105506,0.108172,0.104644,0.1033946,0.1035338,0.102784,0.095618,0.1051726,0.099063,0.0954514,0.09945,0.1022554,0.1026146,0.097812,0.130196,1.27244,1.32992,1.33386,1.26748,1.32716,1.40384,1.45448,1.41508,1.4413,1.51882,1.62846,1.6261,1.63514,1.64756,1.57404,1.57378,1.59652,1.56428,1.56872,1.57616,1.51912,1.52104,1.52812,1.54848,1.5115,1.64756,110,0,0,0,0,0,0,0,0,0,0,0,0,0,0,0,0,0,30,0,0,1500,-0.01743156
14,5/17/2012 23:30,5/18/2012 0:00,1.47442,1283.82,1251.6,1229.78,1226.44,1212.68,1220.74,1210.76,1203.66,1186.6,1183.26,1167.62,1164.28,1177.56,1137.24,1139.14,1123.5,1141.54,1108.78,1102.62,1090.76,1084.6,1087.92,1085.54,1073.2,1072.72,1283.82,8.73504,8.59162,8.23636,8.3048,8.2559,8.15488,8.07016,7.9691,7.86152,7.69206,7.64644,7.6725,7.70508,7.50952,7.34658,7.2879,7.23248,7.24226,7.19664,6.97176,6.93916,6.9424,6.9098,7.02062,6.80224,8.73504,0.151018,0.158782,0.155026,0.144758,0.137244,0.13399,0.14125,0.133738,0.129482,0.142252,0.133488,0.141002,0.13549,0.121716,0.12898,0.120716,0.129232,0.123722,0.129982,0.12798,0.121466,0.126478,0.132738,0.123972,0.131984,0.158782,12.7664,12.1294,13.4076,13.6804,15.9098,15.9532,15.2652,16.3814,20.4014,26.8048,28.3986,27.798,28.5824,26.7166,26.2848,26.4924,30.2516,25.1744,27.1296,28.0232,26.6126,26.4796,26.8576,27.0494,27.4592,30.2516,0.126724,0.130196,0.12203,0.11967,0.119752,0.12039,0.120696,0.120112,0.116752,0.111254,0.105506,0.108172,0.104644,0.1033946,0.1035338,0.102784,0.095618,0.1051726,0.099063,0.0954514,0.09945,0.1022554,0.1026146,0.097812,0.0936184,0.130196,1.32992,1.33386,1.26748,1.32716,1.40384,1.45448,1.41508,1.4413,1.51882,1.62846,1.6261,1.63514,1.64756,1.57404,1.57378,1.59652,1.56428,1.56872,1.57616,1.51912,1.52104,1.52812,1.54848,1.5115,1.4974,1.64756,110,0,0,0,0,0,0,0,0,0,0,0,0,0,0,0,0,0,30,0,0,1500,-0.009244166
14,5/17/2012 23:35,5/18/2012 0:05,1.446275,1251.6,1229.78,1226.44,1212.68,1220.74,1210.76,1203.66,1186.6,1183.26,1167.62,1164.28,1177.56,1137.24,1139.14,1123.5,1141.54,1108.78,1102.62,1090.76,1084.6,1087.92,1085.54,1073.2,1072.72,1062.26,1251.6,8.59162,8.23636,8.3048,8.2559,8.15488,8.07016,7.9691,7.86152,7.69206,7.64644,7.6725,7.70508,7.50952,7.34658,7.2879,7.23248,7.24226,7.19664,6.97176,6.93916,6.9424,6.9098,7.02062,6.80224,6.71424,8.59162,0.158782,0.155026,0.144758,0.137244,0.13399,0.14125,0.133738,0.129482,0.142252,0.133488,0.141002,0.13549,0.121716,0.12898,0.120716,0.129232,0.123722,0.129982,0.12798,0.121466,0.126478,0.132738,0.123972,0.131984,0.11746,0.158782,12.1294,13.4076,13.6804,15.9098,15.9532,15.2652,16.3814,20.4014,26.8048,28.3986,27.798,28.5824,26.7166,26.2848,26.4924,30.2516,25.1744,27.1296,28.0232,26.6126,26.4796,26.8576,27.0494,27.4592,29.337,30.2516,0.130196,0.12203,0.11967,0.119752,0.12039,0.120696,0.120112,0.116752,0.111254,0.105506,0.108172,0.104644,0.1033946,0.1035338,0.102784,0.095618,0.1051726,0.099063,0.0954514,0.09945,0.1022554,0.1026146,0.097812,0.0936184,0.0921744,0.130196,1.33386,1.26748,1.32716,1.40384,1.45448,1.41508,1.4413,1.51882,1.62846,1.6261,1.63514,1.64756,1.57404,1.57378,1.59652,1.56428,1.56872,1.57616,1.51912,1.52104,1.52812,1.54848,1.5115,1.4974,1.52942,1.64756,110,0,0,0,0,0,0,0,0,0,0,0,0,0,0,0,0,0,30,0,0,1500,-0.033423568
14,5/17/2012 23:40,5/18/2012 0:10,1.45154,1229.78,1226.44,1212.68,1220.74,1210.76,1203.66,1186.6,1183.26,1167.62,1164.28,1177.56,1137.24,1139.14,1123.5,1141.54,1108.78,1102.62,1090.76,1084.6,1087.92,1085.54,1073.2,1072.72,1062.26,1057.08,1229.78,8.23636,8.3048,8.2559,8.15488,8.07016,7.9691,7.86152,7.69206,7.64644,7.6725,7.70508,7.50952,7.34658,7.2879,7.23248,7.24226,7.19664,6.97176,6.93916,6.9424,6.9098,7.02062,6.80224,6.71424,6.5904,8.3048,0.155026,0.144758,0.137244,0.13399,0.14125,0.133738,0.129482,0.142252,0.133488,0.141002,0.13549,0.121716,0.12898,0.120716,0.129232,0.123722,0.129982,0.12798,0.121466,0.126478,0.132738,0.123972,0.131984,0.11746,0.118712,0.155026,13.4076,13.6804,15.9098,15.9532,15.2652,16.3814,20.4014,26.8048,28.3986,27.798,28.5824,26.7166,26.2848,26.4924,30.2516,25.1744,27.1296,28.0232,26.6126,26.4796,26.8576,27.0494,27.4592,29.337,28.4804,30.2516,0.12203,0.11967,0.119752,0.12039,0.120696,0.120112,0.116752,0.111254,0.105506,0.108172,0.104644,0.1033946,0.1035338,0.102784,0.095618,0.1051726,0.099063,0.0954514,0.09945,0.1022554,0.1026146,0.097812,0.0936184,0.0921744,0.0889248,0.12203,1.26748,1.32716,1.40384,1.45448,1.41508,1.4413,1.51882,1.62846,1.6261,1.63514,1.64756,1.57404,1.57378,1.59652,1.56428,1.56872,1.57616,1.51912,1.52104,1.52812,1.54848,1.5115,1.4974,1.52942,1.48106,1.64756,110,0,0,0,0,0,0,0,0,0,0,0,0,0,0,0,0,0,30,0,0,1500,-0.01196949
14,5/17/2012 23:45,5/18/2012 0:15,1.43218,1226.44,1212.68,1220.74,1210.76,1203.66,1186.6,1183.26,1167.62,1164.28,1177.56,1137.24,1139.14,1123.5,1141.54,1108.78,1102.62,1090.76,1084.6,1087.92,1085.54,1073.2,1072.72,1062.26,1057.08,1050.9,1226.44,8.3048,8.2559,8.15488,8.07016,7.9691,7.86152,7.69206,7.64644,7.6725,7.70508,7.50952,7.34658,7.2879,7.23248,7.24226,7.19664,6.97176,6.93916,6.9424,6.9098,7.02062,6.80224,6.71424,6.5904,6.69472,8.3048,0.144758,0.137244,0.13399,0.14125,0.133738,0.129482,0.142252,0.133488,0.141002,0.13549,0.121716,0.12898,0.120716,0.129232,0.123722,0.129982,0.12798,0.121466,0.126478,0.132738,0.123972,0.131984,0.11746,0.118712,0.109696,0.144758,13.6804,15.9098,15.9532,15.2652,16.3814,20.4014,26.8048,28.3986,27.798,28.5824,26.7166,26.2848,26.4924,30.2516,25.1744,27.1296,28.0232,26.6126,26.4796,26.8576,27.0494,27.4592,29.337,28.4804,28.588,30.2516,0.11967,0.119752,0.12039,0.120696,0.120112,0.116752,0.111254,0.105506,0.108172,0.104644,0.1033946,0.1035338,0.102784,0.095618,0.1051726,0.099063,0.0954514,0.09945,0.1022554,0.1026146,0.097812,0.0936184,0.0921744,0.0889248,0.0892028,0.120696,1.32716,1.40384,1.45448,1.41508,1.4413,1.51882,1.62846,1.6261,1.63514,1.64756,1.57404,1.57378,1.59652,1.56428,1.56872,1.57616,1.51912,1.52104,1.52812,1.54848,1.5115,1.4974,1.52942,1.48106,1.49454,1.64756,110,0,0,0,0,0,0,0,0,0,0,0,0,0,0,0,0,0,30,0,0,1500,-0.025316369
14,5/17/2012 23:50,5/18/2012 0:20,1.41826,1212.68,1220.74,1210.76,1203.66,1186.6,1183.26,1167.62,1164.28,1177.56,1137.24,1139.14,1123.5,1141.54,1108.78,1102.62,1090.76,1084.6,1087.92,1085.54,1073.2,1072.72,1062.26,1057.08,1050.9,1043.78,1220.74,8.2559,8.15488,8.07016,7.9691,7.86152,7.69206,7.64644,7.6725,7.70508,7.50952,7.34658,7.2879,7.23248,7.24226,7.19664,6.97176,6.93916,6.9424,6.9098,7.02062,6.80224,6.71424,6.5904,6.69472,6.6458,8.2559,0.137244,0.13399,0.14125,0.133738,0.129482,0.142252,0.133488,0.141002,0.13549,0.121716,0.12898,0.120716,0.129232,0.123722,0.129982,0.12798,0.121466,0.126478,0.132738,0.123972,0.131984,0.11746,0.118712,0.109696,0.1242226,0.142252,15.9098,15.9532,15.2652,16.3814,20.4014,26.8048,28.3986,27.798,28.5824,26.7166,26.2848,26.4924,30.2516,25.1744,27.1296,28.0232,26.6126,26.4796,26.8576,27.0494,27.4592,29.337,28.4804,28.588,28.6346,30.2516,0.119752,0.12039,0.120696,0.120112,0.116752,0.111254,0.105506,0.108172,0.104644,0.1033946,0.1035338,0.102784,0.095618,0.1051726,0.099063,0.0954514,0.09945,0.1022554,0.1026146,0.097812,0.0936184,0.0921744,0.0889248,0.0892028,0.0926466,0.120696,1.40384,1.45448,1.41508,1.4413,1.51882,1.62846,1.6261,1.63514,1.64756,1.57404,1.57378,1.59652,1.56428,1.56872,1.57616,1.51912,1.52104,1.52812,1.54848,1.5115,1.4974,1.52942,1.48106,1.49454,1.4907,1.64756,110,0,0,0,0,0,0,0,0,0,0,0,0,0,0,0,0,0,30,0,0,1500,-0.029515522
14,5/17/2012 23:55,5/18/2012 0:25,1.42534,1220.74,1210.76,1203.66,1186.6,1183.26,1167.62,1164.28,1177.56,1137.24,1139.14,1123.5,1141.54,1108.78,1102.62,1090.76,1084.6,1087.92,1085.54,1073.2,1072.72,1062.26,1057.08,1050.9,1043.78,1038.1,1220.74,8.15488,8.07016,7.9691,7.86152,7.69206,7.64644,7.6725,7.70508,7.50952,7.34658,7.2879,7.23248,7.24226,7.19664,6.97176,6.93916,6.9424,6.9098,7.02062,6.80224,6.71424,6.5904,6.69472,6.6458,6.49914,8.15488,0.13399,0.14125,0.133738,0.129482,0.142252,0.133488,0.141002,0.13549,0.121716,0.12898,0.120716,0.129232,0.123722,0.129982,0.12798,0.121466,0.126478,0.132738,0.123972,0.131984,0.11746,0.118712,0.109696,0.1242226,0.11395,0.142252,15.9532,15.2652,16.3814,20.4014,26.8048,28.3986,27.798,28.5824,26.7166,26.2848,26.4924,30.2516,25.1744,27.1296,28.0232,26.6126,26.4796,26.8576,27.0494,27.4592,29.337,28.4804,28.588,28.6346,28.5018,30.2516,0.12039,0.120696,0.120112,0.116752,0.111254,0.105506,0.108172,0.104644,0.1033946,0.1035338,0.102784,0.095618,0.1051726,0.099063,0.0954514,0.09945,0.1022554,0.1026146,0.097812,0.0936184,0.0921744,0.0889248,0.0892028,0.0926466,0.0916468,0.120696,1.45448,1.41508,1.4413,1.51882,1.62846,1.6261,1.63514,1.64756,1.57404,1.57378,1.59652,1.56428,1.56872,1.57616,1.51912,1.52104,1.52812,1.54848,1.5115,1.4974,1.52942,1.48106,1.49454,1.4907,1.4681,1.64756,110,0,0,0,0,0,0,0,0,0,0,0,0,0,0,0,0,0,30,0,0,1500,-0.017476903
14,5/18/2012 0:00,5/18/2012 0:30,1.40928,1210.76,1203.66,1186.6,1183.26,1167.62,1164.28,1177.56,1137.24,1139.14,1123.5,1141.54,1108.78,1102.62,1090.76,1084.6,1087.92,1085.54,1073.2,1072.72,1062.26,1057.08,1050.9,1043.78,1038.1,1029.08,1210.76,8.07016,7.9691,7.86152,7.69206,7.64644,7.6725,7.70508,7.50952,7.34658,7.2879,7.23248,7.24226,7.19664,6.97176,6.93916,6.9424,6.9098,7.02062,6.80224,6.71424,6.5904,6.69472,6.6458,6.49914,6.5578,8.07016,0.14125,0.133738,0.129482,0.142252,0.133488,0.141002,0.13549,0.121716,0.12898,0.120716,0.129232,0.123722,0.129982,0.12798,0.121466,0.126478,0.132738,0.123972,0.131984,0.11746,0.118712,0.109696,0.1242226,0.11395,0.10594,0.142252,15.2652,16.3814,20.4014,26.8048,28.3986,27.798,28.5824,26.7166,26.2848,26.4924,30.2516,25.1744,27.1296,28.0232,26.6126,26.4796,26.8576,27.0494,27.4592,29.337,28.4804,28.588,28.6346,28.5018,28.3238,30.2516,0.120696,0.120112,0.116752,0.111254,0.105506,0.108172,0.104644,0.1033946,0.1035338,0.102784,0.095618,0.1051726,0.099063,0.0954514,0.09945,0.1022554,0.1026146,0.097812,0.0936184,0.0921744,0.0889248,0.0892028,0.0926466,0.0916468,0.0897306,0.120696,1.41508,1.4413,1.51882,1.62846,1.6261,1.63514,1.64756,1.57404,1.57378,1.59652,1.56428,1.56872,1.57616,1.51912,1.52104,1.52812,1.54848,1.5115,1.4974,1.52942,1.48106,1.49454,1.4907,1.4681,1.47442,1.64756,102,0,0,0,0,0,0,0,0,0,0,0,0,0,0,0,0,0,30,0,0,1500,-0.026678077
14,5/18/2012 0:05,5/18/2012 0:35,1.3859,1203.66,1186.6,1183.26,1167.62,1164.28,1177.56,1137.24,1139.14,1123.5,1141.54,1108.78,1102.62,1090.76,1084.6,1087.92,1085.54,1073.2,1072.72,1062.26,1057.08,1050.9,1043.78,1038.1,1029.08,1014.7275,1203.66,7.9691,7.86152,7.69206,7.64644,7.6725,7.70508,7.50952,7.34658,7.2879,7.23248,7.24226,7.19664,6.97176,6.93916,6.9424,6.9098,7.02062,6.80224,6.71424,6.5904,6.69472,6.6458,6.49914,6.5578,6.49425,7.9691,0.133738,0.129482,0.142252,0.133488,0.141002,0.13549,0.121716,0.12898,0.120716,0.129232,0.123722,0.129982,0.12798,0.121466,0.126478,0.132738,0.123972,0.131984,0.11746,0.118712,0.109696,0.1242226,0.11395,0.10594,0.12084,0.142252,16.3814,20.4014,26.8048,28.3986,27.798,28.5824,26.7166,26.2848,26.4924,30.2516,25.1744,27.1296,28.0232,26.6126,26.4796,26.8576,27.0494,27.4592,29.337,28.4804,28.588,28.6346,28.5018,28.3238,27.3025,30.2516,0.120112,0.116752,0.111254,0.105506,0.108172,0.104644,0.1033946,0.1035338,0.102784,0.095618,0.1051726,0.099063,0.0954514,0.09945,0.1022554,0.1026146,0.097812,0.0936184,0.0921744,0.0889248,0.0892028,0.0926466,0.0916468,0.0897306,0.090501,0.120112,1.4413,1.51882,1.62846,1.6261,1.63514,1.64756,1.57404,1.57378,1.59652,1.56428,1.56872,1.57616,1.51912,1.52104,1.52812,1.54848,1.5115,1.4974,1.52942,1.48106,1.49454,1.4907,1.4681,1.47442,1.446275,1.64756,102,0,0,0,0,0,0,0,0,0,0,0,0,0,0,0,0,0,30,0,0,1500,-0.024990048
14,5/18/2012 0:10,5/18/2012 0:40,1.3754,1186.6,1183.26,1167.62,1164.28,1177.56,1137.24,1139.14,1123.5,1141.54,1108.78,1102.62,1090.76,1084.6,1087.92,1085.54,1073.2,1072.72,1062.26,1057.08,1050.9,1043.78,1038.1,1029.08,1014.7275,1027.14,1186.6,7.86152,7.69206,7.64644,7.6725,7.70508,7.50952,7.34658,7.2879,7.23248,7.24226,7.19664,6.97176,6.93916,6.9424,6.9098,7.02062,6.80224,6.71424,6.5904,6.69472,6.6458,6.49914,6.5578,6.49425,6.3883,7.86152,0.129482,0.142252,0.133488,0.141002,0.13549,0.121716,0.12898,0.120716,0.129232,0.123722,0.129982,0.12798,0.121466,0.126478,0.132738,0.123972,0.131984,0.11746,0.118712,0.109696,0.1242226,0.11395,0.10594,0.12084,0.1116968,0.142252,20.4014,26.8048,28.3986,27.798,28.5824,26.7166,26.2848,26.4924,30.2516,25.1744,27.1296,28.0232,26.6126,26.4796,26.8576,27.0494,27.4592,29.337,28.4804,28.588,28.6346,28.5018,28.3238,27.3025,27.9826,30.2516,0.116752,0.111254,0.105506,0.108172,0.104644,0.1033946,0.1035338,0.102784,0.095618,0.1051726,0.099063,0.0954514,0.09945,0.1022554,0.1026146,0.097812,0.0936184,0.0921744,0.0889248,0.0892028,0.0926466,0.0916468,0.0897306,0.090501,0.0885086,0.116752,1.51882,1.62846,1.6261,1.63514,1.64756,1.57404,1.57378,1.59652,1.56428,1.56872,1.57616,1.51912,1.52104,1.52812,1.54848,1.5115,1.4974,1.52942,1.48106,1.49454,1.4907,1.4681,1.47442,1.446275,1.45154,1.64756,102,0,0,0,0,0,0,0,0,0,0,0,0,0,0,0,0,0,30,0,0,1500,-0.031550554
14,5/18/2012 0:15,5/18/2012 0:45,1.38986,1183.26,1167.62,1164.28,1177.56,1137.24,1139.14,1123.5,1141.54,1108.78,1102.62,1090.76,1084.6,1087.92,1085.54,1073.2,1072.72,1062.26,1057.08,1050.9,1043.78,1038.1,1029.08,1014.7275,1027.14,1016.26,1183.26,7.69206,7.64644,7.6725,7.70508,7.50952,7.34658,7.2879,7.23248,7.24226,7.19664,6.97176,6.93916,6.9424,6.9098,7.02062,6.80224,6.71424,6.5904,6.69472,6.6458,6.49914,6.5578,6.49425,6.3883,6.45024,7.70508,0.142252,0.133488,0.141002,0.13549,0.121716,0.12898,0.120716,0.129232,0.123722,0.129982,0.12798,0.121466,0.126478,0.132738,0.123972,0.131984,0.11746,0.118712,0.109696,0.1242226,0.11395,0.10594,0.12084,0.1116968,0.116708,0.142252,26.8048,28.3986,27.798,28.5824,26.7166,26.2848,26.4924,30.2516,25.1744,27.1296,28.0232,26.6126,26.4796,26.8576,27.0494,27.4592,29.337,28.4804,28.588,28.6346,28.5018,28.3238,27.3025,27.9826,28.2104,30.2516,0.111254,0.105506,0.108172,0.104644,0.1033946,0.1035338,0.102784,0.095618,0.1051726,0.099063,0.0954514,0.09945,0.1022554,0.1026146,0.097812,0.0936184,0.0921744,0.0889248,0.0892028,0.0926466,0.0916468,0.0897306,0.090501,0.0885086,0.0898694,0.111254,1.62846,1.6261,1.63514,1.64756,1.57404,1.57378,1.59652,1.56428,1.56872,1.57616,1.51912,1.52104,1.52812,1.54848,1.5115,1.4974,1.52942,1.48106,1.49454,1.4907,1.4681,1.47442,1.446275,1.45154,1.43218,1.64756,102,0,0,0,0,0,0,0,0,0,0,0,0,0,0,0,0,0,30,0,0,1500,-0.017553188
14,5/18/2012 0:20,5/18/2012 0:50,1.36342,1167.62,1164.28,1177.56,1137.24,1139.14,1123.5,1141.54,1108.78,1102.62,1090.76,1084.6,1087.92,1085.54,1073.2,1072.72,1062.26,1057.08,1050.9,1043.78,1038.1,1029.08,1014.7275,1027.14,1016.26,1015.32,1177.56,7.64644,7.6725,7.70508,7.50952,7.34658,7.2879,7.23248,7.24226,7.19664,6.97176,6.93916,6.9424,6.9098,7.02062,6.80224,6.71424,6.5904,6.69472,6.6458,6.49914,6.5578,6.49425,6.3883,6.45024,6.3883,7.70508,0.133488,0.141002,0.13549,0.121716,0.12898,0.120716,0.129232,0.123722,0.129982,0.12798,0.121466,0.126478,0.132738,0.123972,0.131984,0.11746,0.118712,0.109696,0.1242226,0.11395,0.10594,0.12084,0.1116968,0.116708,0.1046864,0.141002,28.3986,27.798,28.5824,26.7166,26.2848,26.4924,30.2516,25.1744,27.1296,28.0232,26.6126,26.4796,26.8576,27.0494,27.4592,29.337,28.4804,28.588,28.6346,28.5018,28.3238,27.3025,27.9826,28.2104,27.9982,30.2516,0.105506,0.108172,0.104644,0.1033946,0.1035338,0.102784,0.095618,0.1051726,0.099063,0.0954514,0.09945,0.1022554,0.1026146,0.097812,0.0936184,0.0921744,0.0889248,0.0892028,0.0926466,0.0916468,0.0897306,0.090501,0.0885086,0.0898694,0.0859536,0.108172,1.6261,1.63514,1.64756,1.57404,1.57378,1.59652,1.56428,1.56872,1.57616,1.51912,1.52104,1.52812,1.54848,1.5115,1.4974,1.52942,1.48106,1.49454,1.4907,1.4681,1.47442,1.446275,1.45154,1.43218,1.41826,1.64756,102,0,0,0,0,0,0,0,0,0,0,0,0,0,0,0,0,0,30,0,0,1500,-0.022938551
14,5/18/2012 0:25,5/18/2012 0:55,1.35042,1164.28,1177.56,1137.24,1139.14,1123.5,1141.54,1108.78,1102.62,1090.76,1084.6,1087.92,1085.54,1073.2,1072.72,1062.26,1057.08,1050.9,1043.78,1038.1,1029.08,1014.7275,1027.14,1016.26,1015.32,1008.202,1177.56,7.6725,7.70508,7.50952,7.34658,7.2879,7.23248,7.24226,7.19664,6.97176,6.93916,6.9424,6.9098,7.02062,6.80224,6.71424,6.5904,6.69472,6.6458,6.49914,6.5578,6.49425,6.3883,6.45024,6.3883,6.40788,7.70508,0.141002,0.13549,0.121716,0.12898,0.120716,0.129232,0.123722,0.129982,0.12798,0.121466,0.126478,0.132738,0.123972,0.131984,0.11746,0.118712,0.109696,0.1242226,0.11395,0.10594,0.12084,0.1116968,0.116708,0.1046864,0.1096974,0.141002,27.798,28.5824,26.7166,26.2848,26.4924,30.2516,25.1744,27.1296,28.0232,26.6126,26.4796,26.8576,27.0494,27.4592,29.337,28.4804,28.588,28.6346,28.5018,28.3238,27.3025,27.9826,28.2104,27.9982,27.669,30.2516,0.108172,0.104644,0.1033946,0.1035338,0.102784,0.095618,0.1051726,0.099063,0.0954514,0.09945,0.1022554,0.1026146,0.097812,0.0936184,0.0921744,0.0889248,0.0892028,0.0926466,0.0916468,0.0897306,0.090501,0.0885086,0.0898694,0.0859536,0.0844816,0.108172,1.63514,1.64756,1.57404,1.57378,1.59652,1.56428,1.56872,1.57616,1.51912,1.52104,1.52812,1.54848,1.5115,1.4974,1.52942,1.48106,1.49454,1.4907,1.4681,1.47442,1.446275,1.45154,1.43218,1.41826,1.42534,1.64756,102,0,0,0,0,0,0,0,0,0,0,0,0,0,0,0,0,0,30,0,0,1500,-0.031377685
14,5/18/2012 0:30,5/18/2012 1:00,1.33972,1177.56,1137.24,1139.14,1123.5,1141.54,1108.78,1102.62,1090.76,1084.6,1087.92,1085.54,1073.2,1072.72,1062.26,1057.08,1050.9,1043.78,1038.1,1029.08,1014.7275,1027.14,1016.26,1015.32,1008.202,1002.024,1177.56,7.70508,7.50952,7.34658,7.2879,7.23248,7.24226,7.19664,6.97176,6.93916,6.9424,6.9098,7.02062,6.80224,6.71424,6.5904,6.69472,6.6458,6.49914,6.5578,6.49425,6.3883,6.45024,6.3883,6.40788,6.29054,7.70508,0.13549,0.121716,0.12898,0.120716,0.129232,0.123722,0.129982,0.12798,0.121466,0.126478,0.132738,0.123972,0.131984,0.11746,0.118712,0.109696,0.1242226,0.11395,0.10594,0.12084,0.1116968,0.116708,0.1046864,0.1096974,0.1024338,0.13549,28.5824,26.7166,26.2848,26.4924,30.2516,25.1744,27.1296,28.0232,26.6126,26.4796,26.8576,27.0494,27.4592,29.337,28.4804,28.588,28.6346,28.5018,28.3238,27.3025,27.9826,28.2104,27.9982,27.669,27.831,30.2516,0.104644,0.1033946,0.1035338,0.102784,0.095618,0.1051726,0.099063,0.0954514,0.09945,0.1022554,0.1026146,0.097812,0.0936184,0.0921744,0.0889248,0.0892028,0.0926466,0.0916468,0.0897306,0.090501,0.0885086,0.0898694,0.0859536,0.0844816,0.083815,0.1051726,1.64756,1.57404,1.57378,1.59652,1.56428,1.56872,1.57616,1.51912,1.52104,1.52812,1.54848,1.5115,1.4974,1.52942,1.48106,1.49454,1.4907,1.4681,1.47442,1.446275,1.45154,1.43218,1.41826,1.42534,1.40928,1.64756,102,0,0,0,0,0,0,0,0,0,0,0,0,0,0,0,0,0,30,0,0,1500,-0.029296684
14,5/18/2012 0:35,5/18/2012 1:05,1.3484,1137.24,1139.14,1123.5,1141.54,1108.78,1102.62,1090.76,1084.6,1087.92,1085.54,1073.2,1072.72,1062.26,1057.08,1050.9,1043.78,1038.1,1029.08,1014.7275,1027.14,1016.26,1015.32,1008.202,1002.024,998.718,1141.54,7.50952,7.34658,7.2879,7.23248,7.24226,7.19664,6.97176,6.93916,6.9424,6.9098,7.02062,6.80224,6.71424,6.5904,6.69472,6.6458,6.49914,6.5578,6.49425,6.3883,6.45024,6.3883,6.40788,6.29054,6.22208,7.50952,0.121716,0.12898,0.120716,0.129232,0.123722,0.129982,0.12798,0.121466,0.126478,0.132738,0.123972,0.131984,0.11746,0.118712,0.109696,0.1242226,0.11395,0.10594,0.12084,0.1116968,0.116708,0.1046864,0.1096974,0.1024338,0.1126998,0.132738,26.7166,26.2848,26.4924,30.2516,25.1744,27.1296,28.0232,26.6126,26.4796,26.8576,27.0494,27.4592,29.337,28.4804,28.588,28.6346,28.5018,28.3238,27.3025,27.9826,28.2104,27.9982,27.669,27.831,27.5784,30.2516,0.1033946,0.1035338,0.102784,0.095618,0.1051726,0.099063,0.0954514,0.09945,0.1022554,0.1026146,0.097812,0.0936184,0.0921744,0.0889248,0.0892028,0.0926466,0.0916468,0.0897306,0.090501,0.0885086,0.0898694,0.0859536,0.0844816,0.083815,0.0833986,0.1051726,1.57404,1.57378,1.59652,1.56428,1.56872,1.57616,1.51912,1.52104,1.52812,1.54848,1.5115,1.4974,1.52942,1.48106,1.49454,1.4907,1.4681,1.47442,1.446275,1.45154,1.43218,1.41826,1.42534,1.40928,1.3859,1.59652,102,0,0,0,0,0,0,0,0,0,0,0,0,0,0,0,0,0,30,0,0,1500,-0.015842166
14,5/18/2012 0:40,5/18/2012 1:10,1.34892,1139.14,1123.5,1141.54,1108.78,1102.62,1090.76,1084.6,1087.92,1085.54,1073.2,1072.72,1062.26,1057.08,1050.9,1043.78,1038.1,1029.08,1014.7275,1027.14,1016.26,1015.32,1008.202,1002.024,998.718,981.15,1141.54,7.34658,7.2879,7.23248,7.24226,7.19664,6.97176,6.93916,6.9424,6.9098,7.02062,6.80224,6.71424,6.5904,6.69472,6.6458,6.49914,6.5578,6.49425,6.3883,6.45024,6.3883,6.40788,6.29054,6.22208,6.05586,7.34658,0.12898,0.120716,0.129232,0.123722,0.129982,0.12798,0.121466,0.126478,0.132738,0.123972,0.131984,0.11746,0.118712,0.109696,0.1242226,0.11395,0.10594,0.12084,0.1116968,0.116708,0.1046864,0.1096974,0.1024338,0.1126998,0.1124504,0.132738,26.2848,26.4924,30.2516,25.1744,27.1296,28.0232,26.6126,26.4796,26.8576,27.0494,27.4592,29.337,28.4804,28.588,28.6346,28.5018,28.3238,27.3025,27.9826,28.2104,27.9982,27.669,27.831,27.5784,26.6624,30.2516,0.1035338,0.102784,0.095618,0.1051726,0.099063,0.0954514,0.09945,0.1022554,0.1026146,0.097812,0.0936184,0.0921744,0.0889248,0.0892028,0.0926466,0.0916468,0.0897306,0.090501,0.0885086,0.0898694,0.0859536,0.0844816,0.083815,0.0833986,0.0877306,0.1051726,1.57378,1.59652,1.56428,1.56872,1.57616,1.51912,1.52104,1.52812,1.54848,1.5115,1.4974,1.52942,1.48106,1.49454,1.4907,1.4681,1.47442,1.446275,1.45154,1.43218,1.41826,1.42534,1.40928,1.3859,1.3754,1.59652,102,0,0,0,0,0,0,0,0,0,0,0,0,0,0,0,0,0,30,0,0,1500,-0.011210196
14,5/18/2012 0:45,5/18/2012 1:15,1.32344,1123.5,1141.54,1108.78,1102.62,1090.76,1084.6,1087.92,1085.54,1073.2,1072.72,1062.26,1057.08,1050.9,1043.78,1038.1,1029.08,1014.7275,1027.14,1016.26,1015.32,1008.202,1002.024,998.718,981.15,992.066,1141.54,7.2879,7.23248,7.24226,7.19664,6.97176,6.93916,6.9424,6.9098,7.02062,6.80224,6.71424,6.5904,6.69472,6.6458,6.49914,6.5578,6.49425,6.3883,6.45024,6.3883,6.40788,6.29054,6.22208,6.05586,6.17974,7.2879,0.120716,0.129232,0.123722,0.129982,0.12798,0.121466,0.126478,0.132738,0.123972,0.131984,0.11746,0.118712,0.109696,0.1242226,0.11395,0.10594,0.12084,0.1116968,0.116708,0.1046864,0.1096974,0.1024338,0.1126998,0.1124504,0.113952,0.132738,26.4924,30.2516,25.1744,27.1296,28.0232,26.6126,26.4796,26.8576,27.0494,27.4592,29.337,28.4804,28.588,28.6346,28.5018,28.3238,27.3025,27.9826,28.2104,27.9982,27.669,27.831,27.5784,26.6624,26.8092,30.2516,0.102784,0.095618,0.1051726,0.099063,0.0954514,0.09945,0.1022554,0.1026146,0.097812,0.0936184,0.0921744,0.0889248,0.0892028,0.0926466,0.0916468,0.0897306,0.090501,0.0885086,0.0898694,0.0859536,0.0844816,0.083815,0.0833986,0.0877306,0.084565,0.1051726,1.59652,1.56428,1.56872,1.57616,1.51912,1.52104,1.52812,1.54848,1.5115,1.4974,1.52942,1.48106,1.49454,1.4907,1.4681,1.47442,1.446275,1.45154,1.43218,1.41826,1.42534,1.40928,1.3859,1.3754,1.38986,1.59652,102,0,0,0,0,0,0,0,0,0,0,0,0,0,0,0,0,0,30,0,0,1500,-0.028185941
14,5/18/2012 0:50,5/18/2012 1:20,1.30302,1141.54,1108.78,1102.62,1090.76,1084.6,1087.92,1085.54,1073.2,1072.72,1062.26,1057.08,1050.9,1043.78,1038.1,1029.08,1014.7275,1027.14,1016.26,1015.32,1008.202,1002.024,998.718,981.15,992.066,1000.122,1141.54,7.23248,7.24226,7.19664,6.97176,6.93916,6.9424,6.9098,7.02062,6.80224,6.71424,6.5904,6.69472,6.6458,6.49914,6.5578,6.49425,6.3883,6.45024,6.3883,6.40788,6.29054,6.22208,6.05586,6.17974,5.98416,7.24226,0.129232,0.123722,0.129982,0.12798,0.121466,0.126478,0.132738,0.123972,0.131984,0.11746,0.118712,0.109696,0.1242226,0.11395,0.10594,0.12084,0.1116968,0.116708,0.1046864,0.1096974,0.1024338,0.1126998,0.1124504,0.113952,0.1026842,0.132738,30.2516,25.1744,27.1296,28.0232,26.6126,26.4796,26.8576,27.0494,27.4592,29.337,28.4804,28.588,28.6346,28.5018,28.3238,27.3025,27.9826,28.2104,27.9982,27.669,27.831,27.5784,26.6624,26.8092,26.9368,30.2516,0.095618,0.1051726,0.099063,0.0954514,0.09945,0.1022554,0.1026146,0.097812,0.0936184,0.0921744,0.0889248,0.0892028,0.0926466,0.0916468,0.0897306,0.090501,0.0885086,0.0898694,0.0859536,0.0844816,0.083815,0.0833986,0.0877306,0.084565,0.0816212,0.1051726,1.56428,1.56872,1.57616,1.51912,1.52104,1.52812,1.54848,1.5115,1.4974,1.52942,1.48106,1.49454,1.4907,1.4681,1.47442,1.446275,1.45154,1.43218,1.41826,1.42534,1.40928,1.3859,1.3754,1.38986,1.36342,1.57616,102,0,0,0,0,0,0,0,0,0,0,0,0,0,0,0,0,0,30,0,0,1500,-0.025888417
14,5/18/2012 0:55,5/18/2012 1:25,1.29284,1108.78,1102.62,1090.76,1084.6,1087.92,1085.54,1073.2,1072.72,1062.26,1057.08,1050.9,1043.78,1038.1,1029.08,1014.7275,1027.14,1016.26,1015.32,1008.202,1002.024,998.718,981.15,992.066,1000.122,971.19,1108.78,7.24226,7.19664,6.97176,6.93916,6.9424,6.9098,7.02062,6.80224,6.71424,6.5904,6.69472,6.6458,6.49914,6.5578,6.49425,6.3883,6.45024,6.3883,6.40788,6.29054,6.22208,6.05586,6.17974,5.98416,5.94178,7.24226,0.123722,0.129982,0.12798,0.121466,0.126478,0.132738,0.123972,0.131984,0.11746,0.118712,0.109696,0.1242226,0.11395,0.10594,0.12084,0.1116968,0.116708,0.1046864,0.1096974,0.1024338,0.1126998,0.1124504,0.113952,0.1026842,0.0924144,0.132738,25.1744,27.1296,28.0232,26.6126,26.4796,26.8576,27.0494,27.4592,29.337,28.4804,28.588,28.6346,28.5018,28.3238,27.3025,27.9826,28.2104,27.9982,27.669,27.831,27.5784,26.6624,26.8092,26.9368,26.6402,29.337,0.1051726,0.099063,0.0954514,0.09945,0.1022554,0.1026146,0.097812,0.0936184,0.0921744,0.0889248,0.0892028,0.0926466,0.0916468,0.0897306,0.090501,0.0885086,0.0898694,0.0859536,0.0844816,0.083815,0.0833986,0.0877306,0.084565,0.0816212,0.0867868,0.1051726,1.56872,1.57616,1.51912,1.52104,1.52812,1.54848,1.5115,1.4974,1.52942,1.48106,1.49454,1.4907,1.4681,1.47442,1.446275,1.45154,1.43218,1.41826,1.42534,1.40928,1.3859,1.3754,1.38986,1.36342,1.35042,1.57616,102,0,0,0,0,0,0,0,0,0,0,0,0,0,0,0,0,0,30,0,0,1500,-0.024802812
14,5/18/2012 1:00,5/18/2012 1:30,1.25284,1102.62,1090.76,1084.6,1087.92,1085.54,1073.2,1072.72,1062.26,1057.08,1050.9,1043.78,1038.1,1029.08,1014.7275,1027.14,1016.26,1015.32,1008.202,1002.024,998.718,981.15,992.066,1000.122,971.19,979.728,1102.62,7.19664,6.97176,6.93916,6.9424,6.9098,7.02062,6.80224,6.71424,6.5904,6.69472,6.6458,6.49914,6.5578,6.49425,6.3883,6.45024,6.3883,6.40788,6.29054,6.22208,6.05586,6.17974,5.98416,5.94178,6.0526,7.19664,0.129982,0.12798,0.121466,0.126478,0.132738,0.123972,0.131984,0.11746,0.118712,0.109696,0.1242226,0.11395,0.10594,0.12084,0.1116968,0.116708,0.1046864,0.1096974,0.1024338,0.1126998,0.1124504,0.113952,0.1026842,0.0924144,0.1084444,0.132738,27.1296,28.0232,26.6126,26.4796,26.8576,27.0494,27.4592,29.337,28.4804,28.588,28.6346,28.5018,28.3238,27.3025,27.9826,28.2104,27.9982,27.669,27.831,27.5784,26.6624,26.8092,26.9368,26.6402,26.6146,29.337,0.099063,0.0954514,0.09945,0.1022554,0.1026146,0.097812,0.0936184,0.0921744,0.0889248,0.0892028,0.0926466,0.0916468,0.0897306,0.090501,0.0885086,0.0898694,0.0859536,0.0844816,0.083815,0.0833986,0.0877306,0.084565,0.0816212,0.0867868,0.0834818,0.1026146,1.57616,1.51912,1.52104,1.52812,1.54848,1.5115,1.4974,1.52942,1.48106,1.49454,1.4907,1.4681,1.47442,1.446275,1.45154,1.43218,1.41826,1.42534,1.40928,1.3859,1.3754,1.38986,1.36342,1.35042,1.33972,1.57616,102,0,0,0,0,0,0,0,0,0,0,0,0,0,0,0,0,0,30,0,0,1500,-0.037839622
14,5/18/2012 1:05,5/18/2012 1:35,1.24196,1090.76,1084.6,1087.92,1085.54,1073.2,1072.72,1062.26,1057.08,1050.9,1043.78,1038.1,1029.08,1014.7275,1027.14,1016.26,1015.32,1008.202,1002.024,998.718,981.15,992.066,1000.122,971.19,979.728,978.78,1090.76,6.97176,6.93916,6.9424,6.9098,7.02062,6.80224,6.71424,6.5904,6.69472,6.6458,6.49914,6.5578,6.49425,6.3883,6.45024,6.3883,6.40788,6.29054,6.22208,6.05586,6.17974,5.98416,5.94178,6.0526,5.8603,7.02062,0.12798,0.121466,0.126478,0.132738,0.123972,0.131984,0.11746,0.118712,0.109696,0.1242226,0.11395,0.10594,0.12084,0.1116968,0.116708,0.1046864,0.1096974,0.1024338,0.1126998,0.1124504,0.113952,0.1026842,0.0924144,0.1084444,0.1081912,0.132738,28.0232,26.6126,26.4796,26.8576,27.0494,27.4592,29.337,28.4804,28.588,28.6346,28.5018,28.3238,27.3025,27.9826,28.2104,27.9982,27.669,27.831,27.5784,26.6624,26.8092,26.9368,26.6402,26.6146,27.051,29.337,0.0954514,0.09945,0.1022554,0.1026146,0.097812,0.0936184,0.0921744,0.0889248,0.0892028,0.0926466,0.0916468,0.0897306,0.090501,0.0885086,0.0898694,0.0859536,0.0844816,0.083815,0.0833986,0.0877306,0.084565,0.0816212,0.0867868,0.0834818,0.0815656,0.1026146,1.51912,1.52104,1.52812,1.54848,1.5115,1.4974,1.52942,1.48106,1.49454,1.4907,1.4681,1.47442,1.446275,1.45154,1.43218,1.41826,1.42534,1.40928,1.3859,1.3754,1.38986,1.36342,1.35042,1.33972,1.3484,1.54848,102,0,0,0,0,0,0,0,0,0,0,0,0,0,0,0,0,0,30,0,0,1500,-0.046383762
14,5/18/2012 1:10,5/18/2012 1:40,1.1727,1084.6,1087.92,1085.54,1073.2,1072.72,1062.26,1057.08,1050.9,1043.78,1038.1,1029.08,1014.7275,1027.14,1016.26,1015.32,1008.202,1002.024,998.718,981.15,992.066,1000.122,971.19,979.728,978.78,964.072,1087.92,6.93916,6.9424,6.9098,7.02062,6.80224,6.71424,6.5904,6.69472,6.6458,6.49914,6.5578,6.49425,6.3883,6.45024,6.3883,6.40788,6.29054,6.22208,6.05586,6.17974,5.98416,5.94178,6.0526,5.8603,5.92874,7.02062,0.121466,0.126478,0.132738,0.123972,0.131984,0.11746,0.118712,0.109696,0.1242226,0.11395,0.10594,0.12084,0.1116968,0.116708,0.1046864,0.1096974,0.1024338,0.1126998,0.1124504,0.113952,0.1026842,0.0924144,0.1084444,0.1081912,0.1029322,0.132738,26.6126,26.4796,26.8576,27.0494,27.4592,29.337,28.4804,28.588,28.6346,28.5018,28.3238,27.3025,27.9826,28.2104,27.9982,27.669,27.831,27.5784,26.6624,26.8092,26.9368,26.6402,26.6146,27.051,26.9092,29.337,0.09945,0.1022554,0.1026146,0.097812,0.0936184,0.0921744,0.0889248,0.0892028,0.0926466,0.0916468,0.0897306,0.090501,0.0885086,0.0898694,0.0859536,0.0844816,0.083815,0.0833986,0.0877306,0.084565,0.0816212,0.0867868,0.0834818,0.0815656,0.0811212,0.1026146,1.52104,1.52812,1.54848,1.5115,1.4974,1.52942,1.48106,1.49454,1.4907,1.4681,1.47442,1.446275,1.45154,1.43218,1.41826,1.42534,1.40928,1.3859,1.3754,1.38986,1.36342,1.35042,1.33972,1.3484,1.34892,1.54848,102,0,0,0,0,0,0,0,0,0,0,0,0,0,0,0,0,0,30,0,0,1500,-0.077985014
14,5/18/2012 1:15,5/18/2012 1:45,1.17004,1087.92,1085.54,1073.2,1072.72,1062.26,1057.08,1050.9,1043.78,1038.1,1029.08,1014.7275,1027.14,1016.26,1015.32,1008.202,1002.024,998.718,981.15,992.066,1000.122,971.19,979.728,978.78,964.072,965.022,1087.92,6.9424,6.9098,7.02062,6.80224,6.71424,6.5904,6.69472,6.6458,6.49914,6.5578,6.49425,6.3883,6.45024,6.3883,6.40788,6.29054,6.22208,6.05586,6.17974,5.98416,5.94178,6.0526,5.8603,5.92874,5.88312,7.02062,0.126478,0.132738,0.123972,0.131984,0.11746,0.118712,0.109696,0.1242226,0.11395,0.10594,0.12084,0.1116968,0.116708,0.1046864,0.1096974,0.1024338,0.1126998,0.1124504,0.113952,0.1026842,0.0924144,0.1084444,0.1081912,0.1029322,0.101179,0.132738,26.4796,26.8576,27.0494,27.4592,29.337,28.4804,28.588,28.6346,28.5018,28.3238,27.3025,27.9826,28.2104,27.9982,27.669,27.831,27.5784,26.6624,26.8092,26.9368,26.6402,26.6146,27.051,26.9092,26.511,29.337,0.1022554,0.1026146,0.097812,0.0936184,0.0921744,0.0889248,0.0892028,0.0926466,0.0916468,0.0897306,0.090501,0.0885086,0.0898694,0.0859536,0.0844816,0.083815,0.0833986,0.0877306,0.084565,0.0816212,0.0867868,0.0834818,0.0815656,0.0811212,0.081149,0.1026146,1.52812,1.54848,1.5115,1.4974,1.52942,1.48106,1.49454,1.4907,1.4681,1.47442,1.446275,1.45154,1.43218,1.41826,1.42534,1.40928,1.3859,1.3754,1.38986,1.36342,1.35042,1.33972,1.3484,1.34892,1.32344,1.54848,102,0,0,0,0,0,0,0,0,0,0,0,0,0,0,0,0,0,30,0,0,1500,-0.068303246
14,5/18/2012 1:20,5/18/2012 1:50,1.1223,1085.54,1073.2,1072.72,1062.26,1057.08,1050.9,1043.78,1038.1,1029.08,1014.7275,1027.14,1016.26,1015.32,1008.202,1002.024,998.718,981.15,992.066,1000.122,971.19,979.728,978.78,964.072,965.022,949.364,1085.54,6.9098,7.02062,6.80224,6.71424,6.5904,6.69472,6.6458,6.49914,6.5578,6.49425,6.3883,6.45024,6.3883,6.40788,6.29054,6.22208,6.05586,6.17974,5.98416,5.94178,6.0526,5.8603,5.92874,5.88312,5.71364,7.02062,0.132738,0.123972,0.131984,0.11746,0.118712,0.109696,0.1242226,0.11395,0.10594,0.12084,0.1116968,0.116708,0.1046864,0.1096974,0.1024338,0.1126998,0.1124504,0.113952,0.1026842,0.0924144,0.1084444,0.1081912,0.1029322,0.101179,0.1046872,0.132738,26.8576,27.0494,27.4592,29.337,28.4804,28.588,28.6346,28.5018,28.3238,27.3025,27.9826,28.2104,27.9982,27.669,27.831,27.5784,26.6624,26.8092,26.9368,26.6402,26.6146,27.051,26.9092,26.511,26.2324,29.337,0.1026146,0.097812,0.0936184,0.0921744,0.0889248,0.0892028,0.0926466,0.0916468,0.0897306,0.090501,0.0885086,0.0898694,0.0859536,0.0844816,0.083815,0.0833986,0.0877306,0.084565,0.0816212,0.0867868,0.0834818,0.0815656,0.0811212,0.081149,0.080677,0.1026146,1.54848,1.5115,1.4974,1.52942,1.48106,1.49454,1.4907,1.4681,1.47442,1.446275,1.45154,1.43218,1.41826,1.42534,1.40928,1.3859,1.3754,1.38986,1.36342,1.35042,1.33972,1.3484,1.34892,1.32344,1.30302,1.54848,102,0,0,0,0,0,0,0,0,0,0,0,0,0,0,0,0,0,30,0,0,1500,-0.081720899
14,5/18/2012 1:25,5/18/2012 1:55,1.16062,1073.2,1072.72,1062.26,1057.08,1050.9,1043.78,1038.1,1029.08,1014.7275,1027.14,1016.26,1015.32,1008.202,1002.024,998.718,981.15,992.066,1000.122,971.19,979.728,978.78,964.072,965.022,949.364,935.132,1073.2,7.02062,6.80224,6.71424,6.5904,6.69472,6.6458,6.49914,6.5578,6.49425,6.3883,6.45024,6.3883,6.40788,6.29054,6.22208,6.05586,6.17974,5.98416,5.94178,6.0526,5.8603,5.92874,5.88312,5.71364,5.67126,7.02062,0.123972,0.131984,0.11746,0.118712,0.109696,0.1242226,0.11395,0.10594,0.12084,0.1116968,0.116708,0.1046864,0.1096974,0.1024338,0.1126998,0.1124504,0.113952,0.1026842,0.0924144,0.1084444,0.1081912,0.1029322,0.101179,0.1046872,0.1046864,0.131984,27.0494,27.4592,29.337,28.4804,28.588,28.6346,28.5018,28.3238,27.3025,27.9826,28.2104,27.9982,27.669,27.831,27.5784,26.6624,26.8092,26.9368,26.6402,26.6146,27.051,26.9092,26.511,26.2324,26.1678,29.337,0.097812,0.0936184,0.0921744,0.0889248,0.0892028,0.0926466,0.0916468,0.0897306,0.090501,0.0885086,0.0898694,0.0859536,0.0844816,0.083815,0.0833986,0.0877306,0.084565,0.0816212,0.0867868,0.0834818,0.0815656,0.0811212,0.081149,0.080677,0.0788716,0.097812,1.5115,1.4974,1.52942,1.48106,1.49454,1.4907,1.4681,1.47442,1.446275,1.45154,1.43218,1.41826,1.42534,1.40928,1.3859,1.3754,1.38986,1.36342,1.35042,1.33972,1.3484,1.34892,1.32344,1.30302,1.29284,1.52942,102,0,0,0,0,0,0,0,0,0,0,0,0,0,0,0,0,0,30,0,0,1500,-0.059396006
14,5/18/2012 1:30,5/18/2012 2:00,1.14592,1072.72,1062.26,1057.08,1050.9,1043.78,1038.1,1029.08,1014.7275,1027.14,1016.26,1015.32,1008.202,1002.024,998.718,981.15,992.066,1000.122,971.19,979.728,978.78,964.072,965.022,949.364,935.132,915.204,1072.72,6.80224,6.71424,6.5904,6.69472,6.6458,6.49914,6.5578,6.49425,6.3883,6.45024,6.3883,6.40788,6.29054,6.22208,6.05586,6.17974,5.98416,5.94178,6.0526,5.8603,5.92874,5.88312,5.71364,5.67126,5.61912,6.80224,0.131984,0.11746,0.118712,0.109696,0.1242226,0.11395,0.10594,0.12084,0.1116968,0.116708,0.1046864,0.1096974,0.1024338,0.1126998,0.1124504,0.113952,0.1026842,0.0924144,0.1084444,0.1081912,0.1029322,0.101179,0.1046872,0.1046864,0.098426,0.131984,27.4592,29.337,28.4804,28.588,28.6346,28.5018,28.3238,27.3025,27.9826,28.2104,27.9982,27.669,27.831,27.5784,26.6624,26.8092,26.9368,26.6402,26.6146,27.051,26.9092,26.511,26.2324,26.1678,25.012,29.337,0.0936184,0.0921744,0.0889248,0.0892028,0.0926466,0.0916468,0.0897306,0.090501,0.0885086,0.0898694,0.0859536,0.0844816,0.083815,0.0833986,0.0877306,0.084565,0.0816212,0.0867868,0.0834818,0.0815656,0.0811212,0.081149,0.080677,0.0788716,0.078594,0.0936184,1.4974,1.52942,1.48106,1.49454,1.4907,1.4681,1.47442,1.446275,1.45154,1.43218,1.41826,1.42534,1.40928,1.3859,1.3754,1.38986,1.36342,1.35042,1.33972,1.3484,1.34892,1.32344,1.30302,1.29284,1.25284,1.52942,102,0,0,0,0,0,0,0,0,0,0,0,0,0,0,0,0,0,30,0,0,1500,-0.048623278
14,5/18/2012 1:35,5/18/2012 2:05,1.12684,1062.26,1057.08,1050.9,1043.78,1038.1,1029.08,1014.7275,1027.14,1016.26,1015.32,1008.202,1002.024,998.718,981.15,992.066,1000.122,971.19,979.728,978.78,964.072,965.022,949.364,935.132,915.204,900.498,1062.26,6.71424,6.5904,6.69472,6.6458,6.49914,6.5578,6.49425,6.3883,6.45024,6.3883,6.40788,6.29054,6.22208,6.05586,6.17974,5.98416,5.94178,6.0526,5.8603,5.92874,5.88312,5.71364,5.67126,5.61912,5.61912,6.71424,0.11746,0.118712,0.109696,0.1242226,0.11395,0.10594,0.12084,0.1116968,0.116708,0.1046864,0.1096974,0.1024338,0.1126998,0.1124504,0.113952,0.1026842,0.0924144,0.1084444,0.1081912,0.1029322,0.101179,0.1046872,0.1046864,0.098426,0.0956702,0.1242226,29.337,28.4804,28.588,28.6346,28.5018,28.3238,27.3025,27.9826,28.2104,27.9982,27.669,27.831,27.5784,26.6624,26.8092,26.9368,26.6402,26.6146,27.051,26.9092,26.511,26.2324,26.1678,25.012,24.414,29.337,0.0921744,0.0889248,0.0892028,0.0926466,0.0916468,0.0897306,0.090501,0.0885086,0.0898694,0.0859536,0.0844816,0.083815,0.0833986,0.0877306,0.084565,0.0816212,0.0867868,0.0834818,0.0815656,0.0811212,0.081149,0.080677,0.0788716,0.078594,0.0790386,0.0926466,1.52942,1.48106,1.49454,1.4907,1.4681,1.47442,1.446275,1.45154,1.43218,1.41826,1.42534,1.40928,1.3859,1.3754,1.38986,1.36342,1.35042,1.33972,1.3484,1.34892,1.32344,1.30302,1.29284,1.25284,1.24196,1.52942,102,0,0,0,0,0,0,0,0,0,0,0,0,0,0,0,0,0,30,0,0,1500,-0.052713173
14,5/18/2012 1:40,5/18/2012 2:10,1.11496,1057.08,1050.9,1043.78,1038.1,1029.08,1014.7275,1027.14,1016.26,1015.32,1008.202,1002.024,998.718,981.15,992.066,1000.122,971.19,979.728,978.78,964.072,965.022,949.364,935.132,915.204,900.498,885.79,1057.08,6.5904,6.69472,6.6458,6.49914,6.5578,6.49425,6.3883,6.45024,6.3883,6.40788,6.29054,6.22208,6.05586,6.17974,5.98416,5.94178,6.0526,5.8603,5.92874,5.88312,5.71364,5.67126,5.61912,5.61912,5.55392,6.69472,0.118712,0.109696,0.1242226,0.11395,0.10594,0.12084,0.1116968,0.116708,0.1046864,0.1096974,0.1024338,0.1126998,0.1124504,0.113952,0.1026842,0.0924144,0.1084444,0.1081912,0.1029322,0.101179,0.1046872,0.1046864,0.098426,0.0956702,0.1049362,0.1242226,28.4804,28.588,28.6346,28.5018,28.3238,27.3025,27.9826,28.2104,27.9982,27.669,27.831,27.5784,26.6624,26.8092,26.9368,26.6402,26.6146,27.051,26.9092,26.511,26.2324,26.1678,25.012,24.414,23.1924,28.6346,0.0889248,0.0892028,0.0926466,0.0916468,0.0897306,0.090501,0.0885086,0.0898694,0.0859536,0.0844816,0.083815,0.0833986,0.0877306,0.084565,0.0816212,0.0867868,0.0834818,0.0815656,0.0811212,0.081149,0.080677,0.0788716,0.078594,0.0790386,0.0759002,0.0926466,1.48106,1.49454,1.4907,1.4681,1.47442,1.446275,1.45154,1.43218,1.41826,1.42534,1.40928,1.3859,1.3754,1.38986,1.36342,1.35042,1.33972,1.3484,1.34892,1.32344,1.30302,1.29284,1.25284,1.24196,1.1727,1.49454,102,0,0,0,0,0,0,0,0,0,0,0,0,0,0,0,0,0,30,0,0,1500,-0.026934734
14,5/18/2012 1:45,5/18/2012 2:15,1.10722,1050.9,1043.78,1038.1,1029.08,1014.7275,1027.14,1016.26,1015.32,1008.202,1002.024,998.718,981.15,992.066,1000.122,971.19,979.728,978.78,964.072,965.022,949.364,935.132,915.204,900.498,885.79,865.386,1050.9,6.69472,6.6458,6.49914,6.5578,6.49425,6.3883,6.45024,6.3883,6.40788,6.29054,6.22208,6.05586,6.17974,5.98416,5.94178,6.0526,5.8603,5.92874,5.88312,5.71364,5.67126,5.61912,5.61912,5.55392,5.45614,6.69472,0.109696,0.1242226,0.11395,0.10594,0.12084,0.1116968,0.116708,0.1046864,0.1096974,0.1024338,0.1126998,0.1124504,0.113952,0.1026842,0.0924144,0.1084444,0.1081912,0.1029322,0.101179,0.1046872,0.1046864,0.098426,0.0956702,0.1049362,0.1029342,0.1242226,28.588,28.6346,28.5018,28.3238,27.3025,27.9826,28.2104,27.9982,27.669,27.831,27.5784,26.6624,26.8092,26.9368,26.6402,26.6146,27.051,26.9092,26.511,26.2324,26.1678,25.012,24.414,23.1924,22.1344,28.6346,0.0892028,0.0926466,0.0916468,0.0897306,0.090501,0.0885086,0.0898694,0.0859536,0.0844816,0.083815,0.0833986,0.0877306,0.084565,0.0816212,0.0867868,0.0834818,0.0815656,0.0811212,0.081149,0.080677,0.0788716,0.078594,0.0790386,0.0759002,0.0778166,0.0926466,1.49454,1.4907,1.4681,1.47442,1.446275,1.45154,1.43218,1.41826,1.42534,1.40928,1.3859,1.3754,1.38986,1.36342,1.35042,1.33972,1.3484,1.34892,1.32344,1.30302,1.29284,1.25284,1.24196,1.1727,1.17004,1.49454,102,0,0,0,0,0,0,0,0,0,0,0,0,0,0,0,0,0,30,0,0,1500,-0.029376057
14,5/18/2012 1:50,5/18/2012 2:20,1.12198,1043.78,1038.1,1029.08,1014.7275,1027.14,1016.26,1015.32,1008.202,1002.024,998.718,981.15,992.066,1000.122,971.19,979.728,978.78,964.072,965.022,949.364,935.132,915.204,900.498,885.79,865.386,875.35,1043.78,6.6458,6.49914,6.5578,6.49425,6.3883,6.45024,6.3883,6.40788,6.29054,6.22208,6.05586,6.17974,5.98416,5.94178,6.0526,5.8603,5.92874,5.88312,5.71364,5.67126,5.61912,5.61912,5.55392,5.45614,5.28014,6.6458,0.1242226,0.11395,0.10594,0.12084,0.1116968,0.116708,0.1046864,0.1096974,0.1024338,0.1126998,0.1124504,0.113952,0.1026842,0.0924144,0.1084444,0.1081912,0.1029322,0.101179,0.1046872,0.1046864,0.098426,0.0956702,0.1049362,0.1029342,0.1024332,0.1242226,28.6346,28.5018,28.3238,27.3025,27.9826,28.2104,27.9982,27.669,27.831,27.5784,26.6624,26.8092,26.9368,26.6402,26.6146,27.051,26.9092,26.511,26.2324,26.1678,25.012,24.414,23.1924,22.1344,23.9804,28.6346,0.0926466,0.0916468,0.0897306,0.090501,0.0885086,0.0898694,0.0859536,0.0844816,0.083815,0.0833986,0.0877306,0.084565,0.0816212,0.0867868,0.0834818,0.0815656,0.0811212,0.081149,0.080677,0.0788716,0.078594,0.0790386,0.0759002,0.0778166,0.0706788,0.0926466,1.4907,1.4681,1.47442,1.446275,1.45154,1.43218,1.41826,1.42534,1.40928,1.3859,1.3754,1.38986,1.36342,1.35042,1.33972,1.3484,1.34892,1.32344,1.30302,1.29284,1.25284,1.24196,1.1727,1.17004,1.1223,1.4907,102,0,0,0,0,0,0,0,0,0,0,0,0,0,0,0,0,0,30,0,0,0,-0.000150791
14,5/18/2012 1:55,5/18/2012 2:25,1.11714,1038.1,1029.08,1014.7275,1027.14,1016.26,1015.32,1008.202,1002.024,998.718,981.15,992.066,1000.122,971.19,979.728,978.78,964.072,965.022,949.364,935.132,915.204,900.498,885.79,865.386,875.35,863.964,1038.1,6.49914,6.5578,6.49425,6.3883,6.45024,6.3883,6.40788,6.29054,6.22208,6.05586,6.17974,5.98416,5.94178,6.0526,5.8603,5.92874,5.88312,5.71364,5.67126,5.61912,5.61912,5.55392,5.45614,5.28014,5.3942,6.5578,0.11395,0.10594,0.12084,0.1116968,0.116708,0.1046864,0.1096974,0.1024338,0.1126998,0.1124504,0.113952,0.1026842,0.0924144,0.1084444,0.1081912,0.1029322,0.101179,0.1046872,0.1046864,0.098426,0.0956702,0.1049362,0.1029342,0.1024332,0.0949194,0.12084,28.5018,28.3238,27.3025,27.9826,28.2104,27.9982,27.669,27.831,27.5784,26.6624,26.8092,26.9368,26.6402,26.6146,27.051,26.9092,26.511,26.2324,26.1678,25.012,24.414,23.1924,22.1344,23.9804,23.3134,28.5018,0.0916468,0.0897306,0.090501,0.0885086,0.0898694,0.0859536,0.0844816,0.083815,0.0833986,0.0877306,0.084565,0.0816212,0.0867868,0.0834818,0.0815656,0.0811212,0.081149,0.080677,0.0788716,0.078594,0.0790386,0.0759002,0.0778166,0.0706788,0.0750114,0.0916468,1.4681,1.47442,1.446275,1.45154,1.43218,1.41826,1.42534,1.40928,1.3859,1.3754,1.38986,1.36342,1.35042,1.33972,1.3484,1.34892,1.32344,1.30302,1.29284,1.25284,1.24196,1.1727,1.17004,1.1223,1.16062,1.47442,102,0,0,0,0,0,0,0,0,0,0,0,0,0,0,0,0,0,30,0,0,0,-0.020329096
14,5/18/2012 2:00,5/18/2012 2:30,1.11092,1029.08,1014.7275,1027.14,1016.26,1015.32,1008.202,1002.024,998.718,981.15,992.066,1000.122,971.19,979.728,978.78,964.072,965.022,949.364,935.132,915.204,900.498,885.79,865.386,875.35,863.964,874.88,1029.08,6.5578,6.49425,6.3883,6.45024,6.3883,6.40788,6.29054,6.22208,6.05586,6.17974,5.98416,5.94178,6.0526,5.8603,5.92874,5.88312,5.71364,5.67126,5.61912,5.61912,5.55392,5.45614,5.28014,5.3942,5.37466,6.5578,0.10594,0.12084,0.1116968,0.116708,0.1046864,0.1096974,0.1024338,0.1126998,0.1124504,0.113952,0.1026842,0.0924144,0.1084444,0.1081912,0.1029322,0.101179,0.1046872,0.1046864,0.098426,0.0956702,0.1049362,0.1029342,0.1024332,0.0949194,0.1024324,0.12084,28.3238,27.3025,27.9826,28.2104,27.9982,27.669,27.831,27.5784,26.6624,26.8092,26.9368,26.6402,26.6146,27.051,26.9092,26.511,26.2324,26.1678,25.012,24.414,23.1924,22.1344,23.9804,23.3134,23.041,28.3238,0.0897306,0.090501,0.0885086,0.0898694,0.0859536,0.0844816,0.083815,0.0833986,0.0877306,0.084565,0.0816212,0.0867868,0.0834818,0.0815656,0.0811212,0.081149,0.080677,0.0788716,0.078594,0.0790386,0.0759002,0.0778166,0.0706788,0.0750114,0.076039,0.090501,1.47442,1.446275,1.45154,1.43218,1.41826,1.42534,1.40928,1.3859,1.3754,1.38986,1.36342,1.35042,1.33972,1.3484,1.34892,1.32344,1.30302,1.29284,1.25284,1.24196,1.1727,1.17004,1.1223,1.16062,1.14592,1.47442,102,0,0,0,0,0,0,0,0,0,0,0,0,0,0,0,0,0,30,0,0,0,-0.016444493
14,5/18/2012 2:05,5/18/2012 2:35,1.09366,1014.7275,1027.14,1016.26,1015.32,1008.202,1002.024,998.718,981.15,992.066,1000.122,971.19,979.728,978.78,964.072,965.022,949.364,935.132,915.204,900.498,885.79,865.386,875.35,863.964,874.88,852.102,1027.14,6.49425,6.3883,6.45024,6.3883,6.40788,6.29054,6.22208,6.05586,6.17974,5.98416,5.94178,6.0526,5.8603,5.92874,5.88312,5.71364,5.67126,5.61912,5.61912,5.55392,5.45614,5.28014,5.3942,5.37466,5.42028,6.49425,0.12084,0.1116968,0.116708,0.1046864,0.1096974,0.1024338,0.1126998,0.1124504,0.113952,0.1026842,0.0924144,0.1084444,0.1081912,0.1029322,0.101179,0.1046872,0.1046864,0.098426,0.0956702,0.1049362,0.1029342,0.1024332,0.0949194,0.1024324,0.0991758,0.12084,27.3025,27.9826,28.2104,27.9982,27.669,27.831,27.5784,26.6624,26.8092,26.9368,26.6402,26.6146,27.051,26.9092,26.511,26.2324,26.1678,25.012,24.414,23.1924,22.1344,23.9804,23.3134,23.041,22.7496,28.2104,0.090501,0.0885086,0.0898694,0.0859536,0.0844816,0.083815,0.0833986,0.0877306,0.084565,0.0816212,0.0867868,0.0834818,0.0815656,0.0811212,0.081149,0.080677,0.0788716,0.078594,0.0790386,0.0759002,0.0778166,0.0706788,0.0750114,0.076039,0.0765942,0.090501,1.446275,1.45154,1.43218,1.41826,1.42534,1.40928,1.3859,1.3754,1.38986,1.36342,1.35042,1.33972,1.3484,1.34892,1.32344,1.30302,1.29284,1.25284,1.24196,1.1727,1.17004,1.1223,1.16062,1.14592,1.12684,1.45154,102,0,0,0,0,0,0,0,0,0,0,0,0,0,0,0,0,0,30,0,0,0,-0.015723579
14,5/18/2012 2:10,5/18/2012 2:40,1.09334,1027.14,1016.26,1015.32,1008.202,1002.024,998.718,981.15,992.066,1000.122,971.19,979.728,978.78,964.072,965.022,949.364,935.132,915.204,900.498,885.79,865.386,875.35,863.964,874.88,852.102,852.58,1027.14,6.3883,6.45024,6.3883,6.40788,6.29054,6.22208,6.05586,6.17974,5.98416,5.94178,6.0526,5.8603,5.92874,5.88312,5.71364,5.67126,5.61912,5.61912,5.55392,5.45614,5.28014,5.3942,5.37466,5.42028,5.34534,6.45024,0.1116968,0.116708,0.1046864,0.1096974,0.1024338,0.1126998,0.1124504,0.113952,0.1026842,0.0924144,0.1084444,0.1081912,0.1029322,0.101179,0.1046872,0.1046864,0.098426,0.0956702,0.1049362,0.1029342,0.1024332,0.0949194,0.1024324,0.0991758,0.104936,0.116708,27.9826,28.2104,27.9982,27.669,27.831,27.5784,26.6624,26.8092,26.9368,26.6402,26.6146,27.051,26.9092,26.511,26.2324,26.1678,25.012,24.414,23.1924,22.1344,23.9804,23.3134,23.041,22.7496,22.2618,28.2104,0.0885086,0.0898694,0.0859536,0.0844816,0.083815,0.0833986,0.0877306,0.084565,0.0816212,0.0867868,0.0834818,0.0815656,0.0811212,0.081149,0.080677,0.0788716,0.078594,0.0790386,0.0759002,0.0778166,0.0706788,0.0750114,0.076039,0.0765942,0.076178,0.0898694,1.45154,1.43218,1.41826,1.42534,1.40928,1.3859,1.3754,1.38986,1.36342,1.35042,1.33972,1.3484,1.34892,1.32344,1.30302,1.29284,1.25284,1.24196,1.1727,1.17004,1.1223,1.16062,1.14592,1.12684,1.11496,1.45154,102,0,0,0,0,0,0,0,0,0,0,0,0,0,0,0,0,0,30,0,0,0,-0.010275023
14,5/18/2012 2:15,5/18/2012 2:45,1.07482,1016.26,1015.32,1008.202,1002.024,998.718,981.15,992.066,1000.122,971.19,979.728,978.78,964.072,965.022,949.364,935.132,915.204,900.498,885.79,865.386,875.35,863.964,874.88,852.102,852.58,838.82,1016.26,6.45024,6.3883,6.40788,6.29054,6.22208,6.05586,6.17974,5.98416,5.94178,6.0526,5.8603,5.92874,5.88312,5.71364,5.67126,5.61912,5.61912,5.55392,5.45614,5.28014,5.3942,5.37466,5.42028,5.34534,5.28664,6.45024,0.116708,0.1046864,0.1096974,0.1024338,0.1126998,0.1124504,0.113952,0.1026842,0.0924144,0.1084444,0.1081912,0.1029322,0.101179,0.1046872,0.1046864,0.098426,0.0956702,0.1049362,0.1029342,0.1024332,0.0949194,0.1024324,0.0991758,0.104936,0.0939176,0.116708,28.2104,27.9982,27.669,27.831,27.5784,26.6624,26.8092,26.9368,26.6402,26.6146,27.051,26.9092,26.511,26.2324,26.1678,25.012,24.414,23.1924,22.1344,23.9804,23.3134,23.041,22.7496,22.2618,21.4732,28.2104,0.0898694,0.0859536,0.0844816,0.083815,0.0833986,0.0877306,0.084565,0.0816212,0.0867868,0.0834818,0.0815656,0.0811212,0.081149,0.080677,0.0788716,0.078594,0.0790386,0.0759002,0.0778166,0.0706788,0.0750114,0.076039,0.0765942,0.076178,0.0776218,0.0898694,1.43218,1.41826,1.42534,1.40928,1.3859,1.3754,1.38986,1.36342,1.35042,1.33972,1.3484,1.34892,1.32344,1.30302,1.29284,1.25284,1.24196,1.1727,1.17004,1.1223,1.16062,1.14592,1.12684,1.11496,1.10722,1.43218,102,0,0,0,0,0,0,0,0,0,0,0,0,0,0,0,0,0,30,0,0,0,-0.01549514
14,5/18/2012 2:20,5/18/2012 2:50,1.07644,1015.32,1008.202,1002.024,998.718,981.15,992.066,1000.122,971.19,979.728,978.78,964.072,965.022,949.364,935.132,915.204,900.498,885.79,865.386,875.35,863.964,874.88,852.102,852.58,838.82,827.908,1015.32,6.3883,6.40788,6.29054,6.22208,6.05586,6.17974,5.98416,5.94178,6.0526,5.8603,5.92874,5.88312,5.71364,5.67126,5.61912,5.61912,5.55392,5.45614,5.28014,5.3942,5.37466,5.42028,5.34534,5.28664,5.2573,6.40788,0.1046864,0.1096974,0.1024338,0.1126998,0.1124504,0.113952,0.1026842,0.0924144,0.1084444,0.1081912,0.1029322,0.101179,0.1046872,0.1046864,0.098426,0.0956702,0.1049362,0.1029342,0.1024332,0.0949194,0.1024324,0.0991758,0.104936,0.0939176,0.0906618,0.113952,27.9982,27.669,27.831,27.5784,26.6624,26.8092,26.9368,26.6402,26.6146,27.051,26.9092,26.511,26.2324,26.1678,25.012,24.414,23.1924,22.1344,23.9804,23.3134,23.041,22.7496,22.2618,21.4732,21.4858,27.9982,0.0859536,0.0844816,0.083815,0.0833986,0.0877306,0.084565,0.0816212,0.0867868,0.0834818,0.0815656,0.0811212,0.081149,0.080677,0.0788716,0.078594,0.0790386,0.0759002,0.0778166,0.0706788,0.0750114,0.076039,0.0765942,0.076178,0.0776218,0.0792884,0.0877306,1.41826,1.42534,1.40928,1.3859,1.3754,1.38986,1.36342,1.35042,1.33972,1.3484,1.34892,1.32344,1.30302,1.29284,1.25284,1.24196,1.1727,1.17004,1.1223,1.16062,1.14592,1.12684,1.11496,1.10722,1.12198,1.42534,102,0,0,0,0,0,0,0,0,0,0,0,0,0,0,0,0,0,30,0,0,0,-0.021694726
14,5/18/2012 2:25,5/18/2012 2:55,1.07518,1008.202,1002.024,998.718,981.15,992.066,1000.122,971.19,979.728,978.78,964.072,965.022,949.364,935.132,915.204,900.498,885.79,865.386,875.35,863.964,874.88,852.102,852.58,838.82,827.908,833.124,1008.202,6.40788,6.29054,6.22208,6.05586,6.17974,5.98416,5.94178,6.0526,5.8603,5.92874,5.88312,5.71364,5.67126,5.61912,5.61912,5.55392,5.45614,5.28014,5.3942,5.37466,5.42028,5.34534,5.28664,5.2573,5.25408,6.40788,0.1096974,0.1024338,0.1126998,0.1124504,0.113952,0.1026842,0.0924144,0.1084444,0.1081912,0.1029322,0.101179,0.1046872,0.1046864,0.098426,0.0956702,0.1049362,0.1029342,0.1024332,0.0949194,0.1024324,0.0991758,0.104936,0.0939176,0.0906618,0.0826472,0.113952,27.669,27.831,27.5784,26.6624,26.8092,26.9368,26.6402,26.6146,27.051,26.9092,26.511,26.2324,26.1678,25.012,24.414,23.1924,22.1344,23.9804,23.3134,23.041,22.7496,22.2618,21.4732,21.4858,20.7716,27.831,0.0844816,0.083815,0.0833986,0.0877306,0.084565,0.0816212,0.0867868,0.0834818,0.0815656,0.0811212,0.081149,0.080677,0.0788716,0.078594,0.0790386,0.0759002,0.0778166,0.0706788,0.0750114,0.076039,0.0765942,0.076178,0.0776218,0.0792884,0.0755668,0.0877306,1.42534,1.40928,1.3859,1.3754,1.38986,1.36342,1.35042,1.33972,1.3484,1.34892,1.32344,1.30302,1.29284,1.25284,1.24196,1.1727,1.17004,1.1223,1.16062,1.14592,1.12684,1.11496,1.10722,1.12198,1.11714,1.42534,102,0,0,0,0,0,0,0,0,0,0,0,0,0,0,0,0,0,30,0,0,0,-0.020018224
14,5/18/2012 2:30,5/18/2012 3:00,1.07028,1002.024,998.718,981.15,992.066,1000.122,971.19,979.728,978.78,964.072,965.022,949.364,935.132,915.204,900.498,885.79,865.386,875.35,863.964,874.88,852.102,852.58,838.82,827.908,833.124,821.74,1002.024,6.29054,6.22208,6.05586,6.17974,5.98416,5.94178,6.0526,5.8603,5.92874,5.88312,5.71364,5.67126,5.61912,5.61912,5.55392,5.45614,5.28014,5.3942,5.37466,5.42028,5.34534,5.28664,5.2573,5.25408,5.24428,6.29054,0.1024338,0.1126998,0.1124504,0.113952,0.1026842,0.0924144,0.1084444,0.1081912,0.1029322,0.101179,0.1046872,0.1046864,0.098426,0.0956702,0.1049362,0.1029342,0.1024332,0.0949194,0.1024324,0.0991758,0.104936,0.0939176,0.0906618,0.0826472,0.094419,0.113952,27.831,27.5784,26.6624,26.8092,26.9368,26.6402,26.6146,27.051,26.9092,26.511,26.2324,26.1678,25.012,24.414,23.1924,22.1344,23.9804,23.3134,23.041,22.7496,22.2618,21.4732,21.4858,20.7716,20.3934,27.831,0.083815,0.0833986,0.0877306,0.084565,0.0816212,0.0867868,0.0834818,0.0815656,0.0811212,0.081149,0.080677,0.0788716,0.078594,0.0790386,0.0759002,0.0778166,0.0706788,0.0750114,0.076039,0.0765942,0.076178,0.0776218,0.0792884,0.0755668,0.0770666,0.0877306,1.40928,1.3859,1.3754,1.38986,1.36342,1.35042,1.33972,1.3484,1.34892,1.32344,1.30302,1.29284,1.25284,1.24196,1.1727,1.17004,1.1223,1.16062,1.14592,1.12684,1.11496,1.10722,1.12198,1.11714,1.11092,1.40928,102,0,0,0,0,0,0,0,0,0,0,0,0,0,0,0,0,0,30,0,0,0,-0.019440008
14,5/18/2012 2:35,5/18/2012 3:05,1.05862,998.718,981.15,992.066,1000.122,971.19,979.728,978.78,964.072,965.022,949.364,935.132,915.204,900.498,885.79,865.386,875.35,863.964,874.88,852.102,852.58,838.82,827.908,833.124,821.74,824.11,1000.122,6.22208,6.05586,6.17974,5.98416,5.94178,6.0526,5.8603,5.92874,5.88312,5.71364,5.67126,5.61912,5.61912,5.55392,5.45614,5.28014,5.3942,5.37466,5.42028,5.34534,5.28664,5.2573,5.25408,5.24428,5.16606,6.22208,0.1126998,0.1124504,0.113952,0.1026842,0.0924144,0.1084444,0.1081912,0.1029322,0.101179,0.1046872,0.1046864,0.098426,0.0956702,0.1049362,0.1029342,0.1024332,0.0949194,0.1024324,0.0991758,0.104936,0.0939176,0.0906618,0.0826472,0.094419,0.0941692,0.113952,27.5784,26.6624,26.8092,26.9368,26.6402,26.6146,27.051,26.9092,26.511,26.2324,26.1678,25.012,24.414,23.1924,22.1344,23.9804,23.3134,23.041,22.7496,22.2618,21.4732,21.4858,20.7716,20.3934,20.3858,27.5784,0.0833986,0.0877306,0.084565,0.0816212,0.0867868,0.0834818,0.0815656,0.0811212,0.081149,0.080677,0.0788716,0.078594,0.0790386,0.0759002,0.0778166,0.0706788,0.0750114,0.076039,0.0765942,0.076178,0.0776218,0.0792884,0.0755668,0.0770666,0.0795382,0.0877306,1.3859,1.3754,1.38986,1.36342,1.35042,1.33972,1.3484,1.34892,1.32344,1.30302,1.29284,1.25284,1.24196,1.1727,1.17004,1.1223,1.16062,1.14592,1.12684,1.11496,1.10722,1.12198,1.11714,1.11092,1.09366,1.38986,102,0,0,0,0,0,0,0,0,0,0,0,0,0,0,0,0,0,30,0,0,0,-0.016877875
14,5/18/2012 2:40,5/18/2012 3:10,1.06102,981.15,992.066,1000.122,971.19,979.728,978.78,964.072,965.022,949.364,935.132,915.204,900.498,885.79,865.386,875.35,863.964,874.88,852.102,852.58,838.82,827.908,833.124,821.74,824.11,809.878,1000.122,6.05586,6.17974,5.98416,5.94178,6.0526,5.8603,5.92874,5.88312,5.71364,5.67126,5.61912,5.61912,5.55392,5.45614,5.28014,5.3942,5.37466,5.42028,5.34534,5.28664,5.2573,5.25408,5.24428,5.16606,5.16608,6.17974,0.1124504,0.113952,0.1026842,0.0924144,0.1084444,0.1081912,0.1029322,0.101179,0.1046872,0.1046864,0.098426,0.0956702,0.1049362,0.1029342,0.1024332,0.0949194,0.1024324,0.0991758,0.104936,0.0939176,0.0906618,0.0826472,0.094419,0.0941692,0.0986766,0.113952,26.6624,26.8092,26.9368,26.6402,26.6146,27.051,26.9092,26.511,26.2324,26.1678,25.012,24.414,23.1924,22.1344,23.9804,23.3134,23.041,22.7496,22.2618,21.4732,21.4858,20.7716,20.3934,20.3858,19.5896,27.051,0.0877306,0.084565,0.0816212,0.0867868,0.0834818,0.0815656,0.0811212,0.081149,0.080677,0.0788716,0.078594,0.0790386,0.0759002,0.0778166,0.0706788,0.0750114,0.076039,0.0765942,0.076178,0.0776218,0.0792884,0.0755668,0.0770666,0.0795382,0.0788164,0.0877306,1.3754,1.38986,1.36342,1.35042,1.33972,1.3484,1.34892,1.32344,1.30302,1.29284,1.25284,1.24196,1.1727,1.17004,1.1223,1.16062,1.14592,1.12684,1.11496,1.10722,1.12198,1.11714,1.11092,1.09366,1.09334,1.38986,102,0,0,0,0,0,0,0,0,0,0,0,0,0,0,0,0,0,30,0,0,0,-0.015559871
14,5/18/2012 2:45,5/18/2012 3:15,1.05924,992.066,1000.122,971.19,979.728,978.78,964.072,965.022,949.364,935.132,915.204,900.498,885.79,865.386,875.35,863.964,874.88,852.102,852.58,838.82,827.908,833.124,821.74,824.11,809.878,788.528,1000.122,6.17974,5.98416,5.94178,6.0526,5.8603,5.92874,5.88312,5.71364,5.67126,5.61912,5.61912,5.55392,5.45614,5.28014,5.3942,5.37466,5.42028,5.34534,5.28664,5.2573,5.25408,5.24428,5.16606,5.16608,5.15304,6.17974,0.113952,0.1026842,0.0924144,0.1084444,0.1081912,0.1029322,0.101179,0.1046872,0.1046864,0.098426,0.0956702,0.1049362,0.1029342,0.1024332,0.0949194,0.1024324,0.0991758,0.104936,0.0939176,0.0906618,0.0826472,0.094419,0.0941692,0.0986766,0.0884074,0.113952,26.8092,26.9368,26.6402,26.6146,27.051,26.9092,26.511,26.2324,26.1678,25.012,24.414,23.1924,22.1344,23.9804,23.3134,23.041,22.7496,22.2618,21.4732,21.4858,20.7716,20.3934,20.3858,19.5896,19.361,27.051,0.084565,0.0816212,0.0867868,0.0834818,0.0815656,0.0811212,0.081149,0.080677,0.0788716,0.078594,0.0790386,0.0759002,0.0778166,0.0706788,0.0750114,0.076039,0.0765942,0.076178,0.0776218,0.0792884,0.0755668,0.0770666,0.0795382,0.0788164,0.0779278,0.0867868,1.38986,1.36342,1.35042,1.33972,1.3484,1.34892,1.32344,1.30302,1.29284,1.25284,1.24196,1.1727,1.17004,1.1223,1.16062,1.14592,1.12684,1.11496,1.10722,1.12198,1.11714,1.11092,1.09366,1.09334,1.07482,1.38986,102,0,0,0,0,0,0,0,0,0,0,0,0,0,0,0,0,0,30,0,0,0,-0.00753742
14,5/18/2012 2:50,5/18/2012 3:20,1.04334,1000.122,971.19,979.728,978.78,964.072,965.022,949.364,935.132,915.204,900.498,885.79,865.386,875.35,863.964,874.88,852.102,852.58,838.82,827.908,833.124,821.74,824.11,809.878,788.528,799.44,1000.122,5.98416,5.94178,6.0526,5.8603,5.92874,5.88312,5.71364,5.67126,5.61912,5.61912,5.55392,5.45614,5.28014,5.3942,5.37466,5.42028,5.34534,5.28664,5.2573,5.25408,5.24428,5.16606,5.16608,5.15304,5.0748,6.0526,0.1026842,0.0924144,0.1084444,0.1081912,0.1029322,0.101179,0.1046872,0.1046864,0.098426,0.0956702,0.1049362,0.1029342,0.1024332,0.0949194,0.1024324,0.0991758,0.104936,0.0939176,0.0906618,0.0826472,0.094419,0.0941692,0.0986766,0.0884074,0.091914,0.1084444,26.9368,26.6402,26.6146,27.051,26.9092,26.511,26.2324,26.1678,25.012,24.414,23.1924,22.1344,23.9804,23.3134,23.041,22.7496,22.2618,21.4732,21.4858,20.7716,20.3934,20.3858,19.5896,19.361,18.945,27.051,0.0816212,0.0867868,0.0834818,0.0815656,0.0811212,0.081149,0.080677,0.0788716,0.078594,0.0790386,0.0759002,0.0778166,0.0706788,0.0750114,0.076039,0.0765942,0.076178,0.0776218,0.0792884,0.0755668,0.0770666,0.0795382,0.0788164,0.0779278,0.0783442,0.0867868,1.36342,1.35042,1.33972,1.3484,1.34892,1.32344,1.30302,1.29284,1.25284,1.24196,1.1727,1.17004,1.1223,1.16062,1.14592,1.12684,1.11496,1.10722,1.12198,1.11714,1.11092,1.09366,1.09334,1.07482,1.07644,1.36342,102,0,0,0,0,0,0,0,0,0,0,0,0,0,0,0,0,0,29,0,0,0,-0.016069165
14,5/18/2012 2:55,5/18/2012 3:25,1.05048,971.19,979.728,978.78,964.072,965.022,949.364,935.132,915.204,900.498,885.79,865.386,875.35,863.964,874.88,852.102,852.58,838.82,827.908,833.124,821.74,824.11,809.878,788.528,799.44,794.696,979.728,5.94178,6.0526,5.8603,5.92874,5.88312,5.71364,5.67126,5.61912,5.61912,5.55392,5.45614,5.28014,5.3942,5.37466,5.42028,5.34534,5.28664,5.2573,5.25408,5.24428,5.16606,5.16608,5.15304,5.0748,5.07482,6.0526,0.0924144,0.1084444,0.1081912,0.1029322,0.101179,0.1046872,0.1046864,0.098426,0.0956702,0.1049362,0.1029342,0.1024332,0.0949194,0.1024324,0.0991758,0.104936,0.0939176,0.0906618,0.0826472,0.094419,0.0941692,0.0986766,0.0884074,0.091914,0.077638,0.1084444,26.6402,26.6146,27.051,26.9092,26.511,26.2324,26.1678,25.012,24.414,23.1924,22.1344,23.9804,23.3134,23.041,22.7496,22.2618,21.4732,21.4858,20.7716,20.3934,20.3858,19.5896,19.361,18.945,18.6402,27.051,0.0867868,0.0834818,0.0815656,0.0811212,0.081149,0.080677,0.0788716,0.078594,0.0790386,0.0759002,0.0778166,0.0706788,0.0750114,0.076039,0.0765942,0.076178,0.0776218,0.0792884,0.0755668,0.0770666,0.0795382,0.0788164,0.0779278,0.0783442,0.0781496,0.0867868,1.35042,1.33972,1.3484,1.34892,1.32344,1.30302,1.29284,1.25284,1.24196,1.1727,1.17004,1.1223,1.16062,1.14592,1.12684,1.11496,1.10722,1.12198,1.11714,1.11092,1.09366,1.09334,1.07482,1.07644,1.07518,1.35042,102,0,0,0,0,0,0,0,0,0,0,0,0,0,0,0,0,0,29,0,0,0,-0.011973985
14,5/18/2012 3:00,5/18/2012 3:30,1.039,979.728,978.78,964.072,965.022,949.364,935.132,915.204,900.498,885.79,865.386,875.35,863.964,874.88,852.102,852.58,838.82,827.908,833.124,821.74,824.11,809.878,788.528,799.44,794.696,787.582,979.728,6.0526,5.8603,5.92874,5.88312,5.71364,5.67126,5.61912,5.61912,5.55392,5.45614,5.28014,5.3942,5.37466,5.42028,5.34534,5.28664,5.2573,5.25408,5.24428,5.16606,5.16608,5.15304,5.0748,5.07482,4.96724,6.0526,0.1084444,0.1081912,0.1029322,0.101179,0.1046872,0.1046864,0.098426,0.0956702,0.1049362,0.1029342,0.1024332,0.0949194,0.1024324,0.0991758,0.104936,0.0939176,0.0906618,0.0826472,0.094419,0.0941692,0.0986766,0.0884074,0.091914,0.077638,0.1009298,0.1084444,26.6146,27.051,26.9092,26.511,26.2324,26.1678,25.012,24.414,23.1924,22.1344,23.9804,23.3134,23.041,22.7496,22.2618,21.4732,21.4858,20.7716,20.3934,20.3858,19.5896,19.361,18.945,18.6402,18.9328,27.051,0.0834818,0.0815656,0.0811212,0.081149,0.080677,0.0788716,0.078594,0.0790386,0.0759002,0.0778166,0.0706788,0.0750114,0.076039,0.0765942,0.076178,0.0776218,0.0792884,0.0755668,0.0770666,0.0795382,0.0788164,0.0779278,0.0783442,0.0781496,0.0768444,0.0834818,1.33972,1.3484,1.34892,1.32344,1.30302,1.29284,1.25284,1.24196,1.1727,1.17004,1.1223,1.16062,1.14592,1.12684,1.11496,1.10722,1.12198,1.11714,1.11092,1.09366,1.09334,1.07482,1.07644,1.07518,1.07028,1.34892,102,0,0,0,0,0,0,0,0,0,0,0,0,0,0,0,0,0,29,0,0,0,-0.015224372
14,5/18/2012 3:05,5/18/2012 3:35,1.05514,978.78,964.072,965.022,949.364,935.132,915.204,900.498,885.79,865.386,875.35,863.964,874.88,852.102,852.58,838.82,827.908,833.124,821.74,824.11,809.878,788.528,799.44,794.696,787.582,776.668,978.78,5.8603,5.92874,5.88312,5.71364,5.67126,5.61912,5.61912,5.55392,5.45614,5.28014,5.3942,5.37466,5.42028,5.34534,5.28664,5.2573,5.25408,5.24428,5.16606,5.16608,5.15304,5.0748,5.07482,4.96724,4.93138,5.92874,0.1081912,0.1029322,0.101179,0.1046872,0.1046864,0.098426,0.0956702,0.1049362,0.1029342,0.1024332,0.0949194,0.1024324,0.0991758,0.104936,0.0939176,0.0906618,0.0826472,0.094419,0.0941692,0.0986766,0.0884074,0.091914,0.077638,0.1009298,0.0931668,0.1081912,27.051,26.9092,26.511,26.2324,26.1678,25.012,24.414,23.1924,22.1344,23.9804,23.3134,23.041,22.7496,22.2618,21.4732,21.4858,20.7716,20.3934,20.3858,19.5896,19.361,18.945,18.6402,18.9328,18.9778,27.051,0.0815656,0.0811212,0.081149,0.080677,0.0788716,0.078594,0.0790386,0.0759002,0.0778166,0.0706788,0.0750114,0.076039,0.0765942,0.076178,0.0776218,0.0792884,0.0755668,0.0770666,0.0795382,0.0788164,0.0779278,0.0783442,0.0781496,0.0768444,0.0743726,0.0815656,1.3484,1.34892,1.32344,1.30302,1.29284,1.25284,1.24196,1.1727,1.17004,1.1223,1.16062,1.14592,1.12684,1.11496,1.10722,1.12198,1.11714,1.11092,1.09366,1.09334,1.07482,1.07644,1.07518,1.07028,1.05862,1.34892,102,0,0,0,0,0,0,0,0,0,0,0,0,0,0,0,0,0,29,0,0,0,-0.001691883
14,5/18/2012 3:10,5/18/2012 3:40,1.04072,964.072,965.022,949.364,935.132,915.204,900.498,885.79,865.386,875.35,863.964,874.88,852.102,852.58,838.82,827.908,833.124,821.74,824.11,809.878,788.528,799.44,794.696,787.582,776.668,770.498,965.022,5.92874,5.88312,5.71364,5.67126,5.61912,5.61912,5.55392,5.45614,5.28014,5.3942,5.37466,5.42028,5.34534,5.28664,5.2573,5.25408,5.24428,5.16606,5.16608,5.15304,5.0748,5.07482,4.96724,4.93138,5.0748,5.92874,0.1029322,0.101179,0.1046872,0.1046864,0.098426,0.0956702,0.1049362,0.1029342,0.1024332,0.0949194,0.1024324,0.0991758,0.104936,0.0939176,0.0906618,0.0826472,0.094419,0.0941692,0.0986766,0.0884074,0.091914,0.077638,0.1009298,0.0931668,0.0906612,0.1049362,26.9092,26.511,26.2324,26.1678,25.012,24.414,23.1924,22.1344,23.9804,23.3134,23.041,22.7496,22.2618,21.4732,21.4858,20.7716,20.3934,20.3858,19.5896,19.361,18.945,18.6402,18.9328,18.9778,18.8232,26.9092,0.0811212,0.081149,0.080677,0.0788716,0.078594,0.0790386,0.0759002,0.0778166,0.0706788,0.0750114,0.076039,0.0765942,0.076178,0.0776218,0.0792884,0.0755668,0.0770666,0.0795382,0.0788164,0.0779278,0.0783442,0.0781496,0.0768444,0.0743726,0.0709012,0.081149,1.34892,1.32344,1.30302,1.29284,1.25284,1.24196,1.1727,1.17004,1.1223,1.16062,1.14592,1.12684,1.11496,1.10722,1.12198,1.11714,1.11092,1.09366,1.09334,1.07482,1.07644,1.07518,1.07028,1.05862,1.06102,1.34892,102,0,0,0,0,0,0,0,0,0,0,0,0,0,0,0,0,0,29,0,0,0,-0.009898319
14,5/18/2012 3:15,5/18/2012 3:45,1.0198,965.022,949.364,935.132,915.204,900.498,885.79,865.386,875.35,863.964,874.88,852.102,852.58,838.82,827.908,833.124,821.74,824.11,809.878,788.528,799.44,794.696,787.582,776.668,770.498,756.74,965.022,5.88312,5.71364,5.67126,5.61912,5.61912,5.55392,5.45614,5.28014,5.3942,5.37466,5.42028,5.34534,5.28664,5.2573,5.25408,5.24428,5.16606,5.16608,5.15304,5.0748,5.07482,4.96724,4.93138,5.0748,4.83684,5.88312,0.101179,0.1046872,0.1046864,0.098426,0.0956702,0.1049362,0.1029342,0.1024332,0.0949194,0.1024324,0.0991758,0.104936,0.0939176,0.0906618,0.0826472,0.094419,0.0941692,0.0986766,0.0884074,0.091914,0.077638,0.1009298,0.0931668,0.0906612,0.0904112,0.1049362,26.511,26.2324,26.1678,25.012,24.414,23.1924,22.1344,23.9804,23.3134,23.041,22.7496,22.2618,21.4732,21.4858,20.7716,20.3934,20.3858,19.5896,19.361,18.945,18.6402,18.9328,18.9778,18.8232,19.3112,26.511,0.081149,0.080677,0.0788716,0.078594,0.0790386,0.0759002,0.0778166,0.0706788,0.0750114,0.076039,0.0765942,0.076178,0.0776218,0.0792884,0.0755668,0.0770666,0.0795382,0.0788164,0.0779278,0.0783442,0.0781496,0.0768444,0.0743726,0.0709012,0.0719286,0.081149,1.32344,1.30302,1.29284,1.25284,1.24196,1.1727,1.17004,1.1223,1.16062,1.14592,1.12684,1.11496,1.10722,1.12198,1.11714,1.11092,1.09366,1.09334,1.07482,1.07644,1.07518,1.07028,1.05862,1.06102,1.05924,1.32344,102,0,0,0,0,0,0,0,0,0,0,0,0,0,0,0,0,0,29,0,0,0,-0.019338486
14,5/18/2012 3:20,5/18/2012 3:50,1.01874,949.364,935.132,915.204,900.498,885.79,865.386,875.35,863.964,874.88,852.102,852.58,838.82,827.908,833.124,821.74,824.11,809.878,788.528,799.44,794.696,787.582,776.668,770.498,756.74,754.842,949.364,5.71364,5.67126,5.61912,5.61912,5.55392,5.45614,5.28014,5.3942,5.37466,5.42028,5.34534,5.28664,5.2573,5.25408,5.24428,5.16606,5.16608,5.15304,5.0748,5.07482,4.96724,4.93138,5.0748,4.83684,4.81078,5.71364,0.1046872,0.1046864,0.098426,0.0956702,0.1049362,0.1029342,0.1024332,0.0949194,0.1024324,0.0991758,0.104936,0.0939176,0.0906618,0.0826472,0.094419,0.0941692,0.0986766,0.0884074,0.091914,0.077638,0.1009298,0.0931668,0.0906612,0.0904112,0.0849012,0.1049362,26.2324,26.1678,25.012,24.414,23.1924,22.1344,23.9804,23.3134,23.041,22.7496,22.2618,21.4732,21.4858,20.7716,20.3934,20.3858,19.5896,19.361,18.945,18.6402,18.9328,18.9778,18.8232,19.3112,19.4252,26.2324,0.080677,0.0788716,0.078594,0.0790386,0.0759002,0.0778166,0.0706788,0.0750114,0.076039,0.0765942,0.076178,0.0776218,0.0792884,0.0755668,0.0770666,0.0795382,0.0788164,0.0779278,0.0783442,0.0781496,0.0768444,0.0743726,0.0709012,0.0719286,0.07204,0.080677,1.30302,1.29284,1.25284,1.24196,1.1727,1.17004,1.1223,1.16062,1.14592,1.12684,1.11496,1.10722,1.12198,1.11714,1.11092,1.09366,1.09334,1.07482,1.07644,1.07518,1.07028,1.05862,1.06102,1.05924,1.04334,1.30302,102,0,0,0,0,0,0,0,0,0,0,0,0,0,0,0,0,0,29,0,0,0,-0.01211217
14,5/18/2012 3:25,5/18/2012 3:55,0.995034,935.132,915.204,900.498,885.79,865.386,875.35,863.964,874.88,852.102,852.58,838.82,827.908,833.124,821.74,824.11,809.878,788.528,799.44,794.696,787.582,776.668,770.498,756.74,754.842,760.06,935.132,5.67126,5.61912,5.61912,5.55392,5.45614,5.28014,5.3942,5.37466,5.42028,5.34534,5.28664,5.2573,5.25408,5.24428,5.16606,5.16608,5.15304,5.0748,5.07482,4.96724,4.93138,5.0748,4.83684,4.81078,4.91838,5.67126,0.1046864,0.098426,0.0956702,0.1049362,0.1029342,0.1024332,0.0949194,0.1024324,0.0991758,0.104936,0.0939176,0.0906618,0.0826472,0.094419,0.0941692,0.0986766,0.0884074,0.091914,0.077638,0.1009298,0.0931668,0.0906612,0.0904112,0.0849012,0.0851528,0.1049362,26.1678,25.012,24.414,23.1924,22.1344,23.9804,23.3134,23.041,22.7496,22.2618,21.4732,21.4858,20.7716,20.3934,20.3858,19.5896,19.361,18.945,18.6402,18.9328,18.9778,18.8232,19.3112,19.4252,18.981,26.1678,0.0788716,0.078594,0.0790386,0.0759002,0.0778166,0.0706788,0.0750114,0.076039,0.0765942,0.076178,0.0776218,0.0792884,0.0755668,0.0770666,0.0795382,0.0788164,0.0779278,0.0783442,0.0781496,0.0768444,0.0743726,0.0709012,0.0719286,0.07204,0.0717622,0.0795382,1.29284,1.25284,1.24196,1.1727,1.17004,1.1223,1.16062,1.14592,1.12684,1.11496,1.10722,1.12198,1.11714,1.11092,1.09366,1.09334,1.07482,1.07644,1.07518,1.07028,1.05862,1.06102,1.05924,1.04334,1.05048,1.29284,102,0,0,0,0,0,0,0,0,0,0,0,0,0,0,0,0,0,29,0,0,0,-0.027412819
14,5/18/2012 3:30,5/18/2012 4:00,0.997766,915.204,900.498,885.79,865.386,875.35,863.964,874.88,852.102,852.58,838.82,827.908,833.124,821.74,824.11,809.878,788.528,799.44,794.696,787.582,776.668,770.498,756.74,754.842,760.06,747.724,915.204,5.61912,5.61912,5.55392,5.45614,5.28014,5.3942,5.37466,5.42028,5.34534,5.28664,5.2573,5.25408,5.24428,5.16606,5.16608,5.15304,5.0748,5.07482,4.96724,4.93138,5.0748,4.83684,4.81078,4.91838,4.82382,5.61912,0.098426,0.0956702,0.1049362,0.1029342,0.1024332,0.0949194,0.1024324,0.0991758,0.104936,0.0939176,0.0906618,0.0826472,0.094419,0.0941692,0.0986766,0.0884074,0.091914,0.077638,0.1009298,0.0931668,0.0906612,0.0904112,0.0849012,0.0851528,0.0899106,0.1049362,25.012,24.414,23.1924,22.1344,23.9804,23.3134,23.041,22.7496,22.2618,21.4732,21.4858,20.7716,20.3934,20.3858,19.5896,19.361,18.945,18.6402,18.9328,18.9778,18.8232,19.3112,19.4252,18.981,18.7966,25.012,0.078594,0.0790386,0.0759002,0.0778166,0.0706788,0.0750114,0.076039,0.0765942,0.076178,0.0776218,0.0792884,0.0755668,0.0770666,0.0795382,0.0788164,0.0779278,0.0783442,0.0781496,0.0768444,0.0743726,0.0709012,0.0719286,0.07204,0.0717622,0.072401,0.0795382,1.25284,1.24196,1.1727,1.17004,1.1223,1.16062,1.14592,1.12684,1.11496,1.10722,1.12198,1.11714,1.11092,1.09366,1.09334,1.07482,1.07644,1.07518,1.07028,1.05862,1.06102,1.05924,1.04334,1.05048,1.039,1.25284,102,0,0,0,0,0,0,0,0,0,0,0,0,0,0,0,0,0,29,0,0,0,-0.020429935
14,5/18/2012 3:35,5/18/2012 4:05,0.990758,900.498,885.79,865.386,875.35,863.964,874.88,852.102,852.58,838.82,827.908,833.124,821.74,824.11,809.878,788.528,799.44,794.696,787.582,776.668,770.498,756.74,754.842,760.06,747.724,741.084,900.498,5.61912,5.55392,5.45614,5.28014,5.3942,5.37466,5.42028,5.34534,5.28664,5.2573,5.25408,5.24428,5.16606,5.16608,5.15304,5.0748,5.07482,4.96724,4.93138,5.0748,4.83684,4.81078,4.91838,4.82382,4.77166,5.61912,0.0956702,0.1049362,0.1029342,0.1024332,0.0949194,0.1024324,0.0991758,0.104936,0.0939176,0.0906618,0.0826472,0.094419,0.0941692,0.0986766,0.0884074,0.091914,0.077638,0.1009298,0.0931668,0.0906612,0.0904112,0.0849012,0.0851528,0.0899106,0.0914126,0.1049362,24.414,23.1924,22.1344,23.9804,23.3134,23.041,22.7496,22.2618,21.4732,21.4858,20.7716,20.3934,20.3858,19.5896,19.361,18.945,18.6402,18.9328,18.9778,18.8232,19.3112,19.4252,18.981,18.7966,18.5614,24.414,0.0790386,0.0759002,0.0778166,0.0706788,0.0750114,0.076039,0.0765942,0.076178,0.0776218,0.0792884,0.0755668,0.0770666,0.0795382,0.0788164,0.0779278,0.0783442,0.0781496,0.0768444,0.0743726,0.0709012,0.0719286,0.07204,0.0717622,0.072401,0.0701516,0.0795382,1.24196,1.1727,1.17004,1.1223,1.16062,1.14592,1.12684,1.11496,1.10722,1.12198,1.11714,1.11092,1.09366,1.09334,1.07482,1.07644,1.07518,1.07028,1.05862,1.06102,1.05924,1.04334,1.05048,1.039,1.05514,1.24196,102,0,0,0,0,0,0,0,0,0,0,0,0,0,0,0,0,0,29,0,0,0,-0.031828501
14,5/18/2012 3:40,5/18/2012 4:10,0.991568,885.79,865.386,875.35,863.964,874.88,852.102,852.58,838.82,827.908,833.124,821.74,824.11,809.878,788.528,799.44,794.696,787.582,776.668,770.498,756.74,754.842,760.06,747.724,741.084,750.574,885.79,5.55392,5.45614,5.28014,5.3942,5.37466,5.42028,5.34534,5.28664,5.2573,5.25408,5.24428,5.16606,5.16608,5.15304,5.0748,5.07482,4.96724,4.93138,5.0748,4.83684,4.81078,4.91838,4.82382,4.77166,4.80098,5.55392,0.1049362,0.1029342,0.1024332,0.0949194,0.1024324,0.0991758,0.104936,0.0939176,0.0906618,0.0826472,0.094419,0.0941692,0.0986766,0.0884074,0.091914,0.077638,0.1009298,0.0931668,0.0906612,0.0904112,0.0849012,0.0851528,0.0899106,0.0914126,0.0844004,0.1049362,23.1924,22.1344,23.9804,23.3134,23.041,22.7496,22.2618,21.4732,21.4858,20.7716,20.3934,20.3858,19.5896,19.361,18.945,18.6402,18.9328,18.9778,18.8232,19.3112,19.4252,18.981,18.7966,18.5614,18.415,23.9804,0.0759002,0.0778166,0.0706788,0.0750114,0.076039,0.0765942,0.076178,0.0776218,0.0792884,0.0755668,0.0770666,0.0795382,0.0788164,0.0779278,0.0783442,0.0781496,0.0768444,0.0743726,0.0709012,0.0719286,0.07204,0.0717622,0.072401,0.0701516,0.0738728,0.0795382,1.1727,1.17004,1.1223,1.16062,1.14592,1.12684,1.11496,1.10722,1.12198,1.11714,1.11092,1.09366,1.09334,1.07482,1.07644,1.07518,1.07028,1.05862,1.06102,1.05924,1.04334,1.05048,1.039,1.05514,1.04072,1.1727,102,0,0,0,0,0,0,0,0,0,0,0,0,0,0,0,0,0,29,0,0,0,-0.024380419
14,5/18/2012 3:45,5/18/2012 4:15,0.995224,865.386,875.35,863.964,874.88,852.102,852.58,838.82,827.908,833.124,821.74,824.11,809.878,788.528,799.44,794.696,787.582,776.668,770.498,756.74,754.842,760.06,747.724,741.084,750.574,733.968,875.35,5.45614,5.28014,5.3942,5.37466,5.42028,5.34534,5.28664,5.2573,5.25408,5.24428,5.16606,5.16608,5.15304,5.0748,5.07482,4.96724,4.93138,5.0748,4.83684,4.81078,4.91838,4.82382,4.77166,4.80098,4.71302,5.45614,0.1029342,0.1024332,0.0949194,0.1024324,0.0991758,0.104936,0.0939176,0.0906618,0.0826472,0.094419,0.0941692,0.0986766,0.0884074,0.091914,0.077638,0.1009298,0.0931668,0.0906612,0.0904112,0.0849012,0.0851528,0.0899106,0.0914126,0.0844004,0.0891586,0.104936,22.1344,23.9804,23.3134,23.041,22.7496,22.2618,21.4732,21.4858,20.7716,20.3934,20.3858,19.5896,19.361,18.945,18.6402,18.9328,18.9778,18.8232,19.3112,19.4252,18.981,18.7966,18.5614,18.415,17.9758,23.9804,0.0778166,0.0706788,0.0750114,0.076039,0.0765942,0.076178,0.0776218,0.0792884,0.0755668,0.0770666,0.0795382,0.0788164,0.0779278,0.0783442,0.0781496,0.0768444,0.0743726,0.0709012,0.0719286,0.07204,0.0717622,0.072401,0.0701516,0.0738728,0.0706236,0.0795382,1.17004,1.1223,1.16062,1.14592,1.12684,1.11496,1.10722,1.12198,1.11714,1.11092,1.09366,1.09334,1.07482,1.07644,1.07518,1.07028,1.05862,1.06102,1.05924,1.04334,1.05048,1.039,1.05514,1.04072,1.0198,1.17004,102,0,0,0,0,0,0,0,0,0,0,0,0,0,0,0,0,0,29,0,0,0,-0.012242172
14,5/18/2012 3:50,5/18/2012 4:20,0.985146,875.35,863.964,874.88,852.102,852.58,838.82,827.908,833.124,821.74,824.11,809.878,788.528,799.44,794.696,787.582,776.668,770.498,756.74,754.842,760.06,747.724,741.084,750.574,733.968,725.902,875.35,5.28014,5.3942,5.37466,5.42028,5.34534,5.28664,5.2573,5.25408,5.24428,5.16606,5.16608,5.15304,5.0748,5.07482,4.96724,4.93138,5.0748,4.83684,4.81078,4.91838,4.82382,4.77166,4.80098,4.71302,4.68368,5.42028,0.1024332,0.0949194,0.1024324,0.0991758,0.104936,0.0939176,0.0906618,0.0826472,0.094419,0.0941692,0.0986766,0.0884074,0.091914,0.077638,0.1009298,0.0931668,0.0906612,0.0904112,0.0849012,0.0851528,0.0899106,0.0914126,0.0844004,0.0891586,0.0838994,0.104936,23.9804,23.3134,23.041,22.7496,22.2618,21.4732,21.4858,20.7716,20.3934,20.3858,19.5896,19.361,18.945,18.6402,18.9328,18.9778,18.8232,19.3112,19.4252,18.981,18.7966,18.5614,18.415,17.9758,17.788,23.9804,0.0706788,0.0750114,0.076039,0.0765942,0.076178,0.0776218,0.0792884,0.0755668,0.0770666,0.0795382,0.0788164,0.0779278,0.0783442,0.0781496,0.0768444,0.0743726,0.0709012,0.0719286,0.07204,0.0717622,0.072401,0.0701516,0.0738728,0.0706236,0.0716788,0.0795382,1.1223,1.16062,1.14592,1.12684,1.11496,1.10722,1.12198,1.11714,1.11092,1.09366,1.09334,1.07482,1.07644,1.07518,1.07028,1.05862,1.06102,1.05924,1.04334,1.05048,1.039,1.05514,1.04072,1.0198,1.01874,1.16062,102,0,0,0,0,0,0,0,0,0,0,0,0,0,0,0,0,0,29,0,0,0,-0.016781091
14,5/18/2012 3:55,5/18/2012 4:25,0.975372,863.964,874.88,852.102,852.58,838.82,827.908,833.124,821.74,824.11,809.878,788.528,799.44,794.696,787.582,776.668,770.498,756.74,754.842,760.06,747.724,741.084,750.574,733.968,725.902,725.428,874.88,5.3942,5.37466,5.42028,5.34534,5.28664,5.2573,5.25408,5.24428,5.16606,5.16608,5.15304,5.0748,5.07482,4.96724,4.93138,5.0748,4.83684,4.81078,4.91838,4.82382,4.77166,4.80098,4.71302,4.68368,4.62502,5.42028,0.0949194,0.1024324,0.0991758,0.104936,0.0939176,0.0906618,0.0826472,0.094419,0.0941692,0.0986766,0.0884074,0.091914,0.077638,0.1009298,0.0931668,0.0906612,0.0904112,0.0849012,0.0851528,0.0899106,0.0914126,0.0844004,0.0891586,0.0838994,0.0783898,0.104936,23.3134,23.041,22.7496,22.2618,21.4732,21.4858,20.7716,20.3934,20.3858,19.5896,19.361,18.945,18.6402,18.9328,18.9778,18.8232,19.3112,19.4252,18.981,18.7966,18.5614,18.415,17.9758,17.788,18.1718,23.3134,0.0750114,0.076039,0.0765942,0.076178,0.0776218,0.0792884,0.0755668,0.0770666,0.0795382,0.0788164,0.0779278,0.0783442,0.0781496,0.0768444,0.0743726,0.0709012,0.0719286,0.07204,0.0717622,0.072401,0.0701516,0.0738728,0.0706236,0.0716788,0.0698738,0.0795382,1.16062,1.14592,1.12684,1.11496,1.10722,1.12198,1.11714,1.11092,1.09366,1.09334,1.07482,1.07644,1.07518,1.07028,1.05862,1.06102,1.05924,1.04334,1.05048,1.039,1.05514,1.04072,1.0198,1.01874,0.995034,1.16062,102,0,0,0,0,0,0,0,0,0,0,0,0,0,0,0,0,0,29,0,0,0,-0.009904358
14,5/18/2012 4:00,5/18/2012 4:30,0.978014,874.88,852.102,852.58,838.82,827.908,833.124,821.74,824.11,809.878,788.528,799.44,794.696,787.582,776.668,770.498,756.74,754.842,760.06,747.724,741.084,750.574,733.968,725.902,725.428,724.952,874.88,5.37466,5.42028,5.34534,5.28664,5.2573,5.25408,5.24428,5.16606,5.16608,5.15304,5.0748,5.07482,4.96724,4.93138,5.0748,4.83684,4.81078,4.91838,4.82382,4.77166,4.80098,4.71302,4.68368,4.62502,4.67716,5.42028,0.1024324,0.0991758,0.104936,0.0939176,0.0906618,0.0826472,0.094419,0.0941692,0.0986766,0.0884074,0.091914,0.077638,0.1009298,0.0931668,0.0906612,0.0904112,0.0849012,0.0851528,0.0899106,0.0914126,0.0844004,0.0891586,0.0838994,0.0783898,0.0844004,0.104936,23.041,22.7496,22.2618,21.4732,21.4858,20.7716,20.3934,20.3858,19.5896,19.361,18.945,18.6402,18.9328,18.9778,18.8232,19.3112,19.4252,18.981,18.7966,18.5614,18.415,17.9758,17.788,18.1718,17.3234,23.041,0.076039,0.0765942,0.076178,0.0776218,0.0792884,0.0755668,0.0770666,0.0795382,0.0788164,0.0779278,0.0783442,0.0781496,0.0768444,0.0743726,0.0709012,0.0719286,0.07204,0.0717622,0.072401,0.0701516,0.0738728,0.0706236,0.0716788,0.0698738,0.0718178,0.0795382,1.14592,1.12684,1.11496,1.10722,1.12198,1.11714,1.11092,1.09366,1.09334,1.07482,1.07644,1.07518,1.07028,1.05862,1.06102,1.05924,1.04334,1.05048,1.039,1.05514,1.04072,1.0198,1.01874,0.995034,0.997766,1.14592,102,0,0,0,0,0,0,0,0,0,0,0,0,0,0,0,0,0,29,0,0,0,-0.009936245
14,5/18/2012 4:05,5/18/2012 4:35,0.959978,852.102,852.58,838.82,827.908,833.124,821.74,824.11,809.878,788.528,799.44,794.696,787.582,776.668,770.498,756.74,754.842,760.06,747.724,741.084,750.574,733.968,725.902,725.428,724.952,710.246,852.58,5.42028,5.34534,5.28664,5.2573,5.25408,5.24428,5.16606,5.16608,5.15304,5.0748,5.07482,4.96724,4.93138,5.0748,4.83684,4.81078,4.91838,4.82382,4.77166,4.80098,4.71302,4.68368,4.62502,4.67716,4.58916,5.42028,0.0991758,0.104936,0.0939176,0.0906618,0.0826472,0.094419,0.0941692,0.0986766,0.0884074,0.091914,0.077638,0.1009298,0.0931668,0.0906612,0.0904112,0.0849012,0.0851528,0.0899106,0.0914126,0.0844004,0.0891586,0.0838994,0.0783898,0.0844004,0.0846506,0.104936,22.7496,22.2618,21.4732,21.4858,20.7716,20.3934,20.3858,19.5896,19.361,18.945,18.6402,18.9328,18.9778,18.8232,19.3112,19.4252,18.981,18.7966,18.5614,18.415,17.9758,17.788,18.1718,17.3234,17.182,22.7496,0.0765942,0.076178,0.0776218,0.0792884,0.0755668,0.0770666,0.0795382,0.0788164,0.0779278,0.0783442,0.0781496,0.0768444,0.0743726,0.0709012,0.0719286,0.07204,0.0717622,0.072401,0.0701516,0.0738728,0.0706236,0.0716788,0.0698738,0.0718178,0.07079,0.0795382,1.12684,1.11496,1.10722,1.12198,1.11714,1.11092,1.09366,1.09334,1.07482,1.07644,1.07518,1.07028,1.05862,1.06102,1.05924,1.04334,1.05048,1.039,1.05514,1.04072,1.0198,1.01874,0.995034,0.997766,0.990758,1.12684,102,0,0,0,0,0,0,0,0,0,0,0,0,0,0,0,0,0,29,0,0,0,-0.015582222
14,5/18/2012 4:10,5/18/2012 4:40,0.97141,852.58,838.82,827.908,833.124,821.74,824.11,809.878,788.528,799.44,794.696,787.582,776.668,770.498,756.74,754.842,760.06,747.724,741.084,750.574,733.968,725.902,725.428,724.952,710.246,713.566,852.58,5.34534,5.28664,5.2573,5.25408,5.24428,5.16606,5.16608,5.15304,5.0748,5.07482,4.96724,4.93138,5.0748,4.83684,4.81078,4.91838,4.82382,4.77166,4.80098,4.71302,4.68368,4.62502,4.67716,4.58916,4.5794,5.34534,0.104936,0.0939176,0.0906618,0.0826472,0.094419,0.0941692,0.0986766,0.0884074,0.091914,0.077638,0.1009298,0.0931668,0.0906612,0.0904112,0.0849012,0.0851528,0.0899106,0.0914126,0.0844004,0.0891586,0.0838994,0.0783898,0.0844004,0.0846506,0.0806436,0.104936,22.2618,21.4732,21.4858,20.7716,20.3934,20.3858,19.5896,19.361,18.945,18.6402,18.9328,18.9778,18.8232,19.3112,19.4252,18.981,18.7966,18.5614,18.415,17.9758,17.788,18.1718,17.3234,17.182,17.5872,22.2618,0.076178,0.0776218,0.0792884,0.0755668,0.0770666,0.0795382,0.0788164,0.0779278,0.0783442,0.0781496,0.0768444,0.0743726,0.0709012,0.0719286,0.07204,0.0717622,0.072401,0.0701516,0.0738728,0.0706236,0.0716788,0.0698738,0.0718178,0.07079,0.0698458,0.0795382,1.11496,1.10722,1.12198,1.11714,1.11092,1.09366,1.09334,1.07482,1.07644,1.07518,1.07028,1.05862,1.06102,1.05924,1.04334,1.05048,1.039,1.05514,1.04072,1.0198,1.01874,0.995034,0.997766,0.990758,0.991568,1.12198,102,0,0,0,0,0,0,0,0,0,0,0,0,0,0,0,0,0,29,0,0,0,-0.010173245
14,5/18/2012 4:15,5/18/2012 4:45,0.9676,838.82,827.908,833.124,821.74,824.11,809.878,788.528,799.44,794.696,787.582,776.668,770.498,756.74,754.842,760.06,747.724,741.084,750.574,733.968,725.902,725.428,724.952,710.246,713.566,708.82,838.82,5.28664,5.2573,5.25408,5.24428,5.16606,5.16608,5.15304,5.0748,5.07482,4.96724,4.93138,5.0748,4.83684,4.81078,4.91838,4.82382,4.77166,4.80098,4.71302,4.68368,4.62502,4.67716,4.58916,4.5794,4.5794,5.28664,0.0939176,0.0906618,0.0826472,0.094419,0.0941692,0.0986766,0.0884074,0.091914,0.077638,0.1009298,0.0931668,0.0906612,0.0904112,0.0849012,0.0851528,0.0899106,0.0914126,0.0844004,0.0891586,0.0838994,0.0783898,0.0844004,0.0846506,0.0806436,0.0821464,0.1009298,21.4732,21.4858,20.7716,20.3934,20.3858,19.5896,19.361,18.945,18.6402,18.9328,18.9778,18.8232,19.3112,19.4252,18.981,18.7966,18.5614,18.415,17.9758,17.788,18.1718,17.3234,17.182,17.5872,17.5136,21.4858,0.0776218,0.0792884,0.0755668,0.0770666,0.0795382,0.0788164,0.0779278,0.0783442,0.0781496,0.0768444,0.0743726,0.0709012,0.0719286,0.07204,0.0717622,0.072401,0.0701516,0.0738728,0.0706236,0.0716788,0.0698738,0.0718178,0.07079,0.0698458,0.066291,0.0795382,1.10722,1.12198,1.11714,1.11092,1.09366,1.09334,1.07482,1.07644,1.07518,1.07028,1.05862,1.06102,1.05924,1.04334,1.05048,1.039,1.05514,1.04072,1.0198,1.01874,0.995034,0.997766,0.990758,0.991568,0.995224,1.12198,102,0,0,0,0,0,0,0,0,0,0,0,0,0,0,0,0,0,29,0,0,0,-0.013941799
14,5/18/2012 4:20,5/18/2012 4:50,0.955562,827.908,833.124,821.74,824.11,809.878,788.528,799.44,794.696,787.582,776.668,770.498,756.74,754.842,760.06,747.724,741.084,750.574,733.968,725.902,725.428,724.952,710.246,713.566,708.82,706.45,833.124,5.2573,5.25408,5.24428,5.16606,5.16608,5.15304,5.0748,5.07482,4.96724,4.93138,5.0748,4.83684,4.81078,4.91838,4.82382,4.77166,4.80098,4.71302,4.68368,4.62502,4.67716,4.58916,4.5794,4.5794,4.58916,5.2573,0.0906618,0.0826472,0.094419,0.0941692,0.0986766,0.0884074,0.091914,0.077638,0.1009298,0.0931668,0.0906612,0.0904112,0.0849012,0.0851528,0.0899106,0.0914126,0.0844004,0.0891586,0.0838994,0.0783898,0.0844004,0.0846506,0.0806436,0.0821464,0.0884076,0.1009298,21.4858,20.7716,20.3934,20.3858,19.5896,19.361,18.945,18.6402,18.9328,18.9778,18.8232,19.3112,19.4252,18.981,18.7966,18.5614,18.415,17.9758,17.788,18.1718,17.3234,17.182,17.5872,17.5136,17.0186,21.4858,0.0792884,0.0755668,0.0770666,0.0795382,0.0788164,0.0779278,0.0783442,0.0781496,0.0768444,0.0743726,0.0709012,0.0719286,0.07204,0.0717622,0.072401,0.0701516,0.0738728,0.0706236,0.0716788,0.0698738,0.0718178,0.07079,0.0698458,0.066291,0.0702622,0.0795382,1.12198,1.11714,1.11092,1.09366,1.09334,1.07482,1.07644,1.07518,1.07028,1.05862,1.06102,1.05924,1.04334,1.05048,1.039,1.05514,1.04072,1.0198,1.01874,0.995034,0.997766,0.990758,0.991568,0.995224,0.985146,1.12198,102,0,0,0,0,0,0,0,0,0,0,0,0,0,0,0,0,0,29,0,0,0,-0.015014843
14,5/18/2012 4:25,5/18/2012 4:55,0.940658,833.124,821.74,824.11,809.878,788.528,799.44,794.696,787.582,776.668,770.498,756.74,754.842,760.06,747.724,741.084,750.574,733.968,725.902,725.428,724.952,710.246,713.566,708.82,706.45,699.334,833.124,5.25408,5.24428,5.16606,5.16608,5.15304,5.0748,5.07482,4.96724,4.93138,5.0748,4.83684,4.81078,4.91838,4.82382,4.77166,4.80098,4.71302,4.68368,4.62502,4.67716,4.58916,4.5794,4.5794,4.58916,4.42292,5.25408,0.0826472,0.094419,0.0941692,0.0986766,0.0884074,0.091914,0.077638,0.1009298,0.0931668,0.0906612,0.0904112,0.0849012,0.0851528,0.0899106,0.0914126,0.0844004,0.0891586,0.0838994,0.0783898,0.0844004,0.0846506,0.0806436,0.0821464,0.0884076,0.078139,0.1009298,20.7716,20.3934,20.3858,19.5896,19.361,18.945,18.6402,18.9328,18.9778,18.8232,19.3112,19.4252,18.981,18.7966,18.5614,18.415,17.9758,17.788,18.1718,17.3234,17.182,17.5872,17.5136,17.0186,16.656,20.7716,0.0755668,0.0770666,0.0795382,0.0788164,0.0779278,0.0783442,0.0781496,0.0768444,0.0743726,0.0709012,0.0719286,0.07204,0.0717622,0.072401,0.0701516,0.0738728,0.0706236,0.0716788,0.0698738,0.0718178,0.07079,0.0698458,0.066291,0.0702622,0.068735,0.0795382,1.11714,1.11092,1.09366,1.09334,1.07482,1.07644,1.07518,1.07028,1.05862,1.06102,1.05924,1.04334,1.05048,1.039,1.05514,1.04072,1.0198,1.01874,0.995034,0.997766,0.990758,0.991568,0.995224,0.985146,0.975372,1.11714,102,0,0,0,0,0,0,0,0,0,0,0,0,0,0,0,0,0,29,0,0,0,-0.017729644
14,5/18/2012 4:30,5/18/2012 5:00,0.93813,821.74,824.11,809.878,788.528,799.44,794.696,787.582,776.668,770.498,756.74,754.842,760.06,747.724,741.084,750.574,733.968,725.902,725.428,724.952,710.246,713.566,708.82,706.45,699.334,693.638,824.11,5.24428,5.16606,5.16608,5.15304,5.0748,5.07482,4.96724,4.93138,5.0748,4.83684,4.81078,4.91838,4.82382,4.77166,4.80098,4.71302,4.68368,4.62502,4.67716,4.58916,4.5794,4.5794,4.58916,4.42292,4.47182,5.24428,0.094419,0.0941692,0.0986766,0.0884074,0.091914,0.077638,0.1009298,0.0931668,0.0906612,0.0904112,0.0849012,0.0851528,0.0899106,0.0914126,0.0844004,0.0891586,0.0838994,0.0783898,0.0844004,0.0846506,0.0806436,0.0821464,0.0884076,0.078139,0.0763858,0.1009298,20.3934,20.3858,19.5896,19.361,18.945,18.6402,18.9328,18.9778,18.8232,19.3112,19.4252,18.981,18.7966,18.5614,18.415,17.9758,17.788,18.1718,17.3234,17.182,17.5872,17.5136,17.0186,16.656,17.1284,20.3934,0.0770666,0.0795382,0.0788164,0.0779278,0.0783442,0.0781496,0.0768444,0.0743726,0.0709012,0.0719286,0.07204,0.0717622,0.072401,0.0701516,0.0738728,0.0706236,0.0716788,0.0698738,0.0718178,0.07079,0.0698458,0.066291,0.0702622,0.068735,0.0682906,0.0795382,1.11092,1.09366,1.09334,1.07482,1.07644,1.07518,1.07028,1.05862,1.06102,1.05924,1.04334,1.05048,1.039,1.05514,1.04072,1.0198,1.01874,0.995034,0.997766,0.990758,0.991568,0.995224,0.985146,0.975372,0.978014,1.11092,102,0,0,0,0,0,0,0,0,0,0,0,0,0,0,0,0,0,29,0,0,0,-0.02036972
14,5/18/2012 4:35,5/18/2012 5:05,0.914168,824.11,809.878,788.528,799.44,794.696,787.582,776.668,770.498,756.74,754.842,760.06,747.724,741.084,750.574,733.968,725.902,725.428,724.952,710.246,713.566,708.82,706.45,699.334,693.638,689.844,824.11,5.16606,5.16608,5.15304,5.0748,5.07482,4.96724,4.93138,5.0748,4.83684,4.81078,4.91838,4.82382,4.77166,4.80098,4.71302,4.68368,4.62502,4.67716,4.58916,4.5794,4.5794,4.58916,4.42292,4.47182,4.33494,5.16608,0.0941692,0.0986766,0.0884074,0.091914,0.077638,0.1009298,0.0931668,0.0906612,0.0904112,0.0849012,0.0851528,0.0899106,0.0914126,0.0844004,0.0891586,0.0838994,0.0783898,0.0844004,0.0846506,0.0806436,0.0821464,0.0884076,0.078139,0.0763858,0.0771376,0.1009298,20.3858,19.5896,19.361,18.945,18.6402,18.9328,18.9778,18.8232,19.3112,19.4252,18.981,18.7966,18.5614,18.415,17.9758,17.788,18.1718,17.3234,17.182,17.5872,17.5136,17.0186,16.656,17.1284,17.3558,20.3858,0.0795382,0.0788164,0.0779278,0.0783442,0.0781496,0.0768444,0.0743726,0.0709012,0.0719286,0.07204,0.0717622,0.072401,0.0701516,0.0738728,0.0706236,0.0716788,0.0698738,0.0718178,0.07079,0.0698458,0.066291,0.0702622,0.068735,0.0682906,0.0679574,0.0795382,1.09366,1.09334,1.07482,1.07644,1.07518,1.07028,1.05862,1.06102,1.05924,1.04334,1.05048,1.039,1.05514,1.04072,1.0198,1.01874,0.995034,0.997766,0.990758,0.991568,0.995224,0.985146,0.975372,0.978014,0.959978,1.09366,102,0,0,0,0,0,0,0,0,0,0,0,0,0,0,0,0,0,29,0,0,0,-0.023650185
14,5/18/2012 4:40,5/18/2012 5:10,0.929412,809.878,788.528,799.44,794.696,787.582,776.668,770.498,756.74,754.842,760.06,747.724,741.084,750.574,733.968,725.902,725.428,724.952,710.246,713.566,708.82,706.45,699.334,693.638,689.844,678.458,809.878,5.16608,5.15304,5.0748,5.07482,4.96724,4.93138,5.0748,4.83684,4.81078,4.91838,4.82382,4.77166,4.80098,4.71302,4.68368,4.62502,4.67716,4.58916,4.5794,4.5794,4.58916,4.42292,4.47182,4.33494,4.37076,5.16608,0.0986766,0.0884074,0.091914,0.077638,0.1009298,0.0931668,0.0906612,0.0904112,0.0849012,0.0851528,0.0899106,0.0914126,0.0844004,0.0891586,0.0838994,0.0783898,0.0844004,0.0846506,0.0806436,0.0821464,0.0884076,0.078139,0.0763858,0.0771376,0.0778888,0.1009298,19.5896,19.361,18.945,18.6402,18.9328,18.9778,18.8232,19.3112,19.4252,18.981,18.7966,18.5614,18.415,17.9758,17.788,18.1718,17.3234,17.182,17.5872,17.5136,17.0186,16.656,17.1284,17.3558,17.1432,19.5896,0.0788164,0.0779278,0.0783442,0.0781496,0.0768444,0.0743726,0.0709012,0.0719286,0.07204,0.0717622,0.072401,0.0701516,0.0738728,0.0706236,0.0716788,0.0698738,0.0718178,0.07079,0.0698458,0.066291,0.0702622,0.068735,0.0682906,0.0679574,0.0669854,0.0788164,1.09334,1.07482,1.07644,1.07518,1.07028,1.05862,1.06102,1.05924,1.04334,1.05048,1.039,1.05514,1.04072,1.0198,1.01874,0.995034,0.997766,0.990758,0.991568,0.995224,0.985146,0.975372,0.978014,0.959978,0.97141,1.09334,102,0,0,0,0,0,0,0,0,0,0,0,0,0,0,0,0,0,29,0,0,0,-0.021533729
14,5/18/2012 4:45,5/18/2012 5:15,0.923828,788.528,799.44,794.696,787.582,776.668,770.498,756.74,754.842,760.06,747.724,741.084,750.574,733.968,725.902,725.428,724.952,710.246,713.566,708.82,706.45,699.334,693.638,689.844,678.458,677.506,799.44,5.15304,5.0748,5.07482,4.96724,4.93138,5.0748,4.83684,4.81078,4.91838,4.82382,4.77166,4.80098,4.71302,4.68368,4.62502,4.67716,4.58916,4.5794,4.5794,4.58916,4.42292,4.47182,4.33494,4.37076,4.19314,5.15304,0.0884074,0.091914,0.077638,0.1009298,0.0931668,0.0906612,0.0904112,0.0849012,0.0851528,0.0899106,0.0914126,0.0844004,0.0891586,0.0838994,0.0783898,0.0844004,0.0846506,0.0806436,0.0821464,0.0884076,0.078139,0.0763858,0.0771376,0.0778888,0.0771372,0.1009298,19.361,18.945,18.6402,18.9328,18.9778,18.8232,19.3112,19.4252,18.981,18.7966,18.5614,18.415,17.9758,17.788,18.1718,17.3234,17.182,17.5872,17.5136,17.0186,16.656,17.1284,17.3558,17.1432,16.9348,19.4252,0.0779278,0.0783442,0.0781496,0.0768444,0.0743726,0.0709012,0.0719286,0.07204,0.0717622,0.072401,0.0701516,0.0738728,0.0706236,0.0716788,0.0698738,0.0718178,0.07079,0.0698458,0.066291,0.0702622,0.068735,0.0682906,0.0679574,0.0669854,0.0668744,0.0783442,1.07482,1.07644,1.07518,1.07028,1.05862,1.06102,1.05924,1.04334,1.05048,1.039,1.05514,1.04072,1.0198,1.01874,0.995034,0.997766,0.990758,0.991568,0.995224,0.985146,0.975372,0.978014,0.959978,0.97141,0.9676,1.07644,102,0,0,0,0,0,0,0,0,0,0,0,0,0,0,0,0,0,29,0,0,0,-0.022497575
14,5/18/2012 4:50,5/18/2012 5:20,0.908848,799.44,794.696,787.582,776.668,770.498,756.74,754.842,760.06,747.724,741.084,750.574,733.968,725.902,725.428,724.952,710.246,713.566,708.82,706.45,699.334,693.638,689.844,678.458,677.506,669.442,799.44,5.0748,5.07482,4.96724,4.93138,5.0748,4.83684,4.81078,4.91838,4.82382,4.77166,4.80098,4.71302,4.68368,4.62502,4.67716,4.58916,4.5794,4.5794,4.58916,4.42292,4.47182,4.33494,4.37076,4.19314,4.23718,5.07482,0.091914,0.077638,0.1009298,0.0931668,0.0906612,0.0904112,0.0849012,0.0851528,0.0899106,0.0914126,0.0844004,0.0891586,0.0838994,0.0783898,0.0844004,0.0846506,0.0806436,0.0821464,0.0884076,0.078139,0.0763858,0.0771376,0.0778888,0.0771372,0.0761356,0.1009298,18.945,18.6402,18.9328,18.9778,18.8232,19.3112,19.4252,18.981,18.7966,18.5614,18.415,17.9758,17.788,18.1718,17.3234,17.182,17.5872,17.5136,17.0186,16.656,17.1284,17.3558,17.1432,16.9348,16.2342,19.4252,0.0783442,0.0781496,0.0768444,0.0743726,0.0709012,0.0719286,0.07204,0.0717622,0.072401,0.0701516,0.0738728,0.0706236,0.0716788,0.0698738,0.0718178,0.07079,0.0698458,0.066291,0.0702622,0.068735,0.0682906,0.0679574,0.0669854,0.0668744,0.068846,0.0783442,1.07644,1.07518,1.07028,1.05862,1.06102,1.05924,1.04334,1.05048,1.039,1.05514,1.04072,1.0198,1.01874,0.995034,0.997766,0.990758,0.991568,0.995224,0.985146,0.975372,0.978014,0.959978,0.97141,0.9676,0.955562,1.07644,102,0,0,0,0,0,0,0,0,0,0,0,0,0,0,0,0,0,29,0,0,0,-0.024177701
14,5/18/2012 4:55,5/18/2012 5:25,0.90903167,794.696,787.582,776.668,770.498,756.74,754.842,760.06,747.724,741.084,750.574,733.968,725.902,725.428,724.952,710.246,713.566,708.82,706.45,699.334,693.638,689.844,678.458,677.506,669.442,668.02,794.696,5.07482,4.96724,4.93138,5.0748,4.83684,4.81078,4.91838,4.82382,4.77166,4.80098,4.71302,4.68368,4.62502,4.67716,4.58916,4.5794,4.5794,4.58916,4.42292,4.47182,4.33494,4.37076,4.19314,4.23718,4.31864,5.07482,0.077638,0.1009298,0.0931668,0.0906612,0.0904112,0.0849012,0.0851528,0.0899106,0.0914126,0.0844004,0.0891586,0.0838994,0.0783898,0.0844004,0.0846506,0.0806436,0.0821464,0.0884076,0.078139,0.0763858,0.0771376,0.0778888,0.0771372,0.0761356,0.0771374,0.1009298,18.6402,18.9328,18.9778,18.8232,19.3112,19.4252,18.981,18.7966,18.5614,18.415,17.9758,17.788,18.1718,17.3234,17.182,17.5872,17.5136,17.0186,16.656,17.1284,17.3558,17.1432,16.9348,16.2342,16.349,19.4252,0.0781496,0.0768444,0.0743726,0.0709012,0.0719286,0.07204,0.0717622,0.072401,0.0701516,0.0738728,0.0706236,0.0716788,0.0698738,0.0718178,0.07079,0.0698458,0.066291,0.0702622,0.068735,0.0682906,0.0679574,0.0669854,0.0668744,0.068846,0.0669852,0.0781496,1.07518,1.07028,1.05862,1.06102,1.05924,1.04334,1.05048,1.039,1.05514,1.04072,1.0198,1.01874,0.995034,0.997766,0.990758,0.991568,0.995224,0.985146,0.975372,0.978014,0.959978,0.97141,0.9676,0.955562,0.940658,1.07518,102,0,0,0,0,0,0,0,0,0,0,0,0,0,0,0,0,0,29,0,0,0,-0.016430956
14,5/18/2012 5:00,5/18/2012 5:30,0.902472,787.582,776.668,770.498,756.74,754.842,760.06,747.724,741.084,750.574,733.968,725.902,725.428,724.952,710.246,713.566,708.82,706.45,699.334,693.638,689.844,678.458,677.506,669.442,668.02,659.478,787.582,4.96724,4.93138,5.0748,4.83684,4.81078,4.91838,4.82382,4.77166,4.80098,4.71302,4.68368,4.62502,4.67716,4.58916,4.5794,4.5794,4.58916,4.42292,4.47182,4.33494,4.37076,4.19314,4.23718,4.31864,4.24202,5.0748,0.1009298,0.0931668,0.0906612,0.0904112,0.0849012,0.0851528,0.0899106,0.0914126,0.0844004,0.0891586,0.0838994,0.0783898,0.0844004,0.0846506,0.0806436,0.0821464,0.0884076,0.078139,0.0763858,0.0771376,0.0778888,0.0771372,0.0761356,0.0771374,0.0738818,0.1009298,18.9328,18.9778,18.8232,19.3112,19.4252,18.981,18.7966,18.5614,18.415,17.9758,17.788,18.1718,17.3234,17.182,17.5872,17.5136,17.0186,16.656,17.1284,17.3558,17.1432,16.9348,16.2342,16.349,15.8154,19.4252,0.0768444,0.0743726,0.0709012,0.0719286,0.07204,0.0717622,0.072401,0.0701516,0.0738728,0.0706236,0.0716788,0.0698738,0.0718178,0.07079,0.0698458,0.066291,0.0702622,0.068735,0.0682906,0.0679574,0.0669854,0.0668744,0.068846,0.0669852,0.0650414,0.0768444,1.07028,1.05862,1.06102,1.05924,1.04334,1.05048,1.039,1.05514,1.04072,1.0198,1.01874,0.995034,0.997766,0.990758,0.991568,0.995224,0.985146,0.975372,0.978014,0.959978,0.97141,0.9676,0.955562,0.940658,0.93813,1.07028,102,0,0,0,0,0,0,0,0,0,0,0,0,0,0,0,0,0,29,0,0,0,-0.018569498
14,5/18/2012 5:05,5/18/2012 5:35,0.898472,776.668,770.498,756.74,754.842,760.06,747.724,741.084,750.574,733.968,725.902,725.428,724.952,710.246,713.566,708.82,706.45,699.334,693.638,689.844,678.458,677.506,669.442,668.02,659.478,660.904,776.668,4.93138,5.0748,4.83684,4.81078,4.91838,4.82382,4.77166,4.80098,4.71302,4.68368,4.62502,4.67716,4.58916,4.5794,4.5794,4.58916,4.42292,4.47182,4.33494,4.37076,4.19314,4.23718,4.31864,4.24202,4.21758,5.0748,0.0931668,0.0906612,0.0904112,0.0849012,0.0851528,0.0899106,0.0914126,0.0844004,0.0891586,0.0838994,0.0783898,0.0844004,0.0846506,0.0806436,0.0821464,0.0884076,0.078139,0.0763858,0.0771376,0.0778888,0.0771372,0.0761356,0.0771374,0.0738818,0.0763858,0.0931668,18.9778,18.8232,19.3112,19.4252,18.981,18.7966,18.5614,18.415,17.9758,17.788,18.1718,17.3234,17.182,17.5872,17.5136,17.0186,16.656,17.1284,17.3558,17.1432,16.9348,16.2342,16.349,15.8154,15.7596,19.4252,0.0743726,0.0709012,0.0719286,0.07204,0.0717622,0.072401,0.0701516,0.0738728,0.0706236,0.0716788,0.0698738,0.0718178,0.07079,0.0698458,0.066291,0.0702622,0.068735,0.0682906,0.0679574,0.0669854,0.0668744,0.068846,0.0669852,0.0650414,0.065708,0.0743726,1.05862,1.06102,1.05924,1.04334,1.05048,1.039,1.05514,1.04072,1.0198,1.01874,0.995034,0.997766,0.990758,0.991568,0.995224,0.985146,0.975372,0.978014,0.959978,0.97141,0.9676,0.955562,0.940658,0.93813,0.914168,1.06102,102,0,0,0,0,0,0,0,0,0,0,0,0,0,0,0,0,0,29,0,0,0,-0.008233711
14,5/18/2012 5:10,5/18/2012 5:40,0.893606,770.498,756.74,754.842,760.06,747.724,741.084,750.574,733.968,725.902,725.428,724.952,710.246,713.566,708.82,706.45,699.334,693.638,689.844,678.458,677.506,669.442,668.02,659.478,660.904,653.31,770.498,5.0748,4.83684,4.81078,4.91838,4.82382,4.77166,4.80098,4.71302,4.68368,4.62502,4.67716,4.58916,4.5794,4.5794,4.58916,4.42292,4.47182,4.33494,4.37076,4.19314,4.23718,4.31864,4.24202,4.21758,4.185,5.0748,0.0906612,0.0904112,0.0849012,0.0851528,0.0899106,0.0914126,0.0844004,0.0891586,0.0838994,0.0783898,0.0844004,0.0846506,0.0806436,0.0821464,0.0884076,0.078139,0.0763858,0.0771376,0.0778888,0.0771372,0.0761356,0.0771374,0.0738818,0.0763858,0.0778886,0.0914126,18.8232,19.3112,19.4252,18.981,18.7966,18.5614,18.415,17.9758,17.788,18.1718,17.3234,17.182,17.5872,17.5136,17.0186,16.656,17.1284,17.3558,17.1432,16.9348,16.2342,16.349,15.8154,15.7596,15.7942,19.4252,0.0709012,0.0719286,0.07204,0.0717622,0.072401,0.0701516,0.0738728,0.0706236,0.0716788,0.0698738,0.0718178,0.07079,0.0698458,0.066291,0.0702622,0.068735,0.0682906,0.0679574,0.0669854,0.0668744,0.068846,0.0669852,0.0650414,0.065708,0.063514,0.0738728,1.06102,1.05924,1.04334,1.05048,1.039,1.05514,1.04072,1.0198,1.01874,0.995034,0.997766,0.990758,0.991568,0.995224,0.985146,0.975372,0.978014,0.959978,0.97141,0.9676,0.955562,0.940658,0.93813,0.914168,0.929412,1.06102,102,0,0,0,0,0,0,0,0,0,0,0,0,0,0,0,0,0,29,0,0,0,-0.018732346
14,5/18/2012 5:15,5/18/2012 5:45,0.876172,756.74,754.842,760.06,747.724,741.084,750.574,733.968,725.902,725.428,724.952,710.246,713.566,708.82,706.45,699.334,693.638,689.844,678.458,677.506,669.442,668.02,659.478,660.904,653.31,649.514,760.06,4.83684,4.81078,4.91838,4.82382,4.77166,4.80098,4.71302,4.68368,4.62502,4.67716,4.58916,4.5794,4.5794,4.58916,4.42292,4.47182,4.33494,4.37076,4.19314,4.23718,4.31864,4.24202,4.21758,4.185,4.17036,4.91838,0.0904112,0.0849012,0.0851528,0.0899106,0.0914126,0.0844004,0.0891586,0.0838994,0.0783898,0.0844004,0.0846506,0.0806436,0.0821464,0.0884076,0.078139,0.0763858,0.0771376,0.0778888,0.0771372,0.0761356,0.0771374,0.0738818,0.0763858,0.0778886,0.0671194,0.0914126,19.3112,19.4252,18.981,18.7966,18.5614,18.415,17.9758,17.788,18.1718,17.3234,17.182,17.5872,17.5136,17.0186,16.656,17.1284,17.3558,17.1432,16.9348,16.2342,16.349,15.8154,15.7596,15.7942,15.3788,19.4252,0.0719286,0.07204,0.0717622,0.072401,0.0701516,0.0738728,0.0706236,0.0716788,0.0698738,0.0718178,0.07079,0.0698458,0.066291,0.0702622,0.068735,0.0682906,0.0679574,0.0669854,0.0668744,0.068846,0.0669852,0.0650414,0.065708,0.063514,0.065597,0.0738728,1.05924,1.04334,1.05048,1.039,1.05514,1.04072,1.0198,1.01874,0.995034,0.997766,0.990758,0.991568,0.995224,0.985146,0.975372,0.978014,0.959978,0.97141,0.9676,0.955562,0.940658,0.93813,0.914168,0.929412,0.923828,1.05924,102,0,0,0,0,0,0,0,0,0,0,0,0,0,0,0,0,0,29,0,0,0,-0.02508342
14,5/18/2012 5:20,5/18/2012 5:50,0.878018,754.842,760.06,747.724,741.084,750.574,733.968,725.902,725.428,724.952,710.246,713.566,708.82,706.45,699.334,693.638,689.844,678.458,677.506,669.442,668.02,659.478,660.904,653.31,649.514,640.026,760.06,4.81078,4.91838,4.82382,4.77166,4.80098,4.71302,4.68368,4.62502,4.67716,4.58916,4.5794,4.5794,4.58916,4.42292,4.47182,4.33494,4.37076,4.19314,4.23718,4.31864,4.24202,4.21758,4.185,4.17036,4.1557,4.91838,0.0849012,0.0851528,0.0899106,0.0914126,0.0844004,0.0891586,0.0838994,0.0783898,0.0844004,0.0846506,0.0806436,0.0821464,0.0884076,0.078139,0.0763858,0.0771376,0.0778888,0.0771372,0.0761356,0.0771374,0.0738818,0.0763858,0.0778886,0.0671194,0.0778888,0.0914126,19.4252,18.981,18.7966,18.5614,18.415,17.9758,17.788,18.1718,17.3234,17.182,17.5872,17.5136,17.0186,16.656,17.1284,17.3558,17.1432,16.9348,16.2342,16.349,15.8154,15.7596,15.7942,15.3788,14.7652,19.4252,0.07204,0.0717622,0.072401,0.0701516,0.0738728,0.0706236,0.0716788,0.0698738,0.0718178,0.07079,0.0698458,0.066291,0.0702622,0.068735,0.0682906,0.0679574,0.0669854,0.0668744,0.068846,0.0669852,0.0650414,0.065708,0.063514,0.065597,0.0631806,0.0738728,1.04334,1.05048,1.039,1.05514,1.04072,1.0198,1.01874,0.995034,0.997766,0.990758,0.991568,0.995224,0.985146,0.975372,0.978014,0.959978,0.97141,0.9676,0.955562,0.940658,0.93813,0.914168,0.929412,0.923828,0.908848,1.05514,102,0,0,0,0,0,0,0,0,0,0,0,0,0,0,0,0,0,29,0,0,0,-0.016282953
14,5/18/2012 5:25,5/18/2012 5:55,0.8747,760.06,747.724,741.084,750.574,733.968,725.902,725.428,724.952,710.246,713.566,708.82,706.45,699.334,693.638,689.844,678.458,677.506,669.442,668.02,659.478,660.904,653.31,649.514,640.026,648.80167,760.06,4.91838,4.82382,4.77166,4.80098,4.71302,4.68368,4.62502,4.67716,4.58916,4.5794,4.5794,4.58916,4.42292,4.47182,4.33494,4.37076,4.19314,4.23718,4.31864,4.24202,4.21758,4.185,4.17036,4.1557,4.1095,4.91838,0.0851528,0.0899106,0.0914126,0.0844004,0.0891586,0.0838994,0.0783898,0.0844004,0.0846506,0.0806436,0.0821464,0.0884076,0.078139,0.0763858,0.0771376,0.0778888,0.0771372,0.0761356,0.0771374,0.0738818,0.0763858,0.0778886,0.0671194,0.0778888,0.078681833,0.0914126,18.981,18.7966,18.5614,18.415,17.9758,17.788,18.1718,17.3234,17.182,17.5872,17.5136,17.0186,16.656,17.1284,17.3558,17.1432,16.9348,16.2342,16.349,15.8154,15.7596,15.7942,15.3788,14.7652,14.985167,18.981,0.0717622,0.072401,0.0701516,0.0738728,0.0706236,0.0716788,0.0698738,0.0718178,0.07079,0.0698458,0.066291,0.0702622,0.068735,0.0682906,0.0679574,0.0669854,0.0668744,0.068846,0.0669852,0.0650414,0.065708,0.063514,0.065597,0.0631806,0.065471833,0.0738728,1.05048,1.039,1.05514,1.04072,1.0198,1.01874,0.995034,0.997766,0.990758,0.991568,0.995224,0.985146,0.975372,0.978014,0.959978,0.97141,0.9676,0.955562,0.940658,0.93813,0.914168,0.929412,0.923828,0.908848,0.90903167,1.05514,102,0,0,0,0,0,0,0,0,0,0,0,0,0,0,0,0,0,29,0,0,0,-0.018147488
14,5/18/2012 5:30,5/18/2012 6:00,0.874776,747.724,741.084,750.574,733.968,725.902,725.428,724.952,710.246,713.566,708.82,706.45,699.334,693.638,689.844,678.458,677.506,669.442,668.02,659.478,660.904,653.31,649.514,640.026,648.80167,636.706,750.574,4.82382,4.77166,4.80098,4.71302,4.68368,4.62502,4.67716,4.58916,4.5794,4.5794,4.58916,4.42292,4.47182,4.33494,4.37076,4.19314,4.23718,4.31864,4.24202,4.21758,4.185,4.17036,4.1557,4.1095,4.14914,4.82382,0.0899106,0.0914126,0.0844004,0.0891586,0.0838994,0.0783898,0.0844004,0.0846506,0.0806436,0.0821464,0.0884076,0.078139,0.0763858,0.0771376,0.0778888,0.0771372,0.0761356,0.0771374,0.0738818,0.0763858,0.0778886,0.0671194,0.0778888,0.078681833,0.0776382,0.0914126,18.7966,18.5614,18.415,17.9758,17.788,18.1718,17.3234,17.182,17.5872,17.5136,17.0186,16.656,17.1284,17.3558,17.1432,16.9348,16.2342,16.349,15.8154,15.7596,15.7942,15.3788,14.7652,14.985167,14.683,18.7966,0.072401,0.0701516,0.0738728,0.0706236,0.0716788,0.0698738,0.0718178,0.07079,0.0698458,0.066291,0.0702622,0.068735,0.0682906,0.0679574,0.0669854,0.0668744,0.068846,0.0669852,0.0650414,0.065708,0.063514,0.065597,0.0631806,0.065471833,0.0633472,0.0738728,1.039,1.05514,1.04072,1.0198,1.01874,0.995034,0.997766,0.990758,0.991568,0.995224,0.985146,0.975372,0.978014,0.959978,0.97141,0.9676,0.955562,0.940658,0.93813,0.914168,0.929412,0.923828,0.908848,0.90903167,0.902472,1.05514,102,0,0,0,0,0,0,0,0,0,0,0,0,0,0,0,0,0,29,0,0,0,-0.014664908
14,5/18/2012 5:35,5/18/2012 6:05,0.869116,741.084,750.574,733.968,725.902,725.428,724.952,710.246,713.566,708.82,706.45,699.334,693.638,689.844,678.458,677.506,669.442,668.02,659.478,660.904,653.31,649.514,640.026,648.80167,636.706,632.91,750.574,4.77166,4.80098,4.71302,4.68368,4.62502,4.67716,4.58916,4.5794,4.5794,4.58916,4.42292,4.47182,4.33494,4.37076,4.19314,4.23718,4.31864,4.24202,4.21758,4.185,4.17036,4.1557,4.1095,4.14914,4.0253,4.80098,0.0914126,0.0844004,0.0891586,0.0838994,0.0783898,0.0844004,0.0846506,0.0806436,0.0821464,0.0884076,0.078139,0.0763858,0.0771376,0.0778888,0.0771372,0.0761356,0.0771374,0.0738818,0.0763858,0.0778886,0.0671194,0.0778888,0.078681833,0.0776382,0.0786402,0.0914126,18.5614,18.415,17.9758,17.788,18.1718,17.3234,17.182,17.5872,17.5136,17.0186,16.656,17.1284,17.3558,17.1432,16.9348,16.2342,16.349,15.8154,15.7596,15.7942,15.3788,14.7652,14.985167,14.683,14.742,18.5614,0.0701516,0.0738728,0.0706236,0.0716788,0.0698738,0.0718178,0.07079,0.0698458,0.066291,0.0702622,0.068735,0.0682906,0.0679574,0.0669854,0.0668744,0.068846,0.0669852,0.0650414,0.065708,0.063514,0.065597,0.0631806,0.065471833,0.0633472,0.0644584,0.0738728,1.05514,1.04072,1.0198,1.01874,0.995034,0.997766,0.990758,0.991568,0.995224,0.985146,0.975372,0.978014,0.959978,0.97141,0.9676,0.955562,0.940658,0.93813,0.914168,0.929412,0.923828,0.908848,0.90903167,0.902472,0.898472,1.05514,102,0,0,0,0,0,0,0,0,0,0,0,0,0,0,0,0,0,29,0,0,0,-0.01558376
14,5/18/2012 5:40,5/18/2012 6:10,0.864964,750.574,733.968,725.902,725.428,724.952,710.246,713.566,708.82,706.45,699.334,693.638,689.844,678.458,677.506,669.442,668.02,659.478,660.904,653.31,649.514,640.026,648.80167,636.706,632.91,636.706,750.574,4.80098,4.71302,4.68368,4.62502,4.67716,4.58916,4.5794,4.5794,4.58916,4.42292,4.47182,4.33494,4.37076,4.19314,4.23718,4.31864,4.24202,4.21758,4.185,4.17036,4.1557,4.1095,4.14914,4.0253,4.0432,4.80098,0.0844004,0.0891586,0.0838994,0.0783898,0.0844004,0.0846506,0.0806436,0.0821464,0.0884076,0.078139,0.0763858,0.0771376,0.0778888,0.0771372,0.0761356,0.0771374,0.0738818,0.0763858,0.0778886,0.0671194,0.0778888,0.078681833,0.0776382,0.0786402,0.0753842,0.0891586,18.415,17.9758,17.788,18.1718,17.3234,17.182,17.5872,17.5136,17.0186,16.656,17.1284,17.3558,17.1432,16.9348,16.2342,16.349,15.8154,15.7596,15.7942,15.3788,14.7652,14.985167,14.683,14.742,14.4048,18.415,0.0738728,0.0706236,0.0716788,0.0698738,0.0718178,0.07079,0.0698458,0.066291,0.0702622,0.068735,0.0682906,0.0679574,0.0669854,0.0668744,0.068846,0.0669852,0.0650414,0.065708,0.063514,0.065597,0.0631806,0.065471833,0.0633472,0.0644584,0.0593762,0.0738728,1.04072,1.0198,1.01874,0.995034,0.997766,0.990758,0.991568,0.995224,0.985146,0.975372,0.978014,0.959978,0.97141,0.9676,0.955562,0.940658,0.93813,0.914168,0.929412,0.923828,0.908848,0.90903167,0.902472,0.898472,0.893606,1.04072,102,0,0,0,0,0,0,0,0,0,0,0,0,0,0,0,0,0,29,0,0,0,-0.015241198
14,5/18/2012 5:45,5/18/2012 6:15,0.877756,733.968,725.902,725.428,724.952,710.246,713.566,708.82,706.45,699.334,693.638,689.844,678.458,677.506,669.442,668.02,659.478,660.904,653.31,649.514,640.026,648.80167,636.706,632.91,636.706,616.064,733.968,4.71302,4.68368,4.62502,4.67716,4.58916,4.5794,4.5794,4.58916,4.42292,4.47182,4.33494,4.37076,4.19314,4.23718,4.31864,4.24202,4.21758,4.185,4.17036,4.1557,4.1095,4.14914,4.0253,4.0432,3.96174,4.71302,0.0891586,0.0838994,0.0783898,0.0844004,0.0846506,0.0806436,0.0821464,0.0884076,0.078139,0.0763858,0.0771376,0.0778888,0.0771372,0.0761356,0.0771374,0.0738818,0.0763858,0.0778886,0.0671194,0.0778888,0.078681833,0.0776382,0.0786402,0.0753842,0.0686222,0.0891586,17.9758,17.788,18.1718,17.3234,17.182,17.5872,17.5136,17.0186,16.656,17.1284,17.3558,17.1432,16.9348,16.2342,16.349,15.8154,15.7596,15.7942,15.3788,14.7652,14.985167,14.683,14.742,14.4048,13.8198,18.1718,0.0706236,0.0716788,0.0698738,0.0718178,0.07079,0.0698458,0.066291,0.0702622,0.068735,0.0682906,0.0679574,0.0669854,0.0668744,0.068846,0.0669852,0.0650414,0.065708,0.063514,0.065597,0.0631806,0.065471833,0.0633472,0.0644584,0.0593762,0.0624588,0.0718178,1.0198,1.01874,0.995034,0.997766,0.990758,0.991568,0.995224,0.985146,0.975372,0.978014,0.959978,0.97141,0.9676,0.955562,0.940658,0.93813,0.914168,0.929412,0.923828,0.908848,0.90903167,0.902472,0.898472,0.893606,0.876172,1.0198,102,0,0,0,0,0,0,0,0,0,0,0,0,0,0,0,0,0,29,0,0,0,0.000843916
14,5/18/2012 5:50,5/18/2012 6:20,0.85855,725.902,725.428,724.952,710.246,713.566,708.82,706.45,699.334,693.638,689.844,678.458,677.506,669.442,668.02,659.478,660.904,653.31,649.514,640.026,648.80167,636.706,632.91,636.706,616.064,620.574,725.902,4.68368,4.62502,4.67716,4.58916,4.5794,4.5794,4.58916,4.42292,4.47182,4.33494,4.37076,4.19314,4.23718,4.31864,4.24202,4.21758,4.185,4.17036,4.1557,4.1095,4.14914,4.0253,4.0432,3.96174,4.02366,4.68368,0.0838994,0.0783898,0.0844004,0.0846506,0.0806436,0.0821464,0.0884076,0.078139,0.0763858,0.0771376,0.0778888,0.0771372,0.0761356,0.0771374,0.0738818,0.0763858,0.0778886,0.0671194,0.0778888,0.078681833,0.0776382,0.0786402,0.0753842,0.0686222,0.0716276,0.0884076,17.788,18.1718,17.3234,17.182,17.5872,17.5136,17.0186,16.656,17.1284,17.3558,17.1432,16.9348,16.2342,16.349,15.8154,15.7596,15.7942,15.3788,14.7652,14.985167,14.683,14.742,14.4048,13.8198,14.1696,18.1718,0.0716788,0.0698738,0.0718178,0.07079,0.0698458,0.066291,0.0702622,0.068735,0.0682906,0.0679574,0.0669854,0.0668744,0.068846,0.0669852,0.0650414,0.065708,0.063514,0.065597,0.0631806,0.065471833,0.0633472,0.0644584,0.0593762,0.0624588,0.0625142,0.0718178,1.01874,0.995034,0.997766,0.990758,0.991568,0.995224,0.985146,0.975372,0.978014,0.959978,0.97141,0.9676,0.955562,0.940658,0.93813,0.914168,0.929412,0.923828,0.908848,0.90903167,0.902472,0.898472,0.893606,0.876172,0.878018,1.01874,102,0,0,0,0,0,0,0,0,0,0,0,0,0,0,0,0,0,29,0,0,0,-0.010420352
14,5/18/2012 5:55,5/18/2012 6:25,0.847682,725.428,724.952,710.246,713.566,708.82,706.45,699.334,693.638,689.844,678.458,677.506,669.442,668.02,659.478,660.904,653.31,649.514,640.026,648.80167,636.706,632.91,636.706,616.064,620.574,638.126,725.428,4.62502,4.67716,4.58916,4.5794,4.5794,4.58916,4.42292,4.47182,4.33494,4.37076,4.19314,4.23718,4.31864,4.24202,4.21758,4.185,4.17036,4.1557,4.1095,4.14914,4.0253,4.0432,3.96174,4.02366,3.93728,4.67716,0.0783898,0.0844004,0.0846506,0.0806436,0.0821464,0.0884076,0.078139,0.0763858,0.0771376,0.0778888,0.0771372,0.0761356,0.0771374,0.0738818,0.0763858,0.0778886,0.0671194,0.0778888,0.078681833,0.0776382,0.0786402,0.0753842,0.0686222,0.0716276,0.071377,0.0884076,18.1718,17.3234,17.182,17.5872,17.5136,17.0186,16.656,17.1284,17.3558,17.1432,16.9348,16.2342,16.349,15.8154,15.7596,15.7942,15.3788,14.7652,14.985167,14.683,14.742,14.4048,13.8198,14.1696,15.656,18.1718,0.0698738,0.0718178,0.07079,0.0698458,0.066291,0.0702622,0.068735,0.0682906,0.0679574,0.0669854,0.0668744,0.068846,0.0669852,0.0650414,0.065708,0.063514,0.065597,0.0631806,0.065471833,0.0633472,0.0644584,0.0593762,0.0624588,0.0625142,0.0624312,0.0718178,0.995034,0.997766,0.990758,0.991568,0.995224,0.985146,0.975372,0.978014,0.959978,0.97141,0.9676,0.955562,0.940658,0.93813,0.914168,0.929412,0.923828,0.908848,0.90903167,0.902472,0.898472,0.893606,0.876172,0.878018,0.8747,0.997766,102,0,0,0,0,0,0,0,0,0,0,0,0,0,0,0,0,0,29,0,0,0,-0.014516766
14,5/18/2012 6:00,5/18/2012 6:30,0.84572,724.952,710.246,713.566,708.82,706.45,699.334,693.638,689.844,678.458,677.506,669.442,668.02,659.478,660.904,653.31,649.514,640.026,648.80167,636.706,632.91,636.706,616.064,620.574,638.126,633.858,724.952,4.67716,4.58916,4.5794,4.5794,4.58916,4.42292,4.47182,4.33494,4.37076,4.19314,4.23718,4.31864,4.24202,4.21758,4.185,4.17036,4.1557,4.1095,4.14914,4.0253,4.0432,3.96174,4.02366,3.93728,4.04486,4.67716,0.0844004,0.0846506,0.0806436,0.0821464,0.0884076,0.078139,0.0763858,0.0771376,0.0778888,0.0771372,0.0761356,0.0771374,0.0738818,0.0763858,0.0778886,0.0671194,0.0778888,0.078681833,0.0776382,0.0786402,0.0753842,0.0686222,0.0716276,0.071377,0.066368,0.0884076,17.3234,17.182,17.5872,17.5136,17.0186,16.656,17.1284,17.3558,17.1432,16.9348,16.2342,16.349,15.8154,15.7596,15.7942,15.3788,14.7652,14.985167,14.683,14.742,14.4048,13.8198,14.1696,15.656,15.3086,17.5872,0.0718178,0.07079,0.0698458,0.066291,0.0702622,0.068735,0.0682906,0.0679574,0.0669854,0.0668744,0.068846,0.0669852,0.0650414,0.065708,0.063514,0.065597,0.0631806,0.065471833,0.0633472,0.0644584,0.0593762,0.0624588,0.0625142,0.0624312,0.0587372,0.0718178,0.997766,0.990758,0.991568,0.995224,0.985146,0.975372,0.978014,0.959978,0.97141,0.9676,0.955562,0.940658,0.93813,0.914168,0.929412,0.923828,0.908848,0.90903167,0.902472,0.898472,0.893606,0.876172,0.878018,0.8747,0.874776,0.997766,102,0,0,0,0,0,0,0,0,0,0,0,0,0,0,0,0,0,29,0,0,0,-0.01561974
14,5/18/2012 6:05,5/18/2012 6:35,0.830248,710.246,713.566,708.82,706.45,699.334,693.638,689.844,678.458,677.506,669.442,668.02,659.478,660.904,653.31,649.514,640.026,648.80167,636.706,632.91,636.706,616.064,620.574,638.126,633.858,612.508,713.566,4.58916,4.5794,4.5794,4.58916,4.42292,4.47182,4.33494,4.37076,4.19314,4.23718,4.31864,4.24202,4.21758,4.185,4.17036,4.1557,4.1095,4.14914,4.0253,4.0432,3.96174,4.02366,3.93728,4.04486,3.95194,4.58916,0.0846506,0.0806436,0.0821464,0.0884076,0.078139,0.0763858,0.0771376,0.0778888,0.0771372,0.0761356,0.0771374,0.0738818,0.0763858,0.0778886,0.0671194,0.0778888,0.078681833,0.0776382,0.0786402,0.0753842,0.0686222,0.0716276,0.071377,0.066368,0.0698744,0.0884076,17.182,17.5872,17.5136,17.0186,16.656,17.1284,17.3558,17.1432,16.9348,16.2342,16.349,15.8154,15.7596,15.7942,15.3788,14.7652,14.985167,14.683,14.742,14.4048,13.8198,14.1696,15.656,15.3086,15.5406,17.5872,0.07079,0.0698458,0.066291,0.0702622,0.068735,0.0682906,0.0679574,0.0669854,0.0668744,0.068846,0.0669852,0.0650414,0.065708,0.063514,0.065597,0.0631806,0.065471833,0.0633472,0.0644584,0.0593762,0.0624588,0.0625142,0.0624312,0.0587372,0.0624032,0.07079,0.990758,0.991568,0.995224,0.985146,0.975372,0.978014,0.959978,0.97141,0.9676,0.955562,0.940658,0.93813,0.914168,0.929412,0.923828,0.908848,0.90903167,0.902472,0.898472,0.893606,0.876172,0.878018,0.8747,0.874776,0.869116,0.995224,102,0,0,0,0,0,0,0,0,0,0,0,0,0,0,0,0,0,29,0,0,0,-0.021014115
14,5/18/2012 6:10,5/18/2012 6:40,0.820404,713.566,708.82,706.45,699.334,693.638,689.844,678.458,677.506,669.442,668.02,659.478,660.904,653.31,649.514,640.026,648.80167,636.706,632.91,636.706,616.064,620.574,638.126,633.858,612.508,607.766,713.566,4.5794,4.5794,4.58916,4.42292,4.47182,4.33494,4.37076,4.19314,4.23718,4.31864,4.24202,4.21758,4.185,4.17036,4.1557,4.1095,4.14914,4.0253,4.0432,3.96174,4.02366,3.93728,4.04486,3.95194,3.77432,4.58916,0.0806436,0.0821464,0.0884076,0.078139,0.0763858,0.0771376,0.0778888,0.0771372,0.0761356,0.0771374,0.0738818,0.0763858,0.0778886,0.0671194,0.0778888,0.078681833,0.0776382,0.0786402,0.0753842,0.0686222,0.0716276,0.071377,0.066368,0.0698744,0.069624,0.0884076,17.5872,17.5136,17.0186,16.656,17.1284,17.3558,17.1432,16.9348,16.2342,16.349,15.8154,15.7596,15.7942,15.3788,14.7652,14.985167,14.683,14.742,14.4048,13.8198,14.1696,15.656,15.3086,15.5406,15.4446,17.5872,0.0698458,0.066291,0.0702622,0.068735,0.0682906,0.0679574,0.0669854,0.0668744,0.068846,0.0669852,0.0650414,0.065708,0.063514,0.065597,0.0631806,0.065471833,0.0633472,0.0644584,0.0593762,0.0624588,0.0625142,0.0624312,0.0587372,0.0624032,0.059626,0.0702622,0.991568,0.995224,0.985146,0.975372,0.978014,0.959978,0.97141,0.9676,0.955562,0.940658,0.93813,0.914168,0.929412,0.923828,0.908848,0.90903167,0.902472,0.898472,0.893606,0.876172,0.878018,0.8747,0.874776,0.869116,0.864964,0.995224,102,0,0,0,0,0,0,0,0,0,0,0,0,0,0,0,0,0,29,0,0,0,-0.024183295
14,5/18/2012 6:15,5/18/2012 6:45,0.815648,708.82,706.45,699.334,693.638,689.844,678.458,677.506,669.442,668.02,659.478,660.904,653.31,649.514,640.026,648.80167,636.706,632.91,636.706,616.064,620.574,638.126,633.858,612.508,607.766,600.648,708.82,4.5794,4.58916,4.42292,4.47182,4.33494,4.37076,4.19314,4.23718,4.31864,4.24202,4.21758,4.185,4.17036,4.1557,4.1095,4.14914,4.0253,4.0432,3.96174,4.02366,3.93728,4.04486,3.95194,3.77432,3.80368,4.58916,0.0821464,0.0884076,0.078139,0.0763858,0.0771376,0.0778888,0.0771372,0.0761356,0.0771374,0.0738818,0.0763858,0.0778886,0.0671194,0.0778888,0.078681833,0.0776382,0.0786402,0.0753842,0.0686222,0.0716276,0.071377,0.066368,0.0698744,0.069624,0.0661178,0.0884076,17.5136,17.0186,16.656,17.1284,17.3558,17.1432,16.9348,16.2342,16.349,15.8154,15.7596,15.7942,15.3788,14.7652,14.985167,14.683,14.742,14.4048,13.8198,14.1696,15.656,15.3086,15.5406,15.4446,15.0286,17.5136,0.066291,0.0702622,0.068735,0.0682906,0.0679574,0.0669854,0.0668744,0.068846,0.0669852,0.0650414,0.065708,0.063514,0.065597,0.0631806,0.065471833,0.0633472,0.0644584,0.0593762,0.0624588,0.0625142,0.0624312,0.0587372,0.0624032,0.059626,0.0574042,0.0702622,0.995224,0.985146,0.975372,0.978014,0.959978,0.97141,0.9676,0.955562,0.940658,0.93813,0.914168,0.929412,0.923828,0.908848,0.90903167,0.902472,0.898472,0.893606,0.876172,0.878018,0.8747,0.874776,0.869116,0.864964,0.877756,0.995224,102,0,0,0,0,0,0,0,0,0,0,0,0,0,0,0,0,0,29,0,0,0,-0.033635018
14,5/18/2012 6:20,5/18/2012 6:50,0.815042,706.45,699.334,693.638,689.844,678.458,677.506,669.442,668.02,659.478,660.904,653.31,649.514,640.026,648.80167,636.706,632.91,636.706,616.064,620.574,638.126,633.858,612.508,607.766,600.648,586.65,706.45,4.58916,4.42292,4.47182,4.33494,4.37076,4.19314,4.23718,4.31864,4.24202,4.21758,4.185,4.17036,4.1557,4.1095,4.14914,4.0253,4.0432,3.96174,4.02366,3.93728,4.04486,3.95194,3.77432,3.80368,3.73846,4.58916,0.0884076,0.078139,0.0763858,0.0771376,0.0778888,0.0771372,0.0761356,0.0771374,0.0738818,0.0763858,0.0778886,0.0671194,0.0778888,0.078681833,0.0776382,0.0786402,0.0753842,0.0686222,0.0716276,0.071377,0.066368,0.0698744,0.069624,0.0661178,0.0601072,0.0884076,17.0186,16.656,17.1284,17.3558,17.1432,16.9348,16.2342,16.349,15.8154,15.7596,15.7942,15.3788,14.7652,14.985167,14.683,14.742,14.4048,13.8198,14.1696,15.656,15.3086,15.5406,15.4446,15.0286,15.0254,17.3558,0.0702622,0.068735,0.0682906,0.0679574,0.0669854,0.0668744,0.068846,0.0669852,0.0650414,0.065708,0.063514,0.065597,0.0631806,0.065471833,0.0633472,0.0644584,0.0593762,0.0624588,0.0625142,0.0624312,0.0587372,0.0624032,0.059626,0.0574042,0.0570708,0.0702622,0.985146,0.975372,0.978014,0.959978,0.97141,0.9676,0.955562,0.940658,0.93813,0.914168,0.929412,0.923828,0.908848,0.90903167,0.902472,0.898472,0.893606,0.876172,0.878018,0.8747,0.874776,0.869116,0.864964,0.877756,0.85855,0.985146,102,0,0,0,0,0,0,0,0,0,0,0,0,0,0,0,0,0,29,0,0,0,-0.023688006
14,5/18/2012 6:25,5/18/2012 6:55,0.816024,699.334,693.638,689.844,678.458,677.506,669.442,668.02,659.478,660.904,653.31,649.514,640.026,648.80167,636.706,632.91,636.706,616.064,620.574,638.126,633.858,612.508,607.766,600.648,586.65,585.704,699.334,4.42292,4.47182,4.33494,4.37076,4.19314,4.23718,4.31864,4.24202,4.21758,4.185,4.17036,4.1557,4.1095,4.14914,4.0253,4.0432,3.96174,4.02366,3.93728,4.04486,3.95194,3.77432,3.80368,3.73846,3.67002,4.47182,0.078139,0.0763858,0.0771376,0.0778888,0.0771372,0.0761356,0.0771374,0.0738818,0.0763858,0.0778886,0.0671194,0.0778888,0.078681833,0.0776382,0.0786402,0.0753842,0.0686222,0.0716276,0.071377,0.066368,0.0698744,0.069624,0.0661178,0.0601072,0.0618602,0.078681833,16.656,17.1284,17.3558,17.1432,16.9348,16.2342,16.349,15.8154,15.7596,15.7942,15.3788,14.7652,14.985167,14.683,14.742,14.4048,13.8198,14.1696,15.656,15.3086,15.5406,15.4446,15.0286,15.0254,15.359,17.3558,0.068735,0.0682906,0.0679574,0.0669854,0.0668744,0.068846,0.0669852,0.0650414,0.065708,0.063514,0.065597,0.0631806,0.065471833,0.0633472,0.0644584,0.0593762,0.0624588,0.0625142,0.0624312,0.0587372,0.0624032,0.059626,0.0574042,0.0570708,0.0573486,0.068846,0.975372,0.978014,0.959978,0.97141,0.9676,0.955562,0.940658,0.93813,0.914168,0.929412,0.923828,0.908848,0.90903167,0.902472,0.898472,0.893606,0.876172,0.878018,0.8747,0.874776,0.869116,0.864964,0.877756,0.85855,0.847682,0.978014,102,0,0,0,0,0,0,0,0,0,0,0,0,0,0,0,0,0,29,0,0,0,-0.017282385
14,5/18/2012 6:30,5/18/2012 7:00,0.791344,693.638,689.844,678.458,677.506,669.442,668.02,659.478,660.904,653.31,649.514,640.026,648.80167,636.706,632.91,636.706,616.064,620.574,638.126,633.858,612.508,607.766,600.648,586.65,585.704,588.786,693.638,4.47182,4.33494,4.37076,4.19314,4.23718,4.31864,4.24202,4.21758,4.185,4.17036,4.1557,4.1095,4.14914,4.0253,4.0432,3.96174,4.02366,3.93728,4.04486,3.95194,3.77432,3.80368,3.73846,3.67002,3.81178,4.47182,0.0763858,0.0771376,0.0778888,0.0771372,0.0761356,0.0771374,0.0738818,0.0763858,0.0778886,0.0671194,0.0778888,0.078681833,0.0776382,0.0786402,0.0753842,0.0686222,0.0716276,0.071377,0.066368,0.0698744,0.069624,0.0661178,0.0601072,0.0618602,0.0728798,0.078681833,17.1284,17.3558,17.1432,16.9348,16.2342,16.349,15.8154,15.7596,15.7942,15.3788,14.7652,14.985167,14.683,14.742,14.4048,13.8198,14.1696,15.656,15.3086,15.5406,15.4446,15.0286,15.0254,15.359,15.4568,17.3558,0.0682906,0.0679574,0.0669854,0.0668744,0.068846,0.0669852,0.0650414,0.065708,0.063514,0.065597,0.0631806,0.065471833,0.0633472,0.0644584,0.0593762,0.0624588,0.0625142,0.0624312,0.0587372,0.0624032,0.059626,0.0574042,0.0570708,0.0573486,0.0557378,0.068846,0.978014,0.959978,0.97141,0.9676,0.955562,0.940658,0.93813,0.914168,0.929412,0.923828,0.908848,0.90903167,0.902472,0.898472,0.893606,0.876172,0.878018,0.8747,0.874776,0.869116,0.864964,0.877756,0.85855,0.847682,0.84572,0.978014,102,0,0,0,0,0,0,0,0,0,0,0,0,0,0,0,0,0,29,0,0,0,-0.029903269
14,5/18/2012 6:35,5/18/2012 7:05,0.79897,689.844,678.458,677.506,669.442,668.02,659.478,660.904,653.31,649.514,640.026,648.80167,636.706,632.91,636.706,616.064,620.574,638.126,633.858,612.508,607.766,600.648,586.65,585.704,588.786,576.688,689.844,4.33494,4.37076,4.19314,4.23718,4.31864,4.24202,4.21758,4.185,4.17036,4.1557,4.1095,4.14914,4.0253,4.0432,3.96174,4.02366,3.93728,4.04486,3.95194,3.77432,3.80368,3.73846,3.67002,3.81178,3.65536,4.37076,0.0771376,0.0778888,0.0771372,0.0761356,0.0771374,0.0738818,0.0763858,0.0778886,0.0671194,0.0778888,0.078681833,0.0776382,0.0786402,0.0753842,0.0686222,0.0716276,0.071377,0.066368,0.0698744,0.069624,0.0661178,0.0601072,0.0618602,0.0728798,0.062862,0.078681833,17.3558,17.1432,16.9348,16.2342,16.349,15.8154,15.7596,15.7942,15.3788,14.7652,14.985167,14.683,14.742,14.4048,13.8198,14.1696,15.656,15.3086,15.5406,15.4446,15.0286,15.0254,15.359,15.4568,15.4332,17.3558,0.0679574,0.0669854,0.0668744,0.068846,0.0669852,0.0650414,0.065708,0.063514,0.065597,0.0631806,0.065471833,0.0633472,0.0644584,0.0593762,0.0624588,0.0625142,0.0624312,0.0587372,0.0624032,0.059626,0.0574042,0.0570708,0.0573486,0.0557378,0.056182,0.068846,0.959978,0.97141,0.9676,0.955562,0.940658,0.93813,0.914168,0.929412,0.923828,0.908848,0.90903167,0.902472,0.898472,0.893606,0.876172,0.878018,0.8747,0.874776,0.869116,0.864964,0.877756,0.85855,0.847682,0.84572,0.830248,0.97141,102,0,0,0,0,0,0,0,0,0,0,0,0,0,0,0,0,0,29,0,0,0,-0.017237198
14,5/18/2012 6:40,5/18/2012 7:10,0.794818,678.458,677.506,669.442,668.02,659.478,660.904,653.31,649.514,640.026,648.80167,636.706,632.91,636.706,616.064,620.574,638.126,633.858,612.508,607.766,600.648,586.65,585.704,588.786,576.688,572.656,678.458,4.37076,4.19314,4.23718,4.31864,4.24202,4.21758,4.185,4.17036,4.1557,4.1095,4.14914,4.0253,4.0432,3.96174,4.02366,3.93728,4.04486,3.95194,3.77432,3.80368,3.73846,3.67002,3.81178,3.65536,3.66024,4.37076,0.0778888,0.0771372,0.0761356,0.0771374,0.0738818,0.0763858,0.0778886,0.0671194,0.0778888,0.078681833,0.0776382,0.0786402,0.0753842,0.0686222,0.0716276,0.071377,0.066368,0.0698744,0.069624,0.0661178,0.0601072,0.0618602,0.0728798,0.062862,0.064615,0.078681833,17.1432,16.9348,16.2342,16.349,15.8154,15.7596,15.7942,15.3788,14.7652,14.985167,14.683,14.742,14.4048,13.8198,14.1696,15.656,15.3086,15.5406,15.4446,15.0286,15.0254,15.359,15.4568,15.4332,15.5988,17.1432,0.0669854,0.0668744,0.068846,0.0669852,0.0650414,0.065708,0.063514,0.065597,0.0631806,0.065471833,0.0633472,0.0644584,0.0593762,0.0624588,0.0625142,0.0624312,0.0587372,0.0624032,0.059626,0.0574042,0.0570708,0.0573486,0.0557378,0.056182,0.0545994,0.068846,0.97141,0.9676,0.955562,0.940658,0.93813,0.914168,0.929412,0.923828,0.908848,0.90903167,0.902472,0.898472,0.893606,0.876172,0.878018,0.8747,0.874776,0.869116,0.864964,0.877756,0.85855,0.847682,0.84572,0.830248,0.820404,0.97141,102,0,0,0,0,0,0,0,0,0,0,0,0,0,0,0,0,0,29,0,0,0,-0.01415483
14,5/18/2012 6:45,5/18/2012 7:15,0.80606,677.506,669.442,668.02,659.478,660.904,653.31,649.514,640.026,648.80167,636.706,632.91,636.706,616.064,620.574,638.126,633.858,612.508,607.766,600.648,586.65,585.704,588.786,576.688,572.656,565.302,677.506,4.19314,4.23718,4.31864,4.24202,4.21758,4.185,4.17036,4.1557,4.1095,4.14914,4.0253,4.0432,3.96174,4.02366,3.93728,4.04486,3.95194,3.77432,3.80368,3.73846,3.67002,3.81178,3.65536,3.66024,3.55756,4.31864,0.0771372,0.0761356,0.0771374,0.0738818,0.0763858,0.0778886,0.0671194,0.0778888,0.078681833,0.0776382,0.0786402,0.0753842,0.0686222,0.0716276,0.071377,0.066368,0.0698744,0.069624,0.0661178,0.0601072,0.0618602,0.0728798,0.062862,0.064615,0.0703754,0.078681833,16.9348,16.2342,16.349,15.8154,15.7596,15.7942,15.3788,14.7652,14.985167,14.683,14.742,14.4048,13.8198,14.1696,15.656,15.3086,15.5406,15.4446,15.0286,15.0254,15.359,15.4568,15.4332,15.5988,15.5204,16.9348,0.0668744,0.068846,0.0669852,0.0650414,0.065708,0.063514,0.065597,0.0631806,0.065471833,0.0633472,0.0644584,0.0593762,0.0624588,0.0625142,0.0624312,0.0587372,0.0624032,0.059626,0.0574042,0.0570708,0.0573486,0.0557378,0.056182,0.0545994,0.0544326,0.068846,0.9676,0.955562,0.940658,0.93813,0.914168,0.929412,0.923828,0.908848,0.90903167,0.902472,0.898472,0.893606,0.876172,0.878018,0.8747,0.874776,0.869116,0.864964,0.877756,0.85855,0.847682,0.84572,0.830248,0.820404,0.815648,0.9676,102,0,0,0,0,0,0,0,0,0,0,0,0,0,0,0,0,0,29,0,0,0,-0.005294752
14,5/18/2012 6:50,5/18/2012 7:20,0.799612,669.442,668.02,659.478,660.904,653.31,649.514,640.026,648.80167,636.706,632.91,636.706,616.064,620.574,638.126,633.858,612.508,607.766,600.648,586.65,585.704,588.786,576.688,572.656,565.302,573.132,669.442,4.23718,4.31864,4.24202,4.21758,4.185,4.17036,4.1557,4.1095,4.14914,4.0253,4.0432,3.96174,4.02366,3.93728,4.04486,3.95194,3.77432,3.80368,3.73846,3.67002,3.81178,3.65536,3.66024,3.55756,3.60158,4.31864,0.0761356,0.0771374,0.0738818,0.0763858,0.0778886,0.0671194,0.0778888,0.078681833,0.0776382,0.0786402,0.0753842,0.0686222,0.0716276,0.071377,0.066368,0.0698744,0.069624,0.0661178,0.0601072,0.0618602,0.0728798,0.062862,0.064615,0.0703754,0.0671194,0.078681833,16.2342,16.349,15.8154,15.7596,15.7942,15.3788,14.7652,14.985167,14.683,14.742,14.4048,13.8198,14.1696,15.656,15.3086,15.5406,15.4446,15.0286,15.0254,15.359,15.4568,15.4332,15.5988,15.5204,15.6354,16.349,0.068846,0.0669852,0.0650414,0.065708,0.063514,0.065597,0.0631806,0.065471833,0.0633472,0.0644584,0.0593762,0.0624588,0.0625142,0.0624312,0.0587372,0.0624032,0.059626,0.0574042,0.0570708,0.0573486,0.0557378,0.056182,0.0545994,0.0544326,0.0525718,0.068846,0.955562,0.940658,0.93813,0.914168,0.929412,0.923828,0.908848,0.90903167,0.902472,0.898472,0.893606,0.876172,0.878018,0.8747,0.874776,0.869116,0.864964,0.877756,0.85855,0.847682,0.84572,0.830248,0.820404,0.815648,0.815042,0.955562,102,0,0,0,0,0,0,0,0,0,0,0,0,0,0,0,0,0,29,0,0,0,-0.008537522
14,5/18/2012 6:55,5/18/2012 7:25,0.781272,668.02,659.478,660.904,653.31,649.514,640.026,648.80167,636.706,632.91,636.706,616.064,620.574,638.126,633.858,612.508,607.766,600.648,586.65,585.704,588.786,576.688,572.656,565.302,573.132,569.334,668.02,4.31864,4.24202,4.21758,4.185,4.17036,4.1557,4.1095,4.14914,4.0253,4.0432,3.96174,4.02366,3.93728,4.04486,3.95194,3.77432,3.80368,3.73846,3.67002,3.81178,3.65536,3.66024,3.55756,3.60158,3.59834,4.31864,0.0771374,0.0738818,0.0763858,0.0778886,0.0671194,0.0778888,0.078681833,0.0776382,0.0786402,0.0753842,0.0686222,0.0716276,0.071377,0.066368,0.0698744,0.069624,0.0661178,0.0601072,0.0618602,0.0728798,0.062862,0.064615,0.0703754,0.0671194,0.0686222,0.078681833,16.349,15.8154,15.7596,15.7942,15.3788,14.7652,14.985167,14.683,14.742,14.4048,13.8198,14.1696,15.656,15.3086,15.5406,15.4446,15.0286,15.0254,15.359,15.4568,15.4332,15.5988,15.5204,15.6354,15.567,16.349,0.0669852,0.0650414,0.065708,0.063514,0.065597,0.0631806,0.065471833,0.0633472,0.0644584,0.0593762,0.0624588,0.0625142,0.0624312,0.0587372,0.0624032,0.059626,0.0574042,0.0570708,0.0573486,0.0557378,0.056182,0.0545994,0.0544326,0.0525718,0.0512666,0.0669852,0.940658,0.93813,0.914168,0.929412,0.923828,0.908848,0.90903167,0.902472,0.898472,0.893606,0.876172,0.878018,0.8747,0.874776,0.869116,0.864964,0.877756,0.85855,0.847682,0.84572,0.830248,0.820404,0.815648,0.815042,0.816024,0.940658,102,0,0,0,0,0,0,0,0,0,0,0,0,0,0,0,0,0,29,0,0,0,-0.01932178
14,5/18/2012 7:00,5/18/2012 7:30,0.781006,659.478,660.904,653.31,649.514,640.026,648.80167,636.706,632.91,636.706,616.064,620.574,638.126,633.858,612.508,607.766,600.648,586.65,585.704,588.786,576.688,572.656,565.302,573.132,569.334,547.984,660.904,4.24202,4.21758,4.185,4.17036,4.1557,4.1095,4.14914,4.0253,4.0432,3.96174,4.02366,3.93728,4.04486,3.95194,3.77432,3.80368,3.73846,3.67002,3.81178,3.65536,3.66024,3.55756,3.60158,3.59834,3.49892,4.24202,0.0738818,0.0763858,0.0778886,0.0671194,0.0778888,0.078681833,0.0776382,0.0786402,0.0753842,0.0686222,0.0716276,0.071377,0.066368,0.0698744,0.069624,0.0661178,0.0601072,0.0618602,0.0728798,0.062862,0.064615,0.0703754,0.0671194,0.0686222,0.06737,0.078681833,15.8154,15.7596,15.7942,15.3788,14.7652,14.985167,14.683,14.742,14.4048,13.8198,14.1696,15.656,15.3086,15.5406,15.4446,15.0286,15.0254,15.359,15.4568,15.4332,15.5988,15.5204,15.6354,15.567,15.3028,15.8154,0.0650414,0.065708,0.063514,0.065597,0.0631806,0.065471833,0.0633472,0.0644584,0.0593762,0.0624588,0.0625142,0.0624312,0.0587372,0.0624032,0.059626,0.0574042,0.0570708,0.0573486,0.0557378,0.056182,0.0545994,0.0544326,0.0525718,0.0512666,0.0521832,0.065708,0.93813,0.914168,0.929412,0.923828,0.908848,0.90903167,0.902472,0.898472,0.893606,0.876172,0.878018,0.8747,0.874776,0.869116,0.864964,0.877756,0.85855,0.847682,0.84572,0.830248,0.820404,0.815648,0.815042,0.816024,0.791344,0.93813,102,0,0,0,0,0,0,0,0,0,0,0,0,0,0,0,0,0,29,0,0,0,-0.005787803
14,5/18/2012 7:05,5/18/2012 7:35,0.783192,660.904,653.31,649.514,640.026,648.80167,636.706,632.91,636.706,616.064,620.574,638.126,633.858,612.508,607.766,600.648,586.65,585.704,588.786,576.688,572.656,565.302,573.132,569.334,547.984,555.812,660.904,4.21758,4.185,4.17036,4.1557,4.1095,4.14914,4.0253,4.0432,3.96174,4.02366,3.93728,4.04486,3.95194,3.77432,3.80368,3.73846,3.67002,3.81178,3.65536,3.66024,3.55756,3.60158,3.59834,3.49892,3.45816,4.21758,0.0763858,0.0778886,0.0671194,0.0778888,0.078681833,0.0776382,0.0786402,0.0753842,0.0686222,0.0716276,0.071377,0.066368,0.0698744,0.069624,0.0661178,0.0601072,0.0618602,0.0728798,0.062862,0.064615,0.0703754,0.0671194,0.0686222,0.06737,0.0648656,0.078681833,15.7596,15.7942,15.3788,14.7652,14.985167,14.683,14.742,14.4048,13.8198,14.1696,15.656,15.3086,15.5406,15.4446,15.0286,15.0254,15.359,15.4568,15.4332,15.5988,15.5204,15.6354,15.567,15.3028,15.4508,15.7942,0.065708,0.063514,0.065597,0.0631806,0.065471833,0.0633472,0.0644584,0.0593762,0.0624588,0.0625142,0.0624312,0.0587372,0.0624032,0.059626,0.0574042,0.0570708,0.0573486,0.0557378,0.056182,0.0545994,0.0544326,0.0525718,0.0512666,0.0521832,0.051239,0.065708,0.914168,0.929412,0.923828,0.908848,0.90903167,0.902472,0.898472,0.893606,0.876172,0.878018,0.8747,0.874776,0.869116,0.864964,0.877756,0.85855,0.847682,0.84572,0.830248,0.820404,0.815648,0.815042,0.816024,0.791344,0.79897,0.929412,102,0,0,0,0,0,0,0,0,0,0,0,0,0,0,0,0,0,29,0,0,0,-0.008809262
14,5/18/2012 7:10,5/18/2012 7:40,0.771648,653.31,649.514,640.026,648.80167,636.706,632.91,636.706,616.064,620.574,638.126,633.858,612.508,607.766,600.648,586.65,585.704,588.786,576.688,572.656,565.302,573.132,569.334,547.984,555.812,554.626,653.31,4.185,4.17036,4.1557,4.1095,4.14914,4.0253,4.0432,3.96174,4.02366,3.93728,4.04486,3.95194,3.77432,3.80368,3.73846,3.67002,3.81178,3.65536,3.66024,3.55756,3.60158,3.59834,3.49892,3.45816,3.49892,4.185,0.0778886,0.0671194,0.0778888,0.078681833,0.0776382,0.0786402,0.0753842,0.0686222,0.0716276,0.071377,0.066368,0.0698744,0.069624,0.0661178,0.0601072,0.0618602,0.0728798,0.062862,0.064615,0.0703754,0.0671194,0.0686222,0.06737,0.0648656,0.0581034,0.078681833,15.7942,15.3788,14.7652,14.985167,14.683,14.742,14.4048,13.8198,14.1696,15.656,15.3086,15.5406,15.4446,15.0286,15.0254,15.359,15.4568,15.4332,15.5988,15.5204,15.6354,15.567,15.3028,15.4508,15.0698,15.7942,0.063514,0.065597,0.0631806,0.065471833,0.0633472,0.0644584,0.0593762,0.0624588,0.0625142,0.0624312,0.0587372,0.0624032,0.059626,0.0574042,0.0570708,0.0573486,0.0557378,0.056182,0.0545994,0.0544326,0.0525718,0.0512666,0.0521832,0.051239,0.0530714,0.065597,0.929412,0.923828,0.908848,0.90903167,0.902472,0.898472,0.893606,0.876172,0.878018,0.8747,0.874776,0.869116,0.864964,0.877756,0.85855,0.847682,0.84572,0.830248,0.820404,0.815648,0.815042,0.816024,0.791344,0.79897,0.794818,0.929412,102,0,0,0,0,0,0,0,0,0,0,0,0,0,0,0,0,0,29,0,0,0,-0.012993437
14,5/18/2012 7:15,5/18/2012 7:45,0.772482,649.514,640.026,648.80167,636.706,632.91,636.706,616.064,620.574,638.126,633.858,612.508,607.766,600.648,586.65,585.704,588.786,576.688,572.656,565.302,573.132,569.334,547.984,555.812,554.626,547.034,649.514,4.17036,4.1557,4.1095,4.14914,4.0253,4.0432,3.96174,4.02366,3.93728,4.04486,3.95194,3.77432,3.80368,3.73846,3.67002,3.81178,3.65536,3.66024,3.55756,3.60158,3.59834,3.49892,3.45816,3.49892,3.40276,4.17036,0.0671194,0.0778888,0.078681833,0.0776382,0.0786402,0.0753842,0.0686222,0.0716276,0.071377,0.066368,0.0698744,0.069624,0.0661178,0.0601072,0.0618602,0.0728798,0.062862,0.064615,0.0703754,0.0671194,0.0686222,0.06737,0.0648656,0.0581034,0.056601,0.078681833,15.3788,14.7652,14.985167,14.683,14.742,14.4048,13.8198,14.1696,15.656,15.3086,15.5406,15.4446,15.0286,15.0254,15.359,15.4568,15.4332,15.5988,15.5204,15.6354,15.567,15.3028,15.4508,15.0698,14.866,15.656,0.065597,0.0631806,0.065471833,0.0633472,0.0644584,0.0593762,0.0624588,0.0625142,0.0624312,0.0587372,0.0624032,0.059626,0.0574042,0.0570708,0.0573486,0.0557378,0.056182,0.0545994,0.0544326,0.0525718,0.0512666,0.0521832,0.051239,0.0530714,0.0524608,0.065597,0.923828,0.908848,0.90903167,0.902472,0.898472,0.893606,0.876172,0.878018,0.8747,0.874776,0.869116,0.864964,0.877756,0.85855,0.847682,0.84572,0.830248,0.820404,0.815648,0.815042,0.816024,0.791344,0.79897,0.794818,0.80606,0.923828,102,0,0,0,0,0,0,0,0,0,0,0,0,0,0,0,0,0,29,0,0,0,-0.018766853
14,5/18/2012 7:20,5/18/2012 7:50,0.771234,640.026,648.80167,636.706,632.91,636.706,616.064,620.574,638.126,633.858,612.508,607.766,600.648,586.65,585.704,588.786,576.688,572.656,565.302,573.132,569.334,547.984,555.812,554.626,547.034,550.83,648.80167,4.1557,4.1095,4.14914,4.0253,4.0432,3.96174,4.02366,3.93728,4.04486,3.95194,3.77432,3.80368,3.73846,3.67002,3.81178,3.65536,3.66024,3.55756,3.60158,3.59834,3.49892,3.45816,3.49892,3.40276,3.52988,4.1557,0.0778888,0.078681833,0.0776382,0.0786402,0.0753842,0.0686222,0.0716276,0.071377,0.066368,0.0698744,0.069624,0.0661178,0.0601072,0.0618602,0.0728798,0.062862,0.064615,0.0703754,0.0671194,0.0686222,0.06737,0.0648656,0.0581034,0.056601,0.0703752,0.078681833,14.7652,14.985167,14.683,14.742,14.4048,13.8198,14.1696,15.656,15.3086,15.5406,15.4446,15.0286,15.0254,15.359,15.4568,15.4332,15.5988,15.5204,15.6354,15.567,15.3028,15.4508,15.0698,14.866,14.5818,15.656,0.0631806,0.065471833,0.0633472,0.0644584,0.0593762,0.0624588,0.0625142,0.0624312,0.0587372,0.0624032,0.059626,0.0574042,0.0570708,0.0573486,0.0557378,0.056182,0.0545994,0.0544326,0.0525718,0.0512666,0.0521832,0.051239,0.0530714,0.0524608,0.0504054,0.065471833,0.908848,0.90903167,0.902472,0.898472,0.893606,0.876172,0.878018,0.8747,0.874776,0.869116,0.864964,0.877756,0.85855,0.847682,0.84572,0.830248,0.820404,0.815648,0.815042,0.816024,0.791344,0.79897,0.794818,0.80606,0.799612,0.90903167,102,0,0,0,0,0,0,0,0,0,0,0,0,0,0,0,0,0,29,0,0,0,-0.015894607
14,5/18/2012 7:25,5/18/2012 7:55,0.766026,648.80167,636.706,632.91,636.706,616.064,620.574,638.126,633.858,612.508,607.766,600.648,586.65,585.704,588.786,576.688,572.656,565.302,573.132,569.334,547.984,555.812,554.626,547.034,550.83,540.63,648.80167,4.1095,4.14914,4.0253,4.0432,3.96174,4.02366,3.93728,4.04486,3.95194,3.77432,3.80368,3.73846,3.67002,3.81178,3.65536,3.66024,3.55756,3.60158,3.59834,3.49892,3.45816,3.49892,3.40276,3.52988,3.42884,4.14914,0.078681833,0.0776382,0.0786402,0.0753842,0.0686222,0.0716276,0.071377,0.066368,0.0698744,0.069624,0.0661178,0.0601072,0.0618602,0.0728798,0.062862,0.064615,0.0703754,0.0671194,0.0686222,0.06737,0.0648656,0.0581034,0.056601,0.0703752,0.0515918,0.078681833,14.985167,14.683,14.742,14.4048,13.8198,14.1696,15.656,15.3086,15.5406,15.4446,15.0286,15.0254,15.359,15.4568,15.4332,15.5988,15.5204,15.6354,15.567,15.3028,15.4508,15.0698,14.866,14.5818,14.201,15.656,0.065471833,0.0633472,0.0644584,0.0593762,0.0624588,0.0625142,0.0624312,0.0587372,0.0624032,0.059626,0.0574042,0.0570708,0.0573486,0.0557378,0.056182,0.0545994,0.0544326,0.0525718,0.0512666,0.0521832,0.051239,0.0530714,0.0524608,0.0504054,0.0502948,0.065471833,0.90903167,0.902472,0.898472,0.893606,0.876172,0.878018,0.8747,0.874776,0.869116,0.864964,0.877756,0.85855,0.847682,0.84572,0.830248,0.820404,0.815648,0.815042,0.816024,0.791344,0.79897,0.794818,0.80606,0.799612,0.781272,0.90903167,102,0,0,0,0,0,0,0,0,0,0,0,0,0,0,0,0,0,29,0,0,0,-0.008595891
14,5/18/2012 7:30,5/18/2012 8:00,0.75984,636.706,632.91,636.706,616.064,620.574,638.126,633.858,612.508,607.766,600.648,586.65,585.704,588.786,576.688,572.656,565.302,573.132,569.334,547.984,555.812,554.626,547.034,550.83,540.63,542.29,638.126,4.14914,4.0253,4.0432,3.96174,4.02366,3.93728,4.04486,3.95194,3.77432,3.80368,3.73846,3.67002,3.81178,3.65536,3.66024,3.55756,3.60158,3.59834,3.49892,3.45816,3.49892,3.40276,3.52988,3.42884,3.48912,4.14914,0.0776382,0.0786402,0.0753842,0.0686222,0.0716276,0.071377,0.066368,0.0698744,0.069624,0.0661178,0.0601072,0.0618602,0.0728798,0.062862,0.064615,0.0703754,0.0671194,0.0686222,0.06737,0.0648656,0.0581034,0.056601,0.0703752,0.0515918,0.0626116,0.0786402,14.683,14.742,14.4048,13.8198,14.1696,15.656,15.3086,15.5406,15.4446,15.0286,15.0254,15.359,15.4568,15.4332,15.5988,15.5204,15.6354,15.567,15.3028,15.4508,15.0698,14.866,14.5818,14.201,13.9228,15.656,0.0633472,0.0644584,0.0593762,0.0624588,0.0625142,0.0624312,0.0587372,0.0624032,0.059626,0.0574042,0.0570708,0.0573486,0.0557378,0.056182,0.0545994,0.0544326,0.0525718,0.0512666,0.0521832,0.051239,0.0530714,0.0524608,0.0504054,0.0502948,0.0505724,0.0644584,0.902472,0.898472,0.893606,0.876172,0.878018,0.8747,0.874776,0.869116,0.864964,0.877756,0.85855,0.847682,0.84572,0.830248,0.820404,0.815648,0.815042,0.816024,0.791344,0.79897,0.794818,0.80606,0.799612,0.781272,0.781006,0.902472,102,0,0,0,0,0,0,0,0,0,0,0,0,0,0,0,0,0,29,0,0,0,-0.011955477
14,5/18/2012 7:35,5/18/2012 8:05,0.756252,632.91,636.706,616.064,620.574,638.126,633.858,612.508,607.766,600.648,586.65,585.704,588.786,576.688,572.656,565.302,573.132,569.334,547.984,555.812,554.626,547.034,550.83,540.63,542.29,537.074,638.126,4.0253,4.0432,3.96174,4.02366,3.93728,4.04486,3.95194,3.77432,3.80368,3.73846,3.67002,3.81178,3.65536,3.66024,3.55756,3.60158,3.59834,3.49892,3.45816,3.49892,3.40276,3.52988,3.42884,3.48912,3.39786,4.04486,0.0786402,0.0753842,0.0686222,0.0716276,0.071377,0.066368,0.0698744,0.069624,0.0661178,0.0601072,0.0618602,0.0728798,0.062862,0.064615,0.0703754,0.0671194,0.0686222,0.06737,0.0648656,0.0581034,0.056601,0.0703752,0.0515918,0.0626116,0.0608582,0.0786402,14.742,14.4048,13.8198,14.1696,15.656,15.3086,15.5406,15.4446,15.0286,15.0254,15.359,15.4568,15.4332,15.5988,15.5204,15.6354,15.567,15.3028,15.4508,15.0698,14.866,14.5818,14.201,13.9228,14.214,15.656,0.0644584,0.0593762,0.0624588,0.0625142,0.0624312,0.0587372,0.0624032,0.059626,0.0574042,0.0570708,0.0573486,0.0557378,0.056182,0.0545994,0.0544326,0.0525718,0.0512666,0.0521832,0.051239,0.0530714,0.0524608,0.0504054,0.0502948,0.0505724,0.0536272,0.0644584,0.898472,0.893606,0.876172,0.878018,0.8747,0.874776,0.869116,0.864964,0.877756,0.85855,0.847682,0.84572,0.830248,0.820404,0.815648,0.815042,0.816024,0.791344,0.79897,0.794818,0.80606,0.799612,0.781272,0.781006,0.783192,0.898472,102,0,0,0,0,0,0,0,0,0,0,0,0,0,0,0,0,0,29,0,0,0,-0.015223024
14,5/18/2012 7:40,5/18/2012 8:10,0.74769,636.706,616.064,620.574,638.126,633.858,612.508,607.766,600.648,586.65,585.704,588.786,576.688,572.656,565.302,573.132,569.334,547.984,555.812,554.626,547.034,550.83,540.63,542.29,537.074,529.718,638.126,4.0432,3.96174,4.02366,3.93728,4.04486,3.95194,3.77432,3.80368,3.73846,3.67002,3.81178,3.65536,3.66024,3.55756,3.60158,3.59834,3.49892,3.45816,3.49892,3.40276,3.52988,3.42884,3.48912,3.39786,3.30498,4.04486,0.0753842,0.0686222,0.0716276,0.071377,0.066368,0.0698744,0.069624,0.0661178,0.0601072,0.0618602,0.0728798,0.062862,0.064615,0.0703754,0.0671194,0.0686222,0.06737,0.0648656,0.0581034,0.056601,0.0703752,0.0515918,0.0626116,0.0608582,0.0683718,0.0753842,14.4048,13.8198,14.1696,15.656,15.3086,15.5406,15.4446,15.0286,15.0254,15.359,15.4568,15.4332,15.5988,15.5204,15.6354,15.567,15.3028,15.4508,15.0698,14.866,14.5818,14.201,13.9228,14.214,14.2306,15.656,0.0593762,0.0624588,0.0625142,0.0624312,0.0587372,0.0624032,0.059626,0.0574042,0.0570708,0.0573486,0.0557378,0.056182,0.0545994,0.0544326,0.0525718,0.0512666,0.0521832,0.051239,0.0530714,0.0524608,0.0504054,0.0502948,0.0505724,0.0536272,0.0496004,0.0625142,0.893606,0.876172,0.878018,0.8747,0.874776,0.869116,0.864964,0.877756,0.85855,0.847682,0.84572,0.830248,0.820404,0.815648,0.815042,0.816024,0.791344,0.79897,0.794818,0.80606,0.799612,0.781272,0.781006,0.783192,0.771648,0.893606,102,0,0,0,0,0,0,0,0,0,0,0,0,0,0,0,0,0,29,0,0,0,-0.013615271
14,5/18/2012 7:45,5/18/2012 8:15,0.749424,616.064,620.574,638.126,633.858,612.508,607.766,600.648,586.65,585.704,588.786,576.688,572.656,565.302,573.132,569.334,547.984,555.812,554.626,547.034,550.83,540.63,542.29,537.074,529.718,527.82,638.126,3.96174,4.02366,3.93728,4.04486,3.95194,3.77432,3.80368,3.73846,3.67002,3.81178,3.65536,3.66024,3.55756,3.60158,3.59834,3.49892,3.45816,3.49892,3.40276,3.52988,3.42884,3.48912,3.39786,3.30498,3.36366,4.04486,0.0686222,0.0716276,0.071377,0.066368,0.0698744,0.069624,0.0661178,0.0601072,0.0618602,0.0728798,0.062862,0.064615,0.0703754,0.0671194,0.0686222,0.06737,0.0648656,0.0581034,0.056601,0.0703752,0.0515918,0.0626116,0.0608582,0.0683718,0.0558496,0.0728798,13.8198,14.1696,15.656,15.3086,15.5406,15.4446,15.0286,15.0254,15.359,15.4568,15.4332,15.5988,15.5204,15.6354,15.567,15.3028,15.4508,15.0698,14.866,14.5818,14.201,13.9228,14.214,14.2306,14.2452,15.656,0.0624588,0.0625142,0.0624312,0.0587372,0.0624032,0.059626,0.0574042,0.0570708,0.0573486,0.0557378,0.056182,0.0545994,0.0544326,0.0525718,0.0512666,0.0521832,0.051239,0.0530714,0.0524608,0.0504054,0.0502948,0.0505724,0.0536272,0.0496004,0.0519886,0.0625142,0.876172,0.878018,0.8747,0.874776,0.869116,0.864964,0.877756,0.85855,0.847682,0.84572,0.830248,0.820404,0.815648,0.815042,0.816024,0.791344,0.79897,0.794818,0.80606,0.799612,0.781272,0.781006,0.783192,0.771648,0.772482,0.878018,102,0,0,0,0,0,0,0,0,0,0,0,0,0,0,0,0,0,29,0,0,0,-0.013094233
14,5/18/2012 7:50,5/18/2012 8:20,0.743726,620.574,638.126,633.858,612.508,607.766,600.648,586.65,585.704,588.786,576.688,572.656,565.302,573.132,569.334,547.984,555.812,554.626,547.034,550.83,540.63,542.29,537.074,529.718,527.82,526.396,638.126,4.02366,3.93728,4.04486,3.95194,3.77432,3.80368,3.73846,3.67002,3.81178,3.65536,3.66024,3.55756,3.60158,3.59834,3.49892,3.45816,3.49892,3.40276,3.52988,3.42884,3.48912,3.39786,3.30498,3.36366,3.29354,4.04486,0.0716276,0.071377,0.066368,0.0698744,0.069624,0.0661178,0.0601072,0.0618602,0.0728798,0.062862,0.064615,0.0703754,0.0671194,0.0686222,0.06737,0.0648656,0.0581034,0.056601,0.0703752,0.0515918,0.0626116,0.0608582,0.0683718,0.0558496,0.058354,0.0728798,14.1696,15.656,15.3086,15.5406,15.4446,15.0286,15.0254,15.359,15.4568,15.4332,15.5988,15.5204,15.6354,15.567,15.3028,15.4508,15.0698,14.866,14.5818,14.201,13.9228,14.214,14.2306,14.2452,13.8268,15.656,0.0625142,0.0624312,0.0587372,0.0624032,0.059626,0.0574042,0.0570708,0.0573486,0.0557378,0.056182,0.0545994,0.0544326,0.0525718,0.0512666,0.0521832,0.051239,0.0530714,0.0524608,0.0504054,0.0502948,0.0505724,0.0536272,0.0496004,0.0519886,0.0528496,0.0625142,0.878018,0.8747,0.874776,0.869116,0.864964,0.877756,0.85855,0.847682,0.84572,0.830248,0.820404,0.815648,0.815042,0.816024,0.791344,0.79897,0.794818,0.80606,0.799612,0.781272,0.781006,0.783192,0.771648,0.772482,0.771234,0.878018,102,0,0,0,0,0,0,0,0,0,0,0,0,0,0,0,0,0,29,0,0,0,-0.015652276
14,5/18/2012 7:55,5/18/2012 8:25,0.736746,638.126,633.858,612.508,607.766,600.648,586.65,585.704,588.786,576.688,572.656,565.302,573.132,569.334,547.984,555.812,554.626,547.034,550.83,540.63,542.29,537.074,529.718,527.82,526.396,521.178,638.126,3.93728,4.04486,3.95194,3.77432,3.80368,3.73846,3.67002,3.81178,3.65536,3.66024,3.55756,3.60158,3.59834,3.49892,3.45816,3.49892,3.40276,3.52988,3.42884,3.48912,3.39786,3.30498,3.36366,3.29354,3.24306,4.04486,0.071377,0.066368,0.0698744,0.069624,0.0661178,0.0601072,0.0618602,0.0728798,0.062862,0.064615,0.0703754,0.0671194,0.0686222,0.06737,0.0648656,0.0581034,0.056601,0.0703752,0.0515918,0.0626116,0.0608582,0.0683718,0.0558496,0.058354,0.070125,0.0728798,15.656,15.3086,15.5406,15.4446,15.0286,15.0254,15.359,15.4568,15.4332,15.5988,15.5204,15.6354,15.567,15.3028,15.4508,15.0698,14.866,14.5818,14.201,13.9228,14.214,14.2306,14.2452,13.8268,13.7888,15.656,0.0624312,0.0587372,0.0624032,0.059626,0.0574042,0.0570708,0.0573486,0.0557378,0.056182,0.0545994,0.0544326,0.0525718,0.0512666,0.0521832,0.051239,0.0530714,0.0524608,0.0504054,0.0502948,0.0505724,0.0536272,0.0496004,0.0519886,0.0528496,0.0517388,0.0624312,0.8747,0.874776,0.869116,0.864964,0.877756,0.85855,0.847682,0.84572,0.830248,0.820404,0.815648,0.815042,0.816024,0.791344,0.79897,0.794818,0.80606,0.799612,0.781272,0.781006,0.783192,0.771648,0.772482,0.771234,0.766026,0.877756,102,0,0,0,0,0,0,0,0,0,0,0,0,0,0,0,0,0,29,0,0,0,-0.016718577
14,5/18/2012 8:00,5/18/2012 8:30,0.728558,633.858,612.508,607.766,600.648,586.65,585.704,588.786,576.688,572.656,565.302,573.132,569.334,547.984,555.812,554.626,547.034,550.83,540.63,542.29,537.074,529.718,527.82,526.396,521.178,523.55,633.858,4.04486,3.95194,3.77432,3.80368,3.73846,3.67002,3.81178,3.65536,3.66024,3.55756,3.60158,3.59834,3.49892,3.45816,3.49892,3.40276,3.52988,3.42884,3.48912,3.39786,3.30498,3.36366,3.29354,3.24306,3.3392,4.04486,0.066368,0.0698744,0.069624,0.0661178,0.0601072,0.0618602,0.0728798,0.062862,0.064615,0.0703754,0.0671194,0.0686222,0.06737,0.0648656,0.0581034,0.056601,0.0703752,0.0515918,0.0626116,0.0608582,0.0683718,0.0558496,0.058354,0.070125,0.0518424,0.0728798,15.3086,15.5406,15.4446,15.0286,15.0254,15.359,15.4568,15.4332,15.5988,15.5204,15.6354,15.567,15.3028,15.4508,15.0698,14.866,14.5818,14.201,13.9228,14.214,14.2306,14.2452,13.8268,13.7888,13.763,15.6354,0.0587372,0.0624032,0.059626,0.0574042,0.0570708,0.0573486,0.0557378,0.056182,0.0545994,0.0544326,0.0525718,0.0512666,0.0521832,0.051239,0.0530714,0.0524608,0.0504054,0.0502948,0.0505724,0.0536272,0.0496004,0.0519886,0.0528496,0.0517388,0.0502946,0.0624032,0.874776,0.869116,0.864964,0.877756,0.85855,0.847682,0.84572,0.830248,0.820404,0.815648,0.815042,0.816024,0.791344,0.79897,0.794818,0.80606,0.799612,0.781272,0.781006,0.783192,0.771648,0.772482,0.771234,0.766026,0.75984,0.877756,102,0,0,0,0,0,0,0,0,0,0,0,0,0,0,0,0,0,29,0,0,0,-0.017935361
14,5/18/2012 8:05,5/18/2012 8:35,0.733314,612.508,607.766,600.648,586.65,585.704,588.786,576.688,572.656,565.302,573.132,569.334,547.984,555.812,554.626,547.034,550.83,540.63,542.29,537.074,529.718,527.82,526.396,521.178,523.55,519.756,612.508,3.95194,3.77432,3.80368,3.73846,3.67002,3.81178,3.65536,3.66024,3.55756,3.60158,3.59834,3.49892,3.45816,3.49892,3.40276,3.52988,3.42884,3.48912,3.39786,3.30498,3.36366,3.29354,3.24306,3.3392,3.3115,3.95194,0.0698744,0.069624,0.0661178,0.0601072,0.0618602,0.0728798,0.062862,0.064615,0.0703754,0.0671194,0.0686222,0.06737,0.0648656,0.0581034,0.056601,0.0703752,0.0515918,0.0626116,0.0608582,0.0683718,0.0558496,0.058354,0.070125,0.0518424,0.0553486,0.0728798,15.5406,15.4446,15.0286,15.0254,15.359,15.4568,15.4332,15.5988,15.5204,15.6354,15.567,15.3028,15.4508,15.0698,14.866,14.5818,14.201,13.9228,14.214,14.2306,14.2452,13.8268,13.7888,13.763,13.7696,15.6354,0.0624032,0.059626,0.0574042,0.0570708,0.0573486,0.0557378,0.056182,0.0545994,0.0544326,0.0525718,0.0512666,0.0521832,0.051239,0.0530714,0.0524608,0.0504054,0.0502948,0.0505724,0.0536272,0.0496004,0.0519886,0.0528496,0.0517388,0.0502946,0.049906,0.0624032,0.869116,0.864964,0.877756,0.85855,0.847682,0.84572,0.830248,0.820404,0.815648,0.815042,0.816024,0.791344,0.79897,0.794818,0.80606,0.799612,0.781272,0.781006,0.783192,0.771648,0.772482,0.771234,0.766026,0.75984,0.756252,0.877756,102,0,0,0,0,0,0,0,0,0,0,0,0,0,0,0,0,0,29,0,0,0,-0.01314681
14,5/18/2012 8:10,5/18/2012 8:40,0.72139,607.766,600.648,586.65,585.704,588.786,576.688,572.656,565.302,573.132,569.334,547.984,555.812,554.626,547.034,550.83,540.63,542.29,537.074,529.718,527.82,526.396,521.178,523.55,519.756,511.214,607.766,3.77432,3.80368,3.73846,3.67002,3.81178,3.65536,3.66024,3.55756,3.60158,3.59834,3.49892,3.45816,3.49892,3.40276,3.52988,3.42884,3.48912,3.39786,3.30498,3.36366,3.29354,3.24306,3.3392,3.3115,3.36202,3.81178,0.069624,0.0661178,0.0601072,0.0618602,0.0728798,0.062862,0.064615,0.0703754,0.0671194,0.0686222,0.06737,0.0648656,0.0581034,0.056601,0.0703752,0.0515918,0.0626116,0.0608582,0.0683718,0.0558496,0.058354,0.070125,0.0518424,0.0553486,0.0563504,0.0728798,15.4446,15.0286,15.0254,15.359,15.4568,15.4332,15.5988,15.5204,15.6354,15.567,15.3028,15.4508,15.0698,14.866,14.5818,14.201,13.9228,14.214,14.2306,14.2452,13.8268,13.7888,13.763,13.7696,13.881,15.6354,0.059626,0.0574042,0.0570708,0.0573486,0.0557378,0.056182,0.0545994,0.0544326,0.0525718,0.0512666,0.0521832,0.051239,0.0530714,0.0524608,0.0504054,0.0502948,0.0505724,0.0536272,0.0496004,0.0519886,0.0528496,0.0517388,0.0502946,0.049906,0.0506,0.059626,0.864964,0.877756,0.85855,0.847682,0.84572,0.830248,0.820404,0.815648,0.815042,0.816024,0.791344,0.79897,0.794818,0.80606,0.799612,0.781272,0.781006,0.783192,0.771648,0.772482,0.771234,0.766026,0.75984,0.756252,0.74769,0.877756,102,0,0,0,0,0,0,0,0,0,0,0,0,0,0,0,0,0,29,0,0,0,-0.015162812
14,5/18/2012 8:15,5/18/2012 8:45,0.719692,600.648,586.65,585.704,588.786,576.688,572.656,565.302,573.132,569.334,547.984,555.812,554.626,547.034,550.83,540.63,542.29,537.074,529.718,527.82,526.396,521.178,523.55,519.756,511.214,507.184,600.648,3.80368,3.73846,3.67002,3.81178,3.65536,3.66024,3.55756,3.60158,3.59834,3.49892,3.45816,3.49892,3.40276,3.52988,3.42884,3.48912,3.39786,3.30498,3.36366,3.29354,3.24306,3.3392,3.3115,3.36202,3.20882,3.81178,0.0661178,0.0601072,0.0618602,0.0728798,0.062862,0.064615,0.0703754,0.0671194,0.0686222,0.06737,0.0648656,0.0581034,0.056601,0.0703752,0.0515918,0.0626116,0.0608582,0.0683718,0.0558496,0.058354,0.070125,0.0518424,0.0553486,0.0563504,0.0613594,0.0728798,15.0286,15.0254,15.359,15.4568,15.4332,15.5988,15.5204,15.6354,15.567,15.3028,15.4508,15.0698,14.866,14.5818,14.201,13.9228,14.214,14.2306,14.2452,13.8268,13.7888,13.763,13.7696,13.881,13.758,15.6354,0.0574042,0.0570708,0.0573486,0.0557378,0.056182,0.0545994,0.0544326,0.0525718,0.0512666,0.0521832,0.051239,0.0530714,0.0524608,0.0504054,0.0502948,0.0505724,0.0536272,0.0496004,0.0519886,0.0528496,0.0517388,0.0502946,0.049906,0.0506,0.049239,0.0574042,0.877756,0.85855,0.847682,0.84572,0.830248,0.820404,0.815648,0.815042,0.816024,0.791344,0.79897,0.794818,0.80606,0.799612,0.781272,0.781006,0.783192,0.771648,0.772482,0.771234,0.766026,0.75984,0.756252,0.74769,0.749424,0.877756,102,0,0,0,0,0,0,0,0,0,0,0,0,0,0,0,0,0,29,0,0,0,-0.017141386
14,5/18/2012 8:20,5/18/2012 8:50,0.72184,586.65,585.704,588.786,576.688,572.656,565.302,573.132,569.334,547.984,555.812,554.626,547.034,550.83,540.63,542.29,537.074,529.718,527.82,526.396,521.178,523.55,519.756,511.214,507.184,508.606,588.786,3.73846,3.67002,3.81178,3.65536,3.66024,3.55756,3.60158,3.59834,3.49892,3.45816,3.49892,3.40276,3.52988,3.42884,3.48912,3.39786,3.30498,3.36366,3.29354,3.24306,3.3392,3.3115,3.36202,3.20882,3.23326,3.81178,0.0601072,0.0618602,0.0728798,0.062862,0.064615,0.0703754,0.0671194,0.0686222,0.06737,0.0648656,0.0581034,0.056601,0.0703752,0.0515918,0.0626116,0.0608582,0.0683718,0.0558496,0.058354,0.070125,0.0518424,0.0553486,0.0563504,0.0613594,0.0596062,0.0728798,15.0254,15.359,15.4568,15.4332,15.5988,15.5204,15.6354,15.567,15.3028,15.4508,15.0698,14.866,14.5818,14.201,13.9228,14.214,14.2306,14.2452,13.8268,13.7888,13.763,13.7696,13.881,13.758,13.735,15.6354,0.0570708,0.0573486,0.0557378,0.056182,0.0545994,0.0544326,0.0525718,0.0512666,0.0521832,0.051239,0.0530714,0.0524608,0.0504054,0.0502948,0.0505724,0.0536272,0.0496004,0.0519886,0.0528496,0.0517388,0.0502946,0.049906,0.0506,0.049239,0.0503504,0.0573486,0.85855,0.847682,0.84572,0.830248,0.820404,0.815648,0.815042,0.816024,0.791344,0.79897,0.794818,0.80606,0.799612,0.781272,0.781006,0.783192,0.771648,0.772482,0.771234,0.766026,0.75984,0.756252,0.74769,0.749424,0.743726,0.85855,102,0,0,0,0,0,0,0,0,0,0,0,0,0,0,0,0,0,29,0,0,0,-0.012630717
14,5/18/2012 8:25,5/18/2012 8:55,0.718446,585.704,588.786,576.688,572.656,565.302,573.132,569.334,547.984,555.812,554.626,547.034,550.83,540.63,542.29,537.074,529.718,527.82,526.396,521.178,523.55,519.756,511.214,507.184,508.606,499.116,588.786,3.67002,3.81178,3.65536,3.66024,3.55756,3.60158,3.59834,3.49892,3.45816,3.49892,3.40276,3.52988,3.42884,3.48912,3.39786,3.30498,3.36366,3.29354,3.24306,3.3392,3.3115,3.36202,3.20882,3.23326,3.1958,3.81178,0.0618602,0.0728798,0.062862,0.064615,0.0703754,0.0671194,0.0686222,0.06737,0.0648656,0.0581034,0.056601,0.0703752,0.0515918,0.0626116,0.0608582,0.0683718,0.0558496,0.058354,0.070125,0.0518424,0.0553486,0.0563504,0.0613594,0.0596062,0.059356,0.0728798,15.359,15.4568,15.4332,15.5988,15.5204,15.6354,15.567,15.3028,15.4508,15.0698,14.866,14.5818,14.201,13.9228,14.214,14.2306,14.2452,13.8268,13.7888,13.763,13.7696,13.881,13.758,13.735,13.5636,15.6354,0.0573486,0.0557378,0.056182,0.0545994,0.0544326,0.0525718,0.0512666,0.0521832,0.051239,0.0530714,0.0524608,0.0504054,0.0502948,0.0505724,0.0536272,0.0496004,0.0519886,0.0528496,0.0517388,0.0502946,0.049906,0.0506,0.049239,0.0503504,0.0487116,0.0573486,0.847682,0.84572,0.830248,0.820404,0.815648,0.815042,0.816024,0.791344,0.79897,0.794818,0.80606,0.799612,0.781272,0.781006,0.783192,0.771648,0.772482,0.771234,0.766026,0.75984,0.756252,0.74769,0.749424,0.743726,0.736746,0.847682,102,0,0,0,0,0,0,0,0,0,0,0,0,0,0,0,0,0,29,0,0,0,-0.010592853
14,5/18/2012 8:30,5/18/2012 9:00,0.714104,588.786,576.688,572.656,565.302,573.132,569.334,547.984,555.812,554.626,547.034,550.83,540.63,542.29,537.074,529.718,527.82,526.396,521.178,523.55,519.756,511.214,507.184,508.606,499.116,506.468,588.786,3.81178,3.65536,3.66024,3.55756,3.60158,3.59834,3.49892,3.45816,3.49892,3.40276,3.52988,3.42884,3.48912,3.39786,3.30498,3.36366,3.29354,3.24306,3.3392,3.3115,3.36202,3.20882,3.23326,3.1958,3.09312,3.81178,0.0728798,0.062862,0.064615,0.0703754,0.0671194,0.0686222,0.06737,0.0648656,0.0581034,0.056601,0.0703752,0.0515918,0.0626116,0.0608582,0.0683718,0.0558496,0.058354,0.070125,0.0518424,0.0553486,0.0563504,0.0613594,0.0596062,0.059356,0.0621106,0.0728798,15.4568,15.4332,15.5988,15.5204,15.6354,15.567,15.3028,15.4508,15.0698,14.866,14.5818,14.201,13.9228,14.214,14.2306,14.2452,13.8268,13.7888,13.763,13.7696,13.881,13.758,13.735,13.5636,13.32,15.6354,0.0557378,0.056182,0.0545994,0.0544326,0.0525718,0.0512666,0.0521832,0.051239,0.0530714,0.0524608,0.0504054,0.0502948,0.0505724,0.0536272,0.0496004,0.0519886,0.0528496,0.0517388,0.0502946,0.049906,0.0506,0.049239,0.0503504,0.0487116,0.0475174,0.056182,0.84572,0.830248,0.820404,0.815648,0.815042,0.816024,0.791344,0.79897,0.794818,0.80606,0.799612,0.781272,0.781006,0.783192,0.771648,0.772482,0.771234,0.766026,0.75984,0.756252,0.74769,0.749424,0.743726,0.736746,0.728558,0.84572,102,0,0,0,0,0,0,0,0,0,0,0,0,0,0,0,0,0,29,0,0,0,-0.00839704
14,5/18/2012 8:35,5/18/2012 9:05,0.720408,576.688,572.656,565.302,573.132,569.334,547.984,555.812,554.626,547.034,550.83,540.63,542.29,537.074,529.718,527.82,526.396,521.178,523.55,519.756,511.214,507.184,508.606,499.116,506.468,505.996,576.688,3.65536,3.66024,3.55756,3.60158,3.59834,3.49892,3.45816,3.49892,3.40276,3.52988,3.42884,3.48912,3.39786,3.30498,3.36366,3.29354,3.24306,3.3392,3.3115,3.36202,3.20882,3.23326,3.1958,3.09312,3.09638,3.66024,0.062862,0.064615,0.0703754,0.0671194,0.0686222,0.06737,0.0648656,0.0581034,0.056601,0.0703752,0.0515918,0.0626116,0.0608582,0.0683718,0.0558496,0.058354,0.070125,0.0518424,0.0553486,0.0563504,0.0613594,0.0596062,0.059356,0.0621106,0.0593558,0.0703754,15.4332,15.5988,15.5204,15.6354,15.567,15.3028,15.4508,15.0698,14.866,14.5818,14.201,13.9228,14.214,14.2306,14.2452,13.8268,13.7888,13.763,13.7696,13.881,13.758,13.735,13.5636,13.32,13.1692,15.6354,0.056182,0.0545994,0.0544326,0.0525718,0.0512666,0.0521832,0.051239,0.0530714,0.0524608,0.0504054,0.0502948,0.0505724,0.0536272,0.0496004,0.0519886,0.0528496,0.0517388,0.0502946,0.049906,0.0506,0.049239,0.0503504,0.0487116,0.0475174,0.0474896,0.056182,0.830248,0.820404,0.815648,0.815042,0.816024,0.791344,0.79897,0.794818,0.80606,0.799612,0.781272,0.781006,0.783192,0.771648,0.772482,0.771234,0.766026,0.75984,0.756252,0.74769,0.749424,0.743726,0.736746,0.728558,0.733314,0.830248,102,0,0,0,0,0,0,0,0,0,0,0,0,0,0,0,0,0,29,0,0,0,-0.007473711
14,5/18/2012 8:40,5/18/2012 9:10,0.714068,572.656,565.302,573.132,569.334,547.984,555.812,554.626,547.034,550.83,540.63,542.29,537.074,529.718,527.82,526.396,521.178,523.55,519.756,511.214,507.184,508.606,499.116,506.468,505.996,497.692,573.132,3.66024,3.55756,3.60158,3.59834,3.49892,3.45816,3.49892,3.40276,3.52988,3.42884,3.48912,3.39786,3.30498,3.36366,3.29354,3.24306,3.3392,3.3115,3.36202,3.20882,3.23326,3.1958,3.09312,3.09638,3.1094,3.66024,0.064615,0.0703754,0.0671194,0.0686222,0.06737,0.0648656,0.0581034,0.056601,0.0703752,0.0515918,0.0626116,0.0608582,0.0683718,0.0558496,0.058354,0.070125,0.0518424,0.0553486,0.0563504,0.0613594,0.0596062,0.059356,0.0621106,0.0593558,0.0591052,0.0703754,15.5988,15.5204,15.6354,15.567,15.3028,15.4508,15.0698,14.866,14.5818,14.201,13.9228,14.214,14.2306,14.2452,13.8268,13.7888,13.763,13.7696,13.881,13.758,13.735,13.5636,13.32,13.1692,13.1362,15.6354,0.0545994,0.0544326,0.0525718,0.0512666,0.0521832,0.051239,0.0530714,0.0524608,0.0504054,0.0502948,0.0505724,0.0536272,0.0496004,0.0519886,0.0528496,0.0517388,0.0502946,0.049906,0.0506,0.049239,0.0503504,0.0487116,0.0475174,0.0474896,0.0473228,0.0545994,0.820404,0.815648,0.815042,0.816024,0.791344,0.79897,0.794818,0.80606,0.799612,0.781272,0.781006,0.783192,0.771648,0.772482,0.771234,0.766026,0.75984,0.756252,0.74769,0.749424,0.743726,0.736746,0.728558,0.733314,0.72139,0.820404,102,0,0,0,0,0,0,0,0,0,0,0,0,0,0,0,0,0,29,0,0,0,-0.004262611
14,5/18/2012 8:45,5/18/2012 9:15,0.69992,565.302,573.132,569.334,547.984,555.812,554.626,547.034,550.83,540.63,542.29,537.074,529.718,527.82,526.396,521.178,523.55,519.756,511.214,507.184,508.606,499.116,506.468,505.996,497.692,496.98,573.132,3.55756,3.60158,3.59834,3.49892,3.45816,3.49892,3.40276,3.52988,3.42884,3.48912,3.39786,3.30498,3.36366,3.29354,3.24306,3.3392,3.3115,3.36202,3.20882,3.23326,3.1958,3.09312,3.09638,3.1094,3.09474,3.60158,0.0703754,0.0671194,0.0686222,0.06737,0.0648656,0.0581034,0.056601,0.0703752,0.0515918,0.0626116,0.0608582,0.0683718,0.0558496,0.058354,0.070125,0.0518424,0.0553486,0.0563504,0.0613594,0.0596062,0.059356,0.0621106,0.0593558,0.0591052,0.0561,0.0703754,15.5204,15.6354,15.567,15.3028,15.4508,15.0698,14.866,14.5818,14.201,13.9228,14.214,14.2306,14.2452,13.8268,13.7888,13.763,13.7696,13.881,13.758,13.735,13.5636,13.32,13.1692,13.1362,13.0552,15.6354,0.0544326,0.0525718,0.0512666,0.0521832,0.051239,0.0530714,0.0524608,0.0504054,0.0502948,0.0505724,0.0536272,0.0496004,0.0519886,0.0528496,0.0517388,0.0502946,0.049906,0.0506,0.049239,0.0503504,0.0487116,0.0475174,0.0474896,0.0473228,0.0469342,0.0544326,0.815648,0.815042,0.816024,0.791344,0.79897,0.794818,0.80606,0.799612,0.781272,0.781006,0.783192,0.771648,0.772482,0.771234,0.766026,0.75984,0.756252,0.74769,0.749424,0.743726,0.736746,0.728558,0.733314,0.72139,0.719692,0.816024,102,0,0,0,0,0,0,0,0,0,0,0,0,0,0,0,0,0,29,0,0,0,-0.011564014
14,5/18/2012 8:50,5/18/2012 9:20,0.702258,573.132,569.334,547.984,555.812,554.626,547.034,550.83,540.63,542.29,537.074,529.718,527.82,526.396,521.178,523.55,519.756,511.214,507.184,508.606,499.116,506.468,505.996,497.692,496.98,495.556,573.132,3.60158,3.59834,3.49892,3.45816,3.49892,3.40276,3.52988,3.42884,3.48912,3.39786,3.30498,3.36366,3.29354,3.24306,3.3392,3.3115,3.36202,3.20882,3.23326,3.1958,3.09312,3.09638,3.1094,3.09474,3.07194,3.60158,0.0671194,0.0686222,0.06737,0.0648656,0.0581034,0.056601,0.0703752,0.0515918,0.0626116,0.0608582,0.0683718,0.0558496,0.058354,0.070125,0.0518424,0.0553486,0.0563504,0.0613594,0.0596062,0.059356,0.0621106,0.0593558,0.0591052,0.0561,0.057853,0.0703752,15.6354,15.567,15.3028,15.4508,15.0698,14.866,14.5818,14.201,13.9228,14.214,14.2306,14.2452,13.8268,13.7888,13.763,13.7696,13.881,13.758,13.735,13.5636,13.32,13.1692,13.1362,13.0552,12.873,15.6354,0.0525718,0.0512666,0.0521832,0.051239,0.0530714,0.0524608,0.0504054,0.0502948,0.0505724,0.0536272,0.0496004,0.0519886,0.0528496,0.0517388,0.0502946,0.049906,0.0506,0.049239,0.0503504,0.0487116,0.0475174,0.0474896,0.0473228,0.0469342,0.0461844,0.0536272,0.815042,0.816024,0.791344,0.79897,0.794818,0.80606,0.799612,0.781272,0.781006,0.783192,0.771648,0.772482,0.771234,0.766026,0.75984,0.756252,0.74769,0.749424,0.743726,0.736746,0.728558,0.733314,0.72139,0.719692,0.72184,0.816024,102,0,0,0,0,0,0,0,0,0,0,0,0,0,0,0,0,0,29,0,0,0,-0.011437881
14,5/18/2012 8:55,5/18/2012 9:25,0.705992,569.334,547.984,555.812,554.626,547.034,550.83,540.63,542.29,537.074,529.718,527.82,526.396,521.178,523.55,519.756,511.214,507.184,508.606,499.116,506.468,505.996,497.692,496.98,495.556,497.93,569.334,3.59834,3.49892,3.45816,3.49892,3.40276,3.52988,3.42884,3.48912,3.39786,3.30498,3.36366,3.29354,3.24306,3.3392,3.3115,3.36202,3.20882,3.23326,3.1958,3.09312,3.09638,3.1094,3.09474,3.07194,3.07194,3.59834,0.0686222,0.06737,0.0648656,0.0581034,0.056601,0.0703752,0.0515918,0.0626116,0.0608582,0.0683718,0.0558496,0.058354,0.070125,0.0518424,0.0553486,0.0563504,0.0613594,0.0596062,0.059356,0.0621106,0.0593558,0.0591052,0.0561,0.057853,0.0621106,0.0703752,15.567,15.3028,15.4508,15.0698,14.866,14.5818,14.201,13.9228,14.214,14.2306,14.2452,13.8268,13.7888,13.763,13.7696,13.881,13.758,13.735,13.5636,13.32,13.1692,13.1362,13.0552,12.873,12.8492,15.567,0.0512666,0.0521832,0.051239,0.0530714,0.0524608,0.0504054,0.0502948,0.0505724,0.0536272,0.0496004,0.0519886,0.0528496,0.0517388,0.0502946,0.049906,0.0506,0.049239,0.0503504,0.0487116,0.0475174,0.0474896,0.0473228,0.0469342,0.0461844,0.0471288,0.0536272,0.816024,0.791344,0.79897,0.794818,0.80606,0.799612,0.781272,0.781006,0.783192,0.771648,0.772482,0.771234,0.766026,0.75984,0.756252,0.74769,0.749424,0.743726,0.736746,0.728558,0.733314,0.72139,0.719692,0.72184,0.718446,0.816024,102,0,0,0,0,0,0,0,0,0,0,0,0,0,0,0,0,0,29,0,0,0,-0.007273634
14,5/18/2012 9:00,5/18/2012 9:30,0.693804,547.984,555.812,554.626,547.034,550.83,540.63,542.29,537.074,529.718,527.82,526.396,521.178,523.55,519.756,511.214,507.184,508.606,499.116,506.468,505.996,497.692,496.98,495.556,497.93,485.354,555.812,3.49892,3.45816,3.49892,3.40276,3.52988,3.42884,3.48912,3.39786,3.30498,3.36366,3.29354,3.24306,3.3392,3.3115,3.36202,3.20882,3.23326,3.1958,3.09312,3.09638,3.1094,3.09474,3.07194,3.07194,3.1241,3.52988,0.06737,0.0648656,0.0581034,0.056601,0.0703752,0.0515918,0.0626116,0.0608582,0.0683718,0.0558496,0.058354,0.070125,0.0518424,0.0553486,0.0563504,0.0613594,0.0596062,0.059356,0.0621106,0.0593558,0.0591052,0.0561,0.057853,0.0621106,0.0583538,0.0703752,15.3028,15.4508,15.0698,14.866,14.5818,14.201,13.9228,14.214,14.2306,14.2452,13.8268,13.7888,13.763,13.7696,13.881,13.758,13.735,13.5636,13.32,13.1692,13.1362,13.0552,12.873,12.8492,12.8618,15.4508,0.0521832,0.051239,0.0530714,0.0524608,0.0504054,0.0502948,0.0505724,0.0536272,0.0496004,0.0519886,0.0528496,0.0517388,0.0502946,0.049906,0.0506,0.049239,0.0503504,0.0487116,0.0475174,0.0474896,0.0473228,0.0469342,0.0461844,0.0471288,0.0451012,0.0536272,0.791344,0.79897,0.794818,0.80606,0.799612,0.781272,0.781006,0.783192,0.771648,0.772482,0.771234,0.766026,0.75984,0.756252,0.74769,0.749424,0.743726,0.736746,0.728558,0.733314,0.72139,0.719692,0.72184,0.718446,0.714104,0.80606,102,0,0,0,0,0,0,0,0,0,0,0,0,0,0,0,0,0,29,0,0,0,-0.011913608
14,5/18/2012 9:05,5/18/2012 9:35,0.692936,555.812,554.626,547.034,550.83,540.63,542.29,537.074,529.718,527.82,526.396,521.178,523.55,519.756,511.214,507.184,508.606,499.116,506.468,505.996,497.692,496.98,495.556,497.93,485.354,483.222,555.812,3.45816,3.49892,3.40276,3.52988,3.42884,3.48912,3.39786,3.30498,3.36366,3.29354,3.24306,3.3392,3.3115,3.36202,3.20882,3.23326,3.1958,3.09312,3.09638,3.1094,3.09474,3.07194,3.07194,3.1241,3.11106,3.52988,0.0648656,0.0581034,0.056601,0.0703752,0.0515918,0.0626116,0.0608582,0.0683718,0.0558496,0.058354,0.070125,0.0518424,0.0553486,0.0563504,0.0613594,0.0596062,0.059356,0.0621106,0.0593558,0.0591052,0.0561,0.057853,0.0621106,0.0583538,0.0503394,0.0703752,15.4508,15.0698,14.866,14.5818,14.201,13.9228,14.214,14.2306,14.2452,13.8268,13.7888,13.763,13.7696,13.881,13.758,13.735,13.5636,13.32,13.1692,13.1362,13.0552,12.873,12.8492,12.8618,12.847,15.4508,0.051239,0.0530714,0.0524608,0.0504054,0.0502948,0.0505724,0.0536272,0.0496004,0.0519886,0.0528496,0.0517388,0.0502946,0.049906,0.0506,0.049239,0.0503504,0.0487116,0.0475174,0.0474896,0.0473228,0.0469342,0.0461844,0.0471288,0.0451012,0.0474344,0.0536272,0.79897,0.794818,0.80606,0.799612,0.781272,0.781006,0.783192,0.771648,0.772482,0.771234,0.766026,0.75984,0.756252,0.74769,0.749424,0.743726,0.736746,0.728558,0.733314,0.72139,0.719692,0.72184,0.718446,0.714104,0.720408,0.80606,102,0,0,0,0,0,0,0,0,0,0,0,0,0,0,0,0,0,29,0,0,0,-0.016097172
14,5/18/2012 9:10,5/18/2012 9:40,0.679014,554.626,547.034,550.83,540.63,542.29,537.074,529.718,527.82,526.396,521.178,523.55,519.756,511.214,507.184,508.606,499.116,506.468,505.996,497.692,496.98,495.556,497.93,485.354,483.222,477.766,554.626,3.49892,3.40276,3.52988,3.42884,3.48912,3.39786,3.30498,3.36366,3.29354,3.24306,3.3392,3.3115,3.36202,3.20882,3.23326,3.1958,3.09312,3.09638,3.1094,3.09474,3.07194,3.07194,3.1241,3.11106,3.11592,3.52988,0.0581034,0.056601,0.0703752,0.0515918,0.0626116,0.0608582,0.0683718,0.0558496,0.058354,0.070125,0.0518424,0.0553486,0.0563504,0.0613594,0.0596062,0.059356,0.0621106,0.0593558,0.0591052,0.0561,0.057853,0.0621106,0.0583538,0.0503394,0.0530946,0.0703752,15.0698,14.866,14.5818,14.201,13.9228,14.214,14.2306,14.2452,13.8268,13.7888,13.763,13.7696,13.881,13.758,13.735,13.5636,13.32,13.1692,13.1362,13.0552,12.873,12.8492,12.8618,12.847,12.7202,15.0698,0.0530714,0.0524608,0.0504054,0.0502948,0.0505724,0.0536272,0.0496004,0.0519886,0.0528496,0.0517388,0.0502946,0.049906,0.0506,0.049239,0.0503504,0.0487116,0.0475174,0.0474896,0.0473228,0.0469342,0.0461844,0.0471288,0.0451012,0.0474344,0.046823,0.0536272,0.794818,0.80606,0.799612,0.781272,0.781006,0.783192,0.771648,0.772482,0.771234,0.766026,0.75984,0.756252,0.74769,0.749424,0.743726,0.736746,0.728558,0.733314,0.72139,0.719692,0.72184,0.718446,0.714104,0.720408,0.714068,0.80606,102,0,0,0,0,0,0,0,0,0,0,0,0,0,0,0,0,0,28,0,0,0,-0.020662776
14,5/18/2012 9:15,5/18/2012 9:45,0.6829,547.034,550.83,540.63,542.29,537.074,529.718,527.82,526.396,521.178,523.55,519.756,511.214,507.184,508.606,499.116,506.468,505.996,497.692,496.98,495.556,497.93,485.354,483.222,477.766,477.53,550.83,3.40276,3.52988,3.42884,3.48912,3.39786,3.30498,3.36366,3.29354,3.24306,3.3392,3.3115,3.36202,3.20882,3.23326,3.1958,3.09312,3.09638,3.1094,3.09474,3.07194,3.07194,3.1241,3.11106,3.11592,2.94156,3.52988,0.056601,0.0703752,0.0515918,0.0626116,0.0608582,0.0683718,0.0558496,0.058354,0.070125,0.0518424,0.0553486,0.0563504,0.0613594,0.0596062,0.059356,0.0621106,0.0593558,0.0591052,0.0561,0.057853,0.0621106,0.0583538,0.0503394,0.0530946,0.0553486,0.0703752,14.866,14.5818,14.201,13.9228,14.214,14.2306,14.2452,13.8268,13.7888,13.763,13.7696,13.881,13.758,13.735,13.5636,13.32,13.1692,13.1362,13.0552,12.873,12.8492,12.8618,12.847,12.7202,12.6754,14.866,0.0524608,0.0504054,0.0502948,0.0505724,0.0536272,0.0496004,0.0519886,0.0528496,0.0517388,0.0502946,0.049906,0.0506,0.049239,0.0503504,0.0487116,0.0475174,0.0474896,0.0473228,0.0469342,0.0461844,0.0471288,0.0451012,0.0474344,0.046823,0.0460458,0.0536272,0.80606,0.799612,0.781272,0.781006,0.783192,0.771648,0.772482,0.771234,0.766026,0.75984,0.756252,0.74769,0.749424,0.743726,0.736746,0.728558,0.733314,0.72139,0.719692,0.72184,0.718446,0.714104,0.720408,0.714068,0.69992,0.80606,102,0,0,0,0,0,0,0,0,0,0,0,0,0,0,0,0,0,28,0,0,0,-0.010062695
14,5/18/2012 9:20,5/18/2012 9:50,0.686898,550.83,540.63,542.29,537.074,529.718,527.82,526.396,521.178,523.55,519.756,511.214,507.184,508.606,499.116,506.468,505.996,497.692,496.98,495.556,497.93,485.354,483.222,477.766,477.53,476.106,550.83,3.52988,3.42884,3.48912,3.39786,3.30498,3.36366,3.29354,3.24306,3.3392,3.3115,3.36202,3.20882,3.23326,3.1958,3.09312,3.09638,3.1094,3.09474,3.07194,3.07194,3.1241,3.11106,3.11592,2.94156,2.96598,3.52988,0.0703752,0.0515918,0.0626116,0.0608582,0.0683718,0.0558496,0.058354,0.070125,0.0518424,0.0553486,0.0563504,0.0613594,0.0596062,0.059356,0.0621106,0.0593558,0.0591052,0.0561,0.057853,0.0621106,0.0583538,0.0503394,0.0530946,0.0553486,0.0520926,0.0703752,14.5818,14.201,13.9228,14.214,14.2306,14.2452,13.8268,13.7888,13.763,13.7696,13.881,13.758,13.735,13.5636,13.32,13.1692,13.1362,13.0552,12.873,12.8492,12.8618,12.847,12.7202,12.6754,12.5004,14.5818,0.0504054,0.0502948,0.0505724,0.0536272,0.0496004,0.0519886,0.0528496,0.0517388,0.0502946,0.049906,0.0506,0.049239,0.0503504,0.0487116,0.0475174,0.0474896,0.0473228,0.0469342,0.0461844,0.0471288,0.0451012,0.0474344,0.046823,0.0460458,0.048323,0.0536272,0.799612,0.781272,0.781006,0.783192,0.771648,0.772482,0.771234,0.766026,0.75984,0.756252,0.74769,0.749424,0.743726,0.736746,0.728558,0.733314,0.72139,0.719692,0.72184,0.718446,0.714104,0.720408,0.714068,0.69992,0.702258,0.799612,102,0,0,0,0,0,0,0,0,0,0,0,0,0,0,0,0,0,28,0,0,0,-0.009064266
14,5/18/2012 9:25,5/18/2012 9:55,0.671694,540.63,542.29,537.074,529.718,527.82,526.396,521.178,523.55,519.756,511.214,507.184,508.606,499.116,506.468,505.996,497.692,496.98,495.556,497.93,485.354,483.222,477.766,477.53,476.106,467.802,542.29,3.42884,3.48912,3.39786,3.30498,3.36366,3.29354,3.24306,3.3392,3.3115,3.36202,3.20882,3.23326,3.1958,3.09312,3.09638,3.1094,3.09474,3.07194,3.07194,3.1241,3.11106,3.11592,2.94156,2.96598,2.99372,3.48912,0.0515918,0.0626116,0.0608582,0.0683718,0.0558496,0.058354,0.070125,0.0518424,0.0553486,0.0563504,0.0613594,0.0596062,0.059356,0.0621106,0.0593558,0.0591052,0.0561,0.057853,0.0621106,0.0583538,0.0503394,0.0530946,0.0553486,0.0520926,0.0540962,0.070125,14.201,13.9228,14.214,14.2306,14.2452,13.8268,13.7888,13.763,13.7696,13.881,13.758,13.735,13.5636,13.32,13.1692,13.1362,13.0552,12.873,12.8492,12.8618,12.847,12.7202,12.6754,12.5004,12.4814,14.2452,0.0502948,0.0505724,0.0536272,0.0496004,0.0519886,0.0528496,0.0517388,0.0502946,0.049906,0.0506,0.049239,0.0503504,0.0487116,0.0475174,0.0474896,0.0473228,0.0469342,0.0461844,0.0471288,0.0451012,0.0474344,0.046823,0.0460458,0.048323,0.0454622,0.0536272,0.781272,0.781006,0.783192,0.771648,0.772482,0.771234,0.766026,0.75984,0.756252,0.74769,0.749424,0.743726,0.736746,0.728558,0.733314,0.72139,0.719692,0.72184,0.718446,0.714104,0.720408,0.714068,0.69992,0.702258,0.705992,0.783192,102,0,0,0,0,0,0,0,0,0,0,0,0,0,0,0,0,0,28,0,0,0,-0.020309276
14,5/18/2012 9:30,5/18/2012 10:00,0.676676,542.29,537.074,529.718,527.82,526.396,521.178,523.55,519.756,511.214,507.184,508.606,499.116,506.468,505.996,497.692,496.98,495.556,497.93,485.354,483.222,477.766,477.53,476.106,467.802,472.546,542.29,3.48912,3.39786,3.30498,3.36366,3.29354,3.24306,3.3392,3.3115,3.36202,3.20882,3.23326,3.1958,3.09312,3.09638,3.1094,3.09474,3.07194,3.07194,3.1241,3.11106,3.11592,2.94156,2.96598,2.99372,3.05238,3.48912,0.0626116,0.0608582,0.0683718,0.0558496,0.058354,0.070125,0.0518424,0.0553486,0.0563504,0.0613594,0.0596062,0.059356,0.0621106,0.0593558,0.0591052,0.0561,0.057853,0.0621106,0.0583538,0.0503394,0.0530946,0.0553486,0.0520926,0.0540962,0.0538458,0.070125,13.9228,14.214,14.2306,14.2452,13.8268,13.7888,13.763,13.7696,13.881,13.758,13.735,13.5636,13.32,13.1692,13.1362,13.0552,12.873,12.8492,12.8618,12.847,12.7202,12.6754,12.5004,12.4814,12.3074,14.2452,0.0505724,0.0536272,0.0496004,0.0519886,0.0528496,0.0517388,0.0502946,0.049906,0.0506,0.049239,0.0503504,0.0487116,0.0475174,0.0474896,0.0473228,0.0469342,0.0461844,0.0471288,0.0451012,0.0474344,0.046823,0.0460458,0.048323,0.0454622,0.0459066,0.0536272,0.781006,0.783192,0.771648,0.772482,0.771234,0.766026,0.75984,0.756252,0.74769,0.749424,0.743726,0.736746,0.728558,0.733314,0.72139,0.719692,0.72184,0.718446,0.714104,0.720408,0.714068,0.69992,0.702258,0.705992,0.693804,0.783192,102,0,0,0,0,0,0,0,0,0,0,0,0,0,0,0,0,0,28,0,0,0,-0.010163625
14,5/18/2012 9:35,5/18/2012 10:05,0.655658,537.074,529.718,527.82,526.396,521.178,523.55,519.756,511.214,507.184,508.606,499.116,506.468,505.996,497.692,496.98,495.556,497.93,485.354,483.222,477.766,477.53,476.106,467.802,472.546,463.768,537.074,3.39786,3.30498,3.36366,3.29354,3.24306,3.3392,3.3115,3.36202,3.20882,3.23326,3.1958,3.09312,3.09638,3.1094,3.09474,3.07194,3.07194,3.1241,3.11106,3.11592,2.94156,2.96598,2.99372,3.05238,2.8617,3.39786,0.0608582,0.0683718,0.0558496,0.058354,0.070125,0.0518424,0.0553486,0.0563504,0.0613594,0.0596062,0.059356,0.0621106,0.0593558,0.0591052,0.0561,0.057853,0.0621106,0.0583538,0.0503394,0.0530946,0.0553486,0.0520926,0.0540962,0.0538458,0.0568512,0.070125,14.214,14.2306,14.2452,13.8268,13.7888,13.763,13.7696,13.881,13.758,13.735,13.5636,13.32,13.1692,13.1362,13.0552,12.873,12.8492,12.8618,12.847,12.7202,12.6754,12.5004,12.4814,12.3074,12.2398,14.2452,0.0536272,0.0496004,0.0519886,0.0528496,0.0517388,0.0502946,0.049906,0.0506,0.049239,0.0503504,0.0487116,0.0475174,0.0474896,0.0473228,0.0469342,0.0461844,0.0471288,0.0451012,0.0474344,0.046823,0.0460458,0.048323,0.0454622,0.0459066,0.0450458,0.0536272,0.783192,0.771648,0.772482,0.771234,0.766026,0.75984,0.756252,0.74769,0.749424,0.743726,0.736746,0.728558,0.733314,0.72139,0.719692,0.72184,0.718446,0.714104,0.720408,0.714068,0.69992,0.702258,0.705992,0.693804,0.692936,0.783192,102,0,0,0,0,0,0,0,0,0,0,0,0,0,0,0,0,0,28,0,0,0,-0.022265787
14,5/18/2012 9:40,5/18/2012 10:10,0.672184,529.718,527.82,526.396,521.178,523.55,519.756,511.214,507.184,508.606,499.116,506.468,505.996,497.692,496.98,495.556,497.93,485.354,483.222,477.766,477.53,476.106,467.802,472.546,463.768,468.988,529.718,3.30498,3.36366,3.29354,3.24306,3.3392,3.3115,3.36202,3.20882,3.23326,3.1958,3.09312,3.09638,3.1094,3.09474,3.07194,3.07194,3.1241,3.11106,3.11592,2.94156,2.96598,2.99372,3.05238,2.8617,2.91712,3.36366,0.0683718,0.0558496,0.058354,0.070125,0.0518424,0.0553486,0.0563504,0.0613594,0.0596062,0.059356,0.0621106,0.0593558,0.0591052,0.0561,0.057853,0.0621106,0.0583538,0.0503394,0.0530946,0.0553486,0.0520926,0.0540962,0.0538458,0.0568512,0.046583,0.070125,14.2306,14.2452,13.8268,13.7888,13.763,13.7696,13.881,13.758,13.735,13.5636,13.32,13.1692,13.1362,13.0552,12.873,12.8492,12.8618,12.847,12.7202,12.6754,12.5004,12.4814,12.3074,12.2398,12.2356,14.2452,0.0496004,0.0519886,0.0528496,0.0517388,0.0502946,0.049906,0.0506,0.049239,0.0503504,0.0487116,0.0475174,0.0474896,0.0473228,0.0469342,0.0461844,0.0471288,0.0451012,0.0474344,0.046823,0.0460458,0.048323,0.0454622,0.0459066,0.0450458,0.0445458,0.0528496,0.771648,0.772482,0.771234,0.766026,0.75984,0.756252,0.74769,0.749424,0.743726,0.736746,0.728558,0.733314,0.72139,0.719692,0.72184,0.718446,0.714104,0.720408,0.714068,0.69992,0.702258,0.705992,0.693804,0.692936,0.679014,0.772482,102,0,0,0,0,0,0,0,0,0,0,0,0,0,0,0,0,0,28,0,0,0,-0.00407616
14,5/18/2012 9:45,5/18/2012 10:15,0.662072,527.82,526.396,521.178,523.55,519.756,511.214,507.184,508.606,499.116,506.468,505.996,497.692,496.98,495.556,497.93,485.354,483.222,477.766,477.53,476.106,467.802,472.546,463.768,468.988,469.936,527.82,3.36366,3.29354,3.24306,3.3392,3.3115,3.36202,3.20882,3.23326,3.1958,3.09312,3.09638,3.1094,3.09474,3.07194,3.07194,3.1241,3.11106,3.11592,2.94156,2.96598,2.99372,3.05238,2.8617,2.91712,2.89594,3.36366,0.0558496,0.058354,0.070125,0.0518424,0.0553486,0.0563504,0.0613594,0.0596062,0.059356,0.0621106,0.0593558,0.0591052,0.0561,0.057853,0.0621106,0.0583538,0.0503394,0.0530946,0.0553486,0.0520926,0.0540962,0.0538458,0.0568512,0.046583,0.0550982,0.070125,14.2452,13.8268,13.7888,13.763,13.7696,13.881,13.758,13.735,13.5636,13.32,13.1692,13.1362,13.0552,12.873,12.8492,12.8618,12.847,12.7202,12.6754,12.5004,12.4814,12.3074,12.2398,12.2356,12.1822,14.2452,0.0519886,0.0528496,0.0517388,0.0502946,0.049906,0.0506,0.049239,0.0503504,0.0487116,0.0475174,0.0474896,0.0473228,0.0469342,0.0461844,0.0471288,0.0451012,0.0474344,0.046823,0.0460458,0.048323,0.0454622,0.0459066,0.0450458,0.0445458,0.0438514,0.0528496,0.772482,0.771234,0.766026,0.75984,0.756252,0.74769,0.749424,0.743726,0.736746,0.728558,0.733314,0.72139,0.719692,0.72184,0.718446,0.714104,0.720408,0.714068,0.69992,0.702258,0.705992,0.693804,0.692936,0.679014,0.6829,0.772482,102,0,0,0,0,0,0,0,0,0,0,0,0,0,0,0,0,0,28,0,0,0,-0.012453479
14,5/18/2012 9:50,5/18/2012 10:20,0.659092,526.396,521.178,523.55,519.756,511.214,507.184,508.606,499.116,506.468,505.996,497.692,496.98,495.556,497.93,485.354,483.222,477.766,477.53,476.106,467.802,472.546,463.768,468.988,469.936,460.212,526.396,3.29354,3.24306,3.3392,3.3115,3.36202,3.20882,3.23326,3.1958,3.09312,3.09638,3.1094,3.09474,3.07194,3.07194,3.1241,3.11106,3.11592,2.94156,2.96598,2.99372,3.05238,2.8617,2.91712,2.89594,2.84868,3.36202,0.058354,0.070125,0.0518424,0.0553486,0.0563504,0.0613594,0.0596062,0.059356,0.0621106,0.0593558,0.0591052,0.0561,0.057853,0.0621106,0.0583538,0.0503394,0.0530946,0.0553486,0.0520926,0.0540962,0.0538458,0.0568512,0.046583,0.0550982,0.0540962,0.070125,13.8268,13.7888,13.763,13.7696,13.881,13.758,13.735,13.5636,13.32,13.1692,13.1362,13.0552,12.873,12.8492,12.8618,12.847,12.7202,12.6754,12.5004,12.4814,12.3074,12.2398,12.2356,12.1822,12.1064,13.881,0.0528496,0.0517388,0.0502946,0.049906,0.0506,0.049239,0.0503504,0.0487116,0.0475174,0.0474896,0.0473228,0.0469342,0.0461844,0.0471288,0.0451012,0.0474344,0.046823,0.0460458,0.048323,0.0454622,0.0459066,0.0450458,0.0445458,0.0438514,0.0456566,0.0528496,0.771234,0.766026,0.75984,0.756252,0.74769,0.749424,0.743726,0.736746,0.728558,0.733314,0.72139,0.719692,0.72184,0.718446,0.714104,0.720408,0.714068,0.69992,0.702258,0.705992,0.693804,0.692936,0.679014,0.6829,0.686898,0.771234,102,0,0,0,0,0,0,0,0,0,0,0,0,0,0,0,0,0,28,0,0,0,-0.016620875
14,5/18/2012 9:55,5/18/2012 10:25,0.659844,521.178,523.55,519.756,511.214,507.184,508.606,499.116,506.468,505.996,497.692,496.98,495.556,497.93,485.354,483.222,477.766,477.53,476.106,467.802,472.546,463.768,468.988,469.936,460.212,457.838,523.55,3.24306,3.3392,3.3115,3.36202,3.20882,3.23326,3.1958,3.09312,3.09638,3.1094,3.09474,3.07194,3.07194,3.1241,3.11106,3.11592,2.94156,2.96598,2.99372,3.05238,2.8617,2.91712,2.89594,2.84868,2.94156,3.36202,0.070125,0.0518424,0.0553486,0.0563504,0.0613594,0.0596062,0.059356,0.0621106,0.0593558,0.0591052,0.0561,0.057853,0.0621106,0.0583538,0.0503394,0.0530946,0.0553486,0.0520926,0.0540962,0.0538458,0.0568512,0.046583,0.0550982,0.0540962,0.051592,0.070125,13.7888,13.763,13.7696,13.881,13.758,13.735,13.5636,13.32,13.1692,13.1362,13.0552,12.873,12.8492,12.8618,12.847,12.7202,12.6754,12.5004,12.4814,12.3074,12.2398,12.2356,12.1822,12.1064,11.9418,13.881,0.0517388,0.0502946,0.049906,0.0506,0.049239,0.0503504,0.0487116,0.0475174,0.0474896,0.0473228,0.0469342,0.0461844,0.0471288,0.0451012,0.0474344,0.046823,0.0460458,0.048323,0.0454622,0.0459066,0.0450458,0.0445458,0.0438514,0.0456566,0.0437128,0.0517388,0.766026,0.75984,0.756252,0.74769,0.749424,0.743726,0.736746,0.728558,0.733314,0.72139,0.719692,0.72184,0.718446,0.714104,0.720408,0.714068,0.69992,0.702258,0.705992,0.693804,0.692936,0.679014,0.6829,0.686898,0.671694,0.766026,102,0,0,0,0,0,0,0,0,0,0,0,0,0,0,0,0,0,28,0,0,0,-0.007113862
14,5/18/2012 10:00,5/18/2012 10:30,0.65509,523.55,519.756,511.214,507.184,508.606,499.116,506.468,505.996,497.692,496.98,495.556,497.93,485.354,483.222,477.766,477.53,476.106,467.802,472.546,463.768,468.988,469.936,460.212,457.838,451.438,523.55,3.3392,3.3115,3.36202,3.20882,3.23326,3.1958,3.09312,3.09638,3.1094,3.09474,3.07194,3.07194,3.1241,3.11106,3.11592,2.94156,2.96598,2.99372,3.05238,2.8617,2.91712,2.89594,2.84868,2.94156,2.77858,3.36202,0.0518424,0.0553486,0.0563504,0.0613594,0.0596062,0.059356,0.0621106,0.0593558,0.0591052,0.0561,0.057853,0.0621106,0.0583538,0.0503394,0.0530946,0.0553486,0.0520926,0.0540962,0.0538458,0.0568512,0.046583,0.0550982,0.0540962,0.051592,0.049839,0.0621106,13.763,13.7696,13.881,13.758,13.735,13.5636,13.32,13.1692,13.1362,13.0552,12.873,12.8492,12.8618,12.847,12.7202,12.6754,12.5004,12.4814,12.3074,12.2398,12.2356,12.1822,12.1064,11.9418,11.8694,13.881,0.0502946,0.049906,0.0506,0.049239,0.0503504,0.0487116,0.0475174,0.0474896,0.0473228,0.0469342,0.0461844,0.0471288,0.0451012,0.0474344,0.046823,0.0460458,0.048323,0.0454622,0.0459066,0.0450458,0.0445458,0.0438514,0.0456566,0.0437128,0.0449346,0.0506,0.75984,0.756252,0.74769,0.749424,0.743726,0.736746,0.728558,0.733314,0.72139,0.719692,0.72184,0.718446,0.714104,0.720408,0.714068,0.69992,0.702258,0.705992,0.693804,0.692936,0.679014,0.6829,0.686898,0.671694,0.676676,0.75984,102,0,0,0,0,0,0,0,0,0,0,0,0,0,0,0,0,0,28,0,0,0,-0.012957874
14,5/18/2012 10:05,5/18/2012 10:35,0.646526,519.756,511.214,507.184,508.606,499.116,506.468,505.996,497.692,496.98,495.556,497.93,485.354,483.222,477.766,477.53,476.106,467.802,472.546,463.768,468.988,469.936,460.212,457.838,451.438,462.348,519.756,3.3115,3.36202,3.20882,3.23326,3.1958,3.09312,3.09638,3.1094,3.09474,3.07194,3.07194,3.1241,3.11106,3.11592,2.94156,2.96598,2.99372,3.05238,2.8617,2.91712,2.89594,2.84868,2.94156,2.77858,2.89104,3.36202,0.0553486,0.0563504,0.0613594,0.0596062,0.059356,0.0621106,0.0593558,0.0591052,0.0561,0.057853,0.0621106,0.0583538,0.0503394,0.0530946,0.0553486,0.0520926,0.0540962,0.0538458,0.0568512,0.046583,0.0550982,0.0540962,0.051592,0.049839,0.0490874,0.0621106,13.7696,13.881,13.758,13.735,13.5636,13.32,13.1692,13.1362,13.0552,12.873,12.8492,12.8618,12.847,12.7202,12.6754,12.5004,12.4814,12.3074,12.2398,12.2356,12.1822,12.1064,11.9418,11.8694,11.8038,13.881,0.049906,0.0506,0.049239,0.0503504,0.0487116,0.0475174,0.0474896,0.0473228,0.0469342,0.0461844,0.0471288,0.0451012,0.0474344,0.046823,0.0460458,0.048323,0.0454622,0.0459066,0.0450458,0.0445458,0.0438514,0.0456566,0.0437128,0.0449346,0.0439348,0.0506,0.756252,0.74769,0.749424,0.743726,0.736746,0.728558,0.733314,0.72139,0.719692,0.72184,0.718446,0.714104,0.720408,0.714068,0.69992,0.702258,0.705992,0.693804,0.692936,0.679014,0.6829,0.686898,0.671694,0.676676,0.655658,0.756252,102,0,0,0,0,0,0,0,0,0,0,0,0,0,0,0,0,0,28,0,0,0,-0.005530899
14,5/18/2012 10:10,5/18/2012 10:40,0.64596,511.214,507.184,508.606,499.116,506.468,505.996,497.692,496.98,495.556,497.93,485.354,483.222,477.766,477.53,476.106,467.802,472.546,463.768,468.988,469.936,460.212,457.838,451.438,462.348,451.674,511.214,3.36202,3.20882,3.23326,3.1958,3.09312,3.09638,3.1094,3.09474,3.07194,3.07194,3.1241,3.11106,3.11592,2.94156,2.96598,2.99372,3.05238,2.8617,2.91712,2.89594,2.84868,2.94156,2.77858,2.89104,2.75742,3.36202,0.0563504,0.0613594,0.0596062,0.059356,0.0621106,0.0593558,0.0591052,0.0561,0.057853,0.0621106,0.0583538,0.0503394,0.0530946,0.0553486,0.0520926,0.0540962,0.0538458,0.0568512,0.046583,0.0550982,0.0540962,0.051592,0.049839,0.0490874,0.0530944,0.0621106,13.881,13.758,13.735,13.5636,13.32,13.1692,13.1362,13.0552,12.873,12.8492,12.8618,12.847,12.7202,12.6754,12.5004,12.4814,12.3074,12.2398,12.2356,12.1822,12.1064,11.9418,11.8694,11.8038,11.8384,13.881,0.0506,0.049239,0.0503504,0.0487116,0.0475174,0.0474896,0.0473228,0.0469342,0.0461844,0.0471288,0.0451012,0.0474344,0.046823,0.0460458,0.048323,0.0454622,0.0459066,0.0450458,0.0445458,0.0438514,0.0456566,0.0437128,0.0449346,0.0439348,0.043296,0.0506,0.74769,0.749424,0.743726,0.736746,0.728558,0.733314,0.72139,0.719692,0.72184,0.718446,0.714104,0.720408,0.714068,0.69992,0.702258,0.705992,0.693804,0.692936,0.679014,0.6829,0.686898,0.671694,0.676676,0.655658,0.672184,0.749424,102,0,0,0,0,0,0,0,0,0,0,0,0,0,0,0,0,0,28,0,0,0,-0.015806756
14,5/18/2012 10:15,5/18/2012 10:45,0.654788,507.184,508.606,499.116,506.468,505.996,497.692,496.98,495.556,497.93,485.354,483.222,477.766,477.53,476.106,467.802,472.546,463.768,468.988,469.936,460.212,457.838,451.438,462.348,451.674,445.98,508.606,3.20882,3.23326,3.1958,3.09312,3.09638,3.1094,3.09474,3.07194,3.07194,3.1241,3.11106,3.11592,2.94156,2.96598,2.99372,3.05238,2.8617,2.91712,2.89594,2.84868,2.94156,2.77858,2.89104,2.75742,2.8552,3.23326,0.0613594,0.0596062,0.059356,0.0621106,0.0593558,0.0591052,0.0561,0.057853,0.0621106,0.0583538,0.0503394,0.0530946,0.0553486,0.0520926,0.0540962,0.0538458,0.0568512,0.046583,0.0550982,0.0540962,0.051592,0.049839,0.0490874,0.0530944,0.05059,0.0621106,13.758,13.735,13.5636,13.32,13.1692,13.1362,13.0552,12.873,12.8492,12.8618,12.847,12.7202,12.6754,12.5004,12.4814,12.3074,12.2398,12.2356,12.1822,12.1064,11.9418,11.8694,11.8038,11.8384,11.621,13.758,0.049239,0.0503504,0.0487116,0.0475174,0.0474896,0.0473228,0.0469342,0.0461844,0.0471288,0.0451012,0.0474344,0.046823,0.0460458,0.048323,0.0454622,0.0459066,0.0450458,0.0445458,0.0438514,0.0456566,0.0437128,0.0449346,0.0439348,0.043296,0.0445182,0.0503504,0.749424,0.743726,0.736746,0.728558,0.733314,0.72139,0.719692,0.72184,0.718446,0.714104,0.720408,0.714068,0.69992,0.702258,0.705992,0.693804,0.692936,0.679014,0.6829,0.686898,0.671694,0.676676,0.655658,0.672184,0.662072,0.749424,102,0,0,0,0,0,0,0,0,0,0,0,0,0,0,0,0,0,28,0,0,0,-0.004392113
14,5/18/2012 10:20,5/18/2012 10:50,0.637506,508.606,499.116,506.468,505.996,497.692,496.98,495.556,497.93,485.354,483.222,477.766,477.53,476.106,467.802,472.546,463.768,468.988,469.936,460.212,457.838,451.438,462.348,451.674,445.98,448.826,508.606,3.23326,3.1958,3.09312,3.09638,3.1094,3.09474,3.07194,3.07194,3.1241,3.11106,3.11592,2.94156,2.96598,2.99372,3.05238,2.8617,2.91712,2.89594,2.84868,2.94156,2.77858,2.89104,2.75742,2.8552,2.77698,3.23326,0.0596062,0.059356,0.0621106,0.0593558,0.0591052,0.0561,0.057853,0.0621106,0.0583538,0.0503394,0.0530946,0.0553486,0.0520926,0.0540962,0.0538458,0.0568512,0.046583,0.0550982,0.0540962,0.051592,0.049839,0.0490874,0.0530944,0.05059,0.0443292,0.0621106,13.735,13.5636,13.32,13.1692,13.1362,13.0552,12.873,12.8492,12.8618,12.847,12.7202,12.6754,12.5004,12.4814,12.3074,12.2398,12.2356,12.1822,12.1064,11.9418,11.8694,11.8038,11.8384,11.621,11.465,13.735,0.0503504,0.0487116,0.0475174,0.0474896,0.0473228,0.0469342,0.0461844,0.0471288,0.0451012,0.0474344,0.046823,0.0460458,0.048323,0.0454622,0.0459066,0.0450458,0.0445458,0.0438514,0.0456566,0.0437128,0.0449346,0.0439348,0.043296,0.0445182,0.0437128,0.0503504,0.743726,0.736746,0.728558,0.733314,0.72139,0.719692,0.72184,0.718446,0.714104,0.720408,0.714068,0.69992,0.702258,0.705992,0.693804,0.692936,0.679014,0.6829,0.686898,0.671694,0.676676,0.655658,0.672184,0.662072,0.659092,0.743726,102,0,0,0,0,0,0,0,0,0,0,0,0,0,0,0,0,0,28,0,0,0,-0.013096112
14,5/18/2012 10:25,5/18/2012 10:55,0.640336,499.116,506.468,505.996,497.692,496.98,495.556,497.93,485.354,483.222,477.766,477.53,476.106,467.802,472.546,463.768,468.988,469.936,460.212,457.838,451.438,462.348,451.674,445.98,448.826,441.472,506.468,3.1958,3.09312,3.09638,3.1094,3.09474,3.07194,3.07194,3.1241,3.11106,3.11592,2.94156,2.96598,2.99372,3.05238,2.8617,2.91712,2.89594,2.84868,2.94156,2.77858,2.89104,2.75742,2.8552,2.77698,2.83892,3.1958,0.059356,0.0621106,0.0593558,0.0591052,0.0561,0.057853,0.0621106,0.0583538,0.0503394,0.0530946,0.0553486,0.0520926,0.0540962,0.0538458,0.0568512,0.046583,0.0550982,0.0540962,0.051592,0.049839,0.0490874,0.0530944,0.05059,0.0443292,0.0488372,0.0621106,13.5636,13.32,13.1692,13.1362,13.0552,12.873,12.8492,12.8618,12.847,12.7202,12.6754,12.5004,12.4814,12.3074,12.2398,12.2356,12.1822,12.1064,11.9418,11.8694,11.8038,11.8384,11.621,11.465,11.3484,13.5636,0.0487116,0.0475174,0.0474896,0.0473228,0.0469342,0.0461844,0.0471288,0.0451012,0.0474344,0.046823,0.0460458,0.048323,0.0454622,0.0459066,0.0450458,0.0445458,0.0438514,0.0456566,0.0437128,0.0449346,0.0439348,0.043296,0.0445182,0.0437128,0.0409632,0.0487116,0.736746,0.728558,0.733314,0.72139,0.719692,0.72184,0.718446,0.714104,0.720408,0.714068,0.69992,0.702258,0.705992,0.693804,0.692936,0.679014,0.6829,0.686898,0.671694,0.676676,0.655658,0.672184,0.662072,0.659092,0.659844,0.736746,102,0,0,0,0,0,0,0,0,0,0,0,0,0,0,0,0,0,28,0,0,0,-0.011822523
14,5/18/2012 10:30,5/18/2012 11:00,0.632114,506.468,505.996,497.692,496.98,495.556,497.93,485.354,483.222,477.766,477.53,476.106,467.802,472.546,463.768,468.988,469.936,460.212,457.838,451.438,462.348,451.674,445.98,448.826,441.472,442.182,506.468,3.09312,3.09638,3.1094,3.09474,3.07194,3.07194,3.1241,3.11106,3.11592,2.94156,2.96598,2.99372,3.05238,2.8617,2.91712,2.89594,2.84868,2.94156,2.77858,2.89104,2.75742,2.8552,2.77698,2.83892,2.88128,3.1241,0.0621106,0.0593558,0.0591052,0.0561,0.057853,0.0621106,0.0583538,0.0503394,0.0530946,0.0553486,0.0520926,0.0540962,0.0538458,0.0568512,0.046583,0.0550982,0.0540962,0.051592,0.049839,0.0490874,0.0530944,0.05059,0.0443292,0.0488372,0.0505902,0.0621106,13.32,13.1692,13.1362,13.0552,12.873,12.8492,12.8618,12.847,12.7202,12.6754,12.5004,12.4814,12.3074,12.2398,12.2356,12.1822,12.1064,11.9418,11.8694,11.8038,11.8384,11.621,11.465,11.3484,11.414,13.32,0.0475174,0.0474896,0.0473228,0.0469342,0.0461844,0.0471288,0.0451012,0.0474344,0.046823,0.0460458,0.048323,0.0454622,0.0459066,0.0450458,0.0445458,0.0438514,0.0456566,0.0437128,0.0449346,0.0439348,0.043296,0.0445182,0.0437128,0.0409632,0.0436848,0.048323,0.728558,0.733314,0.72139,0.719692,0.72184,0.718446,0.714104,0.720408,0.714068,0.69992,0.702258,0.705992,0.693804,0.692936,0.679014,0.6829,0.686898,0.671694,0.676676,0.655658,0.672184,0.662072,0.659092,0.659844,0.65509,0.733314,102,0,0,0,0,0,0,0,0,0,0,0,0,0,0,0,0,0,28,0,0,0,-0.013979281
14,5/18/2012 10:35,5/18/2012 11:05,0.639204,505.996,497.692,496.98,495.556,497.93,485.354,483.222,477.766,477.53,476.106,467.802,472.546,463.768,468.988,469.936,460.212,457.838,451.438,462.348,451.674,445.98,448.826,441.472,442.182,443.844,505.996,3.09638,3.1094,3.09474,3.07194,3.07194,3.1241,3.11106,3.11592,2.94156,2.96598,2.99372,3.05238,2.8617,2.91712,2.89594,2.84868,2.94156,2.77858,2.89104,2.75742,2.8552,2.77698,2.83892,2.88128,2.73784,3.1241,0.0593558,0.0591052,0.0561,0.057853,0.0621106,0.0583538,0.0503394,0.0530946,0.0553486,0.0520926,0.0540962,0.0538458,0.0568512,0.046583,0.0550982,0.0540962,0.051592,0.049839,0.0490874,0.0530944,0.05059,0.0443292,0.0488372,0.0505902,0.047585,0.0621106,13.1692,13.1362,13.0552,12.873,12.8492,12.8618,12.847,12.7202,12.6754,12.5004,12.4814,12.3074,12.2398,12.2356,12.1822,12.1064,11.9418,11.8694,11.8038,11.8384,11.621,11.465,11.3484,11.414,11.288,13.1692,0.0474896,0.0473228,0.0469342,0.0461844,0.0471288,0.0451012,0.0474344,0.046823,0.0460458,0.048323,0.0454622,0.0459066,0.0450458,0.0445458,0.0438514,0.0456566,0.0437128,0.0449346,0.0439348,0.043296,0.0445182,0.0437128,0.0409632,0.0436848,0.0428796,0.048323,0.733314,0.72139,0.719692,0.72184,0.718446,0.714104,0.720408,0.714068,0.69992,0.702258,0.705992,0.693804,0.692936,0.679014,0.6829,0.686898,0.671694,0.676676,0.655658,0.672184,0.662072,0.659092,0.659844,0.65509,0.646526,0.733314,102,0,0,0,0,0,0,0,0,0,0,0,0,0,0,0,0,0,28,0,0,0,-0.004456856
14,5/18/2012 10:40,5/18/2012 11:10,0.633658,497.692,496.98,495.556,497.93,485.354,483.222,477.766,477.53,476.106,467.802,472.546,463.768,468.988,469.936,460.212,457.838,451.438,462.348,451.674,445.98,448.826,441.472,442.182,443.844,442.418,497.93,3.1094,3.09474,3.07194,3.07194,3.1241,3.11106,3.11592,2.94156,2.96598,2.99372,3.05238,2.8617,2.91712,2.89594,2.84868,2.94156,2.77858,2.89104,2.75742,2.8552,2.77698,2.83892,2.88128,2.73784,2.75252,3.1241,0.0591052,0.0561,0.057853,0.0621106,0.0583538,0.0503394,0.0530946,0.0553486,0.0520926,0.0540962,0.0538458,0.0568512,0.046583,0.0550982,0.0540962,0.051592,0.049839,0.0490874,0.0530944,0.05059,0.0443292,0.0488372,0.0505902,0.047585,0.0495884,0.0621106,13.1362,13.0552,12.873,12.8492,12.8618,12.847,12.7202,12.6754,12.5004,12.4814,12.3074,12.2398,12.2356,12.1822,12.1064,11.9418,11.8694,11.8038,11.8384,11.621,11.465,11.3484,11.414,11.288,11.2006,13.1362,0.0473228,0.0469342,0.0461844,0.0471288,0.0451012,0.0474344,0.046823,0.0460458,0.048323,0.0454622,0.0459066,0.0450458,0.0445458,0.0438514,0.0456566,0.0437128,0.0449346,0.0439348,0.043296,0.0445182,0.0437128,0.0409632,0.0436848,0.0428796,0.0435182,0.048323,0.72139,0.719692,0.72184,0.718446,0.714104,0.720408,0.714068,0.69992,0.702258,0.705992,0.693804,0.692936,0.679014,0.6829,0.686898,0.671694,0.676676,0.655658,0.672184,0.662072,0.659092,0.659844,0.65509,0.646526,0.64596,0.72184,102,0,0,0,0,0,0,0,0,0,0,0,0,0,0,0,0,0,28,0,0,0,-0.007502128
14,5/18/2012 10:45,5/18/2012 11:15,0.6269425,496.98,495.556,497.93,485.354,483.222,477.766,477.53,476.106,467.802,472.546,463.768,468.988,469.936,460.212,457.838,451.438,462.348,451.674,445.98,448.826,441.472,442.182,443.844,442.418,430.556,497.93,3.09474,3.07194,3.07194,3.1241,3.11106,3.11592,2.94156,2.96598,2.99372,3.05238,2.8617,2.91712,2.89594,2.84868,2.94156,2.77858,2.89104,2.75742,2.8552,2.77698,2.83892,2.88128,2.73784,2.75252,2.69714,3.1241,0.0561,0.057853,0.0621106,0.0583538,0.0503394,0.0530946,0.0553486,0.0520926,0.0540962,0.0538458,0.0568512,0.046583,0.0550982,0.0540962,0.051592,0.049839,0.0490874,0.0530944,0.05059,0.0443292,0.0488372,0.0505902,0.047585,0.0495884,0.0455812,0.0621106,13.0552,12.873,12.8492,12.8618,12.847,12.7202,12.6754,12.5004,12.4814,12.3074,12.2398,12.2356,12.1822,12.1064,11.9418,11.8694,11.8038,11.8384,11.621,11.465,11.3484,11.414,11.288,11.2006,11.2396,13.0552,0.0469342,0.0461844,0.0471288,0.0451012,0.0474344,0.046823,0.0460458,0.048323,0.0454622,0.0459066,0.0450458,0.0445458,0.0438514,0.0456566,0.0437128,0.0449346,0.0439348,0.043296,0.0445182,0.0437128,0.0409632,0.0436848,0.0428796,0.0435182,0.0438238,0.048323,0.719692,0.72184,0.718446,0.714104,0.720408,0.714068,0.69992,0.702258,0.705992,0.693804,0.692936,0.679014,0.6829,0.686898,0.671694,0.676676,0.655658,0.672184,0.662072,0.659092,0.659844,0.65509,0.646526,0.64596,0.654788,0.72184,102,0,0,0,0,0,0,0,0,0,0,0,0,0,0,0,0,0,28,0,0,0,-0.016970417
14,5/18/2012 10:50,5/18/2012 11:20,0.63079,495.556,497.93,485.354,483.222,477.766,477.53,476.106,467.802,472.546,463.768,468.988,469.936,460.212,457.838,451.438,462.348,451.674,445.98,448.826,441.472,442.182,443.844,442.418,430.556,436.488,497.93,3.07194,3.07194,3.1241,3.11106,3.11592,2.94156,2.96598,2.99372,3.05238,2.8617,2.91712,2.89594,2.84868,2.94156,2.77858,2.89104,2.75742,2.8552,2.77698,2.83892,2.88128,2.73784,2.75252,2.69714,2.74926,3.1241,0.057853,0.0621106,0.0583538,0.0503394,0.0530946,0.0553486,0.0520926,0.0540962,0.0538458,0.0568512,0.046583,0.0550982,0.0540962,0.051592,0.049839,0.0490874,0.0530944,0.05059,0.0443292,0.0488372,0.0505902,0.047585,0.0495884,0.0455812,0.047084,0.0621106,12.873,12.8492,12.8618,12.847,12.7202,12.6754,12.5004,12.4814,12.3074,12.2398,12.2356,12.1822,12.1064,11.9418,11.8694,11.8038,11.8384,11.621,11.465,11.3484,11.414,11.288,11.2006,11.2396,11.1814,12.873,0.0461844,0.0471288,0.0451012,0.0474344,0.046823,0.0460458,0.048323,0.0454622,0.0459066,0.0450458,0.0445458,0.0438514,0.0456566,0.0437128,0.0449346,0.0439348,0.043296,0.0445182,0.0437128,0.0409632,0.0436848,0.0428796,0.0435182,0.0438238,0.0432404,0.048323,0.72184,0.718446,0.714104,0.720408,0.714068,0.69992,0.702258,0.705992,0.693804,0.692936,0.679014,0.6829,0.686898,0.671694,0.676676,0.655658,0.672184,0.662072,0.659092,0.659844,0.65509,0.646526,0.64596,0.654788,0.637506,0.72184,102,0,0,0,0,0,0,0,0,0,0,0,0,0,0,0,0,0,28,0,0,0,-0.004109793
14,5/18/2012 10:55,5/18/2012 11:25,0.62283,497.93,485.354,483.222,477.766,477.53,476.106,467.802,472.546,463.768,468.988,469.936,460.212,457.838,451.438,462.348,451.674,445.98,448.826,441.472,442.182,443.844,442.418,430.556,436.488,434.59,497.93,3.07194,3.1241,3.11106,3.11592,2.94156,2.96598,2.99372,3.05238,2.8617,2.91712,2.89594,2.84868,2.94156,2.77858,2.89104,2.75742,2.8552,2.77698,2.83892,2.88128,2.73784,2.75252,2.69714,2.74926,2.78186,3.1241,0.0621106,0.0583538,0.0503394,0.0530946,0.0553486,0.0520926,0.0540962,0.0538458,0.0568512,0.046583,0.0550982,0.0540962,0.051592,0.049839,0.0490874,0.0530944,0.05059,0.0443292,0.0488372,0.0505902,0.047585,0.0495884,0.0455812,0.047084,0.0508408,0.0621106,12.8492,12.8618,12.847,12.7202,12.6754,12.5004,12.4814,12.3074,12.2398,12.2356,12.1822,12.1064,11.9418,11.8694,11.8038,11.8384,11.621,11.465,11.3484,11.414,11.288,11.2006,11.2396,11.1814,11.1572,12.8618,0.0471288,0.0451012,0.0474344,0.046823,0.0460458,0.048323,0.0454622,0.0459066,0.0450458,0.0445458,0.0438514,0.0456566,0.0437128,0.0449346,0.0439348,0.043296,0.0445182,0.0437128,0.0409632,0.0436848,0.0428796,0.0435182,0.0438238,0.0432404,0.0397136,0.048323,0.718446,0.714104,0.720408,0.714068,0.69992,0.702258,0.705992,0.693804,0.692936,0.679014,0.6829,0.686898,0.671694,0.676676,0.655658,0.672184,0.662072,0.659092,0.659844,0.65509,0.646526,0.64596,0.654788,0.637506,0.640336,0.720408,102,0,0,0,0,0,0,0,0,0,0,0,0,0,0,0,0,0,28,0,0,0,-0.01072956
14,5/18/2012 11:00,5/18/2012 11:30,0.614754,485.354,483.222,477.766,477.53,476.106,467.802,472.546,463.768,468.988,469.936,460.212,457.838,451.438,462.348,451.674,445.98,448.826,441.472,442.182,443.844,442.418,430.556,436.488,434.59,430.562,485.354,3.1241,3.11106,3.11592,2.94156,2.96598,2.99372,3.05238,2.8617,2.91712,2.89594,2.84868,2.94156,2.77858,2.89104,2.75742,2.8552,2.77698,2.83892,2.88128,2.73784,2.75252,2.69714,2.74926,2.78186,2.59932,3.1241,0.0583538,0.0503394,0.0530946,0.0553486,0.0520926,0.0540962,0.0538458,0.0568512,0.046583,0.0550982,0.0540962,0.051592,0.049839,0.0490874,0.0530944,0.05059,0.0443292,0.0488372,0.0505902,0.047585,0.0495884,0.0455812,0.047084,0.0508408,0.0435776,0.0583538,12.8618,12.847,12.7202,12.6754,12.5004,12.4814,12.3074,12.2398,12.2356,12.1822,12.1064,11.9418,11.8694,11.8038,11.8384,11.621,11.465,11.3484,11.414,11.288,11.2006,11.2396,11.1814,11.1572,10.9696,12.8618,0.0451012,0.0474344,0.046823,0.0460458,0.048323,0.0454622,0.0459066,0.0450458,0.0445458,0.0438514,0.0456566,0.0437128,0.0449346,0.0439348,0.043296,0.0445182,0.0437128,0.0409632,0.0436848,0.0428796,0.0435182,0.0438238,0.0432404,0.0397136,0.0416576,0.048323,0.714104,0.720408,0.714068,0.69992,0.702258,0.705992,0.693804,0.692936,0.679014,0.6829,0.686898,0.671694,0.676676,0.655658,0.672184,0.662072,0.659092,0.659844,0.65509,0.646526,0.64596,0.654788,0.637506,0.640336,0.632114,0.720408,102,0,0,0,0,0,0,0,0,0,0,0,0,0,0,0,0,0,28,0,0,0,-0.010693484
14,5/18/2012 11:05,5/18/2012 11:35,0.622716,483.222,477.766,477.53,476.106,467.802,472.546,463.768,468.988,469.936,460.212,457.838,451.438,462.348,451.674,445.98,448.826,441.472,442.182,443.844,442.418,430.556,436.488,434.59,430.562,430.56,483.222,3.11106,3.11592,2.94156,2.96598,2.99372,3.05238,2.8617,2.91712,2.89594,2.84868,2.94156,2.77858,2.89104,2.75742,2.8552,2.77698,2.83892,2.88128,2.73784,2.75252,2.69714,2.74926,2.78186,2.59932,2.72156,3.11592,0.0503394,0.0530946,0.0553486,0.0520926,0.0540962,0.0538458,0.0568512,0.046583,0.0550982,0.0540962,0.051592,0.049839,0.0490874,0.0530944,0.05059,0.0443292,0.0488372,0.0505902,0.047585,0.0495884,0.0455812,0.047084,0.0508408,0.0435776,0.048837,0.0568512,12.847,12.7202,12.6754,12.5004,12.4814,12.3074,12.2398,12.2356,12.1822,12.1064,11.9418,11.8694,11.8038,11.8384,11.621,11.465,11.3484,11.414,11.288,11.2006,11.2396,11.1814,11.1572,10.9696,10.9132,12.847,0.0474344,0.046823,0.0460458,0.048323,0.0454622,0.0459066,0.0450458,0.0445458,0.0438514,0.0456566,0.0437128,0.0449346,0.0439348,0.043296,0.0445182,0.0437128,0.0409632,0.0436848,0.0428796,0.0435182,0.0438238,0.0432404,0.0397136,0.0416576,0.0420188,0.048323,0.720408,0.714068,0.69992,0.702258,0.705992,0.693804,0.692936,0.679014,0.6829,0.686898,0.671694,0.676676,0.655658,0.672184,0.662072,0.659092,0.659844,0.65509,0.646526,0.64596,0.654788,0.637506,0.640336,0.632114,0.639204,0.720408,102,0,0,0,0,0,0,0,0,0,0,0,0,0,0,0,0,0,28,0,0,0,-0.01010947
14,5/18/2012 11:10,5/18/2012 11:40,0.610416,477.766,477.53,476.106,467.802,472.546,463.768,468.988,469.936,460.212,457.838,451.438,462.348,451.674,445.98,448.826,441.472,442.182,443.844,442.418,430.556,436.488,434.59,430.562,430.56,424.628,477.766,3.11592,2.94156,2.96598,2.99372,3.05238,2.8617,2.91712,2.89594,2.84868,2.94156,2.77858,2.89104,2.75742,2.8552,2.77698,2.83892,2.88128,2.73784,2.75252,2.69714,2.74926,2.78186,2.59932,2.72156,2.67594,3.11592,0.0530946,0.0553486,0.0520926,0.0540962,0.0538458,0.0568512,0.046583,0.0550982,0.0540962,0.051592,0.049839,0.0490874,0.0530944,0.05059,0.0443292,0.0488372,0.0505902,0.047585,0.0495884,0.0455812,0.047084,0.0508408,0.0435776,0.048837,0.0498388,0.0568512,12.7202,12.6754,12.5004,12.4814,12.3074,12.2398,12.2356,12.1822,12.1064,11.9418,11.8694,11.8038,11.8384,11.621,11.465,11.3484,11.414,11.288,11.2006,11.2396,11.1814,11.1572,10.9696,10.9132,10.8402,12.7202,0.046823,0.0460458,0.048323,0.0454622,0.0459066,0.0450458,0.0445458,0.0438514,0.0456566,0.0437128,0.0449346,0.0439348,0.043296,0.0445182,0.0437128,0.0409632,0.0436848,0.0428796,0.0435182,0.0438238,0.0432404,0.0397136,0.0416576,0.0420188,0.0422688,0.048323,0.714068,0.69992,0.702258,0.705992,0.693804,0.692936,0.679014,0.6829,0.686898,0.671694,0.676676,0.655658,0.672184,0.662072,0.659092,0.659844,0.65509,0.646526,0.64596,0.654788,0.637506,0.640336,0.632114,0.639204,0.633658,0.714068,102,0,0,0,0,0,0,0,0,0,0,0,0,0,0,0,0,0,28,0,0,0,-0.014329141
14,5/18/2012 11:15,5/18/2012 11:45,0.617358,477.53,476.106,467.802,472.546,463.768,468.988,469.936,460.212,457.838,451.438,462.348,451.674,445.98,448.826,441.472,442.182,443.844,442.418,430.556,436.488,434.59,430.562,430.56,424.628,427.595,477.53,2.94156,2.96598,2.99372,3.05238,2.8617,2.91712,2.89594,2.84868,2.94156,2.77858,2.89104,2.75742,2.8552,2.77698,2.83892,2.88128,2.73784,2.75252,2.69714,2.74926,2.78186,2.59932,2.72156,2.67594,2.705225,3.05238,0.0553486,0.0520926,0.0540962,0.0538458,0.0568512,0.046583,0.0550982,0.0540962,0.051592,0.049839,0.0490874,0.0530944,0.05059,0.0443292,0.0488372,0.0505902,0.047585,0.0495884,0.0455812,0.047084,0.0508408,0.0435776,0.048837,0.0498388,0.0453935,0.0568512,12.6754,12.5004,12.4814,12.3074,12.2398,12.2356,12.1822,12.1064,11.9418,11.8694,11.8038,11.8384,11.621,11.465,11.3484,11.414,11.288,11.2006,11.2396,11.1814,11.1572,10.9696,10.9132,10.8402,10.723,12.6754,0.0460458,0.048323,0.0454622,0.0459066,0.0450458,0.0445458,0.0438514,0.0456566,0.0437128,0.0449346,0.0439348,0.043296,0.0445182,0.0437128,0.0409632,0.0436848,0.0428796,0.0435182,0.0438238,0.0432404,0.0397136,0.0416576,0.0420188,0.0422688,0.03978275,0.048323,0.69992,0.702258,0.705992,0.693804,0.692936,0.679014,0.6829,0.686898,0.671694,0.676676,0.655658,0.672184,0.662072,0.659092,0.659844,0.65509,0.646526,0.64596,0.654788,0.637506,0.640336,0.632114,0.639204,0.633658,0.6269425,0.705992,102,0,0,0,0,0,0,0,0,0,0,0,0,0,0,0,0,0,28,0,0,0,-0.005908533
14,5/18/2012 11:20,5/18/2012 11:50,0.609472,476.106,467.802,472.546,463.768,468.988,469.936,460.212,457.838,451.438,462.348,451.674,445.98,448.826,441.472,442.182,443.844,442.418,430.556,436.488,434.59,430.562,430.56,424.628,427.595,428.188,476.106,2.96598,2.99372,3.05238,2.8617,2.91712,2.89594,2.84868,2.94156,2.77858,2.89104,2.75742,2.8552,2.77698,2.83892,2.88128,2.73784,2.75252,2.69714,2.74926,2.78186,2.59932,2.72156,2.67594,2.705225,2.74762,3.05238,0.0520926,0.0540962,0.0538458,0.0568512,0.046583,0.0550982,0.0540962,0.051592,0.049839,0.0490874,0.0530944,0.05059,0.0443292,0.0488372,0.0505902,0.047585,0.0495884,0.0455812,0.047084,0.0508408,0.0435776,0.048837,0.0498388,0.0453935,0.0398212,0.0568512,12.5004,12.4814,12.3074,12.2398,12.2356,12.1822,12.1064,11.9418,11.8694,11.8038,11.8384,11.621,11.465,11.3484,11.414,11.288,11.2006,11.2396,11.1814,11.1572,10.9696,10.9132,10.8402,10.723,10.5592,12.5004,0.048323,0.0454622,0.0459066,0.0450458,0.0445458,0.0438514,0.0456566,0.0437128,0.0449346,0.0439348,0.043296,0.0445182,0.0437128,0.0409632,0.0436848,0.0428796,0.0435182,0.0438238,0.0432404,0.0397136,0.0416576,0.0420188,0.0422688,0.03978275,0.0424354,0.048323,0.702258,0.705992,0.693804,0.692936,0.679014,0.6829,0.686898,0.671694,0.676676,0.655658,0.672184,0.662072,0.659092,0.659844,0.65509,0.646526,0.64596,0.654788,0.637506,0.640336,0.632114,0.639204,0.633658,0.6269425,0.63079,0.705992,102,0,0,0,0,0,0,0,0,0,0,0,0,0,0,0,0,0,28,0,0,0,-0.013158385
14,5/18/2012 11:25,5/18/2012 11:55,0.61313,467.802,472.546,463.768,468.988,469.936,460.212,457.838,451.438,462.348,451.674,445.98,448.826,441.472,442.182,443.844,442.418,430.556,436.488,434.59,430.562,430.56,424.628,427.595,428.188,412.768,472.546,2.99372,3.05238,2.8617,2.91712,2.89594,2.84868,2.94156,2.77858,2.89104,2.75742,2.8552,2.77698,2.83892,2.88128,2.73784,2.75252,2.69714,2.74926,2.78186,2.59932,2.72156,2.67594,2.705225,2.74762,2.63028,3.05238,0.0540962,0.0538458,0.0568512,0.046583,0.0550982,0.0540962,0.051592,0.049839,0.0490874,0.0530944,0.05059,0.0443292,0.0488372,0.0505902,0.047585,0.0495884,0.0455812,0.047084,0.0508408,0.0435776,0.048837,0.0498388,0.0453935,0.0398212,0.0433272,0.0568512,12.4814,12.3074,12.2398,12.2356,12.1822,12.1064,11.9418,11.8694,11.8038,11.8384,11.621,11.465,11.3484,11.414,11.288,11.2006,11.2396,11.1814,11.1572,10.9696,10.9132,10.8402,10.723,10.5592,10.5412,12.4814,0.0454622,0.0459066,0.0450458,0.0445458,0.0438514,0.0456566,0.0437128,0.0449346,0.0439348,0.043296,0.0445182,0.0437128,0.0409632,0.0436848,0.0428796,0.0435182,0.0438238,0.0432404,0.0397136,0.0416576,0.0420188,0.0422688,0.03978275,0.0424354,0.0408244,0.0459066,0.705992,0.693804,0.692936,0.679014,0.6829,0.686898,0.671694,0.676676,0.655658,0.672184,0.662072,0.659092,0.659844,0.65509,0.646526,0.64596,0.654788,0.637506,0.640336,0.632114,0.639204,0.633658,0.6269425,0.63079,0.62283,0.705992,102,0,0,0,0,0,0,0,0,0,0,0,0,0,0,0,0,0,28,0,0,0,-0.005995148
14,5/18/2012 11:30,5/18/2012 12:00,0.599584,472.546,463.768,468.988,469.936,460.212,457.838,451.438,462.348,451.674,445.98,448.826,441.472,442.182,443.844,442.418,430.556,436.488,434.59,430.562,430.56,424.628,427.595,428.188,412.768,415.374,472.546,3.05238,2.8617,2.91712,2.89594,2.84868,2.94156,2.77858,2.89104,2.75742,2.8552,2.77698,2.83892,2.88128,2.73784,2.75252,2.69714,2.74926,2.78186,2.59932,2.72156,2.67594,2.705225,2.74762,2.63028,2.68732,3.05238,0.0538458,0.0568512,0.046583,0.0550982,0.0540962,0.051592,0.049839,0.0490874,0.0530944,0.05059,0.0443292,0.0488372,0.0505902,0.047585,0.0495884,0.0455812,0.047084,0.0508408,0.0435776,0.048837,0.0498388,0.0453935,0.0398212,0.0433272,0.0488368,0.0568512,12.3074,12.2398,12.2356,12.1822,12.1064,11.9418,11.8694,11.8038,11.8384,11.621,11.465,11.3484,11.414,11.288,11.2006,11.2396,11.1814,11.1572,10.9696,10.9132,10.8402,10.723,10.5592,10.5412,10.5184,12.3074,0.0459066,0.0450458,0.0445458,0.0438514,0.0456566,0.0437128,0.0449346,0.0439348,0.043296,0.0445182,0.0437128,0.0409632,0.0436848,0.0428796,0.0435182,0.0438238,0.0432404,0.0397136,0.0416576,0.0420188,0.0422688,0.03978275,0.0424354,0.0408244,0.0424074,0.0459066,0.693804,0.692936,0.679014,0.6829,0.686898,0.671694,0.676676,0.655658,0.672184,0.662072,0.659092,0.659844,0.65509,0.646526,0.64596,0.654788,0.637506,0.640336,0.632114,0.639204,0.633658,0.6269425,0.63079,0.62283,0.614754,0.693804,102,0,0,0,0,0,0,0,0,0,0,0,0,0,0,0,0,0,28,0,0,0,-0.009439028
14,5/18/2012 11:35,5/18/2012 12:05,0.608226,463.768,468.988,469.936,460.212,457.838,451.438,462.348,451.674,445.98,448.826,441.472,442.182,443.844,442.418,430.556,436.488,434.59,430.562,430.56,424.628,427.595,428.188,412.768,415.374,416.8,469.936,2.8617,2.91712,2.89594,2.84868,2.94156,2.77858,2.89104,2.75742,2.8552,2.77698,2.83892,2.88128,2.73784,2.75252,2.69714,2.74926,2.78186,2.59932,2.72156,2.67594,2.705225,2.74762,2.63028,2.68732,2.69224,2.94156,0.0568512,0.046583,0.0550982,0.0540962,0.051592,0.049839,0.0490874,0.0530944,0.05059,0.0443292,0.0488372,0.0505902,0.047585,0.0495884,0.0455812,0.047084,0.0508408,0.0435776,0.048837,0.0498388,0.0453935,0.0398212,0.0433272,0.0488368,0.0458316,0.0568512,12.2398,12.2356,12.1822,12.1064,11.9418,11.8694,11.8038,11.8384,11.621,11.465,11.3484,11.414,11.288,11.2006,11.2396,11.1814,11.1572,10.9696,10.9132,10.8402,10.723,10.5592,10.5412,10.5184,10.3464,12.2398,0.0450458,0.0445458,0.0438514,0.0456566,0.0437128,0.0449346,0.0439348,0.043296,0.0445182,0.0437128,0.0409632,0.0436848,0.0428796,0.0435182,0.0438238,0.0432404,0.0397136,0.0416576,0.0420188,0.0422688,0.03978275,0.0424354,0.0408244,0.0424074,0.04088,0.0456566,0.692936,0.679014,0.6829,0.686898,0.671694,0.676676,0.655658,0.672184,0.662072,0.659092,0.659844,0.65509,0.646526,0.64596,0.654788,0.637506,0.640336,0.632114,0.639204,0.633658,0.6269425,0.63079,0.62283,0.614754,0.622716,0.692936,102,0,0,0,0,0,0,0,0,0,0,0,0,0,0,0,0,0,28,0,0,0,-0.00896958
14,5/18/2012 11:40,5/18/2012 12:10,0.605434,468.988,469.936,460.212,457.838,451.438,462.348,451.674,445.98,448.826,441.472,442.182,443.844,442.418,430.556,436.488,434.59,430.562,430.56,424.628,427.595,428.188,412.768,415.374,416.8,412.292,469.936,2.91712,2.89594,2.84868,2.94156,2.77858,2.89104,2.75742,2.8552,2.77698,2.83892,2.88128,2.73784,2.75252,2.69714,2.74926,2.78186,2.59932,2.72156,2.67594,2.705225,2.74762,2.63028,2.68732,2.69224,2.6906,2.94156,0.046583,0.0550982,0.0540962,0.051592,0.049839,0.0490874,0.0530944,0.05059,0.0443292,0.0488372,0.0505902,0.047585,0.0495884,0.0455812,0.047084,0.0508408,0.0435776,0.048837,0.0498388,0.0453935,0.0398212,0.0433272,0.0488368,0.0458316,0.0428262,0.0550982,12.2356,12.1822,12.1064,11.9418,11.8694,11.8038,11.8384,11.621,11.465,11.3484,11.414,11.288,11.2006,11.2396,11.1814,11.1572,10.9696,10.9132,10.8402,10.723,10.5592,10.5412,10.5184,10.3464,10.4448,12.2356,0.0445458,0.0438514,0.0456566,0.0437128,0.0449346,0.0439348,0.043296,0.0445182,0.0437128,0.0409632,0.0436848,0.0428796,0.0435182,0.0438238,0.0432404,0.0397136,0.0416576,0.0420188,0.0422688,0.03978275,0.0424354,0.0408244,0.0424074,0.04088,0.0427962,0.0456566,0.679014,0.6829,0.686898,0.671694,0.676676,0.655658,0.672184,0.662072,0.659092,0.659844,0.65509,0.646526,0.64596,0.654788,0.637506,0.640336,0.632114,0.639204,0.633658,0.6269425,0.63079,0.62283,0.614754,0.622716,0.610416,0.686898,102,0,0,0,0,0,0,0,0,0,0,0,0,0,0,0,0,0,28,0,0,0,-0.003098406
14,5/18/2012 11:45,5/18/2012 12:15,0.598942,469.936,460.212,457.838,451.438,462.348,451.674,445.98,448.826,441.472,442.182,443.844,442.418,430.556,436.488,434.59,430.562,430.56,424.628,427.595,428.188,412.768,415.374,416.8,412.292,414.192,469.936,2.89594,2.84868,2.94156,2.77858,2.89104,2.75742,2.8552,2.77698,2.83892,2.88128,2.73784,2.75252,2.69714,2.74926,2.78186,2.59932,2.72156,2.67594,2.705225,2.74762,2.63028,2.68732,2.69224,2.6906,2.62378,2.94156,0.0550982,0.0540962,0.051592,0.049839,0.0490874,0.0530944,0.05059,0.0443292,0.0488372,0.0505902,0.047585,0.0495884,0.0455812,0.047084,0.0508408,0.0435776,0.048837,0.0498388,0.0453935,0.0398212,0.0433272,0.0488368,0.0458316,0.0428262,0.0455812,0.0550982,12.1822,12.1064,11.9418,11.8694,11.8038,11.8384,11.621,11.465,11.3484,11.414,11.288,11.2006,11.2396,11.1814,11.1572,10.9696,10.9132,10.8402,10.723,10.5592,10.5412,10.5184,10.3464,10.4448,10.3144,12.1822,0.0438514,0.0456566,0.0437128,0.0449346,0.0439348,0.043296,0.0445182,0.0437128,0.0409632,0.0436848,0.0428796,0.0435182,0.0438238,0.0432404,0.0397136,0.0416576,0.0420188,0.0422688,0.03978275,0.0424354,0.0408244,0.0424074,0.04088,0.0427962,0.0397692,0.0456566,0.6829,0.686898,0.671694,0.676676,0.655658,0.672184,0.662072,0.659092,0.659844,0.65509,0.646526,0.64596,0.654788,0.637506,0.640336,0.632114,0.639204,0.633658,0.6269425,0.63079,0.62283,0.614754,0.622716,0.610416,0.617358,0.686898,102,0,0,0,0,0,0,0,0,0,0,0,0,0,0,0,0,0,28,0,0,0,-0.011451793
14,5/18/2012 11:50,5/18/2012 12:20,0.597132,460.212,457.838,451.438,462.348,451.674,445.98,448.826,441.472,442.182,443.844,442.418,430.556,436.488,434.59,430.562,430.56,424.628,427.595,428.188,412.768,415.374,416.8,412.292,414.192,413.718,462.348,2.84868,2.94156,2.77858,2.89104,2.75742,2.8552,2.77698,2.83892,2.88128,2.73784,2.75252,2.69714,2.74926,2.78186,2.59932,2.72156,2.67594,2.705225,2.74762,2.63028,2.68732,2.69224,2.6906,2.62378,2.56836,2.94156,0.0540962,0.051592,0.049839,0.0490874,0.0530944,0.05059,0.0443292,0.0488372,0.0505902,0.047585,0.0495884,0.0455812,0.047084,0.0508408,0.0435776,0.048837,0.0498388,0.0453935,0.0398212,0.0433272,0.0488368,0.0458316,0.0428262,0.0455812,0.0503398,0.0540962,12.1064,11.9418,11.8694,11.8038,11.8384,11.621,11.465,11.3484,11.414,11.288,11.2006,11.2396,11.1814,11.1572,10.9696,10.9132,10.8402,10.723,10.5592,10.5412,10.5184,10.3464,10.4448,10.3144,10.11944,12.1064,0.0456566,0.0437128,0.0449346,0.0439348,0.043296,0.0445182,0.0437128,0.0409632,0.0436848,0.0428796,0.0435182,0.0438238,0.0432404,0.0397136,0.0416576,0.0420188,0.0422688,0.03978275,0.0424354,0.0408244,0.0424074,0.04088,0.0427962,0.0397692,0.0422966,0.0456566,0.686898,0.671694,0.676676,0.655658,0.672184,0.662072,0.659092,0.659844,0.65509,0.646526,0.64596,0.654788,0.637506,0.640336,0.632114,0.639204,0.633658,0.6269425,0.63079,0.62283,0.614754,0.622716,0.610416,0.617358,0.609472,0.686898,102,0,0,0,0,0,0,0,0,0,0,0,0,0,0,0,0,0,28,0,0,0,-0.007696654
14,5/18/2012 11:55,5/18/2012 12:25,0.593434,457.838,451.438,462.348,451.674,445.98,448.826,441.472,442.182,443.844,442.418,430.556,436.488,434.59,430.562,430.56,424.628,427.595,428.188,412.768,415.374,416.8,412.292,414.192,413.718,406.598,462.348,2.94156,2.77858,2.89104,2.75742,2.8552,2.77698,2.83892,2.88128,2.73784,2.75252,2.69714,2.74926,2.78186,2.59932,2.72156,2.67594,2.705225,2.74762,2.63028,2.68732,2.69224,2.6906,2.62378,2.56836,2.58628,2.94156,0.051592,0.049839,0.0490874,0.0530944,0.05059,0.0443292,0.0488372,0.0505902,0.047585,0.0495884,0.0455812,0.047084,0.0508408,0.0435776,0.048837,0.0498388,0.0453935,0.0398212,0.0433272,0.0488368,0.0458316,0.0428262,0.0455812,0.0503398,0.041574,0.0530944,11.9418,11.8694,11.8038,11.8384,11.621,11.465,11.3484,11.414,11.288,11.2006,11.2396,11.1814,11.1572,10.9696,10.9132,10.8402,10.723,10.5592,10.5412,10.5184,10.3464,10.4448,10.3144,10.11944,10.05122,11.9418,0.0437128,0.0449346,0.0439348,0.043296,0.0445182,0.0437128,0.0409632,0.0436848,0.0428796,0.0435182,0.0438238,0.0432404,0.0397136,0.0416576,0.0420188,0.0422688,0.03978275,0.0424354,0.0408244,0.0424074,0.04088,0.0427962,0.0397692,0.0422966,0.0406024,0.0449346,0.671694,0.676676,0.655658,0.672184,0.662072,0.659092,0.659844,0.65509,0.646526,0.64596,0.654788,0.637506,0.640336,0.632114,0.639204,0.633658,0.6269425,0.63079,0.62283,0.614754,0.622716,0.610416,0.617358,0.609472,0.61313,0.676676,102,0,0,0,0,0,0,0,0,0,0,0,0,0,0,0,0,0,28,0,0,0,-0.012284955
14,5/18/2012 12:00,5/18/2012 12:30,0.59381,451.438,462.348,451.674,445.98,448.826,441.472,442.182,443.844,442.418,430.556,436.488,434.59,430.562,430.56,424.628,427.595,428.188,412.768,415.374,416.8,412.292,414.192,413.718,406.598,406.126,462.348,2.77858,2.89104,2.75742,2.8552,2.77698,2.83892,2.88128,2.73784,2.75252,2.69714,2.74926,2.78186,2.59932,2.72156,2.67594,2.705225,2.74762,2.63028,2.68732,2.69224,2.6906,2.62378,2.56836,2.58628,2.69058,2.89104,0.049839,0.0490874,0.0530944,0.05059,0.0443292,0.0488372,0.0505902,0.047585,0.0495884,0.0455812,0.047084,0.0508408,0.0435776,0.048837,0.0498388,0.0453935,0.0398212,0.0433272,0.0488368,0.0458316,0.0428262,0.0455812,0.0503398,0.041574,0.045331,0.0530944,11.8694,11.8038,11.8384,11.621,11.465,11.3484,11.414,11.288,11.2006,11.2396,11.1814,11.1572,10.9696,10.9132,10.8402,10.723,10.5592,10.5412,10.5184,10.3464,10.4448,10.3144,10.11944,10.05122,10.00448,11.8694,0.0449346,0.0439348,0.043296,0.0445182,0.0437128,0.0409632,0.0436848,0.0428796,0.0435182,0.0438238,0.0432404,0.0397136,0.0416576,0.0420188,0.0422688,0.03978275,0.0424354,0.0408244,0.0424074,0.04088,0.0427962,0.0397692,0.0422966,0.0406024,0.0386862,0.0449346,0.676676,0.655658,0.672184,0.662072,0.659092,0.659844,0.65509,0.646526,0.64596,0.654788,0.637506,0.640336,0.632114,0.639204,0.633658,0.6269425,0.63079,0.62283,0.614754,0.622716,0.610416,0.617358,0.609472,0.61313,0.599584,0.676676,102,0,0,0,0,0,0,0,0,0,0,0,0,0,0,0,0,0,28,0,0,0,-0.003616219
14,5/18/2012 12:05,5/18/2012 12:35,0.598792,462.348,451.674,445.98,448.826,441.472,442.182,443.844,442.418,430.556,436.488,434.59,430.562,430.56,424.628,427.595,428.188,412.768,415.374,416.8,412.292,414.192,413.718,406.598,406.126,408.262,462.348,2.89104,2.75742,2.8552,2.77698,2.83892,2.88128,2.73784,2.75252,2.69714,2.74926,2.78186,2.59932,2.72156,2.67594,2.705225,2.74762,2.63028,2.68732,2.69224,2.6906,2.62378,2.56836,2.58628,2.69058,2.54554,2.89104,0.0490874,0.0530944,0.05059,0.0443292,0.0488372,0.0505902,0.047585,0.0495884,0.0455812,0.047084,0.0508408,0.0435776,0.048837,0.0498388,0.0453935,0.0398212,0.0433272,0.0488368,0.0458316,0.0428262,0.0455812,0.0503398,0.041574,0.045331,0.0538458,0.0538458,11.8038,11.8384,11.621,11.465,11.3484,11.414,11.288,11.2006,11.2396,11.1814,11.1572,10.9696,10.9132,10.8402,10.723,10.5592,10.5412,10.5184,10.3464,10.4448,10.3144,10.11944,10.05122,10.00448,10.1092,11.8384,0.0439348,0.043296,0.0445182,0.0437128,0.0409632,0.0436848,0.0428796,0.0435182,0.0438238,0.0432404,0.0397136,0.0416576,0.0420188,0.0422688,0.03978275,0.0424354,0.0408244,0.0424074,0.04088,0.0427962,0.0397692,0.0422966,0.0406024,0.0386862,0.0384362,0.0445182,0.655658,0.672184,0.662072,0.659092,0.659844,0.65509,0.646526,0.64596,0.654788,0.637506,0.640336,0.632114,0.639204,0.633658,0.6269425,0.63079,0.62283,0.614754,0.622716,0.610416,0.617358,0.609472,0.61313,0.599584,0.608226,0.672184,102,0,0,0,0,0,0,0,0,0,0,0,0,0,0,0,0,0,28,0,0,0,-0.005883364
14,5/18/2012 12:10,5/18/2012 12:40,0.58419,451.674,445.98,448.826,441.472,442.182,443.844,442.418,430.556,436.488,434.59,430.562,430.56,424.628,427.595,428.188,412.768,415.374,416.8,412.292,414.192,413.718,406.598,406.126,408.262,401.382,451.674,2.75742,2.8552,2.77698,2.83892,2.88128,2.73784,2.75252,2.69714,2.74926,2.78186,2.59932,2.72156,2.67594,2.705225,2.74762,2.63028,2.68732,2.69224,2.6906,2.62378,2.56836,2.58628,2.69058,2.54554,2.52438,2.88128,0.0530944,0.05059,0.0443292,0.0488372,0.0505902,0.047585,0.0495884,0.0455812,0.047084,0.0508408,0.0435776,0.048837,0.0498388,0.0453935,0.0398212,0.0433272,0.0488368,0.0458316,0.0428262,0.0455812,0.0503398,0.041574,0.045331,0.0538458,0.0398208,0.0538458,11.8384,11.621,11.465,11.3484,11.414,11.288,11.2006,11.2396,11.1814,11.1572,10.9696,10.9132,10.8402,10.723,10.5592,10.5412,10.5184,10.3464,10.4448,10.3144,10.11944,10.05122,10.00448,10.1092,9.99158,11.8384,0.043296,0.0445182,0.0437128,0.0409632,0.0436848,0.0428796,0.0435182,0.0438238,0.0432404,0.0397136,0.0416576,0.0420188,0.0422688,0.03978275,0.0424354,0.0408244,0.0424074,0.04088,0.0427962,0.0397692,0.0422966,0.0406024,0.0386862,0.0384362,0.0400468,0.0445182,0.672184,0.662072,0.659092,0.659844,0.65509,0.646526,0.64596,0.654788,0.637506,0.640336,0.632114,0.639204,0.633658,0.6269425,0.63079,0.62283,0.614754,0.622716,0.610416,0.617358,0.609472,0.61313,0.599584,0.608226,0.605434,0.672184,102,0,0,0,0,0,0,0,0,0,0,0,0,0,0,0,0,0,28,0,0,0,-0.013320889
14,5/18/2012 12:15,5/18/2012 12:45,0.58887,445.98,448.826,441.472,442.182,443.844,442.418,430.556,436.488,434.59,430.562,430.56,424.628,427.595,428.188,412.768,415.374,416.8,412.292,414.192,413.718,406.598,406.126,408.262,401.382,403.04,448.826,2.8552,2.77698,2.83892,2.88128,2.73784,2.75252,2.69714,2.74926,2.78186,2.59932,2.72156,2.67594,2.705225,2.74762,2.63028,2.68732,2.69224,2.6906,2.62378,2.56836,2.58628,2.69058,2.54554,2.52438,2.526,2.88128,0.05059,0.0443292,0.0488372,0.0505902,0.047585,0.0495884,0.0455812,0.047084,0.0508408,0.0435776,0.048837,0.0498388,0.0453935,0.0398212,0.0433272,0.0488368,0.0458316,0.0428262,0.0455812,0.0503398,0.041574,0.045331,0.0538458,0.0398208,0.049338,0.0538458,11.621,11.465,11.3484,11.414,11.288,11.2006,11.2396,11.1814,11.1572,10.9696,10.9132,10.8402,10.723,10.5592,10.5412,10.5184,10.3464,10.4448,10.3144,10.11944,10.05122,10.00448,10.1092,9.99158,9.96228,11.621,0.0445182,0.0437128,0.0409632,0.0436848,0.0428796,0.0435182,0.0438238,0.0432404,0.0397136,0.0416576,0.0420188,0.0422688,0.03978275,0.0424354,0.0408244,0.0424074,0.04088,0.0427962,0.0397692,0.0422966,0.0406024,0.0386862,0.0384362,0.0400468,0.0386862,0.0445182,0.662072,0.659092,0.659844,0.65509,0.646526,0.64596,0.654788,0.637506,0.640336,0.632114,0.639204,0.633658,0.6269425,0.63079,0.62283,0.614754,0.622716,0.610416,0.617358,0.609472,0.61313,0.599584,0.608226,0.605434,0.598942,0.662072,102,0,0,0,0,0,0,0,0,0,0,0,0,0,0,0,0,0,28,0,0,0,-0.006319089
14,5/18/2012 12:20,5/18/2012 12:50,0.581208,448.826,441.472,442.182,443.844,442.418,430.556,436.488,434.59,430.562,430.56,424.628,427.595,428.188,412.768,415.374,416.8,412.292,414.192,413.718,406.598,406.126,408.262,401.382,403.04,400.67,448.826,2.77698,2.83892,2.88128,2.73784,2.75252,2.69714,2.74926,2.78186,2.59932,2.72156,2.67594,2.705225,2.74762,2.63028,2.68732,2.69224,2.6906,2.62378,2.56836,2.58628,2.69058,2.54554,2.52438,2.526,2.49014,2.88128,0.0443292,0.0488372,0.0505902,0.047585,0.0495884,0.0455812,0.047084,0.0508408,0.0435776,0.048837,0.0498388,0.0453935,0.0398212,0.0433272,0.0488368,0.0458316,0.0428262,0.0455812,0.0503398,0.041574,0.045331,0.0538458,0.0398208,0.049338,0.0453308,0.0538458,11.465,11.3484,11.414,11.288,11.2006,11.2396,11.1814,11.1572,10.9696,10.9132,10.8402,10.723,10.5592,10.5412,10.5184,10.3464,10.4448,10.3144,10.11944,10.05122,10.00448,10.1092,9.99158,9.96228,9.7662,11.465,0.0437128,0.0409632,0.0436848,0.0428796,0.0435182,0.0438238,0.0432404,0.0397136,0.0416576,0.0420188,0.0422688,0.03978275,0.0424354,0.0408244,0.0424074,0.04088,0.0427962,0.0397692,0.0422966,0.0406024,0.0386862,0.0384362,0.0400468,0.0386862,0.0383528,0.0438238,0.659092,0.659844,0.65509,0.646526,0.64596,0.654788,0.637506,0.640336,0.632114,0.639204,0.633658,0.6269425,0.63079,0.62283,0.614754,0.622716,0.610416,0.617358,0.609472,0.61313,0.599584,0.608226,0.605434,0.598942,0.597132,0.659844,102,0,0,0,0,0,0,0,0,0,0,0,0,0,0,0,0,0,28,0,0,0,-0.010020409
14,5/18/2012 12:25,5/18/2012 12:55,0.592416,441.472,442.182,443.844,442.418,430.556,436.488,434.59,430.562,430.56,424.628,427.595,428.188,412.768,415.374,416.8,412.292,414.192,413.718,406.598,406.126,408.262,401.382,403.04,400.67,395.45,443.844,2.83892,2.88128,2.73784,2.75252,2.69714,2.74926,2.78186,2.59932,2.72156,2.67594,2.705225,2.74762,2.63028,2.68732,2.69224,2.6906,2.62378,2.56836,2.58628,2.69058,2.54554,2.52438,2.526,2.49014,2.48036,2.88128,0.0488372,0.0505902,0.047585,0.0495884,0.0455812,0.047084,0.0508408,0.0435776,0.048837,0.0498388,0.0453935,0.0398212,0.0433272,0.0488368,0.0458316,0.0428262,0.0455812,0.0503398,0.041574,0.045331,0.0538458,0.0398208,0.049338,0.0453308,0.0428262,0.0538458,11.3484,11.414,11.288,11.2006,11.2396,11.1814,11.1572,10.9696,10.9132,10.8402,10.723,10.5592,10.5412,10.5184,10.3464,10.4448,10.3144,10.11944,10.05122,10.00448,10.1092,9.99158,9.96228,9.7662,9.73226,11.414,0.0409632,0.0436848,0.0428796,0.0435182,0.0438238,0.0432404,0.0397136,0.0416576,0.0420188,0.0422688,0.03978275,0.0424354,0.0408244,0.0424074,0.04088,0.0427962,0.0397692,0.0422966,0.0406024,0.0386862,0.0384362,0.0400468,0.0386862,0.0383528,0.0403802,0.0438238,0.659844,0.65509,0.646526,0.64596,0.654788,0.637506,0.640336,0.632114,0.639204,0.633658,0.6269425,0.63079,0.62283,0.614754,0.622716,0.610416,0.617358,0.609472,0.61313,0.599584,0.608226,0.605434,0.598942,0.597132,0.593434,0.659844,102,0,0,0,0,0,0,0,0,0,0,0,0,0,0,0,0,0,28,0,0,0,-0.000639076
14,5/18/2012 12:30,5/18/2012 13:00,0.574604,442.182,443.844,442.418,430.556,436.488,434.59,430.562,430.56,424.628,427.595,428.188,412.768,415.374,416.8,412.292,414.192,413.718,406.598,406.126,408.262,401.382,403.04,400.67,395.45,389.994,443.844,2.88128,2.73784,2.75252,2.69714,2.74926,2.78186,2.59932,2.72156,2.67594,2.705225,2.74762,2.63028,2.68732,2.69224,2.6906,2.62378,2.56836,2.58628,2.69058,2.54554,2.52438,2.526,2.49014,2.48036,2.47872,2.88128,0.0505902,0.047585,0.0495884,0.0455812,0.047084,0.0508408,0.0435776,0.048837,0.0498388,0.0453935,0.0398212,0.0433272,0.0488368,0.0458316,0.0428262,0.0455812,0.0503398,0.041574,0.045331,0.0538458,0.0398208,0.049338,0.0453308,0.0428262,0.0428262,0.0538458,11.414,11.288,11.2006,11.2396,11.1814,11.1572,10.9696,10.9132,10.8402,10.723,10.5592,10.5412,10.5184,10.3464,10.4448,10.3144,10.11944,10.05122,10.00448,10.1092,9.99158,9.96228,9.7662,9.73226,9.70982,11.414,0.0436848,0.0428796,0.0435182,0.0438238,0.0432404,0.0397136,0.0416576,0.0420188,0.0422688,0.03978275,0.0424354,0.0408244,0.0424074,0.04088,0.0427962,0.0397692,0.0422966,0.0406024,0.0386862,0.0384362,0.0400468,0.0386862,0.0383528,0.0403802,0.0388804,0.0438238,0.65509,0.646526,0.64596,0.654788,0.637506,0.640336,0.632114,0.639204,0.633658,0.6269425,0.63079,0.62283,0.614754,0.622716,0.610416,0.617358,0.609472,0.61313,0.599584,0.608226,0.605434,0.598942,0.597132,0.593434,0.59381,0.65509,102,0,0,0,0,0,0,0,0,0,0,0,0,0,0,0,0,0,28,0,0,0,-0.012123564
14,5/18/2012 12:35,5/18/2012 13:05,0.579472,443.844,442.418,430.556,436.488,434.59,430.562,430.56,424.628,427.595,428.188,412.768,415.374,416.8,412.292,414.192,413.718,406.598,406.126,408.262,401.382,403.04,400.67,395.45,389.994,395.45,443.844,2.73784,2.75252,2.69714,2.74926,2.78186,2.59932,2.72156,2.67594,2.705225,2.74762,2.63028,2.68732,2.69224,2.6906,2.62378,2.56836,2.58628,2.69058,2.54554,2.52438,2.526,2.49014,2.48036,2.47872,2.42168,2.78186,0.047585,0.0495884,0.0455812,0.047084,0.0508408,0.0435776,0.048837,0.0498388,0.0453935,0.0398212,0.0433272,0.0488368,0.0458316,0.0428262,0.0455812,0.0503398,0.041574,0.045331,0.0538458,0.0398208,0.049338,0.0453308,0.0428262,0.0428262,0.0423254,0.0538458,11.288,11.2006,11.2396,11.1814,11.1572,10.9696,10.9132,10.8402,10.723,10.5592,10.5412,10.5184,10.3464,10.4448,10.3144,10.11944,10.05122,10.00448,10.1092,9.99158,9.96228,9.7662,9.73226,9.70982,9.60894,11.288,0.0428796,0.0435182,0.0438238,0.0432404,0.0397136,0.0416576,0.0420188,0.0422688,0.03978275,0.0424354,0.0408244,0.0424074,0.04088,0.0427962,0.0397692,0.0422966,0.0406024,0.0386862,0.0384362,0.0400468,0.0386862,0.0383528,0.0403802,0.0388804,0.0395746,0.0438238,0.646526,0.64596,0.654788,0.637506,0.640336,0.632114,0.639204,0.633658,0.6269425,0.63079,0.62283,0.614754,0.622716,0.610416,0.617358,0.609472,0.61313,0.599584,0.608226,0.605434,0.598942,0.597132,0.593434,0.59381,0.598792,0.654788,102,0,0,0,0,0,0,0,0,0,0,0,0,0,0,0,0,0,28,0,0,0,-0.01215773
14,5/18/2012 12:40,5/18/2012 13:10,0.565098,442.418,430.556,436.488,434.59,430.562,430.56,424.628,427.595,428.188,412.768,415.374,416.8,412.292,414.192,413.718,406.598,406.126,408.262,401.382,403.04,400.67,395.45,389.994,395.45,396.4,442.418,2.75252,2.69714,2.74926,2.78186,2.59932,2.72156,2.67594,2.705225,2.74762,2.63028,2.68732,2.69224,2.6906,2.62378,2.56836,2.58628,2.69058,2.54554,2.52438,2.526,2.49014,2.48036,2.47872,2.42168,2.5488,2.78186,0.0495884,0.0455812,0.047084,0.0508408,0.0435776,0.048837,0.0498388,0.0453935,0.0398212,0.0433272,0.0488368,0.0458316,0.0428262,0.0455812,0.0503398,0.041574,0.045331,0.0538458,0.0398208,0.049338,0.0453308,0.0428262,0.0428262,0.0423254,0.0478354,0.0538458,11.2006,11.2396,11.1814,11.1572,10.9696,10.9132,10.8402,10.723,10.5592,10.5412,10.5184,10.3464,10.4448,10.3144,10.11944,10.05122,10.00448,10.1092,9.99158,9.96228,9.7662,9.73226,9.70982,9.60894,9.46822,11.2396,0.0435182,0.0438238,0.0432404,0.0397136,0.0416576,0.0420188,0.0422688,0.03978275,0.0424354,0.0408244,0.0424074,0.04088,0.0427962,0.0397692,0.0422966,0.0406024,0.0386862,0.0384362,0.0400468,0.0386862,0.0383528,0.0403802,0.0388804,0.0395746,0.0382416,0.0438238,0.64596,0.654788,0.637506,0.640336,0.632114,0.639204,0.633658,0.6269425,0.63079,0.62283,0.614754,0.622716,0.610416,0.617358,0.609472,0.61313,0.599584,0.608226,0.605434,0.598942,0.597132,0.593434,0.59381,0.598792,0.58419,0.654788,102,0,0,0,0,0,0,0,0,0,0,0,0,0,0,0,0,0,28,0,0,0,-0.012124794
14,5/18/2012 12:45,5/18/2012 13:15,0.564152,430.556,436.488,434.59,430.562,430.56,424.628,427.595,428.188,412.768,415.374,416.8,412.292,414.192,413.718,406.598,406.126,408.262,401.382,403.04,400.67,395.45,389.994,395.45,396.4,389.044,436.488,2.69714,2.74926,2.78186,2.59932,2.72156,2.67594,2.705225,2.74762,2.63028,2.68732,2.69224,2.6906,2.62378,2.56836,2.58628,2.69058,2.54554,2.52438,2.526,2.49014,2.48036,2.47872,2.42168,2.5488,2.51458,2.78186,0.0455812,0.047084,0.0508408,0.0435776,0.048837,0.0498388,0.0453935,0.0398212,0.0433272,0.0488368,0.0458316,0.0428262,0.0455812,0.0503398,0.041574,0.045331,0.0538458,0.0398208,0.049338,0.0453308,0.0428262,0.0428262,0.0423254,0.0478354,0.0388192,0.0538458,11.2396,11.1814,11.1572,10.9696,10.9132,10.8402,10.723,10.5592,10.5412,10.5184,10.3464,10.4448,10.3144,10.11944,10.05122,10.00448,10.1092,9.99158,9.96228,9.7662,9.73226,9.70982,9.60894,9.46822,9.34324,11.2396,0.0438238,0.0432404,0.0397136,0.0416576,0.0420188,0.0422688,0.03978275,0.0424354,0.0408244,0.0424074,0.04088,0.0427962,0.0397692,0.0422966,0.0406024,0.0386862,0.0384362,0.0400468,0.0386862,0.0383528,0.0403802,0.0388804,0.0395746,0.0382416,0.03602,0.0438238,0.654788,0.637506,0.640336,0.632114,0.639204,0.633658,0.6269425,0.63079,0.62283,0.614754,0.622716,0.610416,0.617358,0.609472,0.61313,0.599584,0.608226,0.605434,0.598942,0.597132,0.593434,0.59381,0.598792,0.58419,0.58887,0.654788,102,0,0,0,0,0,0,0,0,0,0,0,0,0,0,0,0,0,28,0,0,0,-0.015679248
14,5/18/2012 12:50,5/18/2012 13:20,0.55604,436.488,434.59,430.562,430.56,424.628,427.595,428.188,412.768,415.374,416.8,412.292,414.192,413.718,406.598,406.126,408.262,401.382,403.04,400.67,395.45,389.994,395.45,396.4,389.044,391.416,436.488,2.74926,2.78186,2.59932,2.72156,2.67594,2.705225,2.74762,2.63028,2.68732,2.69224,2.6906,2.62378,2.56836,2.58628,2.69058,2.54554,2.52438,2.526,2.49014,2.48036,2.47872,2.42168,2.5488,2.51458,2.4266,2.78186,0.047084,0.0508408,0.0435776,0.048837,0.0498388,0.0453935,0.0398212,0.0433272,0.0488368,0.0458316,0.0428262,0.0455812,0.0503398,0.041574,0.045331,0.0538458,0.0398208,0.049338,0.0453308,0.0428262,0.0428262,0.0423254,0.0478354,0.0388192,0.0423254,0.0538458,11.1814,11.1572,10.9696,10.9132,10.8402,10.723,10.5592,10.5412,10.5184,10.3464,10.4448,10.3144,10.11944,10.05122,10.00448,10.1092,9.99158,9.96228,9.7662,9.73226,9.70982,9.60894,9.46822,9.34324,9.56076,11.1814,0.0432404,0.0397136,0.0416576,0.0420188,0.0422688,0.03978275,0.0424354,0.0408244,0.0424074,0.04088,0.0427962,0.0397692,0.0422966,0.0406024,0.0386862,0.0384362,0.0400468,0.0386862,0.0383528,0.0403802,0.0388804,0.0395746,0.0382416,0.03602,0.038575,0.0432404,0.637506,0.640336,0.632114,0.639204,0.633658,0.6269425,0.63079,0.62283,0.614754,0.622716,0.610416,0.617358,0.609472,0.61313,0.599584,0.608226,0.605434,0.598942,0.597132,0.593434,0.59381,0.598792,0.58419,0.58887,0.581208,0.640336,102,0,0,0,0,0,0,0,0,0,0,0,0,0,0,0,0,0,28,0,0,0,-0.01604498
14,5/18/2012 12:55,5/18/2012 13:25,0.552722,434.59,430.562,430.56,424.628,427.595,428.188,412.768,415.374,416.8,412.292,414.192,413.718,406.598,406.126,408.262,401.382,403.04,400.67,395.45,389.994,395.45,396.4,389.044,391.416,393.312,434.59,2.78186,2.59932,2.72156,2.67594,2.705225,2.74762,2.63028,2.68732,2.69224,2.6906,2.62378,2.56836,2.58628,2.69058,2.54554,2.52438,2.526,2.49014,2.48036,2.47872,2.42168,2.5488,2.51458,2.4266,2.41028,2.78186,0.0508408,0.0435776,0.048837,0.0498388,0.0453935,0.0398212,0.0433272,0.0488368,0.0458316,0.0428262,0.0455812,0.0503398,0.041574,0.045331,0.0538458,0.0398208,0.049338,0.0453308,0.0428262,0.0428262,0.0423254,0.0478354,0.0388192,0.0423254,0.040322,0.0538458,11.1572,10.9696,10.9132,10.8402,10.723,10.5592,10.5412,10.5184,10.3464,10.4448,10.3144,10.11944,10.05122,10.00448,10.1092,9.99158,9.96228,9.7662,9.73226,9.70982,9.60894,9.46822,9.34324,9.56076,9.46912,11.1572,0.0397136,0.0416576,0.0420188,0.0422688,0.03978275,0.0424354,0.0408244,0.0424074,0.04088,0.0427962,0.0397692,0.0422966,0.0406024,0.0386862,0.0384362,0.0400468,0.0386862,0.0383528,0.0403802,0.0388804,0.0395746,0.0382416,0.03602,0.038575,0.0384638,0.0427962,0.640336,0.632114,0.639204,0.633658,0.6269425,0.63079,0.62283,0.614754,0.622716,0.610416,0.617358,0.609472,0.61313,0.599584,0.608226,0.605434,0.598942,0.597132,0.593434,0.59381,0.598792,0.58419,0.58887,0.581208,0.592416,0.640336,102,0,0,0,0,0,0,0,0,0,0,0,0,0,0,0,0,0,28,0,0,0,-0.02524284
14,5/18/2012 13:00,5/18/2012 13:30,0.54974,430.562,430.56,424.628,427.595,428.188,412.768,415.374,416.8,412.292,414.192,413.718,406.598,406.126,408.262,401.382,403.04,400.67,395.45,389.994,395.45,396.4,389.044,391.416,393.312,385.014,430.562,2.59932,2.72156,2.67594,2.705225,2.74762,2.63028,2.68732,2.69224,2.6906,2.62378,2.56836,2.58628,2.69058,2.54554,2.52438,2.526,2.49014,2.48036,2.47872,2.42168,2.5488,2.51458,2.4266,2.41028,2.47874,2.74762,0.0435776,0.048837,0.0498388,0.0453935,0.0398212,0.0433272,0.0488368,0.0458316,0.0428262,0.0455812,0.0503398,0.041574,0.045331,0.0538458,0.0398208,0.049338,0.0453308,0.0428262,0.0428262,0.0423254,0.0478354,0.0388192,0.0423254,0.040322,0.0445794,0.0538458,10.9696,10.9132,10.8402,10.723,10.5592,10.5412,10.5184,10.3464,10.4448,10.3144,10.11944,10.05122,10.00448,10.1092,9.99158,9.96228,9.7662,9.73226,9.70982,9.60894,9.46822,9.34324,9.56076,9.46912,9.341,10.9696,0.0416576,0.0420188,0.0422688,0.03978275,0.0424354,0.0408244,0.0424074,0.04088,0.0427962,0.0397692,0.0422966,0.0406024,0.0386862,0.0384362,0.0400468,0.0386862,0.0383528,0.0403802,0.0388804,0.0395746,0.0382416,0.03602,0.038575,0.0384638,0.0377972,0.0427962,0.632114,0.639204,0.633658,0.6269425,0.63079,0.62283,0.614754,0.622716,0.610416,0.617358,0.609472,0.61313,0.599584,0.608226,0.605434,0.598942,0.597132,0.593434,0.59381,0.598792,0.58419,0.58887,0.581208,0.592416,0.574604,0.639204,102,0,0,0,0,0,0,0,0,0,0,0,0,0,0,0,0,0,28,0,0,0,-0.015916637
14,5/18/2012 13:05,5/18/2012 13:35,0.558796,430.56,424.628,427.595,428.188,412.768,415.374,416.8,412.292,414.192,413.718,406.598,406.126,408.262,401.382,403.04,400.67,395.45,389.994,395.45,396.4,389.044,391.416,393.312,385.014,384.062,430.56,2.72156,2.67594,2.705225,2.74762,2.63028,2.68732,2.69224,2.6906,2.62378,2.56836,2.58628,2.69058,2.54554,2.52438,2.526,2.49014,2.48036,2.47872,2.42168,2.5488,2.51458,2.4266,2.41028,2.47874,2.34186,2.74762,0.048837,0.0498388,0.0453935,0.0398212,0.0433272,0.0488368,0.0458316,0.0428262,0.0455812,0.0503398,0.041574,0.045331,0.0538458,0.0398208,0.049338,0.0453308,0.0428262,0.0428262,0.0423254,0.0478354,0.0388192,0.0423254,0.040322,0.0445794,0.0458318,0.0538458,10.9132,10.8402,10.723,10.5592,10.5412,10.5184,10.3464,10.4448,10.3144,10.11944,10.05122,10.00448,10.1092,9.99158,9.96228,9.7662,9.73226,9.70982,9.60894,9.46822,9.34324,9.56076,9.46912,9.341,9.3829,10.9132,0.0420188,0.0422688,0.03978275,0.0424354,0.0408244,0.0424074,0.04088,0.0427962,0.0397692,0.0422966,0.0406024,0.0386862,0.0384362,0.0400468,0.0386862,0.0383528,0.0403802,0.0388804,0.0395746,0.0382416,0.03602,0.038575,0.0384638,0.0377972,0.038214,0.0427962,0.639204,0.633658,0.6269425,0.63079,0.62283,0.614754,0.622716,0.610416,0.617358,0.609472,0.61313,0.599584,0.608226,0.605434,0.598942,0.597132,0.593434,0.59381,0.598792,0.58419,0.58887,0.581208,0.592416,0.574604,0.579472,0.639204,102,0,0,0,0,0,0,0,0,0,0,0,0,0,0,0,0,0,28,0,0,0,-0.013176886
14,5/18/2012 13:10,5/18/2012 13:40,0.548114,424.628,427.595,428.188,412.768,415.374,416.8,412.292,414.192,413.718,406.598,406.126,408.262,401.382,403.04,400.67,395.45,389.994,395.45,396.4,389.044,391.416,393.312,385.014,384.062,378.368,428.188,2.67594,2.705225,2.74762,2.63028,2.68732,2.69224,2.6906,2.62378,2.56836,2.58628,2.69058,2.54554,2.52438,2.526,2.49014,2.48036,2.47872,2.42168,2.5488,2.51458,2.4266,2.41028,2.47874,2.34186,2.34998,2.74762,0.0498388,0.0453935,0.0398212,0.0433272,0.0488368,0.0458316,0.0428262,0.0455812,0.0503398,0.041574,0.045331,0.0538458,0.0398208,0.049338,0.0453308,0.0428262,0.0428262,0.0423254,0.0478354,0.0388192,0.0423254,0.040322,0.0445794,0.0458318,0.042576,0.0538458,10.8402,10.723,10.5592,10.5412,10.5184,10.3464,10.4448,10.3144,10.11944,10.05122,10.00448,10.1092,9.99158,9.96228,9.7662,9.73226,9.70982,9.60894,9.46822,9.34324,9.56076,9.46912,9.341,9.3829,9.3868,10.8402,0.0422688,0.03978275,0.0424354,0.0408244,0.0424074,0.04088,0.0427962,0.0397692,0.0422966,0.0406024,0.0386862,0.0384362,0.0400468,0.0386862,0.0383528,0.0403802,0.0388804,0.0395746,0.0382416,0.03602,0.038575,0.0384638,0.0377972,0.038214,0.0358256,0.0427962,0.633658,0.6269425,0.63079,0.62283,0.614754,0.622716,0.610416,0.617358,0.609472,0.61313,0.599584,0.608226,0.605434,0.598942,0.597132,0.593434,0.59381,0.598792,0.58419,0.58887,0.581208,0.592416,0.574604,0.579472,0.565098,0.633658,102,0,0,0,0,0,0,0,0,0,0,0,0,0,0,0,0,0,27,0,0,0,-0.010911026
14,5/18/2012 13:15,5/18/2012 13:45,0.56,427.595,428.188,412.768,415.374,416.8,412.292,414.192,413.718,406.598,406.126,408.262,401.382,403.04,400.67,395.45,389.994,395.45,396.4,389.044,391.416,393.312,385.014,384.062,378.368,376.712,428.188,2.705225,2.74762,2.63028,2.68732,2.69224,2.6906,2.62378,2.56836,2.58628,2.69058,2.54554,2.52438,2.526,2.49014,2.48036,2.47872,2.42168,2.5488,2.51458,2.4266,2.41028,2.47874,2.34186,2.34998,2.39234,2.74762,0.0453935,0.0398212,0.0433272,0.0488368,0.0458316,0.0428262,0.0455812,0.0503398,0.041574,0.045331,0.0538458,0.0398208,0.049338,0.0453308,0.0428262,0.0428262,0.0423254,0.0478354,0.0388192,0.0423254,0.040322,0.0445794,0.0458318,0.042576,0.0380678,0.0538458,10.723,10.5592,10.5412,10.5184,10.3464,10.4448,10.3144,10.11944,10.05122,10.00448,10.1092,9.99158,9.96228,9.7662,9.73226,9.70982,9.60894,9.46822,9.34324,9.56076,9.46912,9.341,9.3829,9.3868,9.25238,10.723,0.03978275,0.0424354,0.0408244,0.0424074,0.04088,0.0427962,0.0397692,0.0422966,0.0406024,0.0386862,0.0384362,0.0400468,0.0386862,0.0383528,0.0403802,0.0388804,0.0395746,0.0382416,0.03602,0.038575,0.0384638,0.0377972,0.038214,0.0358256,0.038214,0.0427962,0.6269425,0.63079,0.62283,0.614754,0.622716,0.610416,0.617358,0.609472,0.61313,0.599584,0.608226,0.605434,0.598942,0.597132,0.593434,0.59381,0.598792,0.58419,0.58887,0.581208,0.592416,0.574604,0.579472,0.565098,0.564152,0.63079,102,0,0,0,0,0,0,0,0,0,0,0,0,0,0,0,0,0,27,0,0,0,-0.002658003
14,5/18/2012 13:20,5/18/2012 13:50,0.547812,428.188,412.768,415.374,416.8,412.292,414.192,413.718,406.598,406.126,408.262,401.382,403.04,400.67,395.45,389.994,395.45,396.4,389.044,391.416,393.312,385.014,384.062,378.368,376.712,379.554,428.188,2.74762,2.63028,2.68732,2.69224,2.6906,2.62378,2.56836,2.58628,2.69058,2.54554,2.52438,2.526,2.49014,2.48036,2.47872,2.42168,2.5488,2.51458,2.4266,2.41028,2.47874,2.34186,2.34998,2.39234,2.34348,2.74762,0.0398212,0.0433272,0.0488368,0.0458316,0.0428262,0.0455812,0.0503398,0.041574,0.045331,0.0538458,0.0398208,0.049338,0.0453308,0.0428262,0.0428262,0.0423254,0.0478354,0.0388192,0.0423254,0.040322,0.0445794,0.0458318,0.042576,0.0380678,0.0428264,0.0538458,10.5592,10.5412,10.5184,10.3464,10.4448,10.3144,10.11944,10.05122,10.00448,10.1092,9.99158,9.96228,9.7662,9.73226,9.70982,9.60894,9.46822,9.34324,9.56076,9.46912,9.341,9.3829,9.3868,9.25238,9.08398,10.5592,0.0424354,0.0408244,0.0424074,0.04088,0.0427962,0.0397692,0.0422966,0.0406024,0.0386862,0.0384362,0.0400468,0.0386862,0.0383528,0.0403802,0.0388804,0.0395746,0.0382416,0.03602,0.038575,0.0384638,0.0377972,0.038214,0.0358256,0.038214,0.0374364,0.0427962,0.63079,0.62283,0.614754,0.622716,0.610416,0.617358,0.609472,0.61313,0.599584,0.608226,0.605434,0.598942,0.597132,0.593434,0.59381,0.598792,0.58419,0.58887,0.581208,0.592416,0.574604,0.579472,0.565098,0.564152,0.55604,0.63079,102,0,0,0,0,0,0,0,0,0,0,0,0,0,0,0,0,0,27,0,0,0,-0.005301812
14,5/18/2012 13:25,5/18/2012 13:55,0.559966,412.768,415.374,416.8,412.292,414.192,413.718,406.598,406.126,408.262,401.382,403.04,400.67,395.45,389.994,395.45,396.4,389.044,391.416,393.312,385.014,384.062,378.368,376.712,379.554,374.098,416.8,2.63028,2.68732,2.69224,2.6906,2.62378,2.56836,2.58628,2.69058,2.54554,2.52438,2.526,2.49014,2.48036,2.47872,2.42168,2.5488,2.51458,2.4266,2.41028,2.47874,2.34186,2.34998,2.39234,2.34348,2.34998,2.69224,0.0433272,0.0488368,0.0458316,0.0428262,0.0455812,0.0503398,0.041574,0.045331,0.0538458,0.0398208,0.049338,0.0453308,0.0428262,0.0428262,0.0423254,0.0478354,0.0388192,0.0423254,0.040322,0.0445794,0.0458318,0.042576,0.0380678,0.0428264,0.0430768,0.0538458,10.5412,10.5184,10.3464,10.4448,10.3144,10.11944,10.05122,10.00448,10.1092,9.99158,9.96228,9.7662,9.73226,9.70982,9.60894,9.46822,9.34324,9.56076,9.46912,9.341,9.3829,9.3868,9.25238,9.08398,9.04414,10.5412,0.0408244,0.0424074,0.04088,0.0427962,0.0397692,0.0422966,0.0406024,0.0386862,0.0384362,0.0400468,0.0386862,0.0383528,0.0403802,0.0388804,0.0395746,0.0382416,0.03602,0.038575,0.0384638,0.0377972,0.038214,0.0358256,0.038214,0.0374364,0.036992,0.0427962,0.62283,0.614754,0.622716,0.610416,0.617358,0.609472,0.61313,0.599584,0.608226,0.605434,0.598942,0.597132,0.593434,0.59381,0.598792,0.58419,0.58887,0.581208,0.592416,0.574604,0.579472,0.565098,0.564152,0.55604,0.552722,0.62283,102,0,0,0,0,0,0,0,0,0,0,0,0,0,0,0,0,0,27,0,0,0,0.004654506
14,5/18/2012 13:30,5/18/2012 14:00,0.550872,415.374,416.8,412.292,414.192,413.718,406.598,406.126,408.262,401.382,403.04,400.67,395.45,389.994,395.45,396.4,389.044,391.416,393.312,385.014,384.062,378.368,376.712,379.554,374.098,376.234,416.8,2.68732,2.69224,2.6906,2.62378,2.56836,2.58628,2.69058,2.54554,2.52438,2.526,2.49014,2.48036,2.47872,2.42168,2.5488,2.51458,2.4266,2.41028,2.47874,2.34186,2.34998,2.39234,2.34348,2.34998,2.30762,2.69224,0.0488368,0.0458316,0.0428262,0.0455812,0.0503398,0.041574,0.045331,0.0538458,0.0398208,0.049338,0.0453308,0.0428262,0.0428262,0.0423254,0.0478354,0.0388192,0.0423254,0.040322,0.0445794,0.0458318,0.042576,0.0380678,0.0428264,0.0430768,0.0430768,0.0538458,10.5184,10.3464,10.4448,10.3144,10.11944,10.05122,10.00448,10.1092,9.99158,9.96228,9.7662,9.73226,9.70982,9.60894,9.46822,9.34324,9.56076,9.46912,9.341,9.3829,9.3868,9.25238,9.08398,9.04414,9.01652,10.5184,0.0424074,0.04088,0.0427962,0.0397692,0.0422966,0.0406024,0.0386862,0.0384362,0.0400468,0.0386862,0.0383528,0.0403802,0.0388804,0.0395746,0.0382416,0.03602,0.038575,0.0384638,0.0377972,0.038214,0.0358256,0.038214,0.0374364,0.036992,0.0368532,0.0427962,0.614754,0.622716,0.610416,0.617358,0.609472,0.61313,0.599584,0.608226,0.605434,0.598942,0.597132,0.593434,0.59381,0.598792,0.58419,0.58887,0.581208,0.592416,0.574604,0.579472,0.565098,0.564152,0.55604,0.552722,0.54974,0.622716,102,0,0,0,0,0,0,0,0,0,0,0,0,0,0,0,0,0,27,0,0,0,0.000730178
14,5/18/2012 13:35,5/18/2012 14:05,0.54057,416.8,412.292,414.192,413.718,406.598,406.126,408.262,401.382,403.04,400.67,395.45,389.994,395.45,396.4,389.044,391.416,393.312,385.014,384.062,378.368,376.712,379.554,374.098,376.234,367.692,416.8,2.69224,2.6906,2.62378,2.56836,2.58628,2.69058,2.54554,2.52438,2.526,2.49014,2.48036,2.47872,2.42168,2.5488,2.51458,2.4266,2.41028,2.47874,2.34186,2.34998,2.39234,2.34348,2.34998,2.30762,2.30436,2.69224,0.0458316,0.0428262,0.0455812,0.0503398,0.041574,0.045331,0.0538458,0.0398208,0.049338,0.0453308,0.0428262,0.0428262,0.0423254,0.0478354,0.0388192,0.0423254,0.040322,0.0445794,0.0458318,0.042576,0.0380678,0.0428264,0.0430768,0.0430768,0.0390694,0.0538458,10.3464,10.4448,10.3144,10.11944,10.05122,10.00448,10.1092,9.99158,9.96228,9.7662,9.73226,9.70982,9.60894,9.46822,9.34324,9.56076,9.46912,9.341,9.3829,9.3868,9.25238,9.08398,9.04414,9.01652,8.97644,10.4448,0.04088,0.0427962,0.0397692,0.0422966,0.0406024,0.0386862,0.0384362,0.0400468,0.0386862,0.0383528,0.0403802,0.0388804,0.0395746,0.0382416,0.03602,0.038575,0.0384638,0.0377972,0.038214,0.0358256,0.038214,0.0374364,0.036992,0.0368532,0.0380472,0.0427962,0.622716,0.610416,0.617358,0.609472,0.61313,0.599584,0.608226,0.605434,0.598942,0.597132,0.593434,0.59381,0.598792,0.58419,0.58887,0.581208,0.592416,0.574604,0.579472,0.565098,0.564152,0.55604,0.552722,0.54974,0.558796,0.622716,102,0,0,0,0,0,0,0,0,0,0,0,0,0,0,0,0,0,27,0,0,0,-0.011761251
14,5/18/2012 13:40,5/18/2012 14:10,0.542948,412.292,414.192,413.718,406.598,406.126,408.262,401.382,403.04,400.67,395.45,389.994,395.45,396.4,389.044,391.416,393.312,385.014,384.062,378.368,376.712,379.554,374.098,376.234,367.692,372.438,414.192,2.6906,2.62378,2.56836,2.58628,2.69058,2.54554,2.52438,2.526,2.49014,2.48036,2.47872,2.42168,2.5488,2.51458,2.4266,2.41028,2.47874,2.34186,2.34998,2.39234,2.34348,2.34998,2.30762,2.30436,2.32066,2.6906,0.0428262,0.0455812,0.0503398,0.041574,0.045331,0.0538458,0.0398208,0.049338,0.0453308,0.0428262,0.0428262,0.0423254,0.0478354,0.0388192,0.0423254,0.040322,0.0445794,0.0458318,0.042576,0.0380678,0.0428264,0.0430768,0.0430768,0.0390694,0.0453308,0.0538458,10.4448,10.3144,10.11944,10.05122,10.00448,10.1092,9.99158,9.96228,9.7662,9.73226,9.70982,9.60894,9.46822,9.34324,9.56076,9.46912,9.341,9.3829,9.3868,9.25238,9.08398,9.04414,9.01652,8.97644,9.04188,10.4448,0.0427962,0.0397692,0.0422966,0.0406024,0.0386862,0.0384362,0.0400468,0.0386862,0.0383528,0.0403802,0.0388804,0.0395746,0.0382416,0.03602,0.038575,0.0384638,0.0377972,0.038214,0.0358256,0.038214,0.0374364,0.036992,0.0368532,0.0380472,0.0347706,0.0427962,0.610416,0.617358,0.609472,0.61313,0.599584,0.608226,0.605434,0.598942,0.597132,0.593434,0.59381,0.598792,0.58419,0.58887,0.581208,0.592416,0.574604,0.579472,0.565098,0.564152,0.55604,0.552722,0.54974,0.558796,0.548114,0.617358,102,0,0,0,0,0,0,0,0,0,0,0,0,0,0,0,0,0,27,0,0,0,-0.003342544
14,5/18/2012 13:45,5/18/2012 14:15,0.538002,414.192,413.718,406.598,406.126,408.262,401.382,403.04,400.67,395.45,389.994,395.45,396.4,389.044,391.416,393.312,385.014,384.062,378.368,376.712,379.554,374.098,376.234,367.692,372.438,367.696,414.192,2.62378,2.56836,2.58628,2.69058,2.54554,2.52438,2.526,2.49014,2.48036,2.47872,2.42168,2.5488,2.51458,2.4266,2.41028,2.47874,2.34186,2.34998,2.39234,2.34348,2.34998,2.30762,2.30436,2.32066,2.32554,2.69058,0.0455812,0.0503398,0.041574,0.045331,0.0538458,0.0398208,0.049338,0.0453308,0.0428262,0.0428262,0.0423254,0.0478354,0.0388192,0.0423254,0.040322,0.0445794,0.0458318,0.042576,0.0380678,0.0428264,0.0430768,0.0430768,0.0390694,0.0453308,0.0373164,0.0538458,10.3144,10.11944,10.05122,10.00448,10.1092,9.99158,9.96228,9.7662,9.73226,9.70982,9.60894,9.46822,9.34324,9.56076,9.46912,9.341,9.3829,9.3868,9.25238,9.08398,9.04414,9.01652,8.97644,9.04188,8.97628,10.3144,0.0397692,0.0422966,0.0406024,0.0386862,0.0384362,0.0400468,0.0386862,0.0383528,0.0403802,0.0388804,0.0395746,0.0382416,0.03602,0.038575,0.0384638,0.0377972,0.038214,0.0358256,0.038214,0.0374364,0.036992,0.0368532,0.0380472,0.0347706,0.0359646,0.0422966,0.617358,0.609472,0.61313,0.599584,0.608226,0.605434,0.598942,0.597132,0.593434,0.59381,0.598792,0.58419,0.58887,0.581208,0.592416,0.574604,0.579472,0.565098,0.564152,0.55604,0.552722,0.54974,0.558796,0.548114,0.56,0.617358,102,0,0,0,0,0,0,0,0,0,0,0,0,0,0,0,0,0,27,0,0,0,-0.01420165
14,5/18/2012 13:50,5/18/2012 14:20,0.532872,413.718,406.598,406.126,408.262,401.382,403.04,400.67,395.45,389.994,395.45,396.4,389.044,391.416,393.312,385.014,384.062,378.368,376.712,379.554,374.098,376.234,367.692,372.438,367.696,368.408,413.718,2.56836,2.58628,2.69058,2.54554,2.52438,2.526,2.49014,2.48036,2.47872,2.42168,2.5488,2.51458,2.4266,2.41028,2.47874,2.34186,2.34998,2.39234,2.34348,2.34998,2.30762,2.30436,2.32066,2.32554,2.35976,2.69058,0.0503398,0.041574,0.045331,0.0538458,0.0398208,0.049338,0.0453308,0.0428262,0.0428262,0.0423254,0.0478354,0.0388192,0.0423254,0.040322,0.0445794,0.0458318,0.042576,0.0380678,0.0428264,0.0430768,0.0430768,0.0390694,0.0453308,0.0373164,0.0430766,0.0538458,10.11944,10.05122,10.00448,10.1092,9.99158,9.96228,9.7662,9.73226,9.70982,9.60894,9.46822,9.34324,9.56076,9.46912,9.341,9.3829,9.3868,9.25238,9.08398,9.04414,9.01652,8.97644,9.04188,8.97628,9.24476,10.11944,0.0422966,0.0406024,0.0386862,0.0384362,0.0400468,0.0386862,0.0383528,0.0403802,0.0388804,0.0395746,0.0382416,0.03602,0.038575,0.0384638,0.0377972,0.038214,0.0358256,0.038214,0.0374364,0.036992,0.0368532,0.0380472,0.0347706,0.0359646,0.0371862,0.0422966,0.609472,0.61313,0.599584,0.608226,0.605434,0.598942,0.597132,0.593434,0.59381,0.598792,0.58419,0.58887,0.581208,0.592416,0.574604,0.579472,0.565098,0.564152,0.55604,0.552722,0.54974,0.558796,0.548114,0.56,0.547812,0.61313,102,0,0,0,0,0,0,0,0,0,0,0,0,0,0,0,0,0,27,0,0,0,-0.009699221
14,5/18/2012 13:55,5/18/2012 14:25,0.530456,406.598,406.126,408.262,401.382,403.04,400.67,395.45,389.994,395.45,396.4,389.044,391.416,393.312,385.014,384.062,378.368,376.712,379.554,374.098,376.234,367.692,372.438,367.696,368.408,375.05,408.262,2.58628,2.69058,2.54554,2.52438,2.526,2.49014,2.48036,2.47872,2.42168,2.5488,2.51458,2.4266,2.41028,2.47874,2.34186,2.34998,2.39234,2.34348,2.34998,2.30762,2.30436,2.32066,2.32554,2.35976,2.2473,2.69058,0.041574,0.045331,0.0538458,0.0398208,0.049338,0.0453308,0.0428262,0.0428262,0.0423254,0.0478354,0.0388192,0.0423254,0.040322,0.0445794,0.0458318,0.042576,0.0380678,0.0428264,0.0430768,0.0430768,0.0390694,0.0453308,0.0373164,0.0430766,0.038068,0.0538458,10.05122,10.00448,10.1092,9.99158,9.96228,9.7662,9.73226,9.70982,9.60894,9.46822,9.34324,9.56076,9.46912,9.341,9.3829,9.3868,9.25238,9.08398,9.04414,9.01652,8.97644,9.04188,8.97628,9.24476,8.9505,10.1092,0.0406024,0.0386862,0.0384362,0.0400468,0.0386862,0.0383528,0.0403802,0.0388804,0.0395746,0.0382416,0.03602,0.038575,0.0384638,0.0377972,0.038214,0.0358256,0.038214,0.0374364,0.036992,0.0368532,0.0380472,0.0347706,0.0359646,0.0371862,0.0366588,0.0406024,0.61313,0.599584,0.608226,0.605434,0.598942,0.597132,0.593434,0.59381,0.598792,0.58419,0.58887,0.581208,0.592416,0.574604,0.579472,0.565098,0.564152,0.55604,0.552722,0.54974,0.558796,0.548114,0.56,0.547812,0.559966,0.61313,102,0,0,0,0,0,0,0,0,0,0,0,0,0,0,0,0,0,27,0,0,0,-0.019098296
14,5/18/2012 14:00,5/18/2012 14:30,0.528044,406.126,408.262,401.382,403.04,400.67,395.45,389.994,395.45,396.4,389.044,391.416,393.312,385.014,384.062,378.368,376.712,379.554,374.098,376.234,367.692,372.438,367.696,368.408,375.05,365.084,408.262,2.69058,2.54554,2.52438,2.526,2.49014,2.48036,2.47872,2.42168,2.5488,2.51458,2.4266,2.41028,2.47874,2.34186,2.34998,2.39234,2.34348,2.34998,2.30762,2.30436,2.32066,2.32554,2.35976,2.2473,2.31414,2.69058,0.045331,0.0538458,0.0398208,0.049338,0.0453308,0.0428262,0.0428262,0.0423254,0.0478354,0.0388192,0.0423254,0.040322,0.0445794,0.0458318,0.042576,0.0380678,0.0428264,0.0430768,0.0430768,0.0390694,0.0453308,0.0373164,0.0430766,0.038068,0.0405724,0.0538458,10.00448,10.1092,9.99158,9.96228,9.7662,9.73226,9.70982,9.60894,9.46822,9.34324,9.56076,9.46912,9.341,9.3829,9.3868,9.25238,9.08398,9.04414,9.01652,8.97644,9.04188,8.97628,9.24476,8.9505,8.83718,10.1092,0.0386862,0.0384362,0.0400468,0.0386862,0.0383528,0.0403802,0.0388804,0.0395746,0.0382416,0.03602,0.038575,0.0384638,0.0377972,0.038214,0.0358256,0.038214,0.0374364,0.036992,0.0368532,0.0380472,0.0347706,0.0359646,0.0371862,0.0366588,0.0351866,0.0403802,0.599584,0.608226,0.605434,0.598942,0.597132,0.593434,0.59381,0.598792,0.58419,0.58887,0.581208,0.592416,0.574604,0.579472,0.565098,0.564152,0.55604,0.552722,0.54974,0.558796,0.548114,0.56,0.547812,0.559966,0.550872,0.608226,102,0,0,0,0,0,0,0,0,0,0,0,0,0,0,0,0,0,27,0,0,0,-0.014828867
14,5/18/2012 14:05,5/18/2012 14:35,0.527022,408.262,401.382,403.04,400.67,395.45,389.994,395.45,396.4,389.044,391.416,393.312,385.014,384.062,378.368,376.712,379.554,374.098,376.234,367.692,372.438,367.696,368.408,375.05,365.084,355.36,408.262,2.54554,2.52438,2.526,2.49014,2.48036,2.47872,2.42168,2.5488,2.51458,2.4266,2.41028,2.47874,2.34186,2.34998,2.39234,2.34348,2.34998,2.30762,2.30436,2.32066,2.32554,2.35976,2.2473,2.31414,2.24894,2.5488,0.0538458,0.0398208,0.049338,0.0453308,0.0428262,0.0428262,0.0423254,0.0478354,0.0388192,0.0423254,0.040322,0.0445794,0.0458318,0.042576,0.0380678,0.0428264,0.0430768,0.0430768,0.0390694,0.0453308,0.0373164,0.0430766,0.038068,0.0405724,0.0335598,0.0538458,10.1092,9.99158,9.96228,9.7662,9.73226,9.70982,9.60894,9.46822,9.34324,9.56076,9.46912,9.341,9.3829,9.3868,9.25238,9.08398,9.04414,9.01652,8.97644,9.04188,8.97628,9.24476,8.9505,8.83718,8.7328,10.1092,0.0384362,0.0400468,0.0386862,0.0383528,0.0403802,0.0388804,0.0395746,0.0382416,0.03602,0.038575,0.0384638,0.0377972,0.038214,0.0358256,0.038214,0.0374364,0.036992,0.0368532,0.0380472,0.0347706,0.0359646,0.0371862,0.0366588,0.0351866,0.0331038,0.0403802,0.608226,0.605434,0.598942,0.597132,0.593434,0.59381,0.598792,0.58419,0.58887,0.581208,0.592416,0.574604,0.579472,0.565098,0.564152,0.55604,0.552722,0.54974,0.558796,0.548114,0.56,0.547812,0.559966,0.550872,0.54057,0.608226,102,0,0,0,0,0,0,0,0,0,0,0,0,0,0,0,0,0,27,0,0,0,-0.008833044
14,5/18/2012 14:10,5/18/2012 14:40,0.517588,401.382,403.04,400.67,395.45,389.994,395.45,396.4,389.044,391.416,393.312,385.014,384.062,378.368,376.712,379.554,374.098,376.234,367.692,372.438,367.696,368.408,375.05,365.084,355.36,360.578,403.04,2.52438,2.526,2.49014,2.48036,2.47872,2.42168,2.5488,2.51458,2.4266,2.41028,2.47874,2.34186,2.34998,2.39234,2.34348,2.34998,2.30762,2.30436,2.32066,2.32554,2.35976,2.2473,2.31414,2.24894,2.28804,2.5488,0.0398208,0.049338,0.0453308,0.0428262,0.0428262,0.0423254,0.0478354,0.0388192,0.0423254,0.040322,0.0445794,0.0458318,0.042576,0.0380678,0.0428264,0.0430768,0.0430768,0.0390694,0.0453308,0.0373164,0.0430766,0.038068,0.0405724,0.0335598,0.0408226,0.049338,9.99158,9.96228,9.7662,9.73226,9.70982,9.60894,9.46822,9.34324,9.56076,9.46912,9.341,9.3829,9.3868,9.25238,9.08398,9.04414,9.01652,8.97644,9.04188,8.97628,9.24476,8.9505,8.83718,8.7328,8.78248,9.99158,0.0400468,0.0386862,0.0383528,0.0403802,0.0388804,0.0395746,0.0382416,0.03602,0.038575,0.0384638,0.0377972,0.038214,0.0358256,0.038214,0.0374364,0.036992,0.0368532,0.0380472,0.0347706,0.0359646,0.0371862,0.0366588,0.0351866,0.0331038,0.0347144,0.0403802,0.605434,0.598942,0.597132,0.593434,0.59381,0.598792,0.58419,0.58887,0.581208,0.592416,0.574604,0.579472,0.565098,0.564152,0.55604,0.552722,0.54974,0.558796,0.548114,0.56,0.547812,0.559966,0.550872,0.54057,0.542948,0.605434,102,0,0,0,0,0,0,0,0,0,0,0,0,0,0,0,0,0,27,0,0,0,-0.01657264
14,5/18/2012 14:15,5/18/2012 14:45,0.518532,403.04,400.67,395.45,389.994,395.45,396.4,389.044,391.416,393.312,385.014,384.062,378.368,376.712,379.554,374.098,376.234,367.692,372.438,367.696,368.408,375.05,365.084,355.36,360.578,357.494,403.04,2.526,2.49014,2.48036,2.47872,2.42168,2.5488,2.51458,2.4266,2.41028,2.47874,2.34186,2.34998,2.39234,2.34348,2.34998,2.30762,2.30436,2.32066,2.32554,2.35976,2.2473,2.31414,2.24894,2.28804,2.27016,2.5488,0.049338,0.0453308,0.0428262,0.0428262,0.0423254,0.0478354,0.0388192,0.0423254,0.040322,0.0445794,0.0458318,0.042576,0.0380678,0.0428264,0.0430768,0.0430768,0.0390694,0.0453308,0.0373164,0.0430766,0.038068,0.0405724,0.0335598,0.0408226,0.040322,0.049338,9.96228,9.7662,9.73226,9.70982,9.60894,9.46822,9.34324,9.56076,9.46912,9.341,9.3829,9.3868,9.25238,9.08398,9.04414,9.01652,8.97644,9.04188,8.97628,9.24476,8.9505,8.83718,8.7328,8.78248,8.73352,9.96228,0.0386862,0.0383528,0.0403802,0.0388804,0.0395746,0.0382416,0.03602,0.038575,0.0384638,0.0377972,0.038214,0.0358256,0.038214,0.0374364,0.036992,0.0368532,0.0380472,0.0347706,0.0359646,0.0371862,0.0366588,0.0351866,0.0331038,0.0347144,0.0355478,0.0403802,0.598942,0.597132,0.593434,0.59381,0.598792,0.58419,0.58887,0.581208,0.592416,0.574604,0.579472,0.565098,0.564152,0.55604,0.552722,0.54974,0.558796,0.548114,0.56,0.547812,0.559966,0.550872,0.54057,0.542948,0.538002,0.598942,102,0,0,0,0,0,0,0,0,0,0,0,0,0,0,0,0,0,27,0,0,0,-0.012740093
14,5/18/2012 14:20,5/18/2012 14:50,0.5151,400.67,395.45,389.994,395.45,396.4,389.044,391.416,393.312,385.014,384.062,378.368,376.712,379.554,374.098,376.234,367.692,372.438,367.696,368.408,375.05,365.084,355.36,360.578,357.494,357.492,400.67,2.49014,2.48036,2.47872,2.42168,2.5488,2.51458,2.4266,2.41028,2.47874,2.34186,2.34998,2.39234,2.34348,2.34998,2.30762,2.30436,2.32066,2.32554,2.35976,2.2473,2.31414,2.24894,2.28804,2.27016,2.25222,2.5488,0.0453308,0.0428262,0.0428262,0.0423254,0.0478354,0.0388192,0.0423254,0.040322,0.0445794,0.0458318,0.042576,0.0380678,0.0428264,0.0430768,0.0430768,0.0390694,0.0453308,0.0373164,0.0430766,0.038068,0.0405724,0.0335598,0.0408226,0.040322,0.0333096,0.0478354,9.7662,9.73226,9.70982,9.60894,9.46822,9.34324,9.56076,9.46912,9.341,9.3829,9.3868,9.25238,9.08398,9.04414,9.01652,8.97644,9.04188,8.97628,9.24476,8.9505,8.83718,8.7328,8.78248,8.73352,8.7517,9.7662,0.0383528,0.0403802,0.0388804,0.0395746,0.0382416,0.03602,0.038575,0.0384638,0.0377972,0.038214,0.0358256,0.038214,0.0374364,0.036992,0.0368532,0.0380472,0.0347706,0.0359646,0.0371862,0.0366588,0.0351866,0.0331038,0.0347144,0.0355478,0.0348256,0.0403802,0.597132,0.593434,0.59381,0.598792,0.58419,0.58887,0.581208,0.592416,0.574604,0.579472,0.565098,0.564152,0.55604,0.552722,0.54974,0.558796,0.548114,0.56,0.547812,0.559966,0.550872,0.54057,0.542948,0.538002,0.532872,0.598792,102,0,0,0,0,0,0,0,0,0,0,0,0,0,0,0,0,0,27,0,0,0,-0.011661657
14,5/18/2012 14:25,5/18/2012 14:55,0.512724,395.45,389.994,395.45,396.4,389.044,391.416,393.312,385.014,384.062,378.368,376.712,379.554,374.098,376.234,367.692,372.438,367.696,368.408,375.05,365.084,355.36,360.578,357.494,357.492,358.68,396.4,2.48036,2.47872,2.42168,2.5488,2.51458,2.4266,2.41028,2.47874,2.34186,2.34998,2.39234,2.34348,2.34998,2.30762,2.30436,2.32066,2.32554,2.35976,2.2473,2.31414,2.24894,2.28804,2.27016,2.25222,2.22288,2.5488,0.0428262,0.0428262,0.0423254,0.0478354,0.0388192,0.0423254,0.040322,0.0445794,0.0458318,0.042576,0.0380678,0.0428264,0.0430768,0.0430768,0.0390694,0.0453308,0.0373164,0.0430766,0.038068,0.0405724,0.0335598,0.0408226,0.040322,0.0333096,0.035814,0.0478354,9.73226,9.70982,9.60894,9.46822,9.34324,9.56076,9.46912,9.341,9.3829,9.3868,9.25238,9.08398,9.04414,9.01652,8.97644,9.04188,8.97628,9.24476,8.9505,8.83718,8.7328,8.78248,8.73352,8.7517,8.72464,9.73226,0.0403802,0.0388804,0.0395746,0.0382416,0.03602,0.038575,0.0384638,0.0377972,0.038214,0.0358256,0.038214,0.0374364,0.036992,0.0368532,0.0380472,0.0347706,0.0359646,0.0371862,0.0366588,0.0351866,0.0331038,0.0347144,0.0355478,0.0348256,0.0350756,0.0403802,0.593434,0.59381,0.598792,0.58419,0.58887,0.581208,0.592416,0.574604,0.579472,0.565098,0.564152,0.55604,0.552722,0.54974,0.558796,0.548114,0.56,0.547812,0.559966,0.550872,0.54057,0.542948,0.538002,0.532872,0.530456,0.598792,102,0,0,0,0,0,0,0,0,0,0,0,0,0,0,0,0,0,27,0,0,0,-0.011653731
14,5/18/2012 14:30,5/18/2012 15:00,0.504308,389.994,395.45,396.4,389.044,391.416,393.312,385.014,384.062,378.368,376.712,379.554,374.098,376.234,367.692,372.438,367.696,368.408,375.05,365.084,355.36,360.578,357.494,357.492,358.68,351.09,396.4,2.47872,2.42168,2.5488,2.51458,2.4266,2.41028,2.47874,2.34186,2.34998,2.39234,2.34348,2.34998,2.30762,2.30436,2.32066,2.32554,2.35976,2.2473,2.31414,2.24894,2.28804,2.27016,2.25222,2.22288,2.17562,2.5488,0.0428262,0.0423254,0.0478354,0.0388192,0.0423254,0.040322,0.0445794,0.0458318,0.042576,0.0380678,0.0428264,0.0430768,0.0430768,0.0390694,0.0453308,0.0373164,0.0430766,0.038068,0.0405724,0.0335598,0.0408226,0.040322,0.0333096,0.035814,0.0350626,0.0478354,9.70982,9.60894,9.46822,9.34324,9.56076,9.46912,9.341,9.3829,9.3868,9.25238,9.08398,9.04414,9.01652,8.97644,9.04188,8.97628,9.24476,8.9505,8.83718,8.7328,8.78248,8.73352,8.7517,8.72464,8.61302,9.70982,0.0388804,0.0395746,0.0382416,0.03602,0.038575,0.0384638,0.0377972,0.038214,0.0358256,0.038214,0.0374364,0.036992,0.0368532,0.0380472,0.0347706,0.0359646,0.0371862,0.0366588,0.0351866,0.0331038,0.0347144,0.0355478,0.0348256,0.0350756,0.0340204,0.0395746,0.59381,0.598792,0.58419,0.58887,0.581208,0.592416,0.574604,0.579472,0.565098,0.564152,0.55604,0.552722,0.54974,0.558796,0.548114,0.56,0.547812,0.559966,0.550872,0.54057,0.542948,0.538002,0.532872,0.530456,0.528044,0.598792,102,0,0,0,0,0,0,0,0,0,0,0,0,0,0,0,0,0,27,0,0,0,-0.015655494
14,5/18/2012 14:35,5/18/2012 15:05,0.509816,395.45,396.4,389.044,391.416,393.312,385.014,384.062,378.368,376.712,379.554,374.098,376.234,367.692,372.438,367.696,368.408,375.05,365.084,355.36,360.578,357.494,357.492,358.68,351.09,347.768,396.4,2.42168,2.5488,2.51458,2.4266,2.41028,2.47874,2.34186,2.34998,2.39234,2.34348,2.34998,2.30762,2.30436,2.32066,2.32554,2.35976,2.2473,2.31414,2.24894,2.28804,2.27016,2.25222,2.22288,2.17562,2.20006,2.5488,0.0423254,0.0478354,0.0388192,0.0423254,0.040322,0.0445794,0.0458318,0.042576,0.0380678,0.0428264,0.0430768,0.0430768,0.0390694,0.0453308,0.0373164,0.0430766,0.038068,0.0405724,0.0335598,0.0408226,0.040322,0.0333096,0.035814,0.0350626,0.0355636,0.0478354,9.60894,9.46822,9.34324,9.56076,9.46912,9.341,9.3829,9.3868,9.25238,9.08398,9.04414,9.01652,8.97644,9.04188,8.97628,9.24476,8.9505,8.83718,8.7328,8.78248,8.73352,8.7517,8.72464,8.61302,8.59018,9.60894,0.0395746,0.0382416,0.03602,0.038575,0.0384638,0.0377972,0.038214,0.0358256,0.038214,0.0374364,0.036992,0.0368532,0.0380472,0.0347706,0.0359646,0.0371862,0.0366588,0.0351866,0.0331038,0.0347144,0.0355478,0.0348256,0.0350756,0.0340204,0.0332706,0.0395746,0.598792,0.58419,0.58887,0.581208,0.592416,0.574604,0.579472,0.565098,0.564152,0.55604,0.552722,0.54974,0.558796,0.548114,0.56,0.547812,0.559966,0.550872,0.54057,0.542948,0.538002,0.532872,0.530456,0.528044,0.527022,0.598792,102,0,0,0,0,0,0,0,0,0,0,0,0,0,0,0,0,0,27,0,0,0,-0.011331644
14,5/18/2012 14:40,5/18/2012 15:10,0.504988,396.4,389.044,391.416,393.312,385.014,384.062,378.368,376.712,379.554,374.098,376.234,367.692,372.438,367.696,368.408,375.05,365.084,355.36,360.578,357.494,357.492,358.68,351.09,347.768,343.264,396.4,2.5488,2.51458,2.4266,2.41028,2.47874,2.34186,2.34998,2.39234,2.34348,2.34998,2.30762,2.30436,2.32066,2.32554,2.35976,2.2473,2.31414,2.24894,2.28804,2.27016,2.25222,2.22288,2.17562,2.20006,2.1528,2.5488,0.0478354,0.0388192,0.0423254,0.040322,0.0445794,0.0458318,0.042576,0.0380678,0.0428264,0.0430768,0.0430768,0.0390694,0.0453308,0.0373164,0.0430766,0.038068,0.0405724,0.0335598,0.0408226,0.040322,0.0333096,0.035814,0.0350626,0.0355636,0.0318068,0.0478354,9.46822,9.34324,9.56076,9.46912,9.341,9.3829,9.3868,9.25238,9.08398,9.04414,9.01652,8.97644,9.04188,8.97628,9.24476,8.9505,8.83718,8.7328,8.78248,8.73352,8.7517,8.72464,8.61302,8.59018,8.48912,9.56076,0.0382416,0.03602,0.038575,0.0384638,0.0377972,0.038214,0.0358256,0.038214,0.0374364,0.036992,0.0368532,0.0380472,0.0347706,0.0359646,0.0371862,0.0366588,0.0351866,0.0331038,0.0347144,0.0355478,0.0348256,0.0350756,0.0340204,0.0332706,0.033965,0.038575,0.58419,0.58887,0.581208,0.592416,0.574604,0.579472,0.565098,0.564152,0.55604,0.552722,0.54974,0.558796,0.548114,0.56,0.547812,0.559966,0.550872,0.54057,0.542948,0.538002,0.532872,0.530456,0.528044,0.527022,0.517588,0.592416,102,0,0,0,0,0,0,0,0,0,0,0,0,0,0,0,0,0,27,0,0,0,-0.008337308
14,5/18/2012 14:45,5/18/2012 15:15,0.50861,389.044,391.416,393.312,385.014,384.062,378.368,376.712,379.554,374.098,376.234,367.692,372.438,367.696,368.408,375.05,365.084,355.36,360.578,357.494,357.492,358.68,351.09,347.768,343.264,345.632,393.312,2.51458,2.4266,2.41028,2.47874,2.34186,2.34998,2.39234,2.34348,2.34998,2.30762,2.30436,2.32066,2.32554,2.35976,2.2473,2.31414,2.24894,2.28804,2.27016,2.25222,2.22288,2.17562,2.20006,2.1528,2.1789,2.51458,0.0388192,0.0423254,0.040322,0.0445794,0.0458318,0.042576,0.0380678,0.0428264,0.0430768,0.0430768,0.0390694,0.0453308,0.0373164,0.0430766,0.038068,0.0405724,0.0335598,0.0408226,0.040322,0.0333096,0.035814,0.0350626,0.0355636,0.0318068,0.041574,0.0458318,9.34324,9.56076,9.46912,9.341,9.3829,9.3868,9.25238,9.08398,9.04414,9.01652,8.97644,9.04188,8.97628,9.24476,8.9505,8.83718,8.7328,8.78248,8.73352,8.7517,8.72464,8.61302,8.59018,8.48912,8.48874,9.56076,0.03602,0.038575,0.0384638,0.0377972,0.038214,0.0358256,0.038214,0.0374364,0.036992,0.0368532,0.0380472,0.0347706,0.0359646,0.0371862,0.0366588,0.0351866,0.0331038,0.0347144,0.0355478,0.0348256,0.0350756,0.0340204,0.0332706,0.033965,0.0311876,0.038575,0.58887,0.581208,0.592416,0.574604,0.579472,0.565098,0.564152,0.55604,0.552722,0.54974,0.558796,0.548114,0.56,0.547812,0.559966,0.550872,0.54057,0.542948,0.538002,0.532872,0.530456,0.528044,0.527022,0.517588,0.518532,0.592416,102,0,0,0,0,0,0,0,0,0,0,0,0,0,0,0,0,0,27,0,0,0,-0.006555382
14,5/18/2012 14:50,5/18/2012 15:20,0.497894,391.416,393.312,385.014,384.062,378.368,376.712,379.554,374.098,376.234,367.692,372.438,367.696,368.408,375.05,365.084,355.36,360.578,357.494,357.492,358.68,351.09,347.768,343.264,345.632,346.82,393.312,2.4266,2.41028,2.47874,2.34186,2.34998,2.39234,2.34348,2.34998,2.30762,2.30436,2.32066,2.32554,2.35976,2.2473,2.31414,2.24894,2.28804,2.27016,2.25222,2.22288,2.17562,2.20006,2.1528,2.1789,2.15036,2.47874,0.0423254,0.040322,0.0445794,0.0458318,0.042576,0.0380678,0.0428264,0.0430768,0.0430768,0.0390694,0.0453308,0.0373164,0.0430766,0.038068,0.0405724,0.0335598,0.0408226,0.040322,0.0333096,0.035814,0.0350626,0.0355636,0.0318068,0.041574,0.042576,0.0458318,9.56076,9.46912,9.341,9.3829,9.3868,9.25238,9.08398,9.04414,9.01652,8.97644,9.04188,8.97628,9.24476,8.9505,8.83718,8.7328,8.78248,8.73352,8.7517,8.72464,8.61302,8.59018,8.48912,8.48874,8.35134,9.56076,0.038575,0.0384638,0.0377972,0.038214,0.0358256,0.038214,0.0374364,0.036992,0.0368532,0.0380472,0.0347706,0.0359646,0.0371862,0.0366588,0.0351866,0.0331038,0.0347144,0.0355478,0.0348256,0.0350756,0.0340204,0.0332706,0.033965,0.0311876,0.0341038,0.038575,0.581208,0.592416,0.574604,0.579472,0.565098,0.564152,0.55604,0.552722,0.54974,0.558796,0.548114,0.56,0.547812,0.559966,0.550872,0.54057,0.542948,0.538002,0.532872,0.530456,0.528044,0.527022,0.517588,0.518532,0.5151,0.592416,102,0,0,0,0,0,0,0,0,0,0,0,0,0,0,0,0,0,27,0,0,0,-0.011421322
14,5/18/2012 14:55,5/18/2012 15:25,0.498422,393.312,385.014,384.062,378.368,376.712,379.554,374.098,376.234,367.692,372.438,367.696,368.408,375.05,365.084,355.36,360.578,357.494,357.492,358.68,351.09,347.768,343.264,345.632,346.82,341.366,393.312,2.41028,2.47874,2.34186,2.34998,2.39234,2.34348,2.34998,2.30762,2.30436,2.32066,2.32554,2.35976,2.2473,2.31414,2.24894,2.28804,2.27016,2.25222,2.22288,2.17562,2.20006,2.1528,2.1789,2.15036,2.1919,2.47874,0.040322,0.0445794,0.0458318,0.042576,0.0380678,0.0428264,0.0430768,0.0430768,0.0390694,0.0453308,0.0373164,0.0430766,0.038068,0.0405724,0.0335598,0.0408226,0.040322,0.0333096,0.035814,0.0350626,0.0355636,0.0318068,0.041574,0.042576,0.0368156,0.0458318,9.46912,9.341,9.3829,9.3868,9.25238,9.08398,9.04414,9.01652,8.97644,9.04188,8.97628,9.24476,8.9505,8.83718,8.7328,8.78248,8.73352,8.7517,8.72464,8.61302,8.59018,8.48912,8.48874,8.35134,8.35672,9.46912,0.0384638,0.0377972,0.038214,0.0358256,0.038214,0.0374364,0.036992,0.0368532,0.0380472,0.0347706,0.0359646,0.0371862,0.0366588,0.0351866,0.0331038,0.0347144,0.0355478,0.0348256,0.0350756,0.0340204,0.0332706,0.033965,0.0311876,0.0341038,0.0329372,0.0384638,0.592416,0.574604,0.579472,0.565098,0.564152,0.55604,0.552722,0.54974,0.558796,0.548114,0.56,0.547812,0.559966,0.550872,0.54057,0.542948,0.538002,0.532872,0.530456,0.528044,0.527022,0.517588,0.518532,0.5151,0.512724,0.592416,102,0,0,0,0,0,0,0,0,0,0,0,0,0,0,0,0,0,26,0,0,0,-0.009499445
14,5/18/2012 15:00,5/18/2012 15:30,0.511178,385.014,384.062,378.368,376.712,379.554,374.098,376.234,367.692,372.438,367.696,368.408,375.05,365.084,355.36,360.578,357.494,357.492,358.68,351.09,347.768,343.264,345.632,346.82,341.366,342.076,385.014,2.47874,2.34186,2.34998,2.39234,2.34348,2.34998,2.30762,2.30436,2.32066,2.32554,2.35976,2.2473,2.31414,2.24894,2.28804,2.27016,2.25222,2.22288,2.17562,2.20006,2.1528,2.1789,2.15036,2.1919,2.22942,2.47874,0.0445794,0.0458318,0.042576,0.0380678,0.0428264,0.0430768,0.0430768,0.0390694,0.0453308,0.0373164,0.0430766,0.038068,0.0405724,0.0335598,0.0408226,0.040322,0.0333096,0.035814,0.0350626,0.0355636,0.0318068,0.041574,0.042576,0.0368156,0.0348118,0.0458318,9.341,9.3829,9.3868,9.25238,9.08398,9.04414,9.01652,8.97644,9.04188,8.97628,9.24476,8.9505,8.83718,8.7328,8.78248,8.73352,8.7517,8.72464,8.61302,8.59018,8.48912,8.48874,8.35134,8.35672,8.4283,9.3868,0.0377972,0.038214,0.0358256,0.038214,0.0374364,0.036992,0.0368532,0.0380472,0.0347706,0.0359646,0.0371862,0.0366588,0.0351866,0.0331038,0.0347144,0.0355478,0.0348256,0.0350756,0.0340204,0.0332706,0.033965,0.0311876,0.0341038,0.0329372,0.033215,0.038214,0.574604,0.579472,0.565098,0.564152,0.55604,0.552722,0.54974,0.558796,0.548114,0.56,0.547812,0.559966,0.550872,0.54057,0.542948,0.538002,0.532872,0.530456,0.528044,0.527022,0.517588,0.518532,0.5151,0.512724,0.504308,0.579472,102,0,0,0,0,0,0,0,0,0,0,0,0,0,0,0,0,0,26,0,0,0,0.004556487
14,5/18/2012 15:05,5/18/2012 15:35,0.500044,384.062,378.368,376.712,379.554,374.098,376.234,367.692,372.438,367.696,368.408,375.05,365.084,355.36,360.578,357.494,357.492,358.68,351.09,347.768,343.264,345.632,346.82,341.366,342.076,339.94,384.062,2.34186,2.34998,2.39234,2.34348,2.34998,2.30762,2.30436,2.32066,2.32554,2.35976,2.2473,2.31414,2.24894,2.28804,2.27016,2.25222,2.22288,2.17562,2.20006,2.1528,2.1789,2.15036,2.1919,2.22942,2.19188,2.39234,0.0458318,0.042576,0.0380678,0.0428264,0.0430768,0.0430768,0.0390694,0.0453308,0.0373164,0.0430766,0.038068,0.0405724,0.0335598,0.0408226,0.040322,0.0333096,0.035814,0.0350626,0.0355636,0.0318068,0.041574,0.042576,0.0368156,0.0348118,0.0348122,0.0458318,9.3829,9.3868,9.25238,9.08398,9.04414,9.01652,8.97644,9.04188,8.97628,9.24476,8.9505,8.83718,8.7328,8.78248,8.73352,8.7517,8.72464,8.61302,8.59018,8.48912,8.48874,8.35134,8.35672,8.4283,8.41254,9.3868,0.038214,0.0358256,0.038214,0.0374364,0.036992,0.0368532,0.0380472,0.0347706,0.0359646,0.0371862,0.0366588,0.0351866,0.0331038,0.0347144,0.0355478,0.0348256,0.0350756,0.0340204,0.0332706,0.033965,0.0311876,0.0341038,0.0329372,0.033215,0.031854,0.038214,0.579472,0.565098,0.564152,0.55604,0.552722,0.54974,0.558796,0.548114,0.56,0.547812,0.559966,0.550872,0.54057,0.542948,0.538002,0.532872,0.530456,0.528044,0.527022,0.517588,0.518532,0.5151,0.512724,0.504308,0.509816,0.579472,102,0,0,0,0,0,0,0,0,0,0,0,0,0,0,0,0,0,26,0,0,0,-0.006493348
14,5/18/2012 15:10,5/18/2012 15:40,0.50242,378.368,376.712,379.554,374.098,376.234,367.692,372.438,367.696,368.408,375.05,365.084,355.36,360.578,357.494,357.492,358.68,351.09,347.768,343.264,345.632,346.82,341.366,342.076,339.94,340.414,379.554,2.34998,2.39234,2.34348,2.34998,2.30762,2.30436,2.32066,2.32554,2.35976,2.2473,2.31414,2.24894,2.28804,2.27016,2.25222,2.22288,2.17562,2.20006,2.1528,2.1789,2.15036,2.1919,2.22942,2.19188,2.12754,2.39234,0.042576,0.0380678,0.0428264,0.0430768,0.0430768,0.0390694,0.0453308,0.0373164,0.0430766,0.038068,0.0405724,0.0335598,0.0408226,0.040322,0.0333096,0.035814,0.0350626,0.0355636,0.0318068,0.041574,0.042576,0.0368156,0.0348118,0.0348122,0.0390698,0.0453308,9.3868,9.25238,9.08398,9.04414,9.01652,8.97644,9.04188,8.97628,9.24476,8.9505,8.83718,8.7328,8.78248,8.73352,8.7517,8.72464,8.61302,8.59018,8.48912,8.48874,8.35134,8.35672,8.4283,8.41254,8.36898,9.3868,0.0358256,0.038214,0.0374364,0.036992,0.0368532,0.0380472,0.0347706,0.0359646,0.0371862,0.0366588,0.0351866,0.0331038,0.0347144,0.0355478,0.0348256,0.0350756,0.0340204,0.0332706,0.033965,0.0311876,0.0341038,0.0329372,0.033215,0.031854,0.0327428,0.038214,0.565098,0.564152,0.55604,0.552722,0.54974,0.558796,0.548114,0.56,0.547812,0.559966,0.550872,0.54057,0.542948,0.538002,0.532872,0.530456,0.528044,0.527022,0.517588,0.518532,0.5151,0.512724,0.504308,0.509816,0.504988,0.565098,102,0,0,0,0,0,0,0,0,0,0,0,0,0,0,0,0,0,26,0,0,0,-0.001707783
14,5/18/2012 15:15,5/18/2012 15:45,0.496082,376.712,379.554,374.098,376.234,367.692,372.438,367.696,368.408,375.05,365.084,355.36,360.578,357.494,357.492,358.68,351.09,347.768,343.264,345.632,346.82,341.366,342.076,339.94,340.414,338.754,379.554,2.39234,2.34348,2.34998,2.30762,2.30436,2.32066,2.32554,2.35976,2.2473,2.31414,2.24894,2.28804,2.27016,2.25222,2.22288,2.17562,2.20006,2.1528,2.1789,2.15036,2.1919,2.22942,2.19188,2.12754,2.09088,2.39234,0.0380678,0.0428264,0.0430768,0.0430768,0.0390694,0.0453308,0.0373164,0.0430766,0.038068,0.0405724,0.0335598,0.0408226,0.040322,0.0333096,0.035814,0.0350626,0.0355636,0.0318068,0.041574,0.042576,0.0368156,0.0348118,0.0348122,0.0390698,0.0358138,0.0453308,9.25238,9.08398,9.04414,9.01652,8.97644,9.04188,8.97628,9.24476,8.9505,8.83718,8.7328,8.78248,8.73352,8.7517,8.72464,8.61302,8.59018,8.48912,8.48874,8.35134,8.35672,8.4283,8.41254,8.36898,8.3187,9.25238,0.038214,0.0374364,0.036992,0.0368532,0.0380472,0.0347706,0.0359646,0.0371862,0.0366588,0.0351866,0.0331038,0.0347144,0.0355478,0.0348256,0.0350756,0.0340204,0.0332706,0.033965,0.0311876,0.0341038,0.0329372,0.033215,0.031854,0.0327428,0.0305766,0.038214,0.564152,0.55604,0.552722,0.54974,0.558796,0.548114,0.56,0.547812,0.559966,0.550872,0.54057,0.542948,0.538002,0.532872,0.530456,0.528044,0.527022,0.517588,0.518532,0.5151,0.512724,0.504308,0.509816,0.504988,0.50861,0.564152,102,0,0,0,0,0,0,0,0,0,0,0,0,0,0,0,0,0,26,0,0,0,-0.008339006
14,5/18/2012 15:20,5/18/2012 15:50,0.492874,379.554,374.098,376.234,367.692,372.438,367.696,368.408,375.05,365.084,355.36,360.578,357.494,357.492,358.68,351.09,347.768,343.264,345.632,346.82,341.366,342.076,339.94,340.414,338.754,337.804,379.554,2.34348,2.34998,2.30762,2.30436,2.32066,2.32554,2.35976,2.2473,2.31414,2.24894,2.28804,2.27016,2.25222,2.22288,2.17562,2.20006,2.1528,2.1789,2.15036,2.1919,2.22942,2.19188,2.12754,2.09088,2.0917,2.35976,0.0428264,0.0430768,0.0430768,0.0390694,0.0453308,0.0373164,0.0430766,0.038068,0.0405724,0.0335598,0.0408226,0.040322,0.0333096,0.035814,0.0350626,0.0355636,0.0318068,0.041574,0.042576,0.0368156,0.0348118,0.0348122,0.0390698,0.0358138,0.0378174,0.0453308,9.08398,9.04414,9.01652,8.97644,9.04188,8.97628,9.24476,8.9505,8.83718,8.7328,8.78248,8.73352,8.7517,8.72464,8.61302,8.59018,8.48912,8.48874,8.35134,8.35672,8.4283,8.41254,8.36898,8.3187,8.4068,9.24476,0.0374364,0.036992,0.0368532,0.0380472,0.0347706,0.0359646,0.0371862,0.0366588,0.0351866,0.0331038,0.0347144,0.0355478,0.0348256,0.0350756,0.0340204,0.0332706,0.033965,0.0311876,0.0341038,0.0329372,0.033215,0.031854,0.0327428,0.0305766,0.0314932,0.0380472,0.55604,0.552722,0.54974,0.558796,0.548114,0.56,0.547812,0.559966,0.550872,0.54057,0.542948,0.538002,0.532872,0.530456,0.528044,0.527022,0.517588,0.518532,0.5151,0.512724,0.504308,0.509816,0.504988,0.50861,0.497894,0.56,102,0,0,0,0,0,0,0,0,0,0,0,0,0,0,0,0,0,26,0,0,0,-0.003357
14,5/18/2012 15:25,5/18/2012 15:55,0.496346,374.098,376.234,367.692,372.438,367.696,368.408,375.05,365.084,355.36,360.578,357.494,357.492,358.68,351.09,347.768,343.264,345.632,346.82,341.366,342.076,339.94,340.414,338.754,337.804,334.72,376.234,2.34998,2.30762,2.30436,2.32066,2.32554,2.35976,2.2473,2.31414,2.24894,2.28804,2.27016,2.25222,2.22288,2.17562,2.20006,2.1528,2.1789,2.15036,2.1919,2.22942,2.19188,2.12754,2.09088,2.0917,2.16748,2.35976,0.0430768,0.0430768,0.0390694,0.0453308,0.0373164,0.0430766,0.038068,0.0405724,0.0335598,0.0408226,0.040322,0.0333096,0.035814,0.0350626,0.0355636,0.0318068,0.041574,0.042576,0.0368156,0.0348118,0.0348122,0.0390698,0.0358138,0.0378174,0.0373164,0.0453308,9.04414,9.01652,8.97644,9.04188,8.97628,9.24476,8.9505,8.83718,8.7328,8.78248,8.73352,8.7517,8.72464,8.61302,8.59018,8.48912,8.48874,8.35134,8.35672,8.4283,8.41254,8.36898,8.3187,8.4068,8.31258,9.24476,0.036992,0.0368532,0.0380472,0.0347706,0.0359646,0.0371862,0.0366588,0.0351866,0.0331038,0.0347144,0.0355478,0.0348256,0.0350756,0.0340204,0.0332706,0.033965,0.0311876,0.0341038,0.0329372,0.033215,0.031854,0.0327428,0.0305766,0.0314932,0.0316044,0.0380472,0.552722,0.54974,0.558796,0.548114,0.56,0.547812,0.559966,0.550872,0.54057,0.542948,0.538002,0.532872,0.530456,0.528044,0.527022,0.517588,0.518532,0.5151,0.512724,0.504308,0.509816,0.504988,0.50861,0.497894,0.498422,0.56,102,0,0,0,0,0,0,0,0,0,0,0,0,0,0,0,0,0,26,0,0,0,-0.001386418
14,5/18/2012 15:30,5/18/2012 16:00,0.489818,376.234,367.692,372.438,367.696,368.408,375.05,365.084,355.36,360.578,357.494,357.492,358.68,351.09,347.768,343.264,345.632,346.82,341.366,342.076,339.94,340.414,338.754,337.804,334.72,335.672,376.234,2.30762,2.30436,2.32066,2.32554,2.35976,2.2473,2.31414,2.24894,2.28804,2.27016,2.25222,2.22288,2.17562,2.20006,2.1528,2.1789,2.15036,2.1919,2.22942,2.19188,2.12754,2.09088,2.0917,2.16748,2.18702,2.35976,0.0430768,0.0390694,0.0453308,0.0373164,0.0430766,0.038068,0.0405724,0.0335598,0.0408226,0.040322,0.0333096,0.035814,0.0350626,0.0355636,0.0318068,0.041574,0.042576,0.0368156,0.0348118,0.0348122,0.0390698,0.0358138,0.0378174,0.0373164,0.03381,0.0453308,9.01652,8.97644,9.04188,8.97628,9.24476,8.9505,8.83718,8.7328,8.78248,8.73352,8.7517,8.72464,8.61302,8.59018,8.48912,8.48874,8.35134,8.35672,8.4283,8.41254,8.36898,8.3187,8.4068,8.31258,8.22618,9.24476,0.0368532,0.0380472,0.0347706,0.0359646,0.0371862,0.0366588,0.0351866,0.0331038,0.0347144,0.0355478,0.0348256,0.0350756,0.0340204,0.0332706,0.033965,0.0311876,0.0341038,0.0329372,0.033215,0.031854,0.0327428,0.0305766,0.0314932,0.0316044,0.031382,0.0380472,0.54974,0.558796,0.548114,0.56,0.547812,0.559966,0.550872,0.54057,0.542948,0.538002,0.532872,0.530456,0.528044,0.527022,0.517588,0.518532,0.5151,0.512724,0.504308,0.509816,0.504988,0.50861,0.497894,0.498422,0.511178,0.56,102,0,0,0,0,0,0,0,0,0,0,0,0,0,0,0,0,0,26,0,0,0,-0.014235514
14,5/18/2012 15:35,5/18/2012 16:05,0.486306,367.692,372.438,367.696,368.408,375.05,365.084,355.36,360.578,357.494,357.492,358.68,351.09,347.768,343.264,345.632,346.82,341.366,342.076,339.94,340.414,338.754,337.804,334.72,335.672,338.28,375.05,2.30436,2.32066,2.32554,2.35976,2.2473,2.31414,2.24894,2.28804,2.27016,2.25222,2.22288,2.17562,2.20006,2.1528,2.1789,2.15036,2.1919,2.22942,2.19188,2.12754,2.09088,2.0917,2.16748,2.18702,2.14792,2.35976,0.0390694,0.0453308,0.0373164,0.0430766,0.038068,0.0405724,0.0335598,0.0408226,0.040322,0.0333096,0.035814,0.0350626,0.0355636,0.0318068,0.041574,0.042576,0.0368156,0.0348118,0.0348122,0.0390698,0.0358138,0.0378174,0.0373164,0.03381,0.0330588,0.0453308,8.97644,9.04188,8.97628,9.24476,8.9505,8.83718,8.7328,8.78248,8.73352,8.7517,8.72464,8.61302,8.59018,8.48912,8.48874,8.35134,8.35672,8.4283,8.41254,8.36898,8.3187,8.4068,8.31258,8.22618,8.39902,9.24476,0.0380472,0.0347706,0.0359646,0.0371862,0.0366588,0.0351866,0.0331038,0.0347144,0.0355478,0.0348256,0.0350756,0.0340204,0.0332706,0.033965,0.0311876,0.0341038,0.0329372,0.033215,0.031854,0.0327428,0.0305766,0.0314932,0.0316044,0.031382,0.0329372,0.0380472,0.558796,0.548114,0.56,0.547812,0.559966,0.550872,0.54057,0.542948,0.538002,0.532872,0.530456,0.528044,0.527022,0.517588,0.518532,0.5151,0.512724,0.504308,0.509816,0.504988,0.50861,0.497894,0.498422,0.511178,0.500044,0.56,102,0,0,0,0,0,0,0,0,0,0,0,0,0,0,0,0,0,26,0,0,0,-0.009200594
14,5/18/2012 15:40,5/18/2012 16:10,0.49031,372.438,367.696,368.408,375.05,365.084,355.36,360.578,357.494,357.492,358.68,351.09,347.768,343.264,345.632,346.82,341.366,342.076,339.94,340.414,338.754,337.804,334.72,335.672,338.28,335.434,375.05,2.32066,2.32554,2.35976,2.2473,2.31414,2.24894,2.28804,2.27016,2.25222,2.22288,2.17562,2.20006,2.1528,2.1789,2.15036,2.1919,2.22942,2.19188,2.12754,2.09088,2.0917,2.16748,2.18702,2.14792,2.11206,2.35976,0.0453308,0.0373164,0.0430766,0.038068,0.0405724,0.0335598,0.0408226,0.040322,0.0333096,0.035814,0.0350626,0.0355636,0.0318068,0.041574,0.042576,0.0368156,0.0348118,0.0348122,0.0390698,0.0358138,0.0378174,0.0373164,0.03381,0.0330588,0.035313,0.0453308,9.04188,8.97628,9.24476,8.9505,8.83718,8.7328,8.78248,8.73352,8.7517,8.72464,8.61302,8.59018,8.48912,8.48874,8.35134,8.35672,8.4283,8.41254,8.36898,8.3187,8.4068,8.31258,8.22618,8.39902,8.27776,9.24476,0.0347706,0.0359646,0.0371862,0.0366588,0.0351866,0.0331038,0.0347144,0.0355478,0.0348256,0.0350756,0.0340204,0.0332706,0.033965,0.0311876,0.0341038,0.0329372,0.033215,0.031854,0.0327428,0.0305766,0.0314932,0.0316044,0.031382,0.0329372,0.0326318,0.0371862,0.548114,0.56,0.547812,0.559966,0.550872,0.54057,0.542948,0.538002,0.532872,0.530456,0.528044,0.527022,0.517588,0.518532,0.5151,0.512724,0.504308,0.509816,0.504988,0.50861,0.497894,0.498422,0.511178,0.500044,0.50242,0.56,102,0,0,0,0,0,0,0,0,0,0,0,0,0,0,0,0,0,26,0,0,0,-0.008092989
14,5/18/2012 15:45,5/18/2012 16:15,0.482272,367.696,368.408,375.05,365.084,355.36,360.578,357.494,357.492,358.68,351.09,347.768,343.264,345.632,346.82,341.366,342.076,339.94,340.414,338.754,337.804,334.72,335.672,338.28,335.434,332.824,375.05,2.32554,2.35976,2.2473,2.31414,2.24894,2.28804,2.27016,2.25222,2.22288,2.17562,2.20006,2.1528,2.1789,2.15036,2.1919,2.22942,2.19188,2.12754,2.09088,2.0917,2.16748,2.18702,2.14792,2.11206,2.02162,2.35976,0.0373164,0.0430766,0.038068,0.0405724,0.0335598,0.0408226,0.040322,0.0333096,0.035814,0.0350626,0.0355636,0.0318068,0.041574,0.042576,0.0368156,0.0348118,0.0348122,0.0390698,0.0358138,0.0378174,0.0373164,0.03381,0.0330588,0.035313,0.034311,0.0430766,8.97628,9.24476,8.9505,8.83718,8.7328,8.78248,8.73352,8.7517,8.72464,8.61302,8.59018,8.48912,8.48874,8.35134,8.35672,8.4283,8.41254,8.36898,8.3187,8.4068,8.31258,8.22618,8.39902,8.27776,8.0289,9.24476,0.0359646,0.0371862,0.0366588,0.0351866,0.0331038,0.0347144,0.0355478,0.0348256,0.0350756,0.0340204,0.0332706,0.033965,0.0311876,0.0341038,0.0329372,0.033215,0.031854,0.0327428,0.0305766,0.0314932,0.0316044,0.031382,0.0329372,0.0326318,0.0318264,0.0371862,0.56,0.547812,0.559966,0.550872,0.54057,0.542948,0.538002,0.532872,0.530456,0.528044,0.527022,0.517588,0.518532,0.5151,0.512724,0.504308,0.509816,0.504988,0.50861,0.497894,0.498422,0.511178,0.500044,0.50242,0.496082,0.56,102,0,0,0,0,0,0,0,0,0,0,0,0,0,0,0,0,0,26,0,0,0,-0.009273645
14,5/18/2012 15:50,5/18/2012 16:20,0.478538,368.408,375.05,365.084,355.36,360.578,357.494,357.492,358.68,351.09,347.768,343.264,345.632,346.82,341.366,342.076,339.94,340.414,338.754,337.804,334.72,335.672,338.28,335.434,332.824,330.45,375.05,2.35976,2.2473,2.31414,2.24894,2.28804,2.27016,2.25222,2.22288,2.17562,2.20006,2.1528,2.1789,2.15036,2.1919,2.22942,2.19188,2.12754,2.09088,2.0917,2.16748,2.18702,2.14792,2.11206,2.02162,2.07214,2.35976,0.0430766,0.038068,0.0405724,0.0335598,0.0408226,0.040322,0.0333096,0.035814,0.0350626,0.0355636,0.0318068,0.041574,0.042576,0.0368156,0.0348118,0.0348122,0.0390698,0.0358138,0.0378174,0.0373164,0.03381,0.0330588,0.035313,0.034311,0.0380678,0.0430766,9.24476,8.9505,8.83718,8.7328,8.78248,8.73352,8.7517,8.72464,8.61302,8.59018,8.48912,8.48874,8.35134,8.35672,8.4283,8.41254,8.36898,8.3187,8.4068,8.31258,8.22618,8.39902,8.27776,8.0289,8.20302,9.24476,0.0371862,0.0366588,0.0351866,0.0331038,0.0347144,0.0355478,0.0348256,0.0350756,0.0340204,0.0332706,0.033965,0.0311876,0.0341038,0.0329372,0.033215,0.031854,0.0327428,0.0305766,0.0314932,0.0316044,0.031382,0.0329372,0.0326318,0.0318264,0.031132,0.0371862,0.547812,0.559966,0.550872,0.54057,0.542948,0.538002,0.532872,0.530456,0.528044,0.527022,0.517588,0.518532,0.5151,0.512724,0.504308,0.509816,0.504988,0.50861,0.497894,0.498422,0.511178,0.500044,0.50242,0.496082,0.492874,0.559966,102,0,0,0,0,0,0,0,0,0,0,0,0,0,0,0,0,0,26,0,0,0,-0.009649359
14,5/18/2012 15:55,5/18/2012 16:25,0.4715725,375.05,365.084,355.36,360.578,357.494,357.492,358.68,351.09,347.768,343.264,345.632,346.82,341.366,342.076,339.94,340.414,338.754,337.804,334.72,335.672,338.28,335.434,332.824,330.45,337.092,375.05,2.2473,2.31414,2.24894,2.28804,2.27016,2.25222,2.22288,2.17562,2.20006,2.1528,2.1789,2.15036,2.1919,2.22942,2.19188,2.12754,2.09088,2.0917,2.16748,2.18702,2.14792,2.11206,2.02162,2.07214,2.04198,2.31414,0.038068,0.0405724,0.0335598,0.0408226,0.040322,0.0333096,0.035814,0.0350626,0.0355636,0.0318068,0.041574,0.042576,0.0368156,0.0348118,0.0348122,0.0390698,0.0358138,0.0378174,0.0373164,0.03381,0.0330588,0.035313,0.034311,0.0380678,0.0373164,0.042576,8.9505,8.83718,8.7328,8.78248,8.73352,8.7517,8.72464,8.61302,8.59018,8.48912,8.48874,8.35134,8.35672,8.4283,8.41254,8.36898,8.3187,8.4068,8.31258,8.22618,8.39902,8.27776,8.0289,8.20302,8.4374,8.9505,0.0366588,0.0351866,0.0331038,0.0347144,0.0355478,0.0348256,0.0350756,0.0340204,0.0332706,0.033965,0.0311876,0.0341038,0.0329372,0.033215,0.031854,0.0327428,0.0305766,0.0314932,0.0316044,0.031382,0.0329372,0.0326318,0.0318264,0.031132,0.0305764,0.0366588,0.559966,0.550872,0.54057,0.542948,0.538002,0.532872,0.530456,0.528044,0.527022,0.517588,0.518532,0.5151,0.512724,0.504308,0.509816,0.504988,0.50861,0.497894,0.498422,0.511178,0.500044,0.50242,0.496082,0.492874,0.496346,0.559966,102,0,0,0,0,0,0,0,0,0,0,0,0,0,0,0,0,0,26,0,0,0,-0.016694579
14,5/18/2012 16:00,5/18/2012 16:30,0.4748,365.084,355.36,360.578,357.494,357.492,358.68,351.09,347.768,343.264,345.632,346.82,341.366,342.076,339.94,340.414,338.754,337.804,334.72,335.672,338.28,335.434,332.824,330.45,337.092,326.892,365.084,2.31414,2.24894,2.28804,2.27016,2.25222,2.22288,2.17562,2.20006,2.1528,2.1789,2.15036,2.1919,2.22942,2.19188,2.12754,2.09088,2.0917,2.16748,2.18702,2.14792,2.11206,2.02162,2.07214,2.04198,1.99962,2.31414,0.0405724,0.0335598,0.0408226,0.040322,0.0333096,0.035814,0.0350626,0.0355636,0.0318068,0.041574,0.042576,0.0368156,0.0348118,0.0348122,0.0390698,0.0358138,0.0378174,0.0373164,0.03381,0.0330588,0.035313,0.034311,0.0380678,0.0373164,0.0348122,0.042576,8.83718,8.7328,8.78248,8.73352,8.7517,8.72464,8.61302,8.59018,8.48912,8.48874,8.35134,8.35672,8.4283,8.41254,8.36898,8.3187,8.4068,8.31258,8.22618,8.39902,8.27776,8.0289,8.20302,8.4374,8.21858,8.83718,0.0351866,0.0331038,0.0347144,0.0355478,0.0348256,0.0350756,0.0340204,0.0332706,0.033965,0.0311876,0.0341038,0.0329372,0.033215,0.031854,0.0327428,0.0305766,0.0314932,0.0316044,0.031382,0.0329372,0.0326318,0.0318264,0.031132,0.0305764,0.0315208,0.0355478,0.550872,0.54057,0.542948,0.538002,0.532872,0.530456,0.528044,0.527022,0.517588,0.518532,0.5151,0.512724,0.504308,0.509816,0.504988,0.50861,0.497894,0.498422,0.511178,0.500044,0.50242,0.496082,0.492874,0.496346,0.489818,0.550872,102,0,0,0,0,0,0,0,0,0,0,0,0,0,0,0,0,0,26,0,0,0,-0.010131577
14,5/18/2012 16:05,5/18/2012 16:35,0.463935,355.36,360.578,357.494,357.492,358.68,351.09,347.768,343.264,345.632,346.82,341.366,342.076,339.94,340.414,338.754,337.804,334.72,335.672,338.28,335.434,332.824,330.45,337.092,326.892,329.976,360.578,2.24894,2.28804,2.27016,2.25222,2.22288,2.17562,2.20006,2.1528,2.1789,2.15036,2.1919,2.22942,2.19188,2.12754,2.09088,2.0917,2.16748,2.18702,2.14792,2.11206,2.02162,2.07214,2.04198,1.99962,2.01672,2.28804,0.0335598,0.0408226,0.040322,0.0333096,0.035814,0.0350626,0.0355636,0.0318068,0.041574,0.042576,0.0368156,0.0348118,0.0348122,0.0390698,0.0358138,0.0378174,0.0373164,0.03381,0.0330588,0.035313,0.034311,0.0380678,0.0373164,0.0348122,0.0355634,0.042576,8.7328,8.78248,8.73352,8.7517,8.72464,8.61302,8.59018,8.48912,8.48874,8.35134,8.35672,8.4283,8.41254,8.36898,8.3187,8.4068,8.31258,8.22618,8.39902,8.27776,8.0289,8.20302,8.4374,8.21858,8.33836,8.78248,0.0331038,0.0347144,0.0355478,0.0348256,0.0350756,0.0340204,0.0332706,0.033965,0.0311876,0.0341038,0.0329372,0.033215,0.031854,0.0327428,0.0305766,0.0314932,0.0316044,0.031382,0.0329372,0.0326318,0.0318264,0.031132,0.0305764,0.0315208,0.0305766,0.0355478,0.54057,0.542948,0.538002,0.532872,0.530456,0.528044,0.527022,0.517588,0.518532,0.5151,0.512724,0.504308,0.509816,0.504988,0.50861,0.497894,0.498422,0.511178,0.500044,0.50242,0.496082,0.492874,0.496346,0.489818,0.486306,0.542948,102,0,0,0,0,0,0,0,0,0,0,0,0,0,0,0,0,0,26,0,0,0,-0.015165831
14,5/18/2012 16:10,5/18/2012 16:40,0.463935,360.578,357.494,357.492,358.68,351.09,347.768,343.264,345.632,346.82,341.366,342.076,339.94,340.414,338.754,337.804,334.72,335.672,338.28,335.434,332.824,330.45,337.092,326.892,329.976,317.878,360.578,2.28804,2.27016,2.25222,2.22288,2.17562,2.20006,2.1528,2.1789,2.15036,2.1919,2.22942,2.19188,2.12754,2.09088,2.0917,2.16748,2.18702,2.14792,2.11206,2.02162,2.07214,2.04198,1.99962,2.01672,2.01998,2.28804,0.0408226,0.040322,0.0333096,0.035814,0.0350626,0.0355636,0.0318068,0.041574,0.042576,0.0368156,0.0348118,0.0348122,0.0390698,0.0358138,0.0378174,0.0373164,0.03381,0.0330588,0.035313,0.034311,0.0380678,0.0373164,0.0348122,0.0355634,0.0338102,0.042576,8.78248,8.73352,8.7517,8.72464,8.61302,8.59018,8.48912,8.48874,8.35134,8.35672,8.4283,8.41254,8.36898,8.3187,8.4068,8.31258,8.22618,8.39902,8.27776,8.0289,8.20302,8.4374,8.21858,8.33836,8.22746,8.78248,0.0347144,0.0355478,0.0348256,0.0350756,0.0340204,0.0332706,0.033965,0.0311876,0.0341038,0.0329372,0.033215,0.031854,0.0327428,0.0305766,0.0314932,0.0316044,0.031382,0.0329372,0.0326318,0.0318264,0.031132,0.0305764,0.0315208,0.0305766,0.0312988,0.0355478,0.542948,0.538002,0.532872,0.530456,0.528044,0.527022,0.517588,0.518532,0.5151,0.512724,0.504308,0.509816,0.504988,0.50861,0.497894,0.498422,0.511178,0.500044,0.50242,0.496082,0.492874,0.496346,0.489818,0.486306,0.49031,0.542948,102,0,0,0,0,0,0,0,0,0,0,0,0,0,0,0,0,0,26,0,0,0,-0.017856136
14,5/18/2012 16:15,5/18/2012 16:45,0.463935,357.494,357.492,358.68,351.09,347.768,343.264,345.632,346.82,341.366,342.076,339.94,340.414,338.754,337.804,334.72,335.672,338.28,335.434,332.824,330.45,337.092,326.892,329.976,317.878,322.386,358.68,2.27016,2.25222,2.22288,2.17562,2.20006,2.1528,2.1789,2.15036,2.1919,2.22942,2.19188,2.12754,2.09088,2.0917,2.16748,2.18702,2.14792,2.11206,2.02162,2.07214,2.04198,1.99962,2.01672,2.01998,1.9768,2.27016,0.040322,0.0333096,0.035814,0.0350626,0.0355636,0.0318068,0.041574,0.042576,0.0368156,0.0348118,0.0348122,0.0390698,0.0358138,0.0378174,0.0373164,0.03381,0.0330588,0.035313,0.034311,0.0380678,0.0373164,0.0348122,0.0355634,0.0338102,0.03356,0.042576,8.73352,8.7517,8.72464,8.61302,8.59018,8.48912,8.48874,8.35134,8.35672,8.4283,8.41254,8.36898,8.3187,8.4068,8.31258,8.22618,8.39902,8.27776,8.0289,8.20302,8.4374,8.21858,8.33836,8.22746,8.16164,8.7517,0.0355478,0.0348256,0.0350756,0.0340204,0.0332706,0.033965,0.0311876,0.0341038,0.0329372,0.033215,0.031854,0.0327428,0.0305766,0.0314932,0.0316044,0.031382,0.0329372,0.0326318,0.0318264,0.031132,0.0305764,0.0315208,0.0305766,0.0312988,0.029577,0.0355478,0.538002,0.532872,0.530456,0.528044,0.527022,0.517588,0.518532,0.5151,0.512724,0.504308,0.509816,0.504988,0.50861,0.497894,0.498422,0.511178,0.500044,0.50242,0.496082,0.492874,0.496346,0.489818,0.486306,0.49031,0.482272,0.538002,102,0,0,0,0,0,0,0,0,0,0,0,0,0,0,0,0,0,26,0,0,0,-0.01244803
14,5/18/2012 16:20,5/18/2012 16:50,0.463935,357.492,358.68,351.09,347.768,343.264,345.632,346.82,341.366,342.076,339.94,340.414,338.754,337.804,334.72,335.672,338.28,335.434,332.824,330.45,337.092,326.892,329.976,317.878,322.386,320.726,358.68,2.25222,2.22288,2.17562,2.20006,2.1528,2.1789,2.15036,2.1919,2.22942,2.19188,2.12754,2.09088,2.0917,2.16748,2.18702,2.14792,2.11206,2.02162,2.07214,2.04198,1.99962,2.01672,2.01998,1.9768,1.93606,2.25222,0.0333096,0.035814,0.0350626,0.0355636,0.0318068,0.041574,0.042576,0.0368156,0.0348118,0.0348122,0.0390698,0.0358138,0.0378174,0.0373164,0.03381,0.0330588,0.035313,0.034311,0.0380678,0.0373164,0.0348122,0.0355634,0.0338102,0.03356,0.0345614,0.042576,8.7517,8.72464,8.61302,8.59018,8.48912,8.48874,8.35134,8.35672,8.4283,8.41254,8.36898,8.3187,8.4068,8.31258,8.22618,8.39902,8.27776,8.0289,8.20302,8.4374,8.21858,8.33836,8.22746,8.16164,8.11864,8.7517,0.0348256,0.0350756,0.0340204,0.0332706,0.033965,0.0311876,0.0341038,0.0329372,0.033215,0.031854,0.0327428,0.0305766,0.0314932,0.0316044,0.031382,0.0329372,0.0326318,0.0318264,0.031132,0.0305764,0.0315208,0.0305766,0.0312988,0.029577,0.0288824,0.0350756,0.532872,0.530456,0.528044,0.527022,0.517588,0.518532,0.5151,0.512724,0.504308,0.509816,0.504988,0.50861,0.497894,0.498422,0.511178,0.500044,0.50242,0.496082,0.492874,0.496346,0.489818,0.486306,0.49031,0.482272,0.478538,0.532872,102,0,0,0,0,0,0,0,0,0,0,0,0,0,0,0,0,0,26,0,0,0,-0.009925746
14,5/18/2012 16:25,5/18/2012 16:55,0.463935,358.68,351.09,347.768,343.264,345.632,346.82,341.366,342.076,339.94,340.414,338.754,337.804,334.72,335.672,338.28,335.434,332.824,330.45,337.092,326.892,329.976,317.878,322.386,320.726,316.1,358.68,2.22288,2.17562,2.20006,2.1528,2.1789,2.15036,2.1919,2.22942,2.19188,2.12754,2.09088,2.0917,2.16748,2.18702,2.14792,2.11206,2.02162,2.07214,2.04198,1.99962,2.01672,2.01998,1.9768,1.93606,1.974975,2.22942,0.035814,0.0350626,0.0355636,0.0318068,0.041574,0.042576,0.0368156,0.0348118,0.0348122,0.0390698,0.0358138,0.0378174,0.0373164,0.03381,0.0330588,0.035313,0.034311,0.0380678,0.0373164,0.0348122,0.0355634,0.0338102,0.03356,0.0345614,0.0353755,0.042576,8.72464,8.61302,8.59018,8.48912,8.48874,8.35134,8.35672,8.4283,8.41254,8.36898,8.3187,8.4068,8.31258,8.22618,8.39902,8.27776,8.0289,8.20302,8.4374,8.21858,8.33836,8.22746,8.16164,8.11864,8.134025,8.72464,0.0350756,0.0340204,0.0332706,0.033965,0.0311876,0.0341038,0.0329372,0.033215,0.031854,0.0327428,0.0305766,0.0314932,0.0316044,0.031382,0.0329372,0.0326318,0.0318264,0.031132,0.0305764,0.0315208,0.0305766,0.0312988,0.029577,0.0288824,0.02947275,0.0350756,0.530456,0.528044,0.527022,0.517588,0.518532,0.5151,0.512724,0.504308,0.509816,0.504988,0.50861,0.497894,0.498422,0.511178,0.500044,0.50242,0.496082,0.492874,0.496346,0.489818,0.486306,0.49031,0.482272,0.478538,0.4715725,0.530456,102,0,0,0,0,0,0,0,0,0,0,0,0,0,0,0,0,0,26,0,0,0,-0.005203541
14,5/18/2012 16:30,5/18/2012 17:00,0.463935,351.09,347.768,343.264,345.632,346.82,341.366,342.076,339.94,340.414,338.754,337.804,334.72,335.672,338.28,335.434,332.824,330.45,337.092,326.892,329.976,317.878,322.386,320.726,316.1,319.302,351.09,2.17562,2.20006,2.1528,2.1789,2.15036,2.1919,2.22942,2.19188,2.12754,2.09088,2.0917,2.16748,2.18702,2.14792,2.11206,2.02162,2.07214,2.04198,1.99962,2.01672,2.01998,1.9768,1.93606,1.974975,1.92872,2.22942,0.0350626,0.0355636,0.0318068,0.041574,0.042576,0.0368156,0.0348118,0.0348122,0.0390698,0.0358138,0.0378174,0.0373164,0.03381,0.0330588,0.035313,0.034311,0.0380678,0.0373164,0.0348122,0.0355634,0.0338102,0.03356,0.0345614,0.0353755,0.0365652,0.042576,8.61302,8.59018,8.48912,8.48874,8.35134,8.35672,8.4283,8.41254,8.36898,8.3187,8.4068,8.31258,8.22618,8.39902,8.27776,8.0289,8.20302,8.4374,8.21858,8.33836,8.22746,8.16164,8.11864,8.134025,8.10416,8.61302,0.0340204,0.0332706,0.033965,0.0311876,0.0341038,0.0329372,0.033215,0.031854,0.0327428,0.0305766,0.0314932,0.0316044,0.031382,0.0329372,0.0326318,0.0318264,0.031132,0.0305764,0.0315208,0.0305766,0.0312988,0.029577,0.0288824,0.02947275,0.0304934,0.0341038,0.528044,0.527022,0.517588,0.518532,0.5151,0.512724,0.504308,0.509816,0.504988,0.50861,0.497894,0.498422,0.511178,0.500044,0.50242,0.496082,0.492874,0.496346,0.489818,0.486306,0.49031,0.482272,0.478538,0.4715725,0.4748,0.528044,102,0,0,0,0,0,0,0,0,0,0,0,0,0,0,0,0,0,26,0,0,0,-0.007394372
14,5/18/2012 16:35,5/18/2012 17:05,0.463935,347.768,343.264,345.632,346.82,341.366,342.076,339.94,340.414,338.754,337.804,334.72,335.672,338.28,335.434,332.824,330.45,337.092,326.892,329.976,317.878,322.386,320.726,316.1,319.302,322.625,347.768,2.20006,2.1528,2.1789,2.15036,2.1919,2.22942,2.19188,2.12754,2.09088,2.0917,2.16748,2.18702,2.14792,2.11206,2.02162,2.07214,2.04198,1.99962,2.01672,2.01998,1.9768,1.93606,1.974975,1.92872,1.9393,2.22942,0.0355636,0.0318068,0.041574,0.042576,0.0368156,0.0348118,0.0348122,0.0390698,0.0358138,0.0378174,0.0373164,0.03381,0.0330588,0.035313,0.034311,0.0380678,0.0373164,0.0348122,0.0355634,0.0338102,0.03356,0.0345614,0.0353755,0.0365652,0.032558,0.042576,8.59018,8.48912,8.48874,8.35134,8.35672,8.4283,8.41254,8.36898,8.3187,8.4068,8.31258,8.22618,8.39902,8.27776,8.0289,8.20302,8.4374,8.21858,8.33836,8.22746,8.16164,8.11864,8.134025,8.10416,8.0501,8.59018,0.0332706,0.033965,0.0311876,0.0341038,0.0329372,0.033215,0.031854,0.0327428,0.0305766,0.0314932,0.0316044,0.031382,0.0329372,0.0326318,0.0318264,0.031132,0.0305764,0.0315208,0.0305766,0.0312988,0.029577,0.0288824,0.02947275,0.0304934,0.0272165,0.0341038,0.527022,0.517588,0.518532,0.5151,0.512724,0.504308,0.509816,0.504988,0.50861,0.497894,0.498422,0.511178,0.500044,0.50242,0.496082,0.492874,0.496346,0.489818,0.486306,0.49031,0.482272,0.478538,0.4715725,0.4748,0.463935,0.527022,102,0,0,0,0,0,0,0,0,0,0,0,0,0,0,0,0,0,26,0,0,0,0
14,5/18/2012 16:40,5/18/2012 17:10,0.463935,343.264,345.632,346.82,341.366,342.076,339.94,340.414,338.754,337.804,334.72,335.672,338.28,335.434,332.824,330.45,337.092,326.892,329.976,317.878,322.386,320.726,316.1,319.302,322.625,322.625,346.82,2.1528,2.1789,2.15036,2.1919,2.22942,2.19188,2.12754,2.09088,2.0917,2.16748,2.18702,2.14792,2.11206,2.02162,2.07214,2.04198,1.99962,2.01672,2.01998,1.9768,1.93606,1.974975,1.92872,1.9393,1.9393,2.22942,0.0318068,0.041574,0.042576,0.0368156,0.0348118,0.0348122,0.0390698,0.0358138,0.0378174,0.0373164,0.03381,0.0330588,0.035313,0.034311,0.0380678,0.0373164,0.0348122,0.0355634,0.0338102,0.03356,0.0345614,0.0353755,0.0365652,0.032558,0.032558,0.042576,8.48912,8.48874,8.35134,8.35672,8.4283,8.41254,8.36898,8.3187,8.4068,8.31258,8.22618,8.39902,8.27776,8.0289,8.20302,8.4374,8.21858,8.33836,8.22746,8.16164,8.11864,8.134025,8.10416,8.0501,8.0501,8.48912,0.033965,0.0311876,0.0341038,0.0329372,0.033215,0.031854,0.0327428,0.0305766,0.0314932,0.0316044,0.031382,0.0329372,0.0326318,0.0318264,0.031132,0.0305764,0.0315208,0.0305766,0.0312988,0.029577,0.0288824,0.02947275,0.0304934,0.0272165,0.0272165,0.0341038,0.517588,0.518532,0.5151,0.512724,0.504308,0.509816,0.504988,0.50861,0.497894,0.498422,0.511178,0.500044,0.50242,0.496082,0.492874,0.496346,0.489818,0.486306,0.49031,0.482272,0.478538,0.4715725,0.4748,0.463935,0.463935,0.518532,102,0,0,0,0,0,0,0,0,0,0,0,0,0,0,0,0,0,26,0,0,0,0
14,5/18/2012 16:45,5/18/2012 17:15,0.463935,345.632,346.82,341.366,342.076,339.94,340.414,338.754,337.804,334.72,335.672,338.28,335.434,332.824,330.45,337.092,326.892,329.976,317.878,322.386,320.726,316.1,319.302,322.625,322.625,322.625,346.82,2.1789,2.15036,2.1919,2.22942,2.19188,2.12754,2.09088,2.0917,2.16748,2.18702,2.14792,2.11206,2.02162,2.07214,2.04198,1.99962,2.01672,2.01998,1.9768,1.93606,1.974975,1.92872,1.9393,1.9393,1.9393,2.22942,0.041574,0.042576,0.0368156,0.0348118,0.0348122,0.0390698,0.0358138,0.0378174,0.0373164,0.03381,0.0330588,0.035313,0.034311,0.0380678,0.0373164,0.0348122,0.0355634,0.0338102,0.03356,0.0345614,0.0353755,0.0365652,0.032558,0.032558,0.032558,0.042576,8.48874,8.35134,8.35672,8.4283,8.41254,8.36898,8.3187,8.4068,8.31258,8.22618,8.39902,8.27776,8.0289,8.20302,8.4374,8.21858,8.33836,8.22746,8.16164,8.11864,8.134025,8.10416,8.0501,8.0501,8.0501,8.48874,0.0311876,0.0341038,0.0329372,0.033215,0.031854,0.0327428,0.0305766,0.0314932,0.0316044,0.031382,0.0329372,0.0326318,0.0318264,0.031132,0.0305764,0.0315208,0.0305766,0.0312988,0.029577,0.0288824,0.02947275,0.0304934,0.0272165,0.0272165,0.0272165,0.0341038,0.518532,0.5151,0.512724,0.504308,0.509816,0.504988,0.50861,0.497894,0.498422,0.511178,0.500044,0.50242,0.496082,0.492874,0.496346,0.489818,0.486306,0.49031,0.482272,0.478538,0.4715725,0.4748,0.463935,0.463935,0.463935,0.518532,102,0,0,0,0,0,0,0,0,0,0,0,0,0,0,0,0,0,26,0,0,0,0
14,5/18/2012 16:50,5/18/2012 17:20,0.463935,346.82,341.366,342.076,339.94,340.414,338.754,337.804,334.72,335.672,338.28,335.434,332.824,330.45,337.092,326.892,329.976,317.878,322.386,320.726,316.1,319.302,322.625,322.625,322.625,322.625,346.82,2.15036,2.1919,2.22942,2.19188,2.12754,2.09088,2.0917,2.16748,2.18702,2.14792,2.11206,2.02162,2.07214,2.04198,1.99962,2.01672,2.01998,1.9768,1.93606,1.974975,1.92872,1.9393,1.9393,1.9393,1.9393,2.22942,0.042576,0.0368156,0.0348118,0.0348122,0.0390698,0.0358138,0.0378174,0.0373164,0.03381,0.0330588,0.035313,0.034311,0.0380678,0.0373164,0.0348122,0.0355634,0.0338102,0.03356,0.0345614,0.0353755,0.0365652,0.032558,0.032558,0.032558,0.032558,0.042576,8.35134,8.35672,8.4283,8.41254,8.36898,8.3187,8.4068,8.31258,8.22618,8.39902,8.27776,8.0289,8.20302,8.4374,8.21858,8.33836,8.22746,8.16164,8.11864,8.134025,8.10416,8.0501,8.0501,8.0501,8.0501,8.4374,0.0341038,0.0329372,0.033215,0.031854,0.0327428,0.0305766,0.0314932,0.0316044,0.031382,0.0329372,0.0326318,0.0318264,0.031132,0.0305764,0.0315208,0.0305766,0.0312988,0.029577,0.0288824,0.02947275,0.0304934,0.0272165,0.0272165,0.0272165,0.0272165,0.0341038,0.5151,0.512724,0.504308,0.509816,0.504988,0.50861,0.497894,0.498422,0.511178,0.500044,0.50242,0.496082,0.492874,0.496346,0.489818,0.486306,0.49031,0.482272,0.478538,0.4715725,0.4748,0.463935,0.463935,0.463935,0.463935,0.5151,102,0,0,0,0,0,0,0,0,0,0,0,0,0,0,0,0,0,26,0,0,0,0
14,5/18/2012 16:55,5/18/2012 17:25,0.463935,341.366,342.076,339.94,340.414,338.754,337.804,334.72,335.672,338.28,335.434,332.824,330.45,337.092,326.892,329.976,317.878,322.386,320.726,316.1,319.302,322.625,322.625,322.625,322.625,322.625,342.076,2.1919,2.22942,2.19188,2.12754,2.09088,2.0917,2.16748,2.18702,2.14792,2.11206,2.02162,2.07214,2.04198,1.99962,2.01672,2.01998,1.9768,1.93606,1.974975,1.92872,1.9393,1.9393,1.9393,1.9393,1.9393,2.22942,0.0368156,0.0348118,0.0348122,0.0390698,0.0358138,0.0378174,0.0373164,0.03381,0.0330588,0.035313,0.034311,0.0380678,0.0373164,0.0348122,0.0355634,0.0338102,0.03356,0.0345614,0.0353755,0.0365652,0.032558,0.032558,0.032558,0.032558,0.032558,0.0390698,8.35672,8.4283,8.41254,8.36898,8.3187,8.4068,8.31258,8.22618,8.39902,8.27776,8.0289,8.20302,8.4374,8.21858,8.33836,8.22746,8.16164,8.11864,8.134025,8.10416,8.0501,8.0501,8.0501,8.0501,8.0501,8.4374,0.0329372,0.033215,0.031854,0.0327428,0.0305766,0.0314932,0.0316044,0.031382,0.0329372,0.0326318,0.0318264,0.031132,0.0305764,0.0315208,0.0305766,0.0312988,0.029577,0.0288824,0.02947275,0.0304934,0.0272165,0.0272165,0.0272165,0.0272165,0.0272165,0.033215,0.512724,0.504308,0.509816,0.504988,0.50861,0.497894,0.498422,0.511178,0.500044,0.50242,0.496082,0.492874,0.496346,0.489818,0.486306,0.49031,0.482272,0.478538,0.4715725,0.4748,0.463935,0.463935,0.463935,0.463935,0.463935,0.512724,102,0,0,0,0,0,0,0,0,0,0,0,0,0,0,0,0,0,26,0,0,0,0
14,5/18/2012 17:00,5/18/2012 17:30,0.463935,342.076,339.94,340.414,338.754,337.804,334.72,335.672,338.28,335.434,332.824,330.45,337.092,326.892,329.976,317.878,322.386,320.726,316.1,319.302,322.625,322.625,322.625,322.625,322.625,322.625,342.076,2.22942,2.19188,2.12754,2.09088,2.0917,2.16748,2.18702,2.14792,2.11206,2.02162,2.07214,2.04198,1.99962,2.01672,2.01998,1.9768,1.93606,1.974975,1.92872,1.9393,1.9393,1.9393,1.9393,1.9393,1.9393,2.22942,0.0348118,0.0348122,0.0390698,0.0358138,0.0378174,0.0373164,0.03381,0.0330588,0.035313,0.034311,0.0380678,0.0373164,0.0348122,0.0355634,0.0338102,0.03356,0.0345614,0.0353755,0.0365652,0.032558,0.032558,0.032558,0.032558,0.032558,0.032558,0.0390698,8.4283,8.41254,8.36898,8.3187,8.4068,8.31258,8.22618,8.39902,8.27776,8.0289,8.20302,8.4374,8.21858,8.33836,8.22746,8.16164,8.11864,8.134025,8.10416,8.0501,8.0501,8.0501,8.0501,8.0501,8.0501,8.4374,0.033215,0.031854,0.0327428,0.0305766,0.0314932,0.0316044,0.031382,0.0329372,0.0326318,0.0318264,0.031132,0.0305764,0.0315208,0.0305766,0.0312988,0.029577,0.0288824,0.02947275,0.0304934,0.0272165,0.0272165,0.0272165,0.0272165,0.0272165,0.0272165,0.033215,0.504308,0.509816,0.504988,0.50861,0.497894,0.498422,0.511178,0.500044,0.50242,0.496082,0.492874,0.496346,0.489818,0.486306,0.49031,0.482272,0.478538,0.4715725,0.4748,0.463935,0.463935,0.463935,0.463935,0.463935,0.463935,0.511178,102,0,0,0,0,0,0,0,0,0,0,0,0,0,0,0,0,0,26,0,0,0,0
14,5/18/2012 17:05,5/18/2012 17:35,0.463935,339.94,340.414,338.754,337.804,334.72,335.672,338.28,335.434,332.824,330.45,337.092,326.892,329.976,317.878,322.386,320.726,316.1,319.302,322.625,322.625,322.625,322.625,322.625,322.625,322.625,340.414,2.19188,2.12754,2.09088,2.0917,2.16748,2.18702,2.14792,2.11206,2.02162,2.07214,2.04198,1.99962,2.01672,2.01998,1.9768,1.93606,1.974975,1.92872,1.9393,1.9393,1.9393,1.9393,1.9393,1.9393,1.9393,2.19188,0.0348122,0.0390698,0.0358138,0.0378174,0.0373164,0.03381,0.0330588,0.035313,0.034311,0.0380678,0.0373164,0.0348122,0.0355634,0.0338102,0.03356,0.0345614,0.0353755,0.0365652,0.032558,0.032558,0.032558,0.032558,0.032558,0.032558,0.032558,0.0390698,8.41254,8.36898,8.3187,8.4068,8.31258,8.22618,8.39902,8.27776,8.0289,8.20302,8.4374,8.21858,8.33836,8.22746,8.16164,8.11864,8.134025,8.10416,8.0501,8.0501,8.0501,8.0501,8.0501,8.0501,8.0501,8.4374,0.031854,0.0327428,0.0305766,0.0314932,0.0316044,0.031382,0.0329372,0.0326318,0.0318264,0.031132,0.0305764,0.0315208,0.0305766,0.0312988,0.029577,0.0288824,0.02947275,0.0304934,0.0272165,0.0272165,0.0272165,0.0272165,0.0272165,0.0272165,0.0272165,0.0329372,0.509816,0.504988,0.50861,0.497894,0.498422,0.511178,0.500044,0.50242,0.496082,0.492874,0.496346,0.489818,0.486306,0.49031,0.482272,0.478538,0.4715725,0.4748,0.463935,0.463935,0.463935,0.463935,0.463935,0.463935,0.463935,0.511178,102,0,0,0,0,0,0,0,0,0,0,0,0,0,0,0,0,0,26,0,0,0,0
14,5/18/2012 17:10,5/18/2012 17:40,0.463935,340.414,338.754,337.804,334.72,335.672,338.28,335.434,332.824,330.45,337.092,326.892,329.976,317.878,322.386,320.726,316.1,319.302,322.625,322.625,322.625,322.625,322.625,322.625,322.625,322.625,340.414,2.12754,2.09088,2.0917,2.16748,2.18702,2.14792,2.11206,2.02162,2.07214,2.04198,1.99962,2.01672,2.01998,1.9768,1.93606,1.974975,1.92872,1.9393,1.9393,1.9393,1.9393,1.9393,1.9393,1.9393,1.9393,2.18702,0.0390698,0.0358138,0.0378174,0.0373164,0.03381,0.0330588,0.035313,0.034311,0.0380678,0.0373164,0.0348122,0.0355634,0.0338102,0.03356,0.0345614,0.0353755,0.0365652,0.032558,0.032558,0.032558,0.032558,0.032558,0.032558,0.032558,0.032558,0.0390698,8.36898,8.3187,8.4068,8.31258,8.22618,8.39902,8.27776,8.0289,8.20302,8.4374,8.21858,8.33836,8.22746,8.16164,8.11864,8.134025,8.10416,8.0501,8.0501,8.0501,8.0501,8.0501,8.0501,8.0501,8.0501,8.4374,0.0327428,0.0305766,0.0314932,0.0316044,0.031382,0.0329372,0.0326318,0.0318264,0.031132,0.0305764,0.0315208,0.0305766,0.0312988,0.029577,0.0288824,0.02947275,0.0304934,0.0272165,0.0272165,0.0272165,0.0272165,0.0272165,0.0272165,0.0272165,0.0272165,0.0329372,0.504988,0.50861,0.497894,0.498422,0.511178,0.500044,0.50242,0.496082,0.492874,0.496346,0.489818,0.486306,0.49031,0.482272,0.478538,0.4715725,0.4748,0.463935,0.463935,0.463935,0.463935,0.463935,0.463935,0.463935,0.463935,0.511178,102,0,0,0,0,0,0,0,0,0,0,0,0,0,0,0,0,0,26,0,0,0,0
14,5/18/2012 17:15,5/18/2012 17:45,0.463935,338.754,337.804,334.72,335.672,338.28,335.434,332.824,330.45,337.092,326.892,329.976,317.878,322.386,320.726,316.1,319.302,322.625,322.625,322.625,322.625,322.625,322.625,322.625,322.625,322.625,338.754,2.09088,2.0917,2.16748,2.18702,2.14792,2.11206,2.02162,2.07214,2.04198,1.99962,2.01672,2.01998,1.9768,1.93606,1.974975,1.92872,1.9393,1.9393,1.9393,1.9393,1.9393,1.9393,1.9393,1.9393,1.9393,2.18702,0.0358138,0.0378174,0.0373164,0.03381,0.0330588,0.035313,0.034311,0.0380678,0.0373164,0.0348122,0.0355634,0.0338102,0.03356,0.0345614,0.0353755,0.0365652,0.032558,0.032558,0.032558,0.032558,0.032558,0.032558,0.032558,0.032558,0.032558,0.0380678,8.3187,8.4068,8.31258,8.22618,8.39902,8.27776,8.0289,8.20302,8.4374,8.21858,8.33836,8.22746,8.16164,8.11864,8.134025,8.10416,8.0501,8.0501,8.0501,8.0501,8.0501,8.0501,8.0501,8.0501,8.0501,8.4374,0.0305766,0.0314932,0.0316044,0.031382,0.0329372,0.0326318,0.0318264,0.031132,0.0305764,0.0315208,0.0305766,0.0312988,0.029577,0.0288824,0.02947275,0.0304934,0.0272165,0.0272165,0.0272165,0.0272165,0.0272165,0.0272165,0.0272165,0.0272165,0.0272165,0.0329372,0.50861,0.497894,0.498422,0.511178,0.500044,0.50242,0.496082,0.492874,0.496346,0.489818,0.486306,0.49031,0.482272,0.478538,0.4715725,0.4748,0.463935,0.463935,0.463935,0.463935,0.463935,0.463935,0.463935,0.463935,0.463935,0.511178,102,0,0,0,0,0,0,0,0,0,0,0,0,0,0,0,0,0,26,0,0,0,0
14,5/18/2012 17:20,5/18/2012 17:50,0.463935,337.804,334.72,335.672,338.28,335.434,332.824,330.45,337.092,326.892,329.976,317.878,322.386,320.726,316.1,319.302,322.625,322.625,322.625,322.625,322.625,322.625,322.625,322.625,322.625,322.625,338.28,2.0917,2.16748,2.18702,2.14792,2.11206,2.02162,2.07214,2.04198,1.99962,2.01672,2.01998,1.9768,1.93606,1.974975,1.92872,1.9393,1.9393,1.9393,1.9393,1.9393,1.9393,1.9393,1.9393,1.9393,1.9393,2.18702,0.0378174,0.0373164,0.03381,0.0330588,0.035313,0.034311,0.0380678,0.0373164,0.0348122,0.0355634,0.0338102,0.03356,0.0345614,0.0353755,0.0365652,0.032558,0.032558,0.032558,0.032558,0.032558,0.032558,0.032558,0.032558,0.032558,0.032558,0.0380678,8.4068,8.31258,8.22618,8.39902,8.27776,8.0289,8.20302,8.4374,8.21858,8.33836,8.22746,8.16164,8.11864,8.134025,8.10416,8.0501,8.0501,8.0501,8.0501,8.0501,8.0501,8.0501,8.0501,8.0501,8.0501,8.4374,0.0314932,0.0316044,0.031382,0.0329372,0.0326318,0.0318264,0.031132,0.0305764,0.0315208,0.0305766,0.0312988,0.029577,0.0288824,0.02947275,0.0304934,0.0272165,0.0272165,0.0272165,0.0272165,0.0272165,0.0272165,0.0272165,0.0272165,0.0272165,0.0272165,0.0329372,0.497894,0.498422,0.511178,0.500044,0.50242,0.496082,0.492874,0.496346,0.489818,0.486306,0.49031,0.482272,0.478538,0.4715725,0.4748,0.463935,0.463935,0.463935,0.463935,0.463935,0.463935,0.463935,0.463935,0.463935,0.463935,0.511178,102,0,0,0,0,0,0,0,0,0,0,0,0,0,0,0,0,0,26,0,0,0,0
14,5/18/2012 17:25,5/18/2012 17:55,0.463935,334.72,335.672,338.28,335.434,332.824,330.45,337.092,326.892,329.976,317.878,322.386,320.726,316.1,319.302,322.625,322.625,322.625,322.625,322.625,322.625,322.625,322.625,322.625,322.625,322.625,338.28,2.16748,2.18702,2.14792,2.11206,2.02162,2.07214,2.04198,1.99962,2.01672,2.01998,1.9768,1.93606,1.974975,1.92872,1.9393,1.9393,1.9393,1.9393,1.9393,1.9393,1.9393,1.9393,1.9393,1.9393,1.9393,2.18702,0.0373164,0.03381,0.0330588,0.035313,0.034311,0.0380678,0.0373164,0.0348122,0.0355634,0.0338102,0.03356,0.0345614,0.0353755,0.0365652,0.032558,0.032558,0.032558,0.032558,0.032558,0.032558,0.032558,0.032558,0.032558,0.032558,0.032558,0.0380678,8.31258,8.22618,8.39902,8.27776,8.0289,8.20302,8.4374,8.21858,8.33836,8.22746,8.16164,8.11864,8.134025,8.10416,8.0501,8.0501,8.0501,8.0501,8.0501,8.0501,8.0501,8.0501,8.0501,8.0501,8.0501,8.4374,0.0316044,0.031382,0.0329372,0.0326318,0.0318264,0.031132,0.0305764,0.0315208,0.0305766,0.0312988,0.029577,0.0288824,0.02947275,0.0304934,0.0272165,0.0272165,0.0272165,0.0272165,0.0272165,0.0272165,0.0272165,0.0272165,0.0272165,0.0272165,0.0272165,0.0329372,0.498422,0.511178,0.500044,0.50242,0.496082,0.492874,0.496346,0.489818,0.486306,0.49031,0.482272,0.478538,0.4715725,0.4748,0.463935,0.463935,0.463935,0.463935,0.463935,0.463935,0.463935,0.463935,0.463935,0.463935,0.463935,0.511178,102,0,0,0,0,0,0,0,0,0,0,0,0,0,0,0,0,0,26,0,0,0,0
14,5/18/2012 17:30,5/18/2012 18:00,0.463935,335.672,338.28,335.434,332.824,330.45,337.092,326.892,329.976,317.878,322.386,320.726,316.1,319.302,322.625,322.625,322.625,322.625,322.625,322.625,322.625,322.625,322.625,322.625,322.625,322.625,338.28,2.18702,2.14792,2.11206,2.02162,2.07214,2.04198,1.99962,2.01672,2.01998,1.9768,1.93606,1.974975,1.92872,1.9393,1.9393,1.9393,1.9393,1.9393,1.9393,1.9393,1.9393,1.9393,1.9393,1.9393,1.9393,2.18702,0.03381,0.0330588,0.035313,0.034311,0.0380678,0.0373164,0.0348122,0.0355634,0.0338102,0.03356,0.0345614,0.0353755,0.0365652,0.032558,0.032558,0.032558,0.032558,0.032558,0.032558,0.032558,0.032558,0.032558,0.032558,0.032558,0.032558,0.0380678,8.22618,8.39902,8.27776,8.0289,8.20302,8.4374,8.21858,8.33836,8.22746,8.16164,8.11864,8.134025,8.10416,8.0501,8.0501,8.0501,8.0501,8.0501,8.0501,8.0501,8.0501,8.0501,8.0501,8.0501,8.0501,8.4374,0.031382,0.0329372,0.0326318,0.0318264,0.031132,0.0305764,0.0315208,0.0305766,0.0312988,0.029577,0.0288824,0.02947275,0.0304934,0.0272165,0.0272165,0.0272165,0.0272165,0.0272165,0.0272165,0.0272165,0.0272165,0.0272165,0.0272165,0.0272165,0.0272165,0.0329372,0.511178,0.500044,0.50242,0.496082,0.492874,0.496346,0.489818,0.486306,0.49031,0.482272,0.478538,0.4715725,0.4748,0.463935,0.463935,0.463935,0.463935,0.463935,0.463935,0.463935,0.463935,0.463935,0.463935,0.463935,0.463935,0.511178,102,0,0,0,0,0,0,0,0,0,0,0,0,0,0,0,0,0,26,0,0,0,0
14,5/18/2012 17:35,5/18/2012 18:05,0.463935,338.28,335.434,332.824,330.45,337.092,326.892,329.976,317.878,322.386,320.726,316.1,319.302,322.625,322.625,322.625,322.625,322.625,322.625,322.625,322.625,322.625,322.625,322.625,322.625,322.625,338.28,2.14792,2.11206,2.02162,2.07214,2.04198,1.99962,2.01672,2.01998,1.9768,1.93606,1.974975,1.92872,1.9393,1.9393,1.9393,1.9393,1.9393,1.9393,1.9393,1.9393,1.9393,1.9393,1.9393,1.9393,1.9393,2.14792,0.0330588,0.035313,0.034311,0.0380678,0.0373164,0.0348122,0.0355634,0.0338102,0.03356,0.0345614,0.0353755,0.0365652,0.032558,0.032558,0.032558,0.032558,0.032558,0.032558,0.032558,0.032558,0.032558,0.032558,0.032558,0.032558,0.032558,0.0380678,8.39902,8.27776,8.0289,8.20302,8.4374,8.21858,8.33836,8.22746,8.16164,8.11864,8.134025,8.10416,8.0501,8.0501,8.0501,8.0501,8.0501,8.0501,8.0501,8.0501,8.0501,8.0501,8.0501,8.0501,8.0501,8.4374,0.0329372,0.0326318,0.0318264,0.031132,0.0305764,0.0315208,0.0305766,0.0312988,0.029577,0.0288824,0.02947275,0.0304934,0.0272165,0.0272165,0.0272165,0.0272165,0.0272165,0.0272165,0.0272165,0.0272165,0.0272165,0.0272165,0.0272165,0.0272165,0.0272165,0.0329372,0.500044,0.50242,0.496082,0.492874,0.496346,0.489818,0.486306,0.49031,0.482272,0.478538,0.4715725,0.4748,0.463935,0.463935,0.463935,0.463935,0.463935,0.463935,0.463935,0.463935,0.463935,0.463935,0.463935,0.463935,0.463935,0.50242,102,0,0,0,0,0,0,0,0,0,0,0,0,0,0,0,0,0,26,0,0,0,0
14,5/18/2012 17:40,5/18/2012 18:10,0.463935,335.434,332.824,330.45,337.092,326.892,329.976,317.878,322.386,320.726,316.1,319.302,322.625,322.625,322.625,322.625,322.625,322.625,322.625,322.625,322.625,322.625,322.625,322.625,322.625,322.625,337.092,2.11206,2.02162,2.07214,2.04198,1.99962,2.01672,2.01998,1.9768,1.93606,1.974975,1.92872,1.9393,1.9393,1.9393,1.9393,1.9393,1.9393,1.9393,1.9393,1.9393,1.9393,1.9393,1.9393,1.9393,1.9393,2.11206,0.035313,0.034311,0.0380678,0.0373164,0.0348122,0.0355634,0.0338102,0.03356,0.0345614,0.0353755,0.0365652,0.032558,0.032558,0.032558,0.032558,0.032558,0.032558,0.032558,0.032558,0.032558,0.032558,0.032558,0.032558,0.032558,0.032558,0.0380678,8.27776,8.0289,8.20302,8.4374,8.21858,8.33836,8.22746,8.16164,8.11864,8.134025,8.10416,8.0501,8.0501,8.0501,8.0501,8.0501,8.0501,8.0501,8.0501,8.0501,8.0501,8.0501,8.0501,8.0501,8.0501,8.4374,0.0326318,0.0318264,0.031132,0.0305764,0.0315208,0.0305766,0.0312988,0.029577,0.0288824,0.02947275,0.0304934,0.0272165,0.0272165,0.0272165,0.0272165,0.0272165,0.0272165,0.0272165,0.0272165,0.0272165,0.0272165,0.0272165,0.0272165,0.0272165,0.0272165,0.0326318,0.50242,0.496082,0.492874,0.496346,0.489818,0.486306,0.49031,0.482272,0.478538,0.4715725,0.4748,0.463935,0.463935,0.463935,0.463935,0.463935,0.463935,0.463935,0.463935,0.463935,0.463935,0.463935,0.463935,0.463935,0.463935,0.50242,102,0,0,0,0,0,0,0,0,0,0,0,0,0,0,0,0,0,26,0,0,0,0
14,5/18/2012 17:45,5/18/2012 18:15,0.463935,332.824,330.45,337.092,326.892,329.976,317.878,322.386,320.726,316.1,319.302,322.625,322.625,322.625,322.625,322.625,322.625,322.625,322.625,322.625,322.625,322.625,322.625,322.625,322.625,322.625,337.092,2.02162,2.07214,2.04198,1.99962,2.01672,2.01998,1.9768,1.93606,1.974975,1.92872,1.9393,1.9393,1.9393,1.9393,1.9393,1.9393,1.9393,1.9393,1.9393,1.9393,1.9393,1.9393,1.9393,1.9393,1.9393,2.07214,0.034311,0.0380678,0.0373164,0.0348122,0.0355634,0.0338102,0.03356,0.0345614,0.0353755,0.0365652,0.032558,0.032558,0.032558,0.032558,0.032558,0.032558,0.032558,0.032558,0.032558,0.032558,0.032558,0.032558,0.032558,0.032558,0.032558,0.0380678,8.0289,8.20302,8.4374,8.21858,8.33836,8.22746,8.16164,8.11864,8.134025,8.10416,8.0501,8.0501,8.0501,8.0501,8.0501,8.0501,8.0501,8.0501,8.0501,8.0501,8.0501,8.0501,8.0501,8.0501,8.0501,8.4374,0.0318264,0.031132,0.0305764,0.0315208,0.0305766,0.0312988,0.029577,0.0288824,0.02947275,0.0304934,0.0272165,0.0272165,0.0272165,0.0272165,0.0272165,0.0272165,0.0272165,0.0272165,0.0272165,0.0272165,0.0272165,0.0272165,0.0272165,0.0272165,0.0272165,0.0318264,0.496082,0.492874,0.496346,0.489818,0.486306,0.49031,0.482272,0.478538,0.4715725,0.4748,0.463935,0.463935,0.463935,0.463935,0.463935,0.463935,0.463935,0.463935,0.463935,0.463935,0.463935,0.463935,0.463935,0.463935,0.463935,0.496346,102,0,0,0,0,0,0,0,0,0,0,0,0,0,0,0,0,0,26,0,0,0,0
14,5/18/2012 17:50,5/18/2012 18:20,0.463935,330.45,337.092,326.892,329.976,317.878,322.386,320.726,316.1,319.302,322.625,322.625,322.625,322.625,322.625,322.625,322.625,322.625,322.625,322.625,322.625,322.625,322.625,322.625,322.625,322.625,337.092,2.07214,2.04198,1.99962,2.01672,2.01998,1.9768,1.93606,1.974975,1.92872,1.9393,1.9393,1.9393,1.9393,1.9393,1.9393,1.9393,1.9393,1.9393,1.9393,1.9393,1.9393,1.9393,1.9393,1.9393,1.9393,2.07214,0.0380678,0.0373164,0.0348122,0.0355634,0.0338102,0.03356,0.0345614,0.0353755,0.0365652,0.032558,0.032558,0.032558,0.032558,0.032558,0.032558,0.032558,0.032558,0.032558,0.032558,0.032558,0.032558,0.032558,0.032558,0.032558,0.032558,0.0380678,8.20302,8.4374,8.21858,8.33836,8.22746,8.16164,8.11864,8.134025,8.10416,8.0501,8.0501,8.0501,8.0501,8.0501,8.0501,8.0501,8.0501,8.0501,8.0501,8.0501,8.0501,8.0501,8.0501,8.0501,8.0501,8.4374,0.031132,0.0305764,0.0315208,0.0305766,0.0312988,0.029577,0.0288824,0.02947275,0.0304934,0.0272165,0.0272165,0.0272165,0.0272165,0.0272165,0.0272165,0.0272165,0.0272165,0.0272165,0.0272165,0.0272165,0.0272165,0.0272165,0.0272165,0.0272165,0.0272165,0.0315208,0.492874,0.496346,0.489818,0.486306,0.49031,0.482272,0.478538,0.4715725,0.4748,0.463935,0.463935,0.463935,0.463935,0.463935,0.463935,0.463935,0.463935,0.463935,0.463935,0.463935,0.463935,0.463935,0.463935,0.463935,0.463935,0.496346,102,0,0,0,0,0,0,0,0,0,0,0,0,0,0,0,0,0,26,0,0,0,0
14,5/18/2012 17:55,5/18/2012 18:25,0.463935,337.092,326.892,329.976,317.878,322.386,320.726,316.1,319.302,322.625,322.625,322.625,322.625,322.625,322.625,322.625,322.625,322.625,322.625,322.625,322.625,322.625,322.625,322.625,322.625,322.625,337.092,2.04198,1.99962,2.01672,2.01998,1.9768,1.93606,1.974975,1.92872,1.9393,1.9393,1.9393,1.9393,1.9393,1.9393,1.9393,1.9393,1.9393,1.9393,1.9393,1.9393,1.9393,1.9393,1.9393,1.9393,1.9393,2.04198,0.0373164,0.0348122,0.0355634,0.0338102,0.03356,0.0345614,0.0353755,0.0365652,0.032558,0.032558,0.032558,0.032558,0.032558,0.032558,0.032558,0.032558,0.032558,0.032558,0.032558,0.032558,0.032558,0.032558,0.032558,0.032558,0.032558,0.0373164,8.4374,8.21858,8.33836,8.22746,8.16164,8.11864,8.134025,8.10416,8.0501,8.0501,8.0501,8.0501,8.0501,8.0501,8.0501,8.0501,8.0501,8.0501,8.0501,8.0501,8.0501,8.0501,8.0501,8.0501,8.0501,8.4374,0.0305764,0.0315208,0.0305766,0.0312988,0.029577,0.0288824,0.02947275,0.0304934,0.0272165,0.0272165,0.0272165,0.0272165,0.0272165,0.0272165,0.0272165,0.0272165,0.0272165,0.0272165,0.0272165,0.0272165,0.0272165,0.0272165,0.0272165,0.0272165,0.0272165,0.0315208,0.496346,0.489818,0.486306,0.49031,0.482272,0.478538,0.4715725,0.4748,0.463935,0.463935,0.463935,0.463935,0.463935,0.463935,0.463935,0.463935,0.463935,0.463935,0.463935,0.463935,0.463935,0.463935,0.463935,0.463935,0.463935,0.496346,102,0,0,0,0,0,0,0,0,0,0,0,0,0,0,0,0,0,26,0,0,0,0
14,5/18/2012 18:00,5/18/2012 18:30,0.463935,326.892,329.976,317.878,322.386,320.726,316.1,319.302,322.625,322.625,322.625,322.625,322.625,322.625,322.625,322.625,322.625,322.625,322.625,322.625,322.625,322.625,322.625,322.625,322.625,322.625,329.976,1.99962,2.01672,2.01998,1.9768,1.93606,1.974975,1.92872,1.9393,1.9393,1.9393,1.9393,1.9393,1.9393,1.9393,1.9393,1.9393,1.9393,1.9393,1.9393,1.9393,1.9393,1.9393,1.9393,1.9393,1.9393,2.01998,0.0348122,0.0355634,0.0338102,0.03356,0.0345614,0.0353755,0.0365652,0.032558,0.032558,0.032558,0.032558,0.032558,0.032558,0.032558,0.032558,0.032558,0.032558,0.032558,0.032558,0.032558,0.032558,0.032558,0.032558,0.032558,0.032558,0.0365652,8.21858,8.33836,8.22746,8.16164,8.11864,8.134025,8.10416,8.0501,8.0501,8.0501,8.0501,8.0501,8.0501,8.0501,8.0501,8.0501,8.0501,8.0501,8.0501,8.0501,8.0501,8.0501,8.0501,8.0501,8.0501,8.33836,0.0315208,0.0305766,0.0312988,0.029577,0.0288824,0.02947275,0.0304934,0.0272165,0.0272165,0.0272165,0.0272165,0.0272165,0.0272165,0.0272165,0.0272165,0.0272165,0.0272165,0.0272165,0.0272165,0.0272165,0.0272165,0.0272165,0.0272165,0.0272165,0.0272165,0.0315208,0.489818,0.486306,0.49031,0.482272,0.478538,0.4715725,0.4748,0.463935,0.463935,0.463935,0.463935,0.463935,0.463935,0.463935,0.463935,0.463935,0.463935,0.463935,0.463935,0.463935,0.463935,0.463935,0.463935,0.463935,0.463935,0.49031,102,0,0,0,0,0,0,0,0,0,0,0,0,0,0,0,0,0,26,0,0,0,0
