index,SEP_onset_time,ln_peak_intensity,peak_intensity,target,CME_DONKI_time,CME_DONKI_latitude,CME_DONKI_longitude,CME_DONKI_speed,CME_CDAW_time,CME_CDAW_MPA,CME_CDAW_LinearSpeed,VlogV,DONKI_half_width,Accelaration,2nd_order_speed_final,2nd_order_speed_20R,CPA,Halo,daily_sunspots,Type2_Viz_Area,solar_wind_speed,CMEs_in_past_month,CMEs_in_past_9hours,CMEs_with_speed_over_1000_in_past_9hours,max_CME_speed_in_past_day,diffusive_shock,connection_angle_degrees,half_richardson_value
0,,-1.609437912,0.2,0,4/3/2010 9:54,7,8,620,4/3/2010 10:33,171,668,4344.8645,26,-1,658,661,360,1,24,0,487.3,1,1,0,620,3.49E-30,-39.55637785,-0.423122506
1,,-1.609437912,0.2,0,6/13/2010 7:32,17,117,500,6/13/2010 6:30,295,349,2043.420101,30,6,481,435,294,0,25,0,427.5,1,1,0,500,6.97E-32,64.63601436,-1.12974969
2,,-1.609437912,0.2,0,6/20/2010 3:18,-13,-80,570,6/20/2010 2:06,96,595,3801.194036,20,-6.4,509,548,108,0,18,0,387.2,2,1,0,570,7.57E-31,-137.5188143,-5.113960053
3,,-1.609437912,0.2,0,7/3/2010 1:30,-4,35,625,7/3/2010 1:30,236,285,1610.959416,23,8.7,544,447,239,0,13,0,602.6,3,1,0,625,4.03E-30,-5.018652981,-0.006810946
4,,-1.609437912,0.2,0,8/1/2010 2:42,7,-22,760,8/1/2010 0:30,94,127,615.21176,48,-15,100,0,90,0,24,0,509.8,2,1,0,760,8.77E-16,-67.13830515,-1.218916176
5,,-1.609437912,0.2,0,8/1/2010 23:54,40,-145,686,8/1/2010 23:18,33,527,3302.814689,35,711.6,1039,3728,56,0,24,0,485.3,3,1,0,760,5.98E-23,138.4752502,-5.185342055
6,,-1.609437912,0.2,0,8/6/2010 0:00,13,41,300,8/5/2010 23:26,302,377,2236.456436,20,-3.4,325,316,300,0,51,0,515.3,3,1,0,300,5.98E-36,-13.44919258,-0.048913137
7,,-1.609437912,0.2,0,8/7/2010 17:00,-3,-46,750,8/7/2010 18:36,94,871,5896.358162,27,-11.9,755,827,360,1,48,997500,397.3,4,1,0,750,2.47E-16,-103.6676606,-2.906161128
8,8/14/2010 10:25,2.681569324,14.608,1,8/14/2010 10:12,-7,46,950,8/14/2010 10:12,224,1205,8548.552989,35,-43,993,989,360,1,33,0,412,5,1,0,950,2.02E-11,-11.88470418,-0.038195293
9,,-1.609437912,0.2,0,8/15/2010 8:12,28,35,620,8/15/2010 8:24,306,349,2043.420101,30,9.3,446,532,302,0,38,0,375.7,6,1,0,950,3.49E-30,-37.48003594,-0.379868333
10,8/18/2010 7:34,1.254903533,3.5075,0,8/18/2010 6:00,-6,92,1250,8/18/2010 5:48,230,1471,10729.02935,40,-20.2,1363,1416,255,0,23,1230000,366.5,7,1,1,1250,6.01E-10,30.01619735,-0.24363767
11,,-1.609437912,0.2,0,8/27/2010 10:24,-40,67,780,8/27/2010 10:12,246,479,2956.244586,30,21.7,618,807,242,0,12,0,654.8,8,1,0,780,7.21E-15,49.48456263,-0.662174673
12,,-1.609437912,0.2,0,8/31/2010 21:20,-35,145,1200,8/31/2010 21:17,206,1304,9353.842032,28,-12.5,1240,1267,360,1,30,0,334.7,8,1,1,1200,4.49E-10,78.99496231,-1.687453778
13,,-1.609437912,0.2,0,9/4/2010 15:25,3,20,400,9/4/2010 15:12,282,954,6545.073143,50,-101.7,711,0,296,0,58,0,350,8,1,0,400,1.19E-33,-45.55989743,-0.561304558
14,,-1.609437912,0.2,0,9/8/2010 23:26,8,96,850,9/8/2010 23:26,272,818,5486.213391,45,-19.4,641,709,281,0,0,0,353.7,7,1,0,850,7.54E-13,32.11102783,-0.278831289
15,,-1.609437912,0.2,0,9/10/2010 23:30,20,-20,410,9/11/2010 2:00,47,469,2884.632698,35,10.8,638,589,65,0,16,0,389.8,8,1,0,410,1.86E-33,-79.4803065,-1.708252872
16,,-1.609437912,0.2,0,9/22/2010 5:00,22,-67,650,9/22/2010 4:24,62,521,3259.245772,30,-8.3,448,388,88,0,36,0,335,6,1,0,650,8.22E-30,-131.3263589,-4.663767586
17,,-1.609437912,0.2,0,9/30/2010 23:38,42,144,460,9/30/2010 23:05,337,399,2389.595605,25,14.8,641,626,358,0,48,0,378.3,5,1,0,460,1.53E-32,85.11190705,-1.958906631
18,,-1.609437912,0.2,0,10/6/2010 7:24,20,-10,360,10/6/2010 7:12,50,282,1591.017794,30,7,411,441,6,0,0,0,335.8,5,1,0,360,1.72E-34,-78.96949781,-1.686366032
19,,-1.609437912,0.2,0,10/7/2010 9:36,41,76,515,10/7/2010 7:24,319,417,2515.796954,32,17.7,813,659,294,0,0,0,317.7,6,1,0,515,1.19E-31,41.14927524,-0.457886115
20,,-1.609437912,0.2,0,10/11/2010 0:00,-1,-13,350,10/10/2010 22:12,99,262,1458.90626,35,12.1,476,543,92,0,13,0,330.7,5,1,0,350,1.02E-34,-82.30555947,-1.831856441
21,,-1.609437912,0.2,0,10/14/2010 17:48,19,27,310,10/14/2010 17:48,51,457,2798.98031,28,58,622,1224,51,0,37,0,292.5,6,1,0,310,1.10E-35,-53.81001581,-0.78299562
22,,-1.609437912,0.2,0,10/17/2010 8:36,32,-144,340,10/17/2010 9:36,279,304,1737.976421,30,-0.9,297,274,269,0,57,0,372.8,7,1,0,340,6.01E-35,139.958311,-5.297006174
23,,-1.609437912,0.2,0,10/22/2010 1:25,45,10,400,10/21/2010 22:36,321,429,2600.365018,27,25.7,697,799,283,0,36,0,377.3,8,1,0,400,1.19E-33,-63.42036127,-1.087653387
24,,-1.609437912,0.2,0,10/26/2010 6:36,-13,49,500,10/26/2010 7:36,45,527,3302.814689,43,1.2,540,542,50,0,63,0,619.3,8,1,0,500,6.97E-32,17.61613671,-0.083917867
25,,-1.609437912,0.2,0,10/30/2010 20:00,-11,140,430,10/30/2010 20:24,335,406,2438.579383,30,2.5,415,465,331,0,33,0,375.7,9,1,0,430,4.45E-33,79.20126456,-1.696279153
26,,-1.609437912,0.2,0,11/3/2010 15:00,-10,-88,260,11/3/2010 12:36,97,241,1321.836061,30,-6.9,187,0,98,0,18,0,321.8,9,1,0,260,4.20E-37,-157.0363356,-6.668580502
27,,-1.609437912,0.2,0,11/8/2010 21:08,25,-72,600,11/8/2010 20:24,44,470,2891.784367,20,4.4,548,513,35,0,37,0,341.5,8,1,0,600,1.92E-30,-133.2487056,-4.801302741
28,,-1.609437912,0.2,0,11/11/2010 17:00,-22,-7,877,11/11/2010 17:00,140,419,2529.867915,25,-6.8,355,271,50,0,51,0,431.2,8,1,0,877,2.36E-12,-62.51824742,-1.056931114
29,,-1.609437912,0.2,0,11/26/2010 7:30,-30,-151,576,11/26/2010 7:36,157,416,2508.765068,28,-3.8,363,357,140,0,14,0,371.4,5,1,0,576,9.15E-31,136.77677,-5.058919636
30,,-1.609437912,0.2,0,12/5/2010 1:00,-5,106,740,12/5/2010 0:12,268,278,1564.47867,30,2.2,332,322,260,0,44,0,284.2,4,1,0,740,5.77E-17,25.81247679,-0.180174137
31,,-1.609437912,0.2,0,12/6/2010 18:30,-35,-63,630,12/6/2010 17:24,129,538,3382.867905,37,14.7,795,676,125,0,29,0,329.8,5,1,0,630,4.66E-30,-123.5966366,-4.130916325
32,,-1.609437912,0.2,0,12/7/2010 9:24,5,60,350,12/7/2010 7:12,276,203,1078.580814,28,5.6,369,366,265,0,31,0,351,6,1,0,630,1.02E-34,-7.278614167,-0.014326183
33,,-1.609437912,0.2,0,12/12/2010 5:00,-10,50,750,12/12/2010 5:00,36,485,2999.312212,38,9.2,655,579,21,0,27,0,322.7,5,1,0,750,2.47E-16,-23.18206319,-0.145323973
34,,-1.609437912,0.2,0,12/12/2010 7:00,44,-24,400,12/12/2010 6:00,113,417,2515.796954,21,6.1,531,494,93,0,27,0,322.2,6,2,0,750,1.19E-33,-93.68977477,-2.37365438
35,,-1.609437912,0.2,0,12/16/2010 9:12,42,45,480,12/16/2010 8:48,333,580,3690.5563,15,0.8,590,588,321,0,24,0,519,7,1,0,480,3.31E-32,42.0068406,-0.477169999
36,,-1.609437912,0.2,0,12/23/2010 5:24,-13,30,305,12/23/2010 5:00,226,286,1617.613658,32,7.2,449,439,241,0,17,0,310.5,8,1,0,305,8.11E-36,-45.32313091,-0.555485721
37,,-1.609437912,0.2,0,12/24/2010 5:48,3,73,500,12/24/2010 5:00,261,190,996.9345737,28,2,237,266,263,0,14,0,315.2,9,1,0,500,6.97E-32,3.013738505,-0.00245609
38,,-1.609437912,0.2,0,1/2/2011 18:00,2,119,300,1/2/2011 15:24,262,355,2084.601815,35,21,610,724,268,0,48,0,354.5,9,1,0,300,5.98E-36,54.37352658,-0.799480907
39,,-1.609437912,0.2,0,1/8/2011 5:48,-15,-64,350,1/8/2011 7:12,243,220,1186.59806,20,-29.6,116,0,237,0,25,0,614.2,7,1,0,350,1.02E-34,-100.9247566,-2.754409545
40,,-1.609437912,0.2,0,1/12/2011 10:00,-13,125,650,1/12/2011 11:00,67,245,1347.808262,35,17.8,301,682,66,0,22,0,495.3,6,1,0,650,8.22E-30,79.01968014,-1.688509965
41,,-1.609437912,0.2,0,1/13/2011 9:00,16,-125,680,1/13/2011 9:36,51,664,4314.859347,42,2.2,693,675,79,0,13,625000,455,7,1,0,680,4.08E-24,-163.3607557,-7.216532314
42,,-1.609437912,0.2,0,1/14/2011 3:00,12,-101,650,1/14/2011 3:12,65,625,4023.594781,39,7.1,717,684,83,0,0,0,523.3,8,1,0,680,8.22E-30,-143.0593603,-5.534337633
43,,-1.609437912,0.2,0,1/16/2011 14:12,25,-80,350,1/16/2011 12:36,54,163,830.2812827,39,9.7,334,486,61,0,20,0,454.5,8,1,0,350,1.02E-34,-125.9952584,-4.292808315
44,,-1.609437912,0.2,0,1/23/2011 1:00,23,117,564,1/23/2011 0:48,297,448,2734.947368,35,5.8,537,522,302,0,33,0,368.5,8,1,0,564,6.24E-31,57.95759923,-0.908351354
45,,-1.609437912,0.2,0,1/24/2011 3:00,-7,40,510,1/24/2011 2:00,256,258,1432.663573,25,6.8,419,417,260,0,29,0,363,8,1,0,510,1.00E-31,-24.11750829,-0.157288861
46,1/28/2011 1:39,0.888302695,2.431,0,1/28/2011 1:25,36,123,600,1/28/2011 1:25,290,606,3882.569272,27,-20.9,456,259,288,0,13,0,305.3,9,1,0,600,1.92E-30,57.17498406,-0.883985614
47,2/15/2011 6:35,0.941529537,2.5639,0,2/15/2011 2:25,-20,15,920,2/15/2011 2:24,189,669,4352.369536,35,-18.3,508,471,360,1,83,4524000,432.7,5,1,0,920,9.50E-12,-42.19887646,-0.481542773
48,,-1.609437912,0.2,0,2/16/2011 2:36,30,-40,560,2/16/2011 2:36,35,411,2473.641811,30,5.1,497,482,51,0,78,0,442.5,5,1,0,560,5.48E-31,-91.55380832,-2.266657603
49,,-1.609437912,0.2,0,2/24/2011 8:00,-18,-100,900,2/24/2011 7:48,96,1186,8394.913113,22,-22.4,1035,1117,70,0,24,42000,350.2,4,1,0,900,5.24E-12,-157.0044999,-6.665876959
50,,-1.609437912,0.2,0,3/3/2011 6:24,-23,17,400,3/3/2011 6:12,204,263,1465.47651,30,4.4,337,380,169,0,73,0,605.7,4,1,0,400,1.19E-33,-30.65083561,-0.254049141
51,,-1.609437912,0.2,0,3/3/2011 21:24,13,-64,540,3/3/2011 20:57,87,430,2607.42764,40,11.9,602,593,78,0,73,0,619.8,5,1,0,540,2.83E-31,-100.693267,-2.741788541
52,,-1.609437912,0.2,0,3/4/2011 5:36,10,-66,400,3/4/2011 5:36,94,541,3404.73983,25,-7.9,422,476,89,0,99,0,579.8,6,2,0,540,1.19E-33,-105.2873441,-2.997681133
53,,-1.609437912,0.2,0,3/7/2011 14:40,15,-13,710,3/7/2011 14:48,53,698,4570.656934,35,-8.3,627,632,354,0,138,270000,396.3,7,1,0,710,1.47E-19,-71.50959948,-1.382807685
54,3/7/2011 21:40,3.914938751,50.146,1,3/7/2011 20:12,17,50,1980,3/7/2011 20:00,313,2125,16280.74505,45,-63.1,1862,2034,360,1,138,11850000,394.7,8,2,1,1980,2.38E-09,-18.76564999,-0.095227047
55,,-1.609437912,0.2,0,3/14/2011 7:24,32,-44,360,3/14/2011 7:24,59,361,2125.884943,38,7.7,436,518,59,0,61,0,571,9,1,0,360,1.72E-34,-85.03142263,-1.955203579
56,,-1.609437912,0.2,0,3/16/2011 20:18,17,75,690,3/16/2011 19:12,323,682,4450.070227,37,10.7,825,743,268,0,38,0,358.7,10,1,0,690,2.94E-22,20.21589788,-0.110514475
57,,-1.609437912,0.2,0,3/17/2011 13:09,-15,-150,900,3/17/2011 12:36,128,739,4881.315164,30,-8.4,663,679,156,0,38,0,408.3,10,1,0,900,5.24E-12,150.1332371,-6.095183584
58,3/21/2011 6:24,2.691785309,14.758,1,3/21/2011 2:54,20,130,1000,3/21/2011 2:24,274,1341,9656.770154,70,8,1389,1367,360,1,24,0,351,10,1,0,1000,5.39E-11,66.3262414,-1.189607977
59,,-1.609437912,0.2,0,3/27/2011 5:30,18,-120,990,3/27/2011 5:36,45,877,5942.996632,20,-20.2,718,762,54,0,118,0,318.6,10,1,0,990,4.53E-11,158.5116918,-6.794471725
60,,-1.609437912,0.2,0,3/28/2011 15:48,35,-140,500,3/28/2011 15:48,36,411,2473.641811,30,6.7,529,503,47,0,124,0,340.2,11,1,0,500,6.97E-32,136.6738077,-5.051306032
61,,-1.609437912,0.2,0,3/29/2011 20:36,6,-115,1320,3/29/2011 20:36,100,1264,9027.53423,66,-6,1227,1246,54,0,104,0,374.5,12,1,1,1320,8.31E-10,-172.9009797,-8.084031582
62,,-1.609437912,0.2,0,4/7/2011 6:12,-5,-20,550,4/7/2011 5:48,112,481,2970.592157,38,14,686,652,49,0,81,0,536.8,8,1,0,550,3.95E-31,-62.80802351,-1.066751708
63,,-1.609437912,0.2,0,4/7/2011 12:20,-37,140,990,4/7/2011 12:00,220,767,5094.787377,39,6.2,828,805,232,0,81,0,507.5,9,2,0,990,4.53E-11,93.86332169,-2.382456235
64,,-1.609437912,0.2,0,4/7/2011 20:24,-1,139,580,4/7/2011 20:57,326,414,2494.708513,33,-1.3,402,386,322,0,81,0,470.8,10,2,0,990,1.04E-30,90.31907085,-2.205931465
65,,-1.609437912,0.2,0,4/10/2011 3:12,50,-70,450,4/10/2011 2:48,295,309,1771.602455,20,2.2,323,371,291,0,56,0,369.8,11,1,0,450,1.02E-32,-115.4621028,-3.605056028
66,,-1.609437912,0.2,0,4/11/2011 23:05,20,60,550,4/11/2011 22:36,290,408,2452.597007,35,4,489,455,277,0,67,0,474.2,12,1,0,550,3.95E-31,23.03379852,-0.143471031
67,,-1.609437912,0.2,0,4/17/2011 1:25,37,-15,300,4/17/2011 1:25,48,218,1173.819924,45,5.1,329,364,46,0,71,0,329,10,1,0,300,5.98E-36,-85.73951104,-1.987902583
68,,-1.609437912,0.2,0,4/17/2011 15:54,9,155,1355,4/17/2011 15:36,149,465,2856.047394,30,-5.3,403,377,360,1,71,0,320.7,11,1,1,1355,9.48E-10,83.61451837,-1.890586177
69,,-1.609437912,0.2,0,4/24/2011 21:36,9,-131,455,4/24/2011 21:24,76,300,1711.134742,25,3.5,353,383,360,1,64,0,447.8,11,1,0,455,1.25E-32,170.7415659,-7.883364612
70,,-1.609437912,0.2,0,4/27/2011 2:48,25,-57,950,4/27/2011 2:36,62,924,6309.729954,20,4.6,966,943,32,0,73,0,367.7,11,1,0,950,2.02E-11,-116.3563752,-3.661115752
71,,-1.609437912,0.2,0,4/27/2011 7:48,35,150,640,4/27/2011 7:48,329,634,4090.599037,30,4.5,675,680,9,0,73,0,368,12,2,0,950,6.20E-30,88.1326768,-2.100424208
72,,-1.609437912,0.2,0,4/29/2011 20:48,-5,-105,270,4/29/2011 21:36,263,179,928.5420592,23,-7.5,152,0,250,0,62,0,488.8,11,1,0,270,8.47E-37,-151.4827675,-6.205253877
73,,-1.609437912,0.2,0,5/1/2011 14:24,18,-65,580,5/1/2011 14:24,62,310,1778.337412,32,1,331,331,70,0,70,0,617.3,12,1,0,580,1.04E-30,-101.5258151,-2.787315071
74,,-1.609437912,0.2,0,5/3/2011 15:54,15,40,620,5/3/2011 16:51,299,658,4269.896845,31,44.4,1081,946,287,0,71,0,584.5,13,1,0,620,3.49E-30,15.02024942,-0.061008083
75,,-1.609437912,0.2,0,5/6/2011 9:25,22,-165,850,5/6/2011 8:48,91,1024,7097.827129,69,4.8,1054,1049,76,0,45,0,361.3,14,1,0,850,7.54E-13,127.9636628,-4.427987833
76,,-1.609437912,0.2,0,5/9/2011 21:00,21,-68,1300,5/9/2011 20:57,73,1318,9468.341602,58,-4.9,1286,1306,55,0,84,6342000,325.7,12,1,1,1300,7.64E-10,-134.2497016,-4.873710758
77,,-1.609437912,0.2,0,5/11/2011 2:48,5,50,350,5/11/2011 2:48,283,745,4926.971243,33,3.3,767,776,320,0,66,0,362.2,12,1,0,350,1.02E-34,-14.17150474,-0.054308152
78,,-1.609437912,0.2,0,5/18/2011 18:54,-15,86,760,5/18/2011 18:24,266,1105,7743.398678,25,7.5,1156,1135,306,0,41,0,427.5,10,1,0,760,8.77E-16,35.34703832,-0.337861849
79,,-1.609437912,0.2,0,5/19/2011 4:36,20,36,611,5/19/2011 4:36,295,626,4031.033332,20,9.2,715,716,311,0,36,0,414,11,1,0,760,2.67E-30,-27.55612031,-0.205337957
80,,-1.609437912,0.2,0,5/24/2011 23:54,14,117,610,5/24/2011 21:24,290,657,4262.4084,45,25.2,938,890,302,0,11,0,369.8,11,1,0,610,2.59E-30,56.20558892,-0.854263988
81,,-1.609437912,0.2,0,5/29/2011 11:30,-5,-55,850,5/29/2011 10:36,116,646,4180.136479,38,5.8,724,685,119,0,98,0,719.2,10,1,0,850,7.54E-13,-86.87922771,-2.041103355
82,,-1.609437912,0.2,0,5/29/2011 21:30,-5,-55,915,5/29/2011 21:24,105,1407,10199.64559,40,3.4,1425,1416,107,0,98,15750900,642.8,10,1,0,915,8.25E-12,-90.65239051,-2.222243349
83,,-1.609437912,0.2,0,6/2/2011 7:40,-5,-30,950,6/2/2011 8:12,98,976,6718.259484,30,3.6,999,996,360,1,135,275000,475.7,10,1,0,950,2.02E-11,-78.22506404,-1.654721645
84,,-1.609437912,0.2,0,6/4/2011 7:09,25,117,1050,6/4/2011 6:48,284,1407,10199.64559,40,-57.6,1062,1294,360,1,115,6358500,346.5,10,1,1,1050,1.13E-10,55.1012091,-0.821023052
85,6/4/2011 23:44,1.607656326,4.9911,0,6/4/2011 22:09,16,140,2500,6/4/2011 22:05,300,2425,18899.448,60,-140.2,1960,2281,360,1,115,49362750,504.3,11,1,1,2500,2.60E-09,94.37620425,-2.408563529
86,,-1.609437912,0.2,0,6/5/2011 6:24,35,-54,760,6/5/2011 6:26,293,578,3675.833696,50,-3.4,545,544,292,0,80,0,518.5,12,2,1,2500,8.77E-16,-96.71144542,-2.529233011
87,,-1.609437912,0.2,0,6/6/2011 8:54,-45,101,750,6/6/2011 7:30,231,582,3705.285801,35,18.6,827,741,241,0,70,0,446.8,12,1,0,750,2.47E-16,62.7863502,-1.066015622
88,6/7/2011 6:54,4.342011606,76.862,1,6/7/2011 6:50,-25,52,1400,6/7/2011 6:49,250,1255,8954.288019,46,0.3,1258,1256,360,1,58,10631250,397.7,13,1,1,1400,1.10E-09,-25.5860325,-0.177026787
89,,-1.609437912,0.2,0,6/8/2011 18:00,34,144,320,6/8/2011 20:24,6,467,2870.335763,40,-24.6,424,0,6,0,45,0,495.5,14,1,0,320,1.97E-35,96.41540957,-2.513772635
90,,-1.609437912,0.2,0,6/13/2011 4:40,-15,-160,830,6/13/2011 4:24,108,957,6568.659846,43,-41.7,699,766,360,1,15,0,446.3,13,1,0,830,2.70E-13,145.5760283,-5.730767984
91,,-1.609437912,0.2,0,6/14/2011 8:10,5,-45,830,6/14/2011 6:12,68,571,3624.359239,43,14.6,805,698,64,0,36,0,533.2,14,1,0,830,2.70E-13,-87.99146868,-2.093698908
92,,-1.609437912,0.2,0,6/19/2011 16:48,-16,-50,583,6/19/2011 16:48,119,509,3172.31604,24,-0.9,495,504,120,0,47,0,393.5,13,1,0,583,1.14E-30,-107.5137415,-3.125798978
93,,-1.609437912,0.2,0,6/20/2011 18:00,10,-145,560,6/20/2011 17:48,80,329,1906.903,30,-1,311,310,69,0,39,0,394.3,14,1,0,560,5.48E-31,154.9142166,-6.48956585
94,,-1.609437912,0.2,0,6/21/2011 3:09,5,-7,1000,6/21/2011 3:16,65,719,4729.482316,40,-1.3,708,708,360,1,50,42000,390.5,15,1,0,1000,5.39E-11,-65.78976008,-1.170441463
95,,-1.609437912,0.2,0,6/23/2011 12:39,2,-40,350,6/23/2011 13:25,336,347,2029.715699,35,2.5,354,415,341,0,58,0,588.2,16,1,0,350,1.02E-34,-78.97137422,-1.686446173
96,,-1.609437912,0.2,0,6/29/2011 1:25,-20,60,490,6/29/2011 0:48,276,481,2970.592157,25,-5.4,409,420,267,0,41,0,367.2,14,1,0,490,4.83E-32,-20.13940225,-0.109679698
97,,-1.609437912,0.2,0,7/9/2011 0:54,-25,-30,850,7/9/2011 0:48,140,630,4060.803486,33,11.7,727,747,98,0,49,0,346.7,8,1,0,850,7.54E-13,-95.53205949,-2.467921685
98,,-1.609437912,0.2,0,7/9/2011 17:42,20,112,838,7/9/2011 16:36,303,991,6836.626104,24,5.3,1028,1018,272,0,49,0,429.7,9,1,0,850,4.16E-13,60.7442827,-0.997800941
99,,-1.609437912,0.2,0,7/21/2011 23:18,-20,-131,608,7/21/2011 23:24,329,313,1798.561599,26,30.3,387,854,324,0,60,0,646.2,5,1,0,608,2.44E-30,-156.0081675,-6.581543629
100,,-1.609437912,0.2,0,7/23/2011 12:48,-4,-122,640,7/23/2011 12:36,85,591,3771.653266,28,2.7,617,619,89,0,43,0,560,5,1,0,640,6.20E-30,-162.4779961,-7.138750465
101,,-1.609437912,0.2,0,7/24/2011 17:39,45,50,320,7/24/2011 17:12,332,317,1825.571862,32,0.1,319,318,310,0,43,0,431.2,6,1,0,320,1.97E-35,-45.08658944,-0.54970269
102,,-1.609437912,0.2,0,7/25/2011 20:18,-8,170,660,7/25/2011 18:12,188,347,2029.715699,43,7,394,510,360,1,29,0,556.3,7,1,0,660,1.08E-29,128.3541401,-4.455052809
103,,-1.609437912,0.2,0,7/27/2011 6:24,32,-33,616,7/27/2011 6:24,43,680,4435.023103,39,8,761,746,63,0,63,0,421.3,8,1,0,616,3.10E-30,-87.79576764,-2.08439611
104,,-1.609437912,0.2,0,7/28/2011 17:54,-29,150,440,7/28/2011 18:00,226,307,1758.142259,34,6.3,483,419,201,0,96,0,323.5,9,1,0,440,6.78E-33,80.52658516,-1.753523774
105,8/2/2011 7:09,0.973729107,2.6478,0,8/2/2011 6:40,4,15,900,8/2/2011 6:36,285,712,4676.471473,35,-15.5,554,596,288,0,95,975000,473,9,1,0,900,5.24E-12,-33.66510362,-0.306473554
106,,-1.609437912,0.2,0,8/3/2011 13:55,15,30,1320,8/3/2011 14:00,307,610,3912.209964,44,-12.2,492,480,360,1,81,0,351,10,1,1,1320,8.31E-10,-37.96696396,-0.389802691
107,8/4/2011 3:45,4.543124555,93.984,1,8/4/2011 4:10,14,40,1950,8/4/2011 4:12,298,1315,9443.793407,60,-41.1,1074,1208,360,1,92,28532700,344.7,11,1,1,1950,2.35E-09,-29.72332974,-0.238906525
108,,-1.609437912,0.2,0,8/6/2011 13:00,-15,60,430,8/6/2011 10:24,249,338,1968.189513,32,3.8,418,403,249,0,79,0,504.7,12,1,0,430,4.45E-33,20.80700825,-0.117071821
109,8/8/2011 18:35,1.687324451,5.405,0,8/8/2011 18:00,0,60,850,8/8/2011 18:12,281,1343,9673.173987,20,-42.3,1090,1207,305,0,70,672000,600.3,11,1,0,850,7.54E-13,21.82082532,-0.128758361
110,8/9/2011 8:10,3.476706752,32.353,1,8/9/2011 8:30,-12,62,1175,8/9/2011 8:12,279,1610,11888.22303,20,-40.6,1419,1506,360,1,61,180000,611.2,12,1,1,1175,3.79E-10,27.11866325,-0.198870172
111,,-1.609437912,0.2,0,8/11/2011 11:06,-3,77,600,8/11/2011 10:36,267,1160,8185.16333,40,-14.3,1065,1109,273,0,38,0,413.2,13,1,0,600,1.92E-30,21.73114933,-0.127702231
112,,-1.609437912,0.2,0,8/12/2011 10:00,39,-30,410,8/12/2011 12:48,304,532,3339.174336,35,-8.1,444,439,297,0,29,0,400.8,14,1,0,600,1.86E-33,-87.81115289,-2.08512671
113,,-1.609437912,0.2,0,8/13/2011 9:00,-15,168,300,8/13/2011 9:12,122,171,879.2244682,18,-2.1,159,0,118,0,18,0,343.5,15,1,0,410,5.98E-36,100.8890667,-2.75246181
114,,-1.609437912,0.2,0,8/13/2011 10:36,22,141,800,8/13/2011 10:36,306,617,3964.144188,30,-20.6,439,384,310,0,18,0,339.8,16,2,0,800,3.85E-14,74.7795643,-1.512164207
115,,-1.609437912,0.2,0,8/16/2011 8:54,24,143,992,8/16/2011 9:12,341,492,3049.651529,30,-11,379,332,328,0,31,0,477.2,17,1,0,992,4.70E-11,94.54120842,-2.416992993
116,,-1.609437912,0.2,0,8/17/2011 3:24,-25,-56,595,8/17/2011 2:48,110,550,3470.455053,25,-4.2,490,520,114,0,51,0,431.7,18,1,0,992,1.65E-30,-107.2421571,-3.110027114
117,,-1.609437912,0.2,0,8/17/2011 4:39,0,0,1000,8/17/2011 4:00,29,692,4525.393481,40,-4.4,649,654,21,0,51,0,425.7,19,2,0,1000,5.39E-11,-53.8382865,-0.783818576
118,,-1.609437912,0.2,0,9/2/2011 6:30,-18,-32,390,9/2/2011 4:28,255,177,916.1785027,25,1.8,192,265,253,0,136,0,288,13,1,0,390,7.46E-34,-110.474728,-3.300342219
119,,-1.609437912,0.2,0,9/3/2011 4:24,16,150,360,9/3/2011 3:48,320,325,1879.743184,30,-10,285,0,291,0,140,0,361.8,12,1,0,390,1.72E-34,86.78275921,-2.036573092
120,,-1.609437912,0.2,0,9/5/2011 2:00,36,74,606,9/5/2011 0:48,304,622,4001.288738,40,15,820,739,308,0,114,0,355.2,13,1,0,606,2.30E-30,37.06256288,-0.371453101
121,9/6/2011 3:04,0.832604729,2.2993,0,9/6/2011 2:09,24,15,782,9/6/2011 2:24,70,782,5209.570407,25,105.6,1083,1662,360,1,89,17940000,417.3,13,1,0,782,8.67E-15,-45.52363462,-0.560411387
122,,-1.609437912,0.2,0,9/6/2011 5:54,30,100,670,9/6/2011 5:24,314,717,4714.329378,25,-0.1,716,716,302,0,89,0,424.8,14,2,0,782,1.66E-26,53.05317945,-0.761124892
123,9/6/2011 22:09,2.128564984,8.4028,0,9/6/2011 22:40,20,20,650,9/6/2011 23:05,300,575,3653.762773,30,1.1,589,582,360,1,89,16325500,410.3,15,1,0,782,8.22E-30,-40.39596073,-0.441274647
124,,-1.609437912,0.2,0,9/7/2011 19:00,16,-148,632,9/7/2011 18:48,73,924,6309.729954,45,7.5,964,979,65,0,72,0,392.3,15,1,0,650,4.94E-30,149.4120513,-6.036766107
125,,-1.609437912,0.2,0,9/7/2011 20:12,43,120,621,9/7/2011 20:12,321,627,4038.473481,23,3.8,681,647,304,0,72,0,389.7,16,2,0,650,3.59E-30,69.36188185,-1.300992605
126,,-1.609437912,0.2,0,9/7/2011 23:24,28,40,750,9/7/2011 23:05,269,792,5286.252622,33,-3.1,782,756,290,0,72,0,378.5,17,3,0,750,2.47E-16,-34.23357036,-0.316911125
127,,-1.609437912,0.2,0,9/8/2011 23:09,35,130,1040,9/8/2011 22:12,315,983,6773.468765,40,15,1114,1038,350,0,54,0,326.8,17,1,1,1040,9.89E-11,65.71960269,-1.167946506
128,,-1.609437912,0.2,0,9/10/2011 3:54,49,17,603,9/10/2011 3:12,323,619,3978.997164,29,1.5,639,628,333,0,80,0,494.3,18,1,0,603,2.10E-30,-55.12723753,-0.821798896
129,,-1.609437912,0.2,0,9/10/2011 10:24,14,64,899,9/10/2011 8:48,257,610,3912.209964,42,28.1,954,864,275,0,80,0,478,19,2,0,899,5.08E-12,21.17790506,-0.121282764
130,,-1.609437912,0.2,0,9/11/2011 6:12,13,-121,713,9/11/2011 4:48,74,367,2167.267798,26,6,466,471,66,0,94,0,607.7,19,1,0,899,3.08E-19,-155.2167594,-6.51493845
131,,-1.609437912,0.2,0,9/13/2011 12:48,49,96,680,9/13/2011 12:36,309,746,4934.585298,45,7.9,816,806,310,0,145,0,580.5,17,1,0,680,4.08E-24,68.78149165,-1.27931141
132,,-1.609437912,0.2,0,9/14/2011 1:54,21,38,600,9/14/2011 0:00,302,408,2452.597007,46,3.2,452,457,334,0,169,0,538.5,18,1,0,680,1.92E-30,-21.4676525,-0.124624149
133,,-1.609437912,0.2,0,9/14/2011 22:09,-12,46,520,9/14/2011 22:24,44,396,2368.640028,24,3.6,408,481,47,0,169,0,462.8,19,1,0,600,1.42E-31,-12.49900741,-0.042245859
134,,-1.609437912,0.2,0,9/17/2011 0:00,25,58,630,9/16/2011 23:48,294,669,4352.369536,25,19,876,823,280,0,160,0,394.3,17,1,0,630,4.66E-30,-25.00029564,-0.169014273
135,,-1.609437912,0.2,0,9/19/2011 2:09,21,-126,355,9/19/2011 0:24,74,441,2685.26879,40,-8.2,334,315,50,0,142,0,411.8,18,1,0,355,1.33E-34,158.9377822,-6.831048842
136,,-1.609437912,0.2,0,9/19/2011 7:24,14,149,640,9/19/2011 9:12,301,444,2706.546106,30,9.6,557,585,287,0,142,0,415,19,2,0,640,6.20E-30,93.66134678,-2.372214138
137,,-1.609437912,0.2,0,9/19/2011 10:24,20,-65,620,9/19/2011 11:24,65,590,3764.272297,30,-5,531,546,59,0,142,0,412.7,20,3,0,640,3.49E-30,-118.516581,-3.798318002
138,,-1.609437912,0.2,0,9/19/2011 17:06,26,-109,458,9/19/2011 16:00,47,316,1818.814539,32,-10.7,227,0,55,0,142,0,410.7,21,2,0,640,1.41E-32,-150.1544505,-6.096906163
139,,-1.609437912,0.2,0,9/21/2011 22:24,5,125,1500,9/21/2011 22:12,305,1007,6963.134009,60,-3,979,997,325,0,108,0,389.8,22,1,1,1500,1.42E-09,66.29939867,-1.188645285
140,9/23/2011 15:00,3.552973817,34.917,1,9/22/2011 11:24,10,-90,1000,9/22/2011 10:48,72,1905,14387.01203,70,-68.3,1563,1809,360,1,109,10795750,391.2,23,1,0,1500,5.39E-11,-147.188799,-5.858448503
141,,-1.609437912,0.2,0,9/23/2011 22:39,33,-50,637,9/23/2011 22:12,59,575,3653.762773,24,-2.7,543,551,58,0,91,0,356.5,24,1,0,637,5.70E-30,-110.1803069,-3.282774478
142,,-1.609437912,0.2,0,9/24/2011 10:24,-9,-50,634,9/24/2011 9:48,90,1936,14652.38226,20,-25,1859,1874,92,0,116,0,348.2,25,1,0,637,5.23E-30,-115.4804071,-3.606199143
143,,-1.609437912,0.2,0,9/24/2011 13:09,12,-45,1507,9/24/2011 12:48,78,1915,14472.56061,50,79.6,2254,2089,360,1,116,9341500,343.7,26,2,1,1507,1.44E-09,-111.1860622,-3.342980104
144,,-1.609437912,0.2,0,9/24/2011 22:00,35,-25,700,9/24/2011 19:36,43,972,6686.733842,35,-38.2,697,733,360,1,116,0,324.8,27,2,1,1507,8.98E-21,-94.55482389,-2.417689216
145,,-1.609437912,0.2,0,9/25/2011 1:54,-30,50,500,9/25/2011 0:24,238,557,3521.668839,20,3.6,593,597,263,0,122,0,310.7,28,2,0,1507,6.97E-32,-37.57194939,-0.381733743
146,,-1.609437912,0.2,0,9/25/2011 3:39,-19,52,681,9/25/2011 3:12,236,613,3934.457706,30,8.2,726,662,260,0,122,0,309.2,29,3,0,1507,6.56E-24,-28.84778253,-0.225039091
147,,-1.609437912,0.2,0,9/28/2011 16:24,-5,75,400,9/28/2011 16:36,48,487,3013.684628,30,-5.2,460,375,39,0,109,0,453.7,30,1,0,400,1.19E-33,24.95878886,-0.168453527
148,,-1.609437912,0.2,0,9/29/2011 18:54,27,-156,540,9/29/2011 20:45,57,485,2999.312212,34,-7.2,377,452,39,0,128,0,529.8,31,1,0,540,2.83E-31,147.2607002,-5.864173563
149,,-1.609437912,0.2,0,9/29/2011 19:39,-26,139,650,9/29/2011 20:50,256,575,3653.762773,40,-7.5,503,536,246,0,128,0,512.3,32,2,0,650,8.22E-30,93.83053925,-2.380792346
150,,-1.609437912,0.2,0,9/30/2011 19:54,0,-120,1500,9/30/2011 20:00,62,337,1961.367948,45,40.7,396,1037,77,0,116,0,454.5,33,1,1,1500,1.42E-09,-170.4267515,-7.854320614
151,,-1.609437912,0.2,0,10/1/2011 9:54,38,55,330,10/1/2011 9:36,315,448,2734.947368,23,-3.3,414,394,317,0,118,0,534.2,34,1,0,1500,3.47E-35,39.59999463,-0.424056132
152,,-1.609437912,0.2,0,10/2/2011 1:54,10,-6,500,10/2/2011 2:00,179,259,1439.218468,28,0.6,262,282,167,0,118,0,506.5,35,1,0,500,6.97E-32,-51.94492247,-0.729657915
153,,-1.609437912,0.2,0,10/4/2011 13:10,35,-155,1370,10/4/2011 13:25,15,1101,7711.375525,50,-29.1,906,1025,360,1,128,0,359.8,34,1,1,1370,9.99E-10,129.7395416,-4.551743826
154,,-1.609437912,0.2,0,10/5/2011 18:54,-33,-30,350,10/5/2011 9:12,137,177,916.1785027,23,7.4,430,418,138,0,100,0,425,34,1,0,350,1.02E-34,-84.90955868,-1.949603341
155,,-1.609437912,0.2,0,10/5/2011 19:09,-5,44,450,10/5/2011 20:12,73,111,522.7578523,30,4.2,213,316,74,0,100,0,425,35,2,0,450,1.02E-32,-11.10377321,-0.033340665
156,,-1.609437912,0.2,0,10/13/2011 2:32,40,-110,330,10/13/2011 2:03,41,216,1161.060136,36,4.6,298,356,45,0,161,0,352.7,26,1,0,330,3.47E-35,-139.7389425,-5.280414295
157,,-1.609437912,0.2,0,10/13/2011 3:17,28,142,509,10/13/2011 2:03,317,429,2600.365018,33,22.8,804,743,321,0,161,0,352.7,27,2,0,509,9.65E-32,78.56000908,-1.668922398
158,,-1.609437912,0.2,0,10/14/2011 9:12,41,-163,460,10/14/2011 9:12,50,454,2777.616128,34,-5.1,394,376,40,0,170,0,365.5,26,1,0,460,1.53E-32,121.8061029,-4.012094833
159,,-1.609437912,0.2,0,10/14/2011 12:24,4,-133,700,10/14/2011 12:24,106,814,5455.395738,54,-9.5,735,750,32,0,170,0,362.2,27,2,0,700,8.98E-21,163.251554,-7.206887472
160,,-1.609437912,0.2,0,10/14/2011 21:09,30,-130,650,10/14/2011 19:48,42,660,4284.878291,30,8.4,764,720,42,0,170,0,416,28,2,0,700,8.22E-30,149.610387,-6.052803646
161,,-1.609437912,0.2,0,10/15/2011 6:24,-9,-160,544,10/15/2011 7:24,61,550,3470.455053,20,10.3,705,643,64,0,148,0,430.3,28,1,0,700,3.24E-31,145.6767564,-5.738701284
162,,-1.609437912,0.2,0,10/15/2011 9:18,20,-90,543,10/15/2011 11:12,224,625,4023.594781,20,10.3,705,643,64,0,148,0,456.7,29,2,0,700,3.13E-31,-136.2016906,-5.016468501
163,,-1.609437912,0.2,0,10/16/2011 16:48,30,60,537,10/16/2011 19:12,27,215,1154.687176,25,-5.5,169,0,26,0,154,0,443.3,30,1,0,537,2.56E-31,31.02347754,-0.260263969
164,,-1.609437912,0.2,0,10/18/2011 9:12,-36,105,380,10/18/2011 8:12,241,421,2543.948423,33,-8.7,322,234,266,0,156,0,375.8,30,1,0,380,4.63E-34,54.42051882,-0.800863404
165,,-1.609437912,0.2,0,10/20/2011 3:54,28,127,340,10/20/2011 3:36,288,893,6067.565817,36,-21.6,758,735,298,0,183,0,408.8,27,1,0,340,6.01E-35,73.23829994,-1.450472844
166,,-1.609437912,0.2,0,10/21/2011 9:24,28,152,374,10/21/2011 8:24,303,481,2970.592157,30,5.7,555,551,312,0,194,0,340.2,28,1,0,374,3.46E-34,85.26092332,-1.965772051
167,,-1.609437912,0.2,0,10/21/2011 13:54,-25,59,276,10/21/2011 13:25,250,317,1825.571862,29,0.5,322,331,252,0,194,332500,329.3,29,2,0,374,1.27E-36,-27.02040308,-0.197431634
168,,-1.609437912,0.2,0,10/22/2011 1:36,50,25,590,10/22/2011 1:25,354,593,3786.420279,46,9.5,739,663,360,1,174,0,323.7,29,1,0,590,1.42E-30,-63.37787867,-1.086196729
169,10/22/2011 12:49,2.635766206,13.954,1,10/22/2011 11:20,52,90,990,10/22/2011 10:24,311,1005,6947.306535,55,17.7,1164,1074,360,1,174,0,313.2,30,1,0,990,4.53E-11,53.89176501,-0.78537651
170,,-1.609437912,0.2,0,10/25/2011 7:12,-4,-75,380,10/25/2011 6:24,97,311,1785.075596,25,6.4,466,430,88,0,110,0,464.5,24,1,0,380,4.63E-34,-124.2458372,-4.17442619
171,,-1.609437912,0.2,0,10/26/2011 10:24,10,31,470,10/26/2011 10:00,289,270,1511.573929,37,5.1,345,403,298,0,104,0,401,25,1,0,470,2.26E-32,-27.87472932,-0.210113719
172,,-1.609437912,0.2,0,10/27/2011 12:24,23,-35,730,10/27/2011 12:00,54,570,3617.012726,25,-5,507,528,360,1,93,0,408.7,26,1,0,730,1.07E-17,-90.99202494,-2.238926069
173,,-1.609437912,0.2,0,10/28/2011 1:09,-33,130,320,10/27/2011 23:14,229,286,1617.613658,30,5.4,403,394,225,0,101,0,375.3,27,1,0,730,1.97E-35,72.45307963,-1.419537249
174,,-1.609437912,0.2,0,10/29/2011 16:55,35,-128,350,10/29/2011 17:12,37,249,1373.845771,45,6.4,382,409,53,0,94,0,296,27,1,0,350,1.02E-34,137.7136613,-5.128462011
175,,-1.609437912,0.2,0,11/1/2011 16:54,29,-53,500,11/1/2011 15:36,59,289,1637.597313,20,-13,213,0,58,0,125,0,398,23,1,0,500,6.97E-32,-107.9097118,-3.148865845
176,,-1.609437912,0.2,0,11/2/2011 20:39,23,-65,400,11/2/2011 20:00,58,384,2285.04674,37,9.8,572,531,54,0,128,0,392.3,24,1,0,400,1.19E-33,-120.4652376,-3.924249181
177,11/4/2011 0:04,1.263448531,3.5376,0,11/3/2011 22:39,-7,-160,1100,11/3/2011 23:30,90,991,6836.626104,65,-40.5,765,946,360,1,125,0,334,24,1,1,1100,2.00E-10,131.0051867,-4.64098403
178,,-1.609437912,0.2,0,11/4/2011 3:24,0,-130,560,11/4/2011 1:25,84,756,5010.79928,60,-8,677,716,360,1,99,0,326.5,25,2,1,1100,5.48E-31,159.8041085,-6.905720147
179,,-1.609437912,0.2,0,11/5/2011 1:25,45,60,330,11/5/2011 0:36,326,290,1644.265468,30,6.9,471,419,308,0,114,0,314.8,24,1,0,560,3.47E-35,-46.40775432,-0.58239039
180,,-1.609437912,0.2,0,11/8/2011 0:00,34,47,680,11/7/2011 23:48,320,527,3302.814689,26,5.3,578,595,303,0,171,0,369.2,25,1,0,680,4.08E-24,-36.82227852,-0.366652297
181,,-1.609437912,0.2,0,11/9/2011 9:09,-35,-44,560,11/9/2011 8:36,131,496,3078.46166,35,1.3,516,507,132,0,177,0,363.7,26,1,0,560,5.48E-31,-103.8698443,-2.917507991
182,,-1.609437912,0.2,0,11/9/2011 13:39,24,-35,1150,11/9/2011 13:36,48,907,6176.799202,38,-12.1,788,869,360,1,177,3276000,343.2,27,2,1,1150,3.13E-10,-100.7490137,-2.744825249
183,,-1.609437912,0.2,0,11/9/2011 18:36,-24,63,299,11/9/2011 18:48,336,898,6106.552721,20,119.9,1216,1801,335,0,177,0,331.3,28,2,1,1150,5.62E-36,-24.73696094,-0.165472481
184,,-1.609437912,0.2,0,11/10/2011 4:39,19,119,550,11/10/2011 3:48,290,489,3028.065257,35,-0.6,484,477,288,0,170,0,342.3,29,1,0,1150,3.95E-31,54.44079001,-0.801460145
185,,-1.609437912,0.2,0,11/11/2011 7:09,-30,58,800,11/11/2011 7:12,225,831,5586.50536,30,-12.6,714,776,227,0,162,0,378.8,30,1,0,800,3.85E-14,-30.09462953,-0.244912582
186,,-1.609437912,0.2,0,11/12/2011 18:36,-3,-110,695,11/12/2011 18:36,83,654,4239.952208,70,-0.7,649,646,66,0,157,0,421.5,29,1,0,695,1.78E-21,-164.0964136,-7.281674675
187,,-1.609437912,0.2,0,11/13/2011 18:36,15,176,888,11/13/2011 18:36,349,596,3808.583438,60,-14.2,418,484,360,1,162,0,372.7,28,1,0,888,3.51E-12,113.6187567,-3.490865837
188,,-1.609437912,0.2,0,11/14/2011 19:09,62,-56,675,11/14/2011 17:12,39,472,2906.094081,30,-7.2,403,360,39,0,164,0,370.7,26,1,0,675,3.13E-25,-102.6588122,-2.849873372
189,,-1.609437912,0.2,0,11/14/2011 20:39,-35,10,344,11/14/2011 20:24,220,792,5286.252622,30,2.1,810,807,179,0,164,0,369,27,2,0,675,7.45E-35,-59.79675562,-0.966915084
190,,-1.609437912,0.2,0,11/15/2011 5:36,3,-142,766,11/15/2011 5:24,62,523,3273.761106,42,6.5,620,585,60,0,141,0,370.5,28,2,0,766,1.74E-15,155.9635469,-6.577779332
191,,-1.609437912,0.2,0,11/15/2011 9:48,62,58,444,11/15/2011 9:48,331,510,3179.54947,24,-5,469,428,319,0,141,0,366.3,29,2,0,766,7.99E-33,-62.096762,-1.042727921
192,,-1.609437912,0.2,0,11/15/2011 19:24,-22,-80,379,11/15/2011 21:16,293,179,928.5420592,27,-9.3,128,0,296,0,141,0,391.8,29,1,0,766,4.42E-34,-133.9780657,-4.85400814
193,,-1.609437912,0.2,0,11/16/2011 15:24,25,90,269,11/16/2011 15:24,298,372,2201.828514,30,-8.5,315,0,301,0,125,0,441,30,1,0,379,7.91E-37,44.44751613,-0.53422977
194,,-1.609437912,0.2,0,11/17/2011 17:24,-15,41,385,11/17/2011 17:12,226,205,1091.217046,25,0.3,211,215,224,0,121,0,410.2,30,1,0,385,5.89E-34,-21.00229168,-0.11927968
195,,-1.609437912,0.2,0,11/17/2011 20:36,27,-118,773,11/17/2011 20:36,100,1041,7232.802488,49,-8.9,976,1005,360,1,121,0,400,31,2,0,773,3.65E-15,-152.6238779,-6.299093593
196,,-1.609437912,0.2,0,11/18/2011 0:00,40,98,465,11/17/2011 23:12,309,479,2956.244586,20,-4.7,431,412,304,0,132,0,390.3,32,3,0,773,1.86E-32,53.63144267,-0.777807367
197,,-1.609437912,0.2,0,11/18/2011 2:48,45,98,674,11/18/2011 2:48,310,601,3845.555556,35,-5,540,565,320,0,132,0,379.3,33,3,0,773,1.80E-25,55.91537726,-0.845464958
198,,-1.609437912,0.2,0,11/20/2011 16:09,5,65,430,11/20/2011 14:48,288,355,2084.601815,52,3.4,422,410,264,0,137,0,298.5,31,1,0,430,4.45E-33,-12.78378217,-0.04419283
199,,-1.609437912,0.2,0,11/20/2011 22:54,22,-165,730,11/20/2011 23:12,6,641,4142.801882,26,-5,601,590,360,1,137,0,296.2,32,2,0,730,1.07E-17,115.4609398,-3.604983403
200,,-1.609437912,0.2,0,11/22/2011 3:48,47,120,136,11/22/2011 3:24,332,233,1270.09196,22,0.7,241,261,322,0,138,0,322.5,31,1,0,136,1.77E-42,63.38272764,-1.086362943
201,,-1.609437912,0.2,0,11/22/2011 6:36,3,-47,778,11/22/2011 6:24,71,506,3150.627555,34,-7.2,437,390,96,0,138,0,345,32,2,0,778,5.97E-15,-113.3977372,-3.477297674
202,,-1.609437912,0.2,0,11/22/2011 22:24,40,61,718,11/22/2011 20:57,316,668,4344.8645,39,22.4,938,852,291,0,138,0,382.8,33,1,0,778,9.75E-19,40.0132332,-0.432952631
203,,-1.609437912,0.2,0,11/25/2011 7:18,38,-105,330,11/25/2011 4:28,43,543,3419.330361,18,17.8,740,745,67,0,158,0,403.5,33,1,0,330,3.47E-35,-138.4683762,-5.184827258
204,11/26/2011 8:05,4.37415826,79.373,1,11/26/2011 7:12,23,45,930,11/26/2011 7:12,327,933,6380.232052,72,9,1012,975,360,1,131,24327750,402.8,33,1,0,930,1.24E-11,-25.74643852,-0.179253406
205,,-1.609437912,0.2,0,11/28/2011 7:39,25,-50,454,11/28/2011 6:36,44,579,3683.194135,35,6.2,673,627,56,0,98,0,369.5,32,1,0,454,1.20E-32,-109.8710321,-3.264370932
206,,-1.609437912,0.2,0,11/29/2011 23:54,-40,-160,560,11/29/2011 23:12,119,768,5102.430515,40,-14.3,630,698,102,0,135,0,439.7,32,1,0,560,5.48E-31,130.4483186,-4.601612718
207,,-1.609437912,0.2,0,11/30/2011 23:54,-36,-150,250,11/30/2011 23:24,174,239,1308.874789,40,-0.3,233,232,176,0,132,0,470.2,33,1,0,560,2.02E-37,140.0062301,-5.300633985
208,,-1.609437912,0.2,0,12/1/2011 10:30,17,80,350,12/1/2011 8:00,290,424,2565.086985,25,6.1,511,516,285,0,129,0,468.8,34,1,0,350,1.02E-34,35.03977459,-0.332013468
209,,-1.609437912,0.2,0,12/2/2011 20:54,52,80,500,12/2/2011 19:00,149,282,1591.017794,37,-0.1,281,279,150,0,127,0,392.5,33,1,0,500,6.97E-32,55.08246099,-0.820464443
210,,-1.609437912,0.2,0,12/3/2011 7:48,-21,134,512,12/3/2011 7:36,243,454,2777.616128,40,-2.9,420,405,239,0,154,0,395,34,1,0,512,1.07E-31,76.92583581,-1.600212065
211,,-1.609437912,0.2,0,12/3/2011 11:24,30,97,622,12/3/2011 11:24,300,645,4172.666454,30,6.9,735,696,299,0,154,0,398.2,35,2,0,622,3.70E-30,48.02637701,-0.623724415
212,,-1.609437912,0.2,0,12/3/2011 15:54,65,-175,470,12/3/2011 16:36,3,434,2635.701328,20,7.9,534,554,347,0,154,0,410.2,36,3,0,622,2.26E-32,105.4674966,-3.007948307
213,,-1.609437912,0.2,0,12/4/2011 14:00,-18,160,270,12/4/2011 12:48,225,261,1452.339826,25,24.7,362,787,218,0,162,0,454.2,35,1,0,470,8.47E-37,108.5477017,-3.186209721
214,,-1.609437912,0.2,0,12/4/2011 20:39,43,72,520,12/4/2011 20:12,128,481,2970.592157,46,-18.3,422,0,97,0,162,0,414.7,36,2,0,520,1.42E-31,45.54221917,-0.560869045
215,,-1.609437912,0.2,0,12/6/2011 10:12,24,146,669,12/6/2011 10:12,330,677,4412.463452,44,7,745,734,297,0,151,0,318.2,36,1,0,669,8.79E-27,75.39111228,-1.536998326
216,,-1.609437912,0.2,0,12/7/2011 5:36,32,169,607,12/7/2011 5:36,327,464,2848.906432,39,0.6,468,473,324,0,132,0,293.7,37,1,0,669,2.37E-30,90.81812727,-2.230376485
217,,-1.609437912,0.2,0,12/7/2011 9:39,20,169,724,12/7/2011 9:36,327,713,4684.040253,44,28.6,855,998,360,1,132,0,295.3,38,2,0,724,3.43E-18,91.30384897,-2.254297685
218,,-1.609437912,0.2,0,12/7/2011 21:54,4,-160,396,12/7/2011 20:57,109,221,1192.993957,17,4.1,322,335,112,0,132,0,313.2,39,1,0,724,9.87E-34,126.7188199,-4.342255091
219,,-1.609437912,0.2,0,12/8/2011 11:12,-40,-81,419,12/8/2011 9:24,136,170,873.0857343,26,-3.9,121,0,121,0,159,0,308.2,39,1,0,419,2.77E-33,-134.1320421,-4.865171637
220,,-1.609437912,0.2,0,12/9/2011 4:28,17,-66,292,12/9/2011 5:24,60,189,990.6901858,27,2.8,250,288,63,0,114,0,296.5,40,1,0,419,3.62E-36,-140.0607301,-5.304761521
221,,-1.609437912,0.2,0,12/9/2011 6:36,-30,149,808,12/9/2011 5:36,157,155,781.7308931,26,3.2,223,287,163,0,114,0,297,41,2,0,808,6.84E-14,74.3337412,-1.494187421
222,,-1.609437912,0.2,0,12/9/2011 12:09,-1,-158,436,12/9/2011 12:12,75,335,1947.733728,32,-1,321,313,74,0,114,0,310.2,41,3,0,808,5.73E-33,128.1086971,-4.438030901
223,,-1.609437912,0.2,0,12/11/2011 8:48,21,-34,500,12/11/2011 8:36,70,398,2382.607898,35,-10.5,329,0,72,0,93,0,448,38,1,0,500,6.97E-32,-85.48065988,-1.975917581
224,,-1.609437912,0.2,0,12/11/2011 10:09,21,-31,445,12/11/2011 10:12,339,264,1472.050563,25,-0.1,263,260,336,0,93,0,453.2,39,2,0,500,8.33E-33,-82.13489622,-1.82426749
225,,-1.609437912,0.2,0,12/13/2011 2:12,-30,53,468,12/13/2011 1:48,233,503,3128.956856,20,-7.3,392,429,217,0,81,0,466.3,39,1,0,468,2.09E-32,30.22312758,-0.247008502
226,,-1.609437912,0.2,0,12/13/2011 23:24,51,112,360,12/14/2011 0:24,249,452,2763.384345,30,10.3,532,622,247,0,81,0,450.7,39,1,0,468,1.72E-34,72.32141425,-1.414382628
227,,-1.609437912,0.2,0,12/14/2011 3:56,-9,94,817,12/14/2011 4:01,254,576,3661.118013,25,34.3,930,925,247,0,78,0,426.2,40,2,0,817,1.24E-13,41.0518479,-0.455720448
228,,-1.609437912,0.2,0,12/14/2011 11:39,-21,45,407,12/14/2011 11:12,250,395,2361.659877,36,1.8,417,429,239,0,78,0,396.5,41,2,0,817,1.63E-33,-24.44362071,-0.16157128
229,,-1.609437912,0.2,0,12/14/2011 15:24,20,-144,554,12/14/2011 15:12,51,582,3705.285801,32,-13.2,450,415,49,0,78,0,391.2,42,2,0,817,4.51E-31,150.1832562,-6.099245655
230,,-1.609437912,0.2,0,12/15/2011 4:39,-23,57,374,12/15/2011 4:12,239,304,1737.976421,25,7.4,486,445,238,0,57,0,362,41,1,0,554,3.46E-34,-23.80497325,-0.153238711
231,,-1.609437912,0.2,0,12/17/2011 5:12,66,80,521,12/17/2011 5:00,323,510,3179.54947,33,6.5,623,572,301,0,90,0,283.8,38,1,0,521,1.48E-31,-66.00222897,-1.178013583
232,,-1.609437912,0.2,0,12/17/2011 11:00,47,156,1157,12/17/2011 11:00,334,987,6805.039329,40,-29.1,730,895,7,0,90,0,272.7,39,2,1,1157,3.31E-10,77.80416437,-1.636962681
233,,-1.609437912,0.2,0,12/21/2011 3:24,-40,-137,1300,12/21/2011 3:12,134,1064,7415.857273,30,-25.5,869,977,360,1,109,4914000,334.5,34,1,1,1300,7.64E-10,133.7348622,-4.836401671
234,,-1.609437912,0.2,0,12/23/2011 2:48,17,145,330,12/23/2011 2:24,302,390,2326.797228,30,6.4,448,515,287,0,103,0,400.7,32,1,0,330,3.47E-35,87.89875453,-2.089289088
235,,-1.609437912,0.2,0,12/23/2011 4:17,-17,-128,572,12/23/2011 3:24,98,484,2992.129095,20,12.2,573,655,83,0,103,0,396.3,33,2,0,572,8.06E-31,162.055322,-7.101656947
236,,-1.609437912,0.2,0,12/24/2011 0:54,17,-70,520,12/24/2011 0:36,44,475,2927.574532,40,3,522,509,56,0,84,0,364.8,34,1,0,572,1.42E-31,-130.5470626,-4.608581813
237,,-1.609437912,0.2,0,12/24/2011 9:18,-15,-75,600,12/24/2011 8:48,99,732,4828.111336,25,-17.9,547,656,73,0,84,0,351.2,35,2,0,600,1.92E-30,-137.9654438,-5.14723193
238,,-1.609437912,0.2,0,12/25/2011 1:24,35,0,480,12/25/2011 1:25,355,577,3668.474988,30,-11.5,472,450,329,0,97,0,360.3,36,1,0,600,3.31E-32,-68.64865827,-1.274374874
239,12/25/2011 19:39,1.129206154,3.0932,0,12/25/2011 19:24,-10,20,650,12/25/2011 17:48,231,215,1154.687176,35,-0.3,214,198,241,0,97,0,356.7,36,1,0,650,8.22E-30,-45.13921181,-0.550986599
240,,-1.609437912,0.2,0,12/25/2011 20:54,-8,40,770,12/25/2011 18:48,235,366,2160.3638,36,-4.7,295,266,247,0,97,70000,350.7,37,2,0,770,2.68E-15,-26.50449262,-0.18996434
241,,-1.609437912,0.2,0,12/26/2011 11:54,21,0,721,12/26/2011 11:48,2,736,4858.505367,30,-19.3,587,567,340,0,117,0,321,37,1,0,770,1.86E-18,-72.67476195,-1.428237162
242,,-1.609437912,0.2,0,12/29/2011 17:06,20,88,400,12/29/2011 16:24,293,736,4858.505367,30,3.2,769,756,278,0,112,0,401.3,37,1,0,400,1.19E-33,36.2527245,-0.355397521
243,,-1.609437912,0.2,0,12/30/2011 19:39,60,-169,450,12/30/2011 19:12,351,960,6592.255953,33,48.7,1231,1277,2,0,93,0,364.8,37,1,0,450,1.02E-32,108.0004959,-3.154166336
244,,-1.609437912,0.2,0,12/30/2011 21:24,-15,130,432,12/30/2011 20:57,233,356,2091.47534,25,-2.5,341,282,238,0,93,0,369.8,38,2,0,450,4.85E-33,68.80907538,-1.280337711
245,,-1.609437912,0.2,0,1/1/2012 13:36,8,142,820,1/1/2012 13:36,293,639,4127.878946,45,12,749,755,297,0,71,0,366.3,37,1,0,820,1.50E-13,79.53520069,-1.710613345
246,,-1.609437912,0.2,0,1/2/2012 2:12,-18,152,683,1/2/2012 1:48,249,531,3331.898633,51,-3.7,485,488,246,0,92,0,357.2,37,1,0,820,1.64E-23,87.94308459,-2.091397006
247,,-1.609437912,0.2,0,1/2/2012 15:24,-17,99,1152,1/2/2012 15:12,244,1138,8008.137426,50,-8.4,1080,1109,360,1,92,540000,382.7,36,1,1,1152,3.18E-10,42.09745574,-0.479230876
248,,-1.609437912,0.2,0,1/3/2012 11:24,18,-61,318,1/3/2012 9:36,28,446,2720.742253,34,4,483,513,33,0,120,0,405.5,36,1,0,1152,1.75E-35,-116.0686061,-3.64302902
249,,-1.609437912,0.2,0,1/4/2012 2:24,33,174,320,1/4/2012 3:36,18,486,3006.497391,43,39.1,769,991,19,0,126,0,359.8,35,1,0,320,1.97E-35,106.91641,-3.091162447
250,,-1.609437912,0.2,0,1/6/2012 21:25,42,-130,463,1/6/2012 20:48,35,443,2699.451408,44,2.4,486,468,38,0,113,0,435.5,33,1,0,463,1.72E-32,137.9331814,-5.144824917
251,,-1.609437912,0.2,0,1/8/2012 2:12,-38,-135,554,1/8/2012 2:12,121,557,3521.668839,36,-3.4,514,527,98,0,104,0,422.5,32,1,0,554,4.51E-31,141.0570748,-5.380502525
252,,-1.609437912,0.2,0,1/12/2012 4:00,5,-130,315,1/12/2012 4:24,79,280,1577.741089,15,6,343,441,79,0,52,0,430.3,27,1,0,315,1.47E-35,174.0318803,-8.190128545
253,,-1.609437912,0.2,0,1/12/2012 8:24,31,-102,710,1/12/2012 8:24,52,814,5455.395738,45,-1.1,803,809,360,1,52,0,415.2,28,2,0,710,1.47E-19,-142.2032533,-5.468297794
254,,-1.609437912,0.2,0,1/14/2012 5:25,16,-40,255,1/14/2012 4:00,56,250,1380.365229,20,5.1,325,376,66,0,118,0,418.2,24,1,0,255,2.92E-37,-94.61731845,-2.420886141
255,,-1.609437912,0.2,0,1/14/2012 23:25,-15,-58,290,1/15/2012 0:36,101,407,2445.586966,20,-8.5,372,0,97,0,118,0,355.8,25,1,0,290,3.19E-36,-121.1838909,-3.971210224
256,,-1.609437912,0.2,0,1/16/2012 1:30,-17,-92,412,1/16/2012 3:12,39,1060,7383.985638,18,10.9,1148,1098,360,1,154,0,386.4,26,1,0,412,2.04E-33,-147.0274955,-5.845615048
257,,-1.609437912,0.2,0,1/16/2012 3:42,28,-57,990,1/16/2012 1:48,237,702,4600.86125,47,375.9,1101,3004,232,0,154,0,377.5,27,2,0,990,4.53E-11,-114.2426156,-3.529306444
258,,-1.609437912,0.2,0,1/18/2012 13:25,-23,22,520,1/18/2012 12:24,173,267,1491.795392,30,-0.5,259,253,172,0,126,0,388.7,26,1,0,520,1.42E-31,-42.65014177,-0.491896861
259,,-1.609437912,0.2,0,1/19/2012 13:25,48,23,372,1/19/2012 13:25,276,498,3092.878838,27,2.6,512,544,273,0,105,0,352,27,1,0,520,3.14E-34,-60.23821085,-0.981244469
260,1/20/2012 11:24,1.154772056,3.1733,0,1/19/2012 15:10,46,-21,1020,1/19/2012 14:36,20,1120,7863.61404,69,54.1,1499,1390,360,1,105,11209500,350.2,28,2,1,1020,7.43E-11,-87.53154685,-2.071869036
261,,-1.609437912,0.2,0,1/22/2012 8:54,-20,65,438,1/22/2012 6:00,248,367,2167.267798,28,10,570,527,246,0,109,0,421.8,26,1,0,438,6.23E-33,22.56218088,-0.137656032
262,,-1.609437912,0.2,0,1/22/2012 10:48,38,139,694,1/22/2012 9:24,96,136,668.1210645,29,-19.3,0,0,95,0,109,0,411.3,27,2,0,694,1.26E-21,84.70665683,-1.940296839
263,1/23/2012 4:39,8.732078739,6198.6,1,1/23/2012 4:00,41,26,2211,1/23/2012 4:00,326,2175,16714.40508,62,28,2283,2216,360,1,113,33516000,441.5,27,1,1,2211,2.55E-09,-47.24707089,-0.603646757
264,1/27/2012 18:29,6.69162458,805.63,1,1/27/2012 16:39,40,75,2200,1/27/2012 18:27,296,2508,19630.72018,55,165.9,3090,2761,360,1,65,9747750,524.3,23,1,1,2200,2.54E-09,49.10712607,-0.652111907
265,,-1.609437912,0.2,0,1/31/2012 17:36,-10,51,390,1/31/2012 16:48,264,352,2063.998174,34,10.2,589,508,265,0,75,0,334.2,20,1,0,390,7.46E-34,-20.14553079,-0.10974646
266,,-1.609437912,0.2,0,2/3/2012 7:24,-30,-172,580,2/3/2012 7:24,149,408,2452.597007,25,-2.3,383,366,136,0,35,0,415.8,17,1,0,580,1.04E-30,126.1072374,-4.30044222
267,,-1.609437912,0.2,0,2/4/2012 19:18,-30,-123,780,2/4/2012 18:12,132,656,4254.921478,30,5.8,717,706,122,0,38,0,440.3,18,1,0,780,7.21E-15,-149.6323713,-6.054582625
268,,-1.609437912,0.2,0,2/9/2012 6:00,47,79,247,2/9/2012 5:24,313,345,2016.022824,30,10,561,501,307,0,29,0,409.7,17,1,0,247,1.61E-37,51.13354756,-0.707041559
269,,-1.609437912,0.2,0,2/9/2012 21:17,23,71,546,2/9/2012 21:17,39,659,4277.386809,30,1.2,676,668,360,1,29,0,425.5,18,1,0,546,3.46E-31,28.40103973,-0.218123055
270,,-1.609437912,0.2,0,2/10/2012 14:24,38,53,238,2/10/2012 13:48,318,302,1724.548959,18,5.2,360,434,315,0,46,0,448.2,19,1,0,546,8.06E-38,38.03880675,-0.391279291
271,,-1.609437912,0.2,0,2/10/2012 20:12,22,-27,588,2/10/2012 20:00,39,533,3346.451919,40,3.8,592,567,360,1,46,0,427.5,20,2,0,588,1.33E-30,-81.30074234,-1.787401488
272,,-1.609437912,0.2,0,2/16/2012 6:54,25,155,520,2/16/2012 6:36,288,538,3382.867905,46,1.6,554,557,360,1,48,0,393.8,15,1,0,520,1.42E-31,96.16076022,-2.500511575
273,,-1.609437912,0.2,0,2/23/2012 8:24,24,68,550,2/23/2012 8:12,300,505,3143.402007,41,5.5,585,562,360,1,55,0,437.2,10,1,0,550,3.95E-31,28.35912717,-0.217479744
274,2/25/2012 3:24,1.383966654,3.9907,0,2/24/2012 3:46,32,-12,850,2/24/2012 3:46,1,800,5347.689382,55,13.3,925,874,341,0,58,0,431.3,11,1,0,850,7.54E-13,-69.11265882,-1.291660251
275,,-1.609437912,0.2,0,2/24/2012 20:09,-40,-39,1000,2/24/2012 17:36,131,461,2827.496498,48,30.6,990,850,135,0,58,0,392.5,12,1,0,1000,5.39E-11,-95.65627854,-2.474343868
276,,-1.609437912,0.2,0,2/25/2012 13:25,21,50,350,2/25/2012 13:36,136,347,2029.715699,15,25,421,807,139,0,48,0,447,13,1,0,1000,1.02E-34,-21.03679893,-0.11967196
277,,-1.609437912,0.2,0,2/25/2012 14:15,38,-108,600,2/25/2012 15:12,59,1039,7216.908537,22,-23.2,915,907,51,0,48,0,448.3,14,2,0,1000,1.92E-30,-137.4156224,-5.106288067
278,,-1.609437912,0.2,0,2/27/2012 18:48,20,119,600,2/27/2012 18:36,286,580,3690.5563,33,11.4,727,692,281,0,44,0,477.3,14,1,0,600,1.92E-30,72.168902,-1.408423585
279,,-1.609437912,0.2,0,3/2/2012 18:54,34,-91,690,3/2/2012 18:00,59,710,4661.338129,69,-4.3,662,682,67,0,27,0,423.5,14,1,0,690,2.94E-22,-132.8503184,-4.772635777
280,,-1.609437912,0.2,0,3/3/2012 20:24,18,-62,700,3/3/2012 18:36,62,1078,7527.526046,60,-17.3,930,1024,49,0,63,0,381.8,15,1,0,700,8.98E-21,-120.290678,-3.912884593
281,,-1.609437912,0.2,0,3/4/2012 5:24,40,-100,508,3/4/2012 5:00,52,584,3720.022174,67,23.3,939,788,47,0,86,0,383.7,16,2,0,700,9.31E-32,-135.9398709,-4.997200784
282,3/5/2012 0:29,1.177053715,3.2448,0,3/4/2012 11:24,25,-48,1540,3/4/2012 11:00,52,1306,9370.189949,60,28.3,1473,1399,360,1,86,0,386.5,16,2,1,1540,1.54E-09,-105.6341568,-3.017462165
283,,-1.609437912,0.2,0,3/5/2012 3:12,48,-49,469,3/5/2012 3:12,46,594,3793.806316,23,-35.8,544,0,29,0,108,0,355.3,17,1,0,1540,2.17E-32,-105.4786192,-3.008582776
284,,-1.609437912,0.2,0,3/5/2012 4:00,22,-70,1363,3/5/2012 4:00,61,1531,11227.85856,51,-24.6,1400,1476,360,1,108,7800000,352.8,18,2,1,1540,9.75E-10,-130.9344276,-4.635971969
285,,-1.609437912,0.2,0,3/6/2012 4:01,20,-10,605,3/6/2012 4:48,22,536,3368.29591,35,31.3,958,865,32,0,115,0,371.8,18,1,0,605,2.23E-30,-72.78608795,-1.432616171
286,,-1.609437912,0.2,0,3/6/2012 7:52,28,-20,545,3/6/2012 8:12,43,599,3830.761697,20,4.4,645,644,34,0,115,0,379.3,19,2,0,605,3.35E-31,-81.55395722,-1.798552714
287,3/7/2012 2:50,8.685956584,5919.2,1,3/7/2012 0:36,30,-60,2200,3/7/2012 0:24,57,2684,21190.35043,50,-88.2,2379,2594,360,1,106,40244400,391.5,20,1,1,2200,2.54E-09,-114.4426017,-3.541673629
289,3/13/2012 17:44,6.136300551,462.34,1,3/13/2012 17:52,25,43,2250,3/13/2012 17:36,286,1884,14207.53123,60,45.6,2054,1987,360,1,96,6083000,563.7,18,1,1,2250,2.56E-09,25.10243013,-0.170398053
290,,-1.609437912,0.2,0,3/15/2012 8:39,14,-17,500,3/15/2012 9:24,35,485,2999.312212,28,-5.8,439,374,52,0,88,0,587.3,19,1,0,500,6.97E-32,-57.16363638,-0.883634755
291,,-1.609437912,0.2,0,3/16/2012 0:42,21,132,730,3/15/2012 23:24,279,750,4965.054905,28,10.7,857,832,278,0,85,0,694.7,20,1,0,730,1.07E-17,98.4059885,-2.618642124
292,,-1.609437912,0.2,0,3/16/2012 20:36,39,72,926,3/16/2012 20:36,314,862,5826.478043,27,-0.5,857,860,320,0,85,0,668.5,21,1,0,926,1.12E-11,52.06517261,-0.733040075
293,,-1.609437912,0.2,0,3/18/2012 0:39,25,105,1450,3/18/2012 0:24,300,1210,8589.034523,60,-8.2,1148,1194,360,1,62,948000,638,21,1,1,1450,1.26E-09,71.11581663,-1.367620166
294,,-1.609437912,0.2,0,3/21/2012 7:39,10,175,1550,3/21/2012 7:36,330,1178,8330.313423,60,-29.6,956,1095,360,1,77,0,398.5,22,1,1,1550,1.56E-09,117.0349762,-3.703944201
295,,-1.609437912,0.2,0,3/23/2012 19:48,48,59,650,3/23/2012 19:24,328,700,4585.756235,23,3.8,737,731,326,0,71,0,369,23,1,0,650,8.22E-30,-48.0759834,-0.625013569
296,,-1.609437912,0.2,0,3/24/2012 0:39,11,-161,1600,3/24/2012 0:24,347,1152,8120.741577,60,-46.6,825,1020,360,1,94,9420000,371.8,24,2,1,1600,1.70E-09,136.2257488,-5.018240839
297,,-1.609437912,0.2,0,3/24/2012 10:39,-20,-80,560,3/24/2012 11:12,56,389,2319.832365,30,7.4,429,545,62,0,94,0,452.8,24,1,0,1600,5.48E-31,-127.7145448,-4.410763912
298,,-1.609437912,0.2,0,3/25/2012 1:09,46,-25,750,3/25/2012 0:48,15,736,4858.505367,20,-9,641,699,15,0,89,0,417.7,25,1,0,750,2.47E-16,-82.98178362,-1.862081236
299,,-1.609437912,0.2,0,3/25/2012 4:54,23,-118,696,3/25/2012 4:48,67,778,5178.933236,40,-31.2,489,593,85,0,89,0,408.7,25,2,0,750,2.49E-21,-156.2899228,-6.605338015
300,,-1.609437912,0.2,0,3/25/2012 5:09,-25,-170,455,3/25/2012 5:36,132,341,1988.671925,33,2.2,364,389,116,0,89,0,408.7,26,3,0,750,1.25E-32,128.9535042,-4.496756692
301,,-1.609437912,0.2,0,3/26/2012 23:12,15,-105,1450,3/26/2012 23:12,92,1390,10059.51205,50,-32.3,1215,1318,360,1,88,580000,336.7,24,1,1,1450,1.26E-09,-163.5096977,-7.229697473
302,,-1.609437912,0.2,0,3/27/2012 22:12,-22,108,750,3/27/2012 22:00,248,622,4001.288738,26,0.1,623,623,261,0,84,112500,388.8,25,1,0,1450,2.47E-16,52.58013298,-0.747612327
303,,-1.609437912,0.2,0,3/28/2012 1:25,66,-114,620,3/28/2012 0:48,35,664,4314.859347,16,-0.4,662,658,60,0,88,0,405.5,26,2,0,750,3.49E-30,-113.6521036,-3.492915263
304,,-1.609437912,0.2,0,3/28/2012 1:48,40,-114,1035,3/28/2012 1:36,65,1033,7169.249811,32,-6.2,982,1008,360,1,88,0,408.7,27,3,1,1035,9.24E-11,-138.9892279,-5.22390629
305,,-1.609437912,0.2,0,3/30/2012 14:46,36,-61,708,3/30/2012 14:46,49,584,3720.022174,37,-1.9,558,572,44,0,94,0,389.3,27,1,0,708,8.76E-20,-113.7624184,-3.499699252
306,,-1.609437912,0.2,0,4/2/2012 2:36,31,-21,485,4/2/2012 2:12,28,350,2050.276604,43,5.5,437,452,23,0,79,0,347.2,27,1,0,485,4.00E-32,-87.43808579,-2.067446957
307,,-1.609437912,0.2,0,4/3/2012 2:30,20,-31,333,4/3/2012 1:48,330,716,4706.755,18,60.4,823,1355,333,0,72,0,315.4,27,1,0,485,4.10E-35,-102.8276123,-2.859253069
308,,-1.609437912,0.2,0,4/5/2012 17:12,62,97,322,4/5/2012 16:24,337,393,2347.707177,29,24.2,638,782,333,0,53,0,350.5,22,1,0,322,2.21E-35,66.43334017,-1.193452863
309,,-1.609437912,0.2,0,4/5/2012 19:48,33,99,608,4/5/2012 19:24,59,470,2891.784367,36,7.6,566,575,64,0,53,0,357,23,2,0,608,2.44E-30,46.47560614,-0.584094637
310,,-1.609437912,0.2,0,4/5/2012 21:36,31,-32,686,4/5/2012 21:25,311,828,5563.342892,36,-2.6,807,810,360,1,53,0,357.7,24,3,0,686,5.98E-23,-95.20309444,-2.450954351
311,,-1.609437912,0.2,0,4/7/2012 16:54,-22,155,733,4/7/2012 16:48,261,765,5079.505013,30,-25.5,581,548,360,1,30,0,360.3,23,1,0,733,1.83E-17,91.28805872,-2.253518027
312,,-1.609437912,0.2,0,4/7/2012 19:39,-7,45,680,4/7/2012 19:24,277,452,2763.384345,25,2.1,487,476,273,0,30,0,365.7,24,2,0,733,4.08E-24,-18.96617653,-0.097273081
313,,-1.609437912,0.2,0,4/7/2012 21:54,-45,-163,907,4/7/2012 21:15,172,708,4646.210418,43,3,735,735,360,1,30,0,365.8,25,3,0,907,6.52E-12,119.6207878,-3.869424791
314,,-1.609437912,0.2,0,4/8/2012 2:30,-28,93,760,4/8/2012 1:25,233,624,4016.15783,45,-5.8,548,584,266,0,25,0,362.6,26,3,0,907,8.77E-16,39.98192879,-0.432275454
315,,-1.609437912,0.2,0,4/9/2012 12:39,18,65,982,4/9/2012 12:36,310,921,6286.248693,48,-2.8,899,909,360,1,14,440000,317.8,27,1,0,982,3.92E-11,-19.31269488,-0.100859974
316,,-1.609437912,0.2,0,4/11/2012 22:54,-25,-65,638,4/11/2012 22:38,105,551,3477.76588,26,10.8,647,550,109,0,30,0,326.3,28,1,0,638,5.86E-30,-130.0550327,-4.573907933
317,,-1.609437912,0.2,0,4/14/2012 19:00,-13,130,470,4/14/2012 19:00,272,459,2813.234046,33,2.9,488,504,274,0,51,0,537.5,27,1,0,470,2.26E-32,87.42778424,-2.066959831
318,,-1.609437912,0.2,0,4/15/2012 2:06,15,-110,1000,4/15/2012 2:24,89,1220,8670.059488,35,12.3,1294,1269,79,0,90,240000,488.3,27,2,0,1000,5.39E-11,-152.712686,-6.306426306
319,,-1.609437912,0.2,0,4/15/2012 10:00,14,-5,320,4/15/2012 9:48,76,272,1524.778162,30,-9.7,205,0,52,0,90,0,464.8,28,2,0,1000,1.97E-35,-55.52269471,-0.833631592
320,,-1.609437912,0.2,0,4/16/2012 13:36,-35,80,430,4/16/2012 13:25,233,576,3661.118013,15,7,637,663,237,0,61,0,359.2,28,1,0,430,4.45E-33,38.12657668,-0.393087033
321,,-1.609437912,0.2,0,4/16/2012 18:10,10,-70,1250,4/16/2012 17:48,88,1348,9714.196589,55,-28,1169,1289,62,0,61,0,345.3,29,2,1,1250,6.01E-10,-135.4682852,-4.962589586
322,,-1.609437912,0.2,0,4/17/2012 8:12,-15,-103,580,4/17/2012 8:48,107,555,3507.027303,20,-6.1,483,499,114,0,79,0,338.2,29,1,0,1250,1.04E-30,-162.4420987,-7.135596385
323,,-1.609437912,0.2,0,4/17/2012 14:24,12,34,510,4/17/2012 14:12,294,327,1893.316976,22,4.6,391,423,290,0,79,0,369.3,30,2,0,1250,1.00E-31,-30.32590534,-0.248691329
324,,-1.609437912,0.2,0,4/17/2012 18:09,5,158,385,4/17/2012 17:36,76,167,854.7049667,22,4.6,191,366,108,0,79,0,393.8,31,2,0,1250,5.89E-34,99.76285172,-2.691353863
325,,-1.609437912,0.2,0,4/18/2012 2:48,12,-147,580,4/18/2012 2:48,76,352,2063.998174,24,-9.5,246,0,88,0,112,0,415.8,32,2,0,580,1.04E-30,154.9789254,-6.494988456
326,,-1.609437912,0.2,0,4/18/2012 9:09,13,-157,700,4/18/2012 9:24,77,448,2734.947368,27,-0.2,446,445,64,0,112,0,426.3,33,2,0,700,8.98E-21,146.8530639,-5.831752943
327,,-1.609437912,0.2,0,4/18/2012 13:09,-13,20,460,4/18/2012 13:36,253,513,3201.261509,18,-29.6,413,0,233,0,112,0,428.8,34,2,0,700,1.53E-32,-35.61078616,-0.342922685
328,,-1.609437912,0.2,0,4/18/2012 14:54,10,-158,890,4/18/2012 15:12,52,840,5656.057589,22,-21,709,693,64,0,112,0,423,35,3,0,890,3.77E-12,146.4602814,-5.800598711
329,,-1.609437912,0.2,0,4/18/2012 18:24,-22,25,500,4/18/2012 18:36,145,199,1053.36766,30,5.9,249,404,148,0,112,0,415.7,36,3,0,890,6.97E-32,-36.6896921,-0.364016632
330,,-1.609437912,0.2,0,4/19/2012 6:54,-20,21,360,4/19/2012 7:00,199,282,1591.017794,20,4.1,348,385,197,0,148,0,355.2,37,1,0,890,1.72E-34,-47.05023577,-0.598627552
331,,-1.609437912,0.2,0,4/19/2012 15:39,-28,-18,650,4/19/2012 15:12,118,540,3397.447335,25,7.9,660,612,138,0,148,0,351.2,38,2,0,650,8.22E-30,-84.05108373,-1.910379848
332,,-1.609437912,0.2,0,4/19/2012 16:54,-34,-60,535,4/19/2012 17:48,93,261,1452.339826,32,10.3,282,556,86,0,148,0,351.7,39,2,0,650,2.39E-31,-118.5212411,-3.79861671
333,,-1.609437912,0.2,0,4/19/2012 23:36,-18,-35,400,4/20/2012 0:12,127,526,3295.548438,18,1.4,537,545,141,0,148,0,338.3,40,3,0,650,1.19E-33,-102.1138122,-2.819694602
334,,-1.609437912,0.2,0,4/20/2012 2:00,31,50,441,4/20/2012 2:00,326,345,2016.022824,17,13.1,476,612,316,0,168,0,338.3,41,2,0,650,7.06E-33,-35.27653115,-0.336515319
335,,-1.609437912,0.2,0,4/20/2012 3:24,13,175,600,4/20/2012 2:48,11,257,1426.112554,38,10,382,511,17,0,168,0,338.3,42,3,0,650,1.92E-30,106.7970693,-3.084265551
336,,-1.609437912,0.2,0,4/22/2012 15:12,-46,88,646,4/22/2012 14:12,224,616,3956.72013,39,15.3,750,781,231,0,146,0,305.5,42,1,0,646,7.35E-30,47.39720061,-0.607489082
337,,-1.609437912,0.2,0,4/23/2012 18:09,-16,-13,590,4/23/2012 18:24,234,528,3310.082838,23,-1.1,519,510,360,1,138,0,377,40,1,0,590,1.42E-30,-74.43708554,-1.498344971
338,,-1.609437912,0.2,0,4/24/2012 8:12,10,-60,500,4/24/2012 8:12,80,443,2699.451408,30,-8.1,355,294,62,0,134,0,457.3,38,1,0,590,6.97E-32,-109.7994664,-3.260119747
339,,-1.609437912,0.2,0,4/27/2012 16:54,7,165,700,4/27/2012 19:00,56,263,1465.47651,25,6.3,409,410,65,0,106,0,469.3,35,1,0,700,8.98E-21,115.9539022,-3.635832192
340,,-1.609437912,0.2,0,4/27/2012 17:24,-39,120,600,4/27/2012 16:24,277,681,4442.54593,33,-13.6,515,618,360,1,106,0,469.3,36,2,0,700,1.92E-30,75.46828893,-1.540146737
341,,-1.609437912,0.2,0,4/27/2012 20:39,19,-57,300,4/27/2012 20:36,202,352,2063.998174,25,-2.4,345,267,205,0,106,0,471.8,37,3,0,700,5.98E-36,-104.7092565,-2.96485354
342,,-1.609437912,0.2,0,4/28/2012 22:54,-9,-37,475,4/28/2012 21:48,146,490,3035.258642,23,-9.5,398,326,111,0,112,0,410.5,38,1,0,475,2.74E-32,-92.79691917,-2.328628504
343,,-1.609437912,0.2,0,4/28/2012 23:54,-33,-148,610,4/29/2012 0:48,21,421,2543.948423,16,-24.2,361,0,20,0,112,0,408.8,39,2,0,610,2.59E-30,139.9766343,-5.298393225
344,,-1.609437912,0.2,0,4/29/2012 10:24,30,-30,550,4/29/2012 9:36,49,475,2927.574532,33,2.2,504,502,61,0,110,0,407.8,40,1,0,610,3.95E-31,-86.71097782,-2.033205428
345,,-1.609437912,0.2,0,4/30/2012 7:48,-34,85,960,4/30/2012 7:48,239,992,6844.525322,40,-5,950,973,267,0,104,0,340.2,40,1,0,960,2.52E-11,37.80556748,-0.386495655
346,,-1.609437912,0.2,0,5/3/2012 15:25,9,-84,650,5/3/2012 14:24,78,584,3720.022174,35,-7.7,488,520,90,0,96,0,293,39,1,0,650,8.22E-30,-160.1393028,-6.934720467
347,,-1.609437912,0.2,0,5/11/2012 23:54,-12,-42,1040,5/12/2012 0:00,107,805,5386.128033,45,-6.6,755,760,360,1,110,0,558.8,31,1,1,1040,9.89E-11,-83.16798377,-1.87044714
348,,-1.609437912,0.2,0,5/13/2012 9:24,-27,-110,520,5/13/2012 9:48,136,415,2501.735586,16,3,452,462,117,0,105,0,449.2,32,1,0,520,1.42E-31,-147.4128435,-5.876297032
349,,-1.609437912,0.2,0,5/13/2012 18:09,56,-80,500,5/13/2012 16:12,34,468,2877.483162,31,13.2,713,621,26,0,105,0,497.2,33,2,0,520,6.97E-32,-109.2349903,-3.226685533
350,,-1.609437912,0.2,0,5/14/2012 17:24,-21,-95,483,5/14/2012 17:00,123,455,2784.735326,29,0.4,461,459,106,0,119,0,431,34,1,0,500,3.71E-32,-142.489248,-5.490315253
351,,-1.609437912,0.2,0,5/15/2012 14:17,-23,-84,480,5/15/2012 14:17,126,546,3441.229961,28,10,673,637,125,0,122,0,369.8,32,1,0,483,3.31E-32,-139.722575,-5.279177385
352,,-1.609437912,0.2,0,5/15/2012 18:12,28,78,511,5/15/2012 18:00,308,603,3860.35607,25,-9.1,509,514,303,0,122,0,366,33,2,0,511,1.04E-31,31.64360131,-0.270772716
353,,-1.609437912,0.2,0,5/16/2012 2:39,-39,15,410,5/16/2012 2:36,159,354,2077.731107,24,12.3,502,583,177,0,137,0,401.3,34,2,0,511,1.86E-33,-54.79410644,-0.811896728
354,5/17/2012 1:25,5.772126247,321.22,1,5/17/2012 1:48,-10,75,1500,5/17/2012 1:48,261,1582,11653.71622,45,-51.8,1323,1473,360,1,110,4396000,360.5,33,1,1,1500,1.42E-09,15.13896599,-0.061976282
355,,-1.609437912,0.2,0,5/19/2012 21:12,-48,97,412,5/19/2012 20:12,221,395,2361.659877,35,8,568,497,223,0,109,0,371.7,23,1,0,412,2.04E-33,56.91850216,-0.876072441
356,,-1.609437912,0.2,0,5/21/2012 1:25,7,98,620,5/21/2012 1:25,273,677,4412.463452,26,10,768,759,272,0,110,0,355.7,21,1,0,620,3.49E-30,34.20487239,-0.316380015
357,,-1.609437912,0.2,0,5/21/2012 6:00,25,-110,318,5/21/2012 5:36,70,294,1670.972452,25,1.5,324,327,65,0,110,0,340.5,22,2,0,620,1.75E-35,-154.8649188,-6.485436201
358,,-1.609437912,0.2,0,5/21/2012 9:24,-45,116,774,5/21/2012 9:12,222,645,4172.666454,45,22,882,830,208,0,110,0,338.8,23,3,0,774,4.04E-15,61.97189965,-1.038538763
359,,-1.609437912,0.2,0,5/25/2012 0:00,25,53,580,5/24/2012 22:12,294,563,3565.636431,18,5.4,651,605,311,0,94,0,496.2,21,1,0,580,1.04E-30,25.85354149,-0.180747866
360,,-1.609437912,0.2,0,5/25/2012 7:48,5,-40,177,5/25/2012 7:36,87,99,454.9168652,23,1.7,127,213,91,0,94,0,467.2,22,2,0,580,2.96E-40,-89.05958264,-2.14483755
361,,-1.609437912,0.2,0,5/26/2012 5:09,-37,52,430,5/26/2012 4:48,291,276,1551.230639,30,7,352,452,289,0,80,0,412.8,23,1,0,430,4.45E-33,-37.14326595,-0.373072527
362,5/26/2012 22:59,2.704978823,14.954,1,5/26/2012 22:54,5,110,1100,5/26/2012 20:57,291,1966,14909.66489,70,-159.2,1338,1790,360,1,80,0,365.8,24,1,1,1100,2.00E-10,47.54620311,-0.611314611
363,,-1.609437912,0.2,0,5/27/2012 6:24,10,-50,960,5/27/2012 5:48,78,725,4774.97445,38,-0.2,723,723,67,0,82,0,354,25,2,1,1100,2.52E-11,-114.3423112,-3.535468937
364,,-1.609437912,0.2,0,5/31/2012 1:24,-35,-175,645,5/31/2012 0:48,188,563,3565.636431,25,0.9,569,576,177,0,89,0,425,19,1,0,645,7.14E-30,122.5611716,-4.061990479
365,,-1.609437912,0.2,0,6/1/2012 19:36,10,-55,340,6/1/2012 19:24,61,651,4217.509777,20,35,798,1039,98,0,121,0,373.3,20,1,0,340,6.01E-35,-115.9643389,-3.636486723
366,,-1.609437912,0.2,0,6/2/2012 0:24,5,95,495,6/1/2012 23:12,295,630,4060.803486,25,0.6,636,634,260,0,151,0,357.8,21,2,0,495,5.81E-32,31.30652783,-0.265034799
367,,-1.609437912,0.2,0,6/3/2012 13:54,-38,-43,450,6/3/2012 12:24,147,471,2898.938162,35,-0.2,469,470,128,0,165,0,353,21,1,0,450,1.02E-32,-104.0367121,-2.926889526
368,,-1.609437912,0.2,0,6/6/2012 20:39,-29,-7,530,6/6/2012 20:36,174,494,3064.052545,30,-2.3,458,473,180,0,153,0,685,22,1,0,530,2.01E-31,-48.28092117,-0.630353529
369,,-1.609437912,0.2,0,6/10/2012 16:00,-21,-140,730,6/10/2012 15:36,118,476,2934.738899,30,-3.4,423,438,126,0,121,0,434.7,23,1,0,730,1.07E-17,155.5960611,-6.546818343
370,,-1.609437912,0.2,0,6/11/2012 11:48,-41,113.1,766,6/11/2012 11:36,232,652,4224.989054,25,1.4,665,665,229,0,128,0,398,23,1,0,766,1.74E-15,64.70285121,-1.132087332
371,,-1.609437912,0.2,0,6/12/2012 5:24,-30,139,1044,6/12/2012 5:24,236,864,5841.998872,40,-9.3,779,829,238,0,111,0,395.7,24,1,1,1044,1.04E-10,82.28287765,-1.830846932
372,,-1.609437912,0.2,0,6/12/2012 15:48,-15,-30,486,6/12/2012 15:24,101,635,4098.051874,29,-0.1,634,634,100,0,111,0,393.3,24,1,0,1044,4.16E-32,-88.3323239,-2.109951175
373,,-1.609437912,0.2,0,6/13/2012 13:24,-13,-12,703,6/13/2012 13:25,135,632,4075.698097,11,0.6,638,637,188,0,113,0,379.8,24,1,0,703,2.20E-20,-72.81159815,-1.433620558
374,,-1.609437912,0.2,0,6/13/2012 14:00,-25,-20,604,6/13/2012 14:00,173,461,2827.496498,41,4,502,519,166,0,113,0,379,25,2,0,703,2.17E-30,-81.37203961,-1.790537813
375,,-1.609437912,0.2,0,6/14/2012 14:09,-20,-9,1364,6/14/2012 14:12,144,987,6805.039329,50,-1.2,977,983,360,1,123,0,362.2,25,1,1,1364,9.78E-10,-73.37803665,-1.456013051
376,6/16/2012 9:45,2.630304852,13.878,1,6/15/2012 14:36,2,-135,735,6/15/2012 14:36,87,495,3071.256092,40,-2.7,464,458,75,0,117,0,308.5,23,1,0,735,2.57E-17,150.6462424,-6.136909231
377,,-1.609437912,0.2,0,6/17/2012 7:48,-27,72,530,6/17/2012 8:12,252,478,2949.07393,15,9.5,556,623,246,0,88,0,419.8,23,1,0,530,2.01E-31,31.7653895,-0.272860998
378,,-1.609437912,0.2,0,6/17/2012 10:12,-40,-162,576,6/17/2012 10:12,141,551,3477.76588,20,-4.1,501,517,149,0,88,0,419.3,24,2,0,576,9.15E-31,127.9166766,-4.424736653
379,,-1.609437912,0.2,0,6/19/2012 14:39,35,-84,400,6/19/2012 15:16,128,512,3194.022208,40,-31.7,372,0,124,0,51,0,356.2,24,1,0,400,1.19E-33,-134.2080743,-4.87068881
380,,-1.609437912,0.2,0,6/21/2012 8:12,5,-50,450,6/21/2012 7:48,82,220,1186.59806,34,0,220,219,100,0,16,0,352.5,22,1,0,450,1.02E-32,-114.9166113,-3.571072894
381,,-1.609437912,0.2,0,6/21/2012 11:12,-39,-97,750,6/21/2012 11:12,131,724,4767.388968,23,-17.3,585,563,140,0,16,0,388.2,23,2,0,750,2.47E-16,-135.2490272,-4.9465385
382,,-1.609437912,0.2,0,6/23/2012 7:24,28,105,588,6/23/2012 7:24,290,1263,9019.39259,62,-29.1,1068,1188,360,1,16,0,405.8,24,1,0,588,1.33E-30,54.21042347,-0.794691729
383,,-1.609437912,0.2,0,6/24/2012 0:48,-23,126,427,6/24/2012 0:48,56,613,3934.457706,38,87.8,779,1515,58,0,20,0,384.2,24,1,0,588,3.92E-33,68.32668923,-1.262449016
384,,-1.609437912,0.2,0,6/25/2012 19:25,23,-114,410,6/25/2012 19:45,121,389,2319.832365,65,2.2,427,410,104,0,17,0,417,23,1,0,410,1.86E-33,-154.6185955,-6.464821541
385,,-1.609437912,0.2,0,6/26/2012 0:00,40,-116,600,6/26/2012 0:00,48,772,5133.016073,11,-0.7,220,191,118,0,36,0,436.2,23,2,0,600,1.92E-30,-138.6578562,-5.199026794
386,,-1.609437912,0.2,0,6/26/2012 2:00,-34,85,300,6/26/2012 0:00,128,225,1218.62259,27,0.5,291,299,126,0,36,0,442.5,24,3,0,600,5.98E-36,46.07918534,-0.574172883
387,,-1.609437912,0.2,0,6/26/2012 2:24,-19,-144,670,6/26/2012 4:36,131,284,1604.308684,25,-24.5,598,531,66,0,36,0,442.5,25,4,0,670,1.66E-26,155.4805976,-6.537105523
388,,-1.609437912,0.2,0,6/26/2012 13:25,45,-92,800,6/26/2012 13:25,48,920,6278.423776,12,-0.6,915,917,45,0,36,0,435.8,25,1,0,800,3.85E-14,-125.1917587,-4.238230515
389,,-1.609437912,0.2,0,6/26/2012 19:45,-27,-105,380,6/26/2012 21:12,64,315,1812.060381,55,-16.7,256,0,66,0,36,0,380.5,26,2,0,800,4.63E-34,-149.4944554,-6.043426769
390,,-1.609437912,0.2,0,6/27/2012 9:06,24,-89,552,6/27/2012 8:48,118,223,1205.799305,16,9.3,255,512,120,0,70,0,391.2,27,1,0,800,4.22E-31,-140.4631053,-5.335285002
391,,-1.609437912,0.2,0,6/27/2012 12:54,46,88,485,6/27/2012 10:48,323,511,3186.784861,32,8.9,655,597,322,0,70,0,427,28,2,0,800,4.00E-32,54.99268813,-0.817792252
392,,-1.609437912,0.2,0,6/28/2012 6:48,-26,-179,876,6/28/2012 6:24,258,728,4797.739163,62,-10.4,659,622,360,1,87,0,442.3,29,1,0,876,2.27E-12,124.6003836,-4.19828437
393,,-1.609437912,0.2,0,6/28/2012 20:55,16,-55,798,6/28/2012 20:00,47,1313,9427.431745,20,-24.3,1147,1261,42,0,87,0,417.3,30,1,0,876,3.30E-14,-109.1196016,-3.219872217
394,,-1.609437912,0.2,0,6/29/2012 1:36,-10,-41,674,6/29/2012 1:25,29,673,4382.404607,31,17.2,759,848,49,0,103,0,412.2,31,2,0,876,1.80E-25,-96.50082081,-2.518228344
395,,-1.609437912,0.2,0,6/29/2012 3:24,-6,129,476,6/29/2012 4:00,272,509,3172.31604,22,-10.1,396,390,260,0,103,0,409.2,32,3,0,876,2.85E-32,73.08680571,-1.444478412
396,,-1.609437912,0.2,0,6/29/2012 9:39,28,-26,1344,6/29/2012 9:36,25,904,6153.373742,23,-1.5,890,899,32,0,103,0,378.8,33,3,1,1344,9.11E-10,-86.91373888,-2.042725258
397,,-1.609437912,0.2,0,7/2/2012 6:36,-4,65,820,7/2/2012 6:24,262,988,6812.934505,24,-2.7,965,977,267,0,128,0,642.8,31,1,0,820,1.50E-13,29.59242073,-0.236806751
398,,-1.609437912,0.2,0,7/2/2012 8:36,-10,-130,1100,7/2/2012 8:36,85,1074,7495.602025,35,-26.9,878,990,360,1,128,0,638,32,2,1,1100,2.00E-10,-162.7914579,-7.166321999
399,,-1.609437912,0.2,0,7/2/2012 11:36,-37,0,460,7/2/2012 11:24,183,313,1798.561599,21,-3.2,251,240,174,0,128,0,638.8,33,3,1,1100,1.53E-32,-49.67619409,-0.667313212
400,,-1.609437912,0.2,0,7/2/2012 19:48,-35,8,715,7/2/2012 20:24,189,527,3302.814689,29,-10.5,353,478,185,0,128,0,632.3,34,2,0,1100,4.95E-19,-43.81293455,-0.519084163
401,,-1.609437912,0.2,0,7/3/2012 1:24,-48,20,550,7/3/2012 0:48,194,400,2396.585819,28,19.3,693,674,195,0,125,0,589.3,35,2,0,1100,3.95E-31,-50.72186257,-0.695702364
402,,-1.609437912,0.2,0,7/3/2012 8:36,-45,24,520,7/3/2012 8:48,200,532,3339.174336,19,-4.6,473,487,199,0,125,0,549.7,36,2,0,1100,1.42E-31,-47.65001648,-0.613987039
403,,-1.609437912,0.2,0,7/3/2012 22:24,-14,10,605,7/3/2012 21:25,202,294,1670.972452,27,-4.2,243,129,204,0,125,0,554,36,1,0,605,2.23E-30,-34.05896853,-0.313686679
404,,-1.609437912,0.2,0,7/4/2012 6:24,-50,22,400,7/4/2012 5:12,201,381,2264.206562,27,2.6,437,410,209,0,131,0,542.8,37,2,0,605,1.19E-33,-52.90342595,-0.756834093
405,,-1.609437912,0.2,0,7/4/2012 9:24,-54,30,441,7/4/2012 8:36,214,453,2770.499133,23,-1.5,432,437,213,0,131,0,521.2,38,2,0,605,7.06E-33,-55.22247856,-0.824640924
406,,-1.609437912,0.2,0,7/4/2012 12:54,-53,30,316,7/4/2012 12:48,203,290,1644.265468,15,-9.2,199,0,203,0,131,0,504.3,39,3,0,605,1.56E-35,-54.54413967,-0.804505996
407,,-1.609437912,0.2,0,7/4/2012 17:24,-7,25,535,7/4/2012 17:24,124,662,4299.865798,31,-37.6,553,0,360,1,131,120000,519.8,40,3,0,605,2.39E-31,-20.28967617,-0.111322596
408,,-1.609437912,0.2,0,7/4/2012 20:39,-58,35,435,7/4/2012 20:12,220,546,3441.229961,30,-4.3,484,511,208,0,131,0,507.8,41,3,0,605,5.50E-33,-58.55685407,-0.927232331
409,,-1.609437912,0.2,0,7/5/2012 13:39,-56,42,640,7/5/2012 13:24,223,741,4896.528463,22,1.9,760,753,219,0,129,0,483.3,42,1,0,640,6.20E-30,-56.17272607,-0.85326532
410,,-1.609437912,0.2,0,7/5/2012 23:39,-42,55,1000,7/5/2012 22:00,235,980,6749.80152,28,-38.7,661,855,220,0,129,154000,438.7,43,1,0,1000,5.39E-11,42.07360762,-0.478688063
411,,-1.609437912,0.2,0,7/6/2012 7:12,-6,150,352,7/6/2012 7:12,236,705,4623.529451,30,-2.7,691,678,233,0,132,0,444.2,44,2,0,1000,1.14E-34,98.35759736,-2.616067322
412,7/7/2012 2:39,3.216392745,24.938,1,7/6/2012 23:12,-35,65,1200,7/6/2012 23:24,233,1828,13730.06733,40,-56.1,1612,1730,360,1,132,4239000,483,44,1,1,1200,4.49E-10,38.64507996,-0.403851326
413,,-1.609437912,0.2,0,7/8/2012 11:00,-45,85,850,7/8/2012 10:48,232,662,4299.865798,20,4.6,706,699,231,0,117,0,422.2,45,1,0,850,7.54E-13,52.56144128,-0.747080884
414,,-1.609437912,0.2,0,7/8/2012 15:24,20,-172,700,7/8/2012 14:36,138,796,5316.960952,40,-15.6,724,625,360,1,117,0,445.5,46,2,0,850,8.98E-21,133.0192634,-4.784782163
415,7/8/2012 20:05,2.911317522,18.381,1,7/8/2012 16:48,-50,90,1000,7/8/2012 16:36,234,1572,11570.08345,30,-117.2,907,1442,212,0,117,0,447.2,47,3,0,1000,5.39E-11,59.91399297,-0.970710263
416,,-1.609437912,0.2,0,7/8/2012 18:00,-13,60,685,7/8/2012 17:36,256,822,5517.050605,25,60.5,1441,1188,224,0,117,0,446.7,48,4,0,1000,3.93E-23,15.59680701,-0.065781609
417,,-1.609437912,0.2,0,7/8/2012 19:12,-13,80,595,7/8/2012 21:12,251,923,6301.901783,40,31.9,1167,1123,262,0,117,0,445.8,49,5,0,1000,1.65E-30,31.17738425,-0.262852701
418,,-1.609437912,0.2,0,7/11/2012 1:25,-12,-175,610,7/11/2012 1:25,182,379,2250.326222,45,-1.6,365,345,360,1,110,0,505.8,49,1,0,610,2.59E-30,138.2335723,-5.167258116
419,,-1.609437912,0.2,0,7/11/2012 11:25,42,-11,540,7/11/2012 10:36,24,748,4949.817428,20,31.3,1040,984,350,0,110,0,515,50,1,0,610,2.83E-31,-65.1091099,-1.146348348
420,,-1.609437912,0.2,0,7/11/2012 19:09,34,76,440,7/11/2012 18:36,222,463,2841.767626,45,-8.2,361,344,222,0,110,0,511.5,50,2,0,610,6.78E-33,44.83142313,-0.543498242
421,7/12/2012 16:30,4.591466721,98.639,1,7/12/2012 16:54,-13,6,1300,7/12/2012 15:36,80,744,4919.35853,65,28.3,815,1052,78,0,125,0,409,49,1,1,1300,7.64E-10,-51.256395,-0.71044295
422,7/17/2012 15:24,4.945278661,140.51,1,7/17/2012 14:24,-30,54,1100,7/17/2012 13:48,241,958,6576.524171,45,63.5,1511,1319,255,0,86,10191000,510.8,44,1,1,1100,2.00E-10,31.2346732,-0.263819581
423,7/19/2012 1:45,4.022400913,55.835,1,7/19/2012 5:36,-20,100,1200,7/19/2012 5:24,275,1631,12064.42317,50,-8,1586,1616,360,1,38,220000,402.8,45,1,1,1200,4.49E-10,46.67640117,-0.58915263
424,,-1.609437912,0.2,0,7/23/2012 2:36,5,130,2800,7/23/2012 2:36,286,2003,15227.60988,65,-24.6,1901,1972,360,1,63,18377000,445.5,43,1,1,2800,2.56E-09,78.59866501,-1.670565208
425,,-1.609437912,0.2,0,7/27/2012 4:13,18,145,323,7/27/2012 3:44,299,182,947.129217,32,1.6,228,241,290,0,110,0,347,36,1,0,323,2.34E-35,79.4982011,-1.709022168
426,,-1.609437912,0.2,0,7/27/2012 17:48,-24,-67,423,7/27/2012 17:48,124,393,2347.707177,49,-17.1,223,0,120,0,110,0,343.5,35,1,0,423,3.30E-33,-129.153814,-4.510737609
427,,-1.609437912,0.2,0,7/28/2012 21:24,-20,-45,802,7/28/2012 21:12,134,420,2536.906979,60,-6.8,322,331,360,1,107,0,347.7,34,1,0,802,4.46E-14,-109.6009794,-3.248343612
428,,-1.609437912,0.2,0,7/31/2012 9:24,-24,65,380,7/31/2012 9:24,247,425,2572.137897,22,2.8,460,471,248,0,122,0,378.3,32,1,0,380,4.63E-34,24.37920863,-0.16072088
429,,-1.609437912,0.2,0,7/31/2012 11:25,34,-78,750,7/31/2012 11:24,51,567,3594.983725,50,-9.3,437,505,360,1,122,0,383.8,33,2,0,750,2.47E-16,-127.8311598,-4.41882245
430,,-1.609437912,0.2,0,8/2/2012 13:25,-32,106,540,8/2/2012 13:25,234,563,3565.636431,39,-0.9,551,557,259,0,143,0,441.5,28,1,0,540,2.83E-31,60.17116058,-0.979061267
431,,-1.609437912,0.2,0,8/2/2012 13:54,-28,135,800,8/2/2012 14:48,268,412,2480.66162,39,-0.9,551,557,259,0,143,0,446.5,29,2,0,800,3.85E-14,84.41323263,-1.926877729
432,,-1.609437912,0.2,0,8/4/2012 13:48,-18,-28,745,8/4/2012 13:36,110,856,5779.943442,45,8.9,953,898,360,1,152,0,393.2,23,1,0,745,1.22E-16,-86.47019724,-2.021929424
433,,-1.609437912,0.2,0,8/6/2012 19:09,10,20,445,8/6/2012 18:36,284,334,1940.921092,20,5.1,436,421,281,0,98,0,389.3,21,1,0,445,8.33E-33,-39.93978583,-0.431364655
434,,-1.609437912,0.2,0,8/7/2012 14:26,15,50,430,8/7/2012 13:36,286,266,1485.210018,22,9.8,509,484,285,0,122,0,387.5,21,1,0,445,4.45E-33,-17.5134482,-0.082942366
435,,-1.609437912,0.2,0,8/8/2012 5:39,6,35,580,8/8/2012 5:48,269,355,2084.601815,19,7,426,501,278,0,123,0,395.3,18,1,0,580,1.04E-30,-23.70792358,-0.15199179
436,,-1.609437912,0.2,0,8/10/2012 12:10,-12,155,700,8/10/2012 10:34,275,464,2848.906432,36,8.8,599,578,230,0,131,0,314.8,17,1,0,700,8.98E-21,82.36675809,-1.834581622
437,,-1.609437912,0.2,0,8/13/2012 9:46,-12,95,550,8/13/2012 9:36,257,627,4038.473481,25,-19.4,423,477,259,0,74,0,461,16,1,0,550,3.95E-31,46.51103335,-0.584985458
438,,-1.609437912,0.2,0,8/13/2012 13:39,40,-10,500,8/13/2012 13:25,359,435,2642.775524,30,-3.5,405,371,360,1,74,0,468.5,17,2,0,550,6.97E-32,-66.70533396,-1.203245424
439,,-1.609437912,0.2,0,8/14/2012 1:36,35,15,400,8/14/2012 1:25,278,634,4090.599037,25,16.3,709,804,360,1,33,0,475.3,18,1,0,550,1.19E-33,-46.74231263,-0.590817683
440,,-1.609437912,0.2,0,8/14/2012 3:24,2,1,500,8/14/2012 3:12,258,585,3727.392931,25,-8.3,513,494,249,0,33,0,475.2,19,2,0,550,6.97E-32,-47.26240974,-0.604038771
441,,-1.609437912,0.2,0,8/16/2012 0:48,-46,-115,751,8/16/2012 0:24,139,796,5316.960952,35,5.1,845,824,123,0,32,0,483.2,20,1,0,751,2.82E-16,-131.4722853,-4.674137858
442,,-1.609437912,0.2,0,8/16/2012 6:24,40,-22,350,8/16/2012 6:36,130,421,2543.948423,30,-5.9,395,238,132,0,32,0,499.5,21,2,0,751,1.02E-34,-73.23750044,-1.450441176
443,,-1.609437912,0.2,0,8/18/2012 1:30,50,20,544,8/18/2012 0:48,43,986,6797.145166,30,12.5,1099,1028,62,0,54,0,375.2,21,1,0,544,3.24E-31,-61.02064512,-1.006900793
444,,-1.609437912,0.2,0,8/19/2012 0:00,55,-77,600,8/18/2012 23:36,39,698,4570.656934,25,-11.6,578,624,20,0,72,0,382.8,21,1,0,600,1.92E-30,-114.7469588,-3.560536657
445,,-1.609437912,0.2,0,8/20/2012 13:16,61,-129,230,8/20/2012 13:16,27,267,1491.795392,20,1,293,287,30,0,80,0,549.2,22,1,0,230,4.24E-38,-118.586188,-3.802780957
446,,-1.609437912,0.2,0,8/20/2012 21:28,3,-150,960,8/20/2012 21:28,85,521,3259.245772,25,-2.4,491,495,360,1,80,0,499.2,23,2,0,960,2.52E-11,163.8154622,-7.256761942
447,,-1.609437912,0.2,0,8/20/2012 23:24,50,130,350,8/20/2012 23:12,334,327,1893.316976,20,2.9,389,381,332,0,80,0,489.8,24,2,0,960,1.02E-34,85.63988861,-1.983285701
448,,-1.609437912,0.2,0,8/21/2012 20:42,-7,-170,1100,8/21/2012 20:24,86,1024,7097.827129,15,-39.9,728,829,360,1,71,0,386.5,25,1,1,1100,2.00E-10,130.3349184,-4.593615723
449,,-1.609437912,0.2,0,8/22/2012 10:24,15,60,511,8/22/2012 10:00,268,449,2742.053277,27,4.6,523,504,298,0,69,0,382,25,1,0,1100,1.04E-31,15.00000024,-0.060843701
450,,-1.609437912,0.2,0,8/25/2012 17:54,0,-145,950,8/25/2012 16:36,64,636,4105.506286,38,-1.8,612,624,360,1,77,0,520.5,26,1,0,950,2.02E-11,170.9674187,-7.904234251
451,,-1.609437912,0.2,0,8/29/2012 9:24,-10,172,435,8/29/2012 11:48,182,113,534.1948235,27,-4.9,73,0,360,1,83,0,500.3,24,1,0,435,5.50E-33,125.5552937,-4.262880415
452,9/1/2012 1:39,4.102263127,60.477,1,8/31/2012 20:36,-15,-63,1498,8/31/2012 20:00,90,1442,10488.79987,75,2,1454,1446,360,1,150,3510000,310.7,23,1,1,1498,1.41E-09,-134.7271957,-4.908441658
453,,-1.609437912,0.2,0,9/7/2012 2:24,-6,170,315,9/7/2012 2:24,218,402,2410.57374,30,8.8,502,539,232,0,95,0,378,19,1,0,315,1.47E-35,109.2575379,-3.228017735
454,,-1.609437912,0.2,0,9/8/2012 10:42,-18,124,840,9/8/2012 10:00,242,734,4843.305627,62,-8.7,633,700,360,1,82,0,376.3,19,1,0,840,4.61E-13,64.50825794,-1.125288086
455,,-1.609437912,0.2,0,9/13/2012 7:42,35,5,415,9/13/2012 7:48,344,341,1988.671925,26,-2.2,306,293,321,0,58,0,353.8,15,1,0,415,2.33E-33,-65.65034315,-1.165486089
456,,-1.609437912,0.2,0,9/15/2012 8:12,-30,-110,560,9/15/2012 5:12,124,299,1704.432628,28,13.3,554,571,126,0,61,0,426.7,14,1,0,560,5.48E-31,-146.2291241,-5.782303063
457,,-1.609437912,0.2,0,9/16/2012 14:12,32,153,456,9/16/2012 14:00,38,234,1276.545141,28,-2.5,219,36,45,0,64,0,405.3,15,1,0,456,1.30E-32,95.46823456,-2.464625151
458,,-1.609437912,0.2,0,9/17/2012 2:00,33,81,312,9/17/2012 1:36,307,260,1445.777224,24,0.1,263,264,306,0,55,0,441.3,15,1,0,456,1.23E-35,42.85673105,-0.496673715
459,,-1.609437912,0.2,0,9/17/2012 13:25,34,-143,337,9/17/2012 12:12,51,297,1691.038445,25,1.7,343,325,45,0,55,0,404.7,16,1,0,456,5.11E-35,141.3380743,-5.401960859
460,,-1.609437912,0.2,0,9/17/2012 21:12,24,-68,480,9/17/2012 20:48,56,323,1866.1817,44,8.8,481,491,56,0,55,0,403.7,17,2,0,480,3.31E-32,-121.3999874,-3.985385866
461,,-1.609437912,0.2,0,9/18/2012 19:12,19,172,343,9/18/2012 18:48,355,207,1103.87279,54,2.9,261,306,356,0,64,0,392.3,17,1,0,480,7.06E-35,112.2225048,-3.405595074
462,,-1.609437912,0.2,0,9/19/2012 11:39,-16,160,1000,9/19/2012 11:36,151,616,3956.72013,17,-17.5,484,355,360,1,67,0,372.8,18,1,0,1000,5.39E-11,98.18966128,-2.607141585
463,,-1.609437912,0.2,0,9/19/2012 12:54,30,-160,500,9/19/2012 13:25,13,525,3288.284088,38,16.4,760,678,360,1,67,0,379,19,2,0,1000,6.97E-32,131.2087103,-4.655415269
464,,-1.609437912,0.2,0,9/20/2012 8:24,37,99,523,9/20/2012 8:12,309,485,2999.312212,37,0.5,492,490,312,0,81,0,521.2,17,1,0,1000,1.58E-31,62.75635966,-1.064997479
465,,-1.609437912,0.2,0,9/20/2012 15:24,-28,-138,2319,9/20/2012 15:12,131,1202,8524.274022,56,-54.9,805,1132,360,1,81,0,566.8,18,2,1,2319,2.59E-09,-151.9598675,-6.244402738
466,,-1.609437912,0.2,0,9/21/2012 6:12,12,150,1040,9/21/2012 5:48,252,686,4480.182053,28,-26.7,476,369,263,0,84,0,447.8,18,1,1,2319,9.89E-11,98.62456482,-2.630287936
467,,-1.609437912,0.2,0,9/21/2012 7:30,41,-150,790,9/21/2012 6:24,46,639,4127.878946,37,4.1,685,670,360,1,84,0,461,19,2,1,2319,1.74E-14,135.2729163,-4.948286067
468,,-1.609437912,0.2,0,9/22/2012 3:24,0,-101,982,9/22/2012 3:24,101,774,5148.31663,25,-21.4,526,710,89,0,58,0,471.8,19,1,0,1040,3.92E-11,-149.5776994,-6.050159045
469,,-1.609437912,0.2,0,9/23/2012 15:12,20,-96,1056,9/23/2012 14:48,84,939,6427.281735,58,9.2,1025,981,55,0,75,0,349,20,1,1,1056,1.22E-10,-153.1276042,-6.340741797
470,,-1.609437912,0.2,0,9/27/2012 10:24,-20,170,1592,9/27/2012 10:12,227,1319,9476.525852,64,-3.6,1295,1309,360,1,113,0,407,20,1,1,1592,1.68E-09,112.18065,-3.40305523
471,9/28/2012 1:14,3.324136336,27.775,1,9/28/2012 2:25,5,30,1160,9/28/2012 0:12,251,947,6490.074241,85,-27.1,716,817,360,1,85,9765000,370.8,21,1,1,1592,3.39E-10,-32.15928256,-0.279669945
472,,-1.609437912,0.2,0,9/28/2012 10:54,-10,170,950,9/28/2012 10:36,220,768,5102.430515,26,-15.7,651,638,360,1,85,0,347.3,21,2,1,1160,2.02E-11,103.7911236,-2.913087434
473,,-1.609437912,0.2,0,9/29/2012 9:24,15,40,484,9/29/2012 9:12,268,558,3528.992301,28,4.3,613,596,289,0,79,0,298.8,22,1,0,950,3.86E-32,-39.24732975,-0.416536748
474,,-1.609437912,0.2,0,10/1/2012 20:00,11,95,390,10/1/2012 18:48,300,333,1934.111449,30,0.5,336,347,288,0,78,0,342.3,22,1,0,390,7.46E-34,29.96056767,-0.242735429
475,,-1.609437912,0.2,0,10/5/2012 3:24,-28,10,650,10/5/2012 2:48,202,612,3927.040157,47,21.2,885,804,258,0,60,0,299.8,23,1,0,650,8.22E-30,-69.34032329,-1.300184
476,,-1.609437912,0.2,0,10/6/2012 14:24,-17,-121,430,10/6/2012 14:12,113,404,2424.571611,26,5.5,473,496,129,0,43,0,328.3,24,1,0,430,4.45E-33,159.9395886,-6.917434293
477,,-1.609437912,0.2,0,10/7/2012 9:09,-38,20,850,10/7/2012 7:36,207,663,4307.361818,35,20.2,943,814,202,0,40,0,329,24,1,0,850,7.54E-13,-59.33146315,-0.951926047
478,,-1.609437912,0.2,0,10/8/2012 8:48,-10,-54,516,10/8/2012 8:36,115,544,3426.62839,30,25,925,799,116,0,49,0,373.7,25,1,0,850,1.24E-31,-114.918513,-3.571191083
479,,-1.609437912,0.2,0,10/8/2012 23:24,-10,-88,630,10/9/2012 0:48,122,692,4525.393481,25,0.9,702,699,109,0,49,0,381.2,25,1,0,630,4.66E-30,-146.7498195,-5.823555847
480,,-1.609437912,0.2,0,10/14/2012 0:48,4,-120,480,10/14/2012 0:48,54,987,6805.039329,25,-12,893,960,360,1,95,0,534,25,1,0,480,3.31E-32,-162.4708814,-7.138125284
481,,-1.609437912,0.2,0,10/14/2012 22:24,28,75,255,10/14/2012 22:00,79,192,1009.439111,29,10.8,242,522,80,0,95,0,491.8,26,1,0,480,2.92E-37,39.04061491,-0.412160523
482,,-1.609437912,0.2,0,10/16/2012 5:09,24,153,504,10/16/2012 6:00,357,147,733.5935903,35,3,210,281,17,0,115,0,393.5,26,1,0,504,8.06E-32,94.34412353,-2.406926351
483,,-1.609437912,0.2,0,10/19/2012 0:00,-40,96,500,10/18/2012 23:24,68,460,2820.364185,35,24.2,514,867,77,0,95,0,512.3,22,1,0,500,6.97E-32,61.35680871,-1.018025412
484,,-1.609437912,0.2,0,10/19/2012 8:12,-47,60,700,10/19/2012 7:48,223,724,4767.388968,29,-15.9,555,614,214,0,95,0,453.7,23,2,0,700,8.98E-21,47.72606904,-0.615948531
485,,-1.609437912,0.2,0,10/19/2012 11:24,17,128,436,10/19/2012 9:48,283,290,1644.265468,38,6.1,430,417,286,0,95,0,450,24,2,0,700,5.73E-33,77.64314691,-1.63019423
486,,-1.609437912,0.2,0,10/21/2012 21:48,0,-92,380,10/21/2012 20:57,90,496,3078.46166,25,3.5,554,528,83,0,82,452000,359.5,19,1,0,380,4.63E-34,-155.7523187,-6.559974249
487,,-1.609437912,0.2,0,10/26/2012 10:00,-26,-80,700,10/26/2012 9:48,129,646,4180.136479,48,4.5,703,676,94,0,78,0,321.3,18,1,0,700,8.98E-21,-142.0562115,-5.456994921
488,,-1.609437912,0.2,0,10/27/2012 17:40,24,12,420,10/27/2012 16:48,350,317,1825.571862,36,9.1,508,483,360,1,67,0,339.5,18,1,0,420,2.90E-33,-58.84647574,-0.936427179
489,,-1.609437912,0.2,0,10/28/2012 9:54,-12,85,496,10/28/2012 8:48,258,487,3013.684628,45,-1.6,459,475,269,0,53,0,337.3,18,1,0,496,6.02E-32,20.74781425,-0.116406651
490,,-1.609437912,0.2,0,10/31/2012 10:12,20,130,310,10/31/2012 10:12,306,441,2685.26879,16,-40.4,244,0,295,0,50,0,287.3,17,1,0,310,1.10E-35,53.04598947,-0.760918604
491,,-1.609437912,0.2,0,10/31/2012 19:54,13,105,580,10/31/2012 18:24,296,347,2029.715699,40,5.8,458,444,285,0,50,0,356.5,18,1,0,580,1.04E-30,42.38947222,-0.485902476
492,,-1.609437912,0.2,0,11/3/2012 1:55,38,179,317,11/3/2012 4:48,275,280,1577.741089,30,7.2,380,460,267,0,44,0,296,18,1,0,317,1.65E-35,99.09442564,-2.655409733
493,,-1.609437912,0.2,0,11/3/2012 6:00,-42,-165,500,11/3/2012 5:12,199,390,2326.797228,35,2.6,435,428,196,0,44,0,303.2,19,2,0,500,6.97E-32,111.4028409,-3.356028383
494,,-1.609437912,0.2,0,11/7/2012 3:36,30,143,366,11/7/2012 2:00,294,269,1504.977361,30,0.3,278,276,288,0,61,0,409.8,17,1,0,366,2.33E-34,87.46526324,-2.068732362
495,,-1.609437912,0.2,0,11/8/2012 2:48,25,-86,680,11/8/2012 2:36,46,855,5772.191756,55,-15.2,695,800,360,1,65,0,456.7,16,1,0,680,4.08E-24,-130.8408337,-4.629346613
496,11/8/2012 19:54,0.599660337,1.8215,0,11/8/2012 11:09,-17,176,1285,11/8/2012 11:00,216,972,6686.733842,70,-15.9,833,917,360,1,65,0,413.3,17,2,1,1285,7.15E-10,119.0799101,-3.834511894
497,,-1.609437912,0.2,0,11/8/2012 16:48,29,177,530,11/8/2012 16:48,92,229,1244.322339,27,3.9,262,365,75,0,65,0,401.3,18,2,1,1285,2.01E-31,115.8382003,-3.628579947
498,,-1.609437912,0.2,0,11/8/2012 20:24,-10,132,752,11/8/2012 20:00,339,275,1544.612052,27,0.7,286,294,348,0,65,0,395,19,2,0,1285,3.22E-16,74.22713541,-1.489904714
499,,-1.609437912,0.2,0,11/9/2012 1:25,-40,-123,617,11/9/2012 0:48,132,771,5125.367736,23,11.6,889,841,155,0,65,0,378.7,20,3,0,1285,3.19E-30,139.8713456,-5.290425449
500,,-1.609437912,0.2,0,11/9/2012 15:24,-13,-11,570,11/9/2012 15:12,157,559,3536.317555,27,4,601,603,175,0,65,0,345.5,21,1,0,752,7.57E-31,-77.66539249,-1.631128499
501,,-1.609437912,0.2,0,11/10/2012 5:39,-20,-16,900,11/10/2012 5:12,184,762,5056.591275,20,-9.9,675,689,189,0,79,0,314.2,22,1,0,900,5.24E-12,-89.00755288,-2.142332199
502,,-1.609437912,0.2,0,11/10/2012 14:48,-15,128,400,11/10/2012 14:12,246,460,2820.364185,32,8.6,612,556,261,0,79,0,299.2,23,1,0,900,1.19E-33,52.9413715,-0.757920177
503,,-1.609437912,0.2,0,11/11/2012 4:09,-35,87,650,11/11/2012 4:48,82,200,1059.663473,31,10.3,222,531,76,0,108,0,290.8,24,1,0,900,8.22E-30,35.82537467,-0.347068002
504,,-1.609437912,0.2,0,11/13/2012 0:50,-25,-46,556,11/13/2012 0:54,138,611,3919.624242,25,3.9,633,641,134,0,121,0,428.8,24,1,0,556,4.81E-31,-98.55676602,-2.626672831
505,,-1.609437912,0.2,0,11/13/2012 6:12,-45,-70,834,11/13/2012 6:00,138,797,5324.641179,25,-11,703,724,119,0,121,0,426,25,2,0,834,3.36E-13,-113.1639936,-3.462977135
506,,-1.609437912,0.2,0,11/14/2012 3:12,-28,100,276,11/14/2012 3:36,160,653,4232.469865,28,-19.8,559,301,143,0,133,0,390.5,25,1,0,834,1.27E-36,48.45266919,-0.634846174
507,,-1.609437912,0.2,0,11/14/2012 4:36,-23,-25,642,11/14/2012 4:24,107,478,2949.07393,38,-10.6,383,260,113,0,133,0,392.2,26,2,0,834,6.56E-30,-83.9606754,-1.906272313
508,,-1.609437912,0.2,0,11/14/2012 14:12,17,-96,392,11/14/2012 12:48,76,322,1859.405598,39,-0.5,311,311,70,0,133,0,402.2,27,1,0,642,8.19E-34,-148.424661,-5.957241754
509,,-1.609437912,0.2,0,11/16/2012 1:25,-14,-96,643,11/16/2012 0:48,107,667,4337.360961,47,-7.7,569,620,360,1,142,0,409.3,27,1,0,643,6.75E-30,-148.9463328,-5.999191469
510,,-1.609437912,0.2,0,11/16/2012 7:24,-17,-110,707,11/16/2012 7:24,97,775,5155.968848,52,-1.8,760,762,360,1,142,0,422.8,28,2,0,707,6.71E-20,-156.9565114,-6.661802722
511,,-1.609437912,0.2,0,11/18/2012 21:24,-32,-124,496,11/18/2012 20:36,135,452,2763.384345,35,3.6,505,499,109,0,132,0,397.7,26,1,0,496,6.02E-32,147.9629729,-5.920238332
512,,-1.609437912,0.2,0,11/20/2012 12:09,5,90,725,11/20/2012 11:24,272,544,3426.62839,30,6.7,560,662,270,0,105,0,398.5,27,1,0,725,4.18E-18,32.82774701,-0.291417246
513,,-1.609437912,0.2,0,11/21/2012 4:24,10,169,730,11/21/2012 4:24,317,920,6278.423776,26,-16.2,834,801,360,1,106,0,427.3,27,1,0,730,1.07E-17,114.9513684,-3.573233394
514,,-1.609437912,0.2,0,11/21/2012 16:24,8,-12,850,11/21/2012 16:00,194,529,3317.35288,45,-9.4,420,410,360,1,106,0,393.7,28,1,0,850,7.54E-13,-70.4147364,-1.340788292
515,,-1.609437912,0.2,0,11/22/2012 10:00,-3,-43,500,11/22/2012 9:48,92,819,5493.920865,35,47.7,1062,1211,73,0,95,0,355.7,29,1,0,850,6.97E-32,-107.408739,-3.119696381
516,,-1.609437912,0.2,0,11/23/2012 9:54,-13,176,440,11/23/2012 8:12,249,340,1981.84151,30,5.5,413,453,240,0,78,0,318.7,30,1,0,500,6.78E-33,103.7179187,-2.908979628
517,,-1.609437912,0.2,0,11/23/2012 11:39,32,-112,342,11/23/2012 11:00,67,342,1995.505272,45,1.8,383,368,360,1,78,0,313,31,2,0,440,6.70E-35,147.621214,-5.892921258
518,,-1.609437912,0.2,0,11/23/2012 13:54,-22,-15,610,11/23/2012 13:48,136,519,3244.738115,42,-1.9,498,496,360,1,78,0,312,32,3,0,610,2.59E-30,-88.57049263,-2.121344555
519,,-1.609437912,0.2,0,11/23/2012 23:25,30,138,975,11/23/2012 23:24,319,1186,8394.913113,50,-13.7,1106,1134,360,1,78,0,396.3,33,1,0,975,3.42E-11,81.49547634,-1.79597422
520,,-1.609437912,0.2,0,11/26/2012 21:54,68,64,272,11/27/2012 0:24,207,103,477.3770858,30,-48.7,14,0,208,0,72,0,467.8,32,1,0,272,9.72E-37,68.78734682,-1.279529227
521,,-1.609437912,0.2,0,11/27/2012 2:48,43,-70,760,11/27/2012 2:36,42,844,5687.000705,56,2.6,871,854,360,1,77,0,444.7,33,2,0,760,8.77E-16,-112.4914148,-3.42193575
522,,-1.609437912,0.2,0,12/2/2012 10:40,23,170,470,12/2/2012 10:24,304,346,2022.867816,23,-2.2,322,290,328,0,47,0,334.8,31,1,0,470,2.26E-32,100.6154844,-2.737554273
523,,-1.609437912,0.2,0,12/2/2012 16:24,18,178,820,12/2/2012 16:36,7,678,4419.981861,31,-5.8,624,628,360,1,47,0,318.2,32,2,0,820,1.50E-13,105.1719974,-2.991116561
524,,-1.609437912,0.2,0,12/4/2012 7:24,3,-79,315,12/4/2012 7:12,113,340,1981.84151,25,-7.3,296,0,107,0,54,0,404.3,31,1,0,315,1.47E-35,-135.6076275,-4.972803848
525,,-1.609437912,0.2,0,12/5/2012 0:48,1,-65,507,12/5/2012 0:36,67,963,6615.861436,35,-17.9,806,909,66,0,60,0,376.5,32,1,0,507,8.98E-32,-125.8674174,-4.284101341
526,,-1.609437912,0.2,0,12/5/2012 13:25,12,24,336,12/5/2012 14:48,336,297,1691.038445,20,5.9,371,428,341,0,60,0,348.5,33,1,0,507,4.83E-35,-43.14810199,-0.503450164
527,,-1.609437912,0.2,0,12/6/2012 3:12,-20,66,470,12/6/2012 2:36,249,333,1934.111449,30,4,411,404,242,0,28,0,329.2,34,1,0,470,2.26E-32,-20.31178954,-0.111565385
528,,-1.609437912,0.2,0,12/7/2012 10:00,21,76,734,12/7/2012 9:48,297,894,6075.360963,55,-10.1,816,830,298,0,31,0,284.8,34,1,0,734,2.17E-17,-21.45019275,-0.124421517
529,,-1.609437912,0.2,0,12/10/2012 15:15,8,-152,450,12/10/2012 15:48,110,305,1744.695092,35,-6.5,186,122,48,0,43,0,307.8,27,1,0,450,1.02E-32,133.0118751,-4.784250657
530,12/14/2012 22:30,2.236787112,9.3632,0,12/14/2012 2:24,-5,95,900,12/14/2012 1:24,252,39,142.8789042,45,1.9,349,407,256,0,60,0,305.7,25,1,0,900,5.24E-12,20.6177418,-0.11495167
531,,-1.609437912,0.2,0,12/15/2012 1:48,-4,-132,700,12/15/2012 1:25,99,481,2970.592157,30,16.6,706,664,95,0,62,0,331,23,1,0,900,8.98E-21,158.4022205,-6.785090175
532,,-1.609437912,0.2,0,12/20/2012 15:09,12,-152,550,12/20/2012 13:25,44,307,1758.142259,64,1.5,331,343,95,0,56,0,492.3,20,1,0,550,3.95E-31,158.0182144,-6.752232583
533,,-1.609437912,0.2,0,12/20/2012 23:06,30,125,575,12/20/2012 22:24,301,444,2706.546106,17,-8,298,362,279,0,56,0,482.2,21,2,0,575,8.87E-31,79.17063942,-1.69496759
534,,-1.609437912,0.2,0,12/22/2012 4:24,40,-102,400,12/22/2012 3:12,51,267,1491.795392,23,5.3,394,389,55,0,78,0,397.5,20,1,0,400,1.19E-33,-135.9117064,-4.99513032
535,,-1.609437912,0.2,0,12/22/2012 9:48,-20,-95,410,12/22/2012 9:12,111,393,2347.707177,12,3.2,433,451,108,0,78,0,369.5,21,2,0,410,1.86E-33,-149.901464,-6.07637883
536,,-1.609437912,0.2,0,12/27/2012 22:09,15,153,418,12/27/2012 21:28,301,267,1491.795392,27,0.5,279,280,330,0,54,0,286.3,15,1,0,418,2.65E-33,73.54563338,-1.462671766
537,,-1.609437912,0.2,0,12/28/2012 0:25,20,-18,440,12/28/2012 2:15,108,95,432.6183047,20,-13.8,44,0,112,0,53,0,284.2,16,2,0,440,6.78E-33,-98.11885115,-2.603382626
538,,-1.609437912,0.2,0,1/4/2013 9:39,-8,30,360,1/4/2013 9:48,260,313,1798.561599,25,5.2,357,446,250,0,150,0,325,13,1,0,360,1.72E-34,-41.16800297,-0.458302993
539,,-1.609437912,0.2,0,1/4/2013 14:24,-13,80,375,1/4/2013 12:48,266,303,1731.26104,32,-3.7,242,197,260,0,150,0,327.5,13,2,0,375,3.64E-34,16.35963046,-0.072373583
540,,-1.609437912,0.2,0,1/6/2013 5:48,-10,135,520,1/6/2013 6:00,245,394,2354.682258,40,33.3,520,912,267,0,160,0,309,13,1,0,520,1.42E-31,61.31338272,-1.016584884
541,,-1.609437912,0.2,0,1/7/2013 11:24,-31,78,359,1/7/2013 11:48,230,313,1798.561599,39,0.5,322,322,238,0,145,0,357,13,1,0,359,1.63E-34,33.65184687,-0.306232233
542,,-1.609437912,0.2,0,1/10/2013 0:00,8,-82,244,1/10/2013 1:25,66,295,1677.65773,32,3.5,306,406,57,0,148,0,311.2,13,1,0,244,1.28E-37,-154.4429933,-6.450145534
543,,-1.609437912,0.2,0,1/11/2013 1:09,-6,-100,685,1/11/2013 0:24,109,510,3179.54947,30,4.2,580,550,65,0,163,0,311.8,14,1,0,685,3.93E-23,-171.1667422,-7.922675398
544,,-1.609437912,0.2,0,1/11/2013 23:55,6,-48,325,1/11/2013 23:24,198,337,1961.367948,22,24.1,466,772,196,0,163,0,373.8,15,1,0,685,2.62E-35,-109.2034636,-3.224823274
545,,-1.609437912,0.2,0,1/13/2013 7:24,3,12,447,1/13/2013 8:48,296,696,4555.563364,31,4.8,714,756,282,0,128,0,395.2,15,1,0,447,9.04E-33,-46.06911319,-0.573921901
546,,-1.609437912,0.2,0,1/15/2013 8:24,-20,10,450,1/15/2013 8:12,211,221,1192.993957,30,5.3,260,402,217,0,110,0,455.5,15,1,0,450,1.02E-32,-44.23344198,-0.529096103
547,1/17/2013 1:50,0.48205571,1.6194,0,1/16/2013 19:08,-27,80,723,1/16/2013 19:00,236,648,4195.081171,72,-4.9,586,616,211,0,90,168000,400.3,16,1,0,723,2.81E-18,34.743271,-0.326418302
548,,-1.609437912,0.2,0,1/22/2013 5:48,-22,-88,550,1/22/2013 3:48,117,525,3288.284088,40,14.5,773,667,120,0,55,0,324,13,1,0,550,3.95E-31,-149.7766201,-6.066261741
549,,-1.609437912,0.2,0,1/23/2013 4:00,-34,-79,510,1/23/2013 3:12,126,501,3114.519657,35,9.4,623,611,128,0,60,0,303.5,14,1,0,550,1.00E-31,-138.4497009,-5.183428791
550,,-1.609437912,0.2,0,1/23/2013 14:55,35,-8,600,1/23/2013 14:12,16,530,3324.624813,45,-0.4,524,526,351,0,60,0,292.3,15,1,0,600,1.92E-30,-87.05908123,-2.049562906
551,,-1.609437912,0.2,0,1/28/2013 23:48,-37,157,350,1/28/2013 21:49,209,170,873.0857343,27,3.3,286,286,216,0,61,0,384.3,14,1,0,350,1.02E-34,95.87351633,-2.485595223
552,,-1.609437912,0.2,0,1/30/2013 13:48,18,85,355,1/30/2013 13:25,294,370,2187.996112,25,5.7,460,469,296,0,53,0,329.5,15,1,0,355,1.33E-34,23.54904126,-0.149961424
553,,-1.609437912,0.2,0,1/31/2013 7:09,-25,-19,925,1/31/2013 6:36,145,682,4450.070227,25,4.8,736,717,150,0,49,0,314.3,16,1,0,925,1.09E-11,-91.74063681,-2.275917913
554,,-1.609437912,0.2,0,1/31/2013 17:12,34,-65,576,1/31/2013 16:48,61,689,4502.781236,32,11.6,822,771,67,0,49,0,318.2,17,1,0,925,9.15E-31,-127.3429875,-4.385136954
555,,-1.609437912,0.2,0,2/1/2013 22:12,-12,-50,625,2/1/2013 22:24,91,126,609.3715203,24,4.2,380,323,92,0,64,0,400,18,1,0,625,4.03E-30,-106.9078979,-3.090670262
556,,-1.609437912,0.2,0,2/2/2013 10:24,0,-100,320,2/2/2013 10:36,63,290,1644.265468,35,-56.5,0,0,65,0,72,0,461.8,19,1,0,625,1.97E-35,-149.6296201,-6.054359981
557,,-1.609437912,0.2,0,2/3/2013 8:24,30,-84,740,2/3/2013 8:12,51,859,5803.205504,18,-10.5,757,813,69,0,80,0,461.5,20,1,0,740,5.77E-17,-126.7200046,-4.342336279
558,,-1.609437912,0.2,0,2/6/2013 0:36,30,-35,1226,2/6/2013 0:24,31,1867,14062.40856,38,-8.2,1833,1851,4,0,43,0,324,18,1,1,1226,5.27E-10,-103.5853073,-2.901545672
559,,-1.609437912,0.2,0,2/6/2013 3:36,24,-62,582,2/6/2013 3:24,44,527,3302.814689,50,4.4,587,570,59,0,43,0,314.8,19,2,1,1226,1.10E-30,-130.0735135,-4.575207926
560,,-1.609437912,0.2,0,2/8/2013 23:12,-27,143,436,2/8/2013 23:12,261,575,3653.762773,26,14.6,653,753,243,0,59,0,443.8,19,1,0,436,5.73E-33,91.20948377,-2.249640327
561,,-1.609437912,0.2,0,2/9/2013 7:30,28,3,825,2/9/2013 6:36,352,617,3964.144188,32,-21.5,427,344,342,0,61,0,413.6,19,2,0,825,2.02E-13,-57.41411135,-0.891395398
562,,-1.609437912,0.2,0,2/13/2013 0:00,-23,58,500,2/13/2013 2:36,255,318,1832.33234,35,3.2,359,392,252,0,38,0,379.8,17,1,0,500,6.97E-32,-23.11275727,-0.144456341
563,,-1.609437912,0.2,0,2/14/2013 5:09,45,84,822,2/14/2013 4:36,312,851,5741.196721,17,-8.2,779,805,326,0,35,0,372.7,18,1,0,822,1.69E-13,49.21253488,-0.654914437
564,,-1.609437912,0.2,0,2/14/2013 23:12,17,113,797,2/14/2013 21:17,287,690,4510.317202,31,18.2,933,816,274,0,35,0,381.7,18,1,0,822,3.06E-14,54.82255297,-0.812739944
565,,-1.609437912,0.2,0,2/15/2013 17:48,20,-25,550,2/15/2013 17:12,50,323,1866.1817,38,1.7,372,345,33,0,45,0,340.2,19,1,0,797,3.95E-31,-92.22612597,-2.300069852
566,,-1.609437912,0.2,0,2/17/2013 2:24,-47,25,565,2/17/2013 1:48,208,265,1478.628404,30,7,463,420,213,0,72,0,348.7,19,1,0,565,6.45E-31,-58.87962631,-0.937482529
567,,-1.609437912,0.2,0,2/19/2013 6:09,37,-11,525,2/19/2013 4:24,353,353,2070.863224,45,13.5,584,585,4,0,114,0,336,20,1,0,525,1.70E-31,-81.40226777,-1.791868361
568,,-1.609437912,0.2,0,2/22/2013 5:36,22,-61,810,2/22/2013 5:36,62,732,4828.111336,25,16.7,909,844,51,0,67,0,383.5,19,1,0,810,7.85E-14,-118.3097458,-3.785071915
569,,-1.609437912,0.2,0,2/23/2013 6:30,-28,-70,450,2/23/2013 5:48,306,293,1664.290574,42,-5.7,277,0,305,0,50,0,355.2,19,1,0,450,1.02E-32,-128.2526983,-4.448013687
570,,-1.609437912,0.2,0,2/23/2013 22:12,-13,89,430,2/23/2013 23:12,86,648,4195.081171,36,48.6,760,1164,89,0,50,0,359.8,20,1,0,450,4.45E-33,28.24828764,-0.21578306
571,,-1.609437912,0.2,0,2/25/2013 6:09,27,95,730,2/25/2013 4:12,300,500,3107.304049,45,22.2,890,760,313,0,51,0,333.7,21,1,0,730,1.07E-17,36.99894894,-0.370179076
572,,-1.609437912,0.2,0,2/26/2013 10:09,10,125,900,2/26/2013 9:12,272,987,6805.039329,75,90.3,1703,1527,360,1,53,0,322.5,22,1,0,900,5.24E-12,54.56490634,-0.805118714
573,,-1.609437912,0.2,0,2/26/2013 14:06,28,56,450,2/26/2013 13:48,314,305,1744.695092,28,3.5,404,357,311,0,53,0,312,23,2,0,900,1.02E-32,-32.618801,-0.287719356
574,,-1.609437912,0.2,0,2/27/2013 6:18,-15,91,621,2/27/2013 5:12,162,467,2870.335763,40,2,483,503,159,0,58,0,321.7,24,1,0,900,3.59E-30,24.62314855,-0.163953338
575,,-1.609437912,0.2,0,2/28/2013 1:25,-21,-76,357,2/27/2013 23:36,108,301,1717.84019,25,6.7,467,430,108,0,70,0,323.7,24,1,0,621,1.47E-34,-141.371891,-5.404546124
576,,-1.609437912,0.2,0,3/5/2013 4:24,10,-135,1900,3/5/2013 3:48,137,1316,9451.975379,70,5.1,1349,1328,360,1,83,0,371,20,1,1,1900,2.29E-09,160.5433834,-6.969761484
577,,-1.609437912,0.2,0,3/6/2013 8:09,12,173,691,3/6/2013 8:36,23,321,1852.632601,30,-8.3,290,0,21,0,77,0,314.8,20,1,0,691,4.28E-22,99.97008447,-2.702546725
578,,-1.609437912,0.2,0,3/12/2013 10:54,47,-19,660,3/12/2013 10:36,25,1024,7097.827129,49,-4.1,988,1011,1,0,115,0,323,17,1,0,660,1.08E-29,-89.97035221,-2.188930307
579,3/16/2013 9:00,2.73993639,15.486,1,3/15/2013 6:54,-3,-2,1485,3/15/2013 7:12,112,1063,7407.887952,66,25.8,1247,1161,360,1,111,12093000,456.2,17,1,1,1485,1.37E-09,-52.29963709,-0.739657123
580,,-1.609437912,0.2,0,3/16/2013 14:39,30,57,873,3/16/2013 14:48,343,786,5240.228039,32,-5.3,734,761,323,0,110,0,429.2,17,1,0,873,2.02E-12,30.19533103,-0.246554358
581,,-1.609437912,0.2,0,3/17/2013 16:00,33,9,520,3/17/2013 15:36,338,412,2480.66162,35,9.2,617,528,325,0,119,0,613.2,17,1,0,520,1.42E-31,-42.44695884,-0.487221286
582,,-1.609437912,0.2,0,3/19/2013 10:55,-26,88,540,3/19/2013 8:24,246,385,2291.998684,22,6.1,497,467,247,0,66,0,460.8,16,1,0,540,2.83E-31,45.11265897,-0.550338561
583,,-1.609437912,0.2,0,3/21/2013 22:36,-5,78,633,3/21/2013 22:24,271,561,3550.973428,28,1.6,586,574,287,0,49,0,443,16,1,0,633,5.08E-30,26.70264695,-0.192815401
584,,-1.609437912,0.2,0,3/23/2013 12:39,-30,168,1200,3/23/2013 12:24,211,663,4307.361818,28,-7.8,567,625,229,0,49,0,357.5,17,1,1,1200,4.49E-10,102.0000123,-2.813413333
585,,-1.609437912,0.2,0,4/5/2013 7:54,1,-125,520,4/5/2013 6:36,76,588,3749.515445,55,4.9,659,627,95,0,114,0,268.7,9,1,0,520,1.42E-31,149.6893525,-6.059194768
586,,-1.609437912,0.2,0,4/6/2013 12:00,6,35,520,4/6/2013 11:48,284,363,2139.668229,25,-11.3,270,0,273,0,113,0,347.7,9,1,0,520,1.42E-31,-31.43607684,-0.267232809
587,,-1.609437912,0.2,0,4/8/2013 8:36,-30,110,650,4/8/2013 8:36,237,529,3317.35288,20,-3.3,496,487,234,0,122,0,343.2,10,1,0,650,8.22E-30,50.86865556,-0.699735024
588,4/11/2013 7:59,4.755054636,116.17,1,4/11/2013 7:36,0,-20,1000,4/11/2013 7:24,85,861,5818.719368,55,-8.1,792,819,360,1,126,4606000,419.8,11,1,0,1000,5.39E-11,-74.59494655,-1.504706882
589,,-1.609437912,0.2,0,4/18/2013 18:36,0,80,493,4/18/2013 18:24,285,495,3071.256092,56,-2.9,445,470,284,0,85,840000,291.8,7,1,0,493,5.39E-32,1.456619046,-0.000573753
590,,-1.609437912,0.2,0,4/20/2013 6:54,2,110,800,4/20/2013 6:00,273,741,4896.528463,39,17.3,952,851,283,0,90,0,301.2,8,1,0,800,3.85E-14,33.959731,-0.311861366
591,4/21/2013 9:35,1.084378129,2.9576,0,4/21/2013 7:54,10,90,880,4/21/2013 7:24,269,919,6270.599946,50,-4.2,880,899,360,1,93,0,275.3,8,1,0,880,2.64E-12,12.04521308,-0.039233953
592,,-1.609437912,0.2,0,4/21/2013 16:39,10,100,1000,4/21/2013 16:00,280,857,5787.696296,40,-5,809,833,273,0,93,0,286,9,2,0,1000,5.39E-11,22.14775241,-0.132645467
593,,-1.609437912,0.2,0,4/22/2013 16:48,-17,100,380,4/22/2013 16:24,247,383,2278.097401,34,1.9,415,413,251,0,89,0,263,9,1,0,380,4.63E-34,21.19843699,-0.121518045
594,,-1.609437912,0.2,0,4/23/2013 20:54,-8,80,400,4/23/2013 21:28,309,407,2445.586966,33,9.9,463,597,304,0,82,0,320.7,10,1,0,400,1.19E-33,11.67752036,-0.036875198
595,,-1.609437912,0.2,0,4/25/2013 1:30,-17,120,815,4/25/2013 0:36,240,826,5547.907283,35,-5.5,786,790,232,0,111,0,422.4,11,1,0,815,1.09E-13,66.86444748,-1.208992519
596,,-1.609437912,0.2,0,4/25/2013 9:24,-4,170,880,4/25/2013 8:48,26,743,4911.747161,33,0.3,746,744,70,0,111,0,444.2,12,2,0,880,2.64E-12,118.3285148,-3.786272959
597,,-1.609437912,0.2,0,4/28/2013 13:25,-40,-120,450,4/28/2013 13:25,140,400,2396.585819,35,-2.8,359,352,147,0,102,0,437.7,13,1,0,450,1.02E-32,-139.3979697,-5.254676572
598,,-1.609437912,0.2,0,4/30/2013 0:24,-6,135,435,4/30/2013 1:36,284,399,2389.595605,25,20.4,767,699,274,0,150,0,352.2,14,1,0,435,5.50E-33,70.04095174,-1.326591379
599,,-1.609437912,0.2,0,5/1/2013 3:12,12,-120,860,5/1/2013 3:12,42,762,5056.591275,36,-21.7,572,626,360,1,142,0,394,15,1,0,860,1.18E-12,-167.8632796,-7.619816287
600,,-1.609437912,0.2,0,5/2/2013 5:24,56,19,395,5/2/2013 5:24,343,671,4367.384091,28,1.1,682,681,344,0,104,0,462.8,16,1,0,395,9.42E-34,-61.2031167,-1.012931718
601,,-1.609437912,0.2,0,5/2/2013 14:36,-16,70,350,5/2/2013 14:12,235,396,2368.640028,22,-2.5,362,347,228,0,104,0,447,17,1,0,395,1.02E-34,24.44336299,-0.161567873
602,,-1.609437912,0.2,0,5/3/2013 18:00,7,-89,650,5/3/2013 18:00,42,858,5795.450317,40,-8,788,831,86,0,98,0,382,18,1,0,650,8.22E-30,-148.2937496,-5.946737741
603,,-1.609437912,0.2,0,5/3/2013 22:36,-18,-86,520,5/3/2013 22:12,113,471,2898.938162,22,2.3,511,490,106,0,98,0,371.3,19,2,0,650,1.42E-31,-143.5257945,-5.570485039
604,,-1.609437912,0.2,0,5/6/2013 14:36,-18,20,410,5/6/2013 14:12,237,374,2215.671668,19,4.3,415,466,234,0,108,0,504.3,18,1,0,410,1.86E-33,-30.81928789,-0.256849244
605,,-1.609437912,0.2,0,5/8/2013 12:39,-23,170,630,5/8/2013 12:36,53,188,984.451089,18,3.7,214,339,51,0,122,0,504.2,18,1,0,630,4.66E-30,121.4638817,-3.989582086
606,,-1.609437912,0.2,0,5/9/2013 19:29,-35,115,555,5/9/2013 18:24,232,848,5717.962779,50,65.3,1504,1282,211,0,116,0,462.8,19,1,0,555,4.66E-31,70.12385838,-1.329733779
607,,-1.609437912,0.2,0,5/10/2013 19:12,18,103,575,5/10/2013 19:12,287,617,3964.144188,35,24.8,769,855,297,0,125,0,419.8,20,1,0,575,8.87E-31,50.84883074,-0.699189721
608,,-1.609437912,0.2,0,5/11/2013 23:54,37,25,700,5/12/2013 0:00,328,549,3463.146044,34,15.9,738,715,319,0,134,0,374.3,20,1,0,700,8.98E-21,-49.89371256,-0.673169971
609,,-1.609437912,0.2,0,5/13/2013 2:54,20,-94,1200,5/13/2013 2:00,64,1270,9076.400668,30,15.9,1376,1325,360,1,153,560000,345.5,21,1,1,1200,4.49E-10,-152.2379522,-6.267278012
610,,-1.609437912,0.2,0,5/13/2013 8:54,-30,-124,570,5/13/2013 8:48,121,478,2949.07393,27,-10.3,345,345,108,0,153,0,346,22,2,1,1200,7.57E-31,148.4552438,-5.959696974
611,,-1.609437912,0.2,0,5/13/2013 16:18,10,-70,1900,5/13/2013 16:07,63,1850,13917.4407,40,-76.6,1495,1723,360,1,153,2747500,358.3,23,2,1,1900,2.29E-09,-133.1320735,-4.7929013
612,,-1.609437912,0.2,0,5/14/2013 1:30,22,-90,2200,5/14/2013 1:25,89,2625,20666.19496,35,-51,2505,2548,360,1,160,6682240,365.4,24,1,1,2200,2.54E-09,-145.4954971,-5.72442933
613,5/15/2013 5:55,3.748279797,42.448,1,5/15/2013 2:18,15,-70,1100,5/15/2013 1:25,68,296,1684.346398,40,-156.7,193,0,66,0,173,0,338.8,25,1,1,1100,2.00E-10,-135.5475856,-4.968401286
614,,-1.609437912,0.2,0,5/21/2013 2:36,-38,166,800,5/21/2013 2:24,148,562,3558.30404,53,-14.8,395,419,205,0,113,0,368.7,24,1,0,800,3.85E-14,100.8641281,-2.751101227
615,,-1.609437912,0.2,0,5/22/2013 9:12,25,78,650,5/22/2013 8:48,307,687,4487.713659,45,16.8,890,808,270,0,131,0,452.2,23,1,0,650,8.22E-30,36.36665208,-0.357634771
616,5/22/2013 13:25,7.416318345,1662.9,1,5/22/2013 13:24,10,80,1200,5/22/2013 13:25,287,1466,10687.56937,60,-13.2,1394,1438,360,1,131,38832500,449.3,24,2,1,1200,4.49E-10,30.52375553,-0.251946904
617,,-1.609437912,0.2,0,5/26/2013 19:24,21,167,879,5/26/2013 19:12,319,549,3463.146044,46,-19.9,387,126,293,0,96,0,598.5,21,1,0,879,2.54E-12,125.717598,-4.273908722
618,,-1.609437912,0.2,0,5/30/2013 13:39,14,-105,464,5/30/2013 13:36,68,493,3056.851023,27,6.3,596,555,93,0,73,0,382.3,20,1,0,464,1.79E-32,-159.5561654,-6.884307711
619,,-1.609437912,0.2,0,5/31/2013 6:39,12,-163,870,5/31/2013 6:36,51,491,3042.454067,28,2.9,520,530,65,0,50,0,337.2,20,1,0,870,1.80E-12,128.0236603,-4.432141046
620,,-1.609437912,0.2,0,6/2/2013 20:24,-10,-31,300,6/2/2013 20:00,100,222,1199.394379,30,1,230,266,93,0,77,0,705,18,1,0,300,5.98E-36,-63.94216717,-1.105624863
621,,-1.609437912,0.2,0,6/4/2013 23:36,-10,-100,600,6/4/2013 21:28,107,454,2777.616128,50,4,531,492,99,0,51,0,532.5,18,1,0,600,1.92E-30,-141.8985207,-5.444886475
622,,-1.609437912,0.2,0,6/5/2013 9:12,-43,17,610,6/5/2013 9:12,190,505,3143.402007,28,-1.4,482,495,180,0,79,0,500,19,1,0,610,2.59E-30,-50.15918505,-0.680352581
623,,-1.609437912,0.2,0,6/7/2013 23:54,-65,80,590,6/7/2013 23:12,209,770,5117.720696,33,-2.2,746,760,204,0,48,0,408.8,18,1,0,590,1.42E-30,67.27722458,-1.223965643
624,,-1.609437912,0.2,0,6/11/2013 3:48,-10,110,360,6/11/2013 2:48,285,656,4254.921478,27,3.3,685,687,260,0,16,0,374.3,16,1,0,360,1.72E-34,49.52696964,-0.663310092
625,,-1.609437912,0.2,0,6/11/2013 18:39,-38,150,920,6/11/2013 18:12,217,829,5571.062509,20,-18.2,635,750,199,0,16,0,406.8,17,1,0,920,9.50E-12,92.88367219,-2.332984467
626,,-1.609437912,0.2,0,6/13/2013 4:09,-25,171,1253,6/13/2013 4:24,177,763,5064.227878,43,-23.8,539,625,360,1,51,0,413.8,14,1,1,1253,6.11E-10,113.0661979,-3.456994348
627,,-1.609437912,0.2,0,6/13/2013 15:30,11,60,441,6/13/2013 16:12,186,654,4239.952208,25,-72.7,574,0,189,0,51,0,370,15,1,0,1253,7.06E-33,-11.16822507,-0.03372884
628,,-1.609437912,0.2,0,6/16/2013 1:36,-49,86,350,6/16/2013 1:25,217,356,2091.47534,18,4.6,411,446,211,0,104,0,327.2,15,1,0,350,1.02E-34,50.89167911,-0.700368578
629,,-1.609437912,0.2,0,6/16/2013 14:00,-39,-137,800,6/16/2013 14:48,128,1104,7735.39153,27,10.5,1178,1129,123,0,104,0,321.7,16,1,0,800,3.85E-14,133.2060369,-4.798228306
630,,-1.609437912,0.2,0,6/16/2013 20:48,0,161,765,6/16/2013 20:24,283,442,2692.358968,27,-16.5,345,0,270,0,104,0,326.3,17,2,0,800,1.56E-15,90.76108317,-2.227575505
631,,-1.609437912,0.2,0,6/18/2013 1:54,-35,-100,1000,6/18/2013 2:24,314,461,2827.496498,26,10.1,514,640,314,0,113,0,281.3,18,1,0,1000,5.39E-11,144.9728906,-5.683379938
632,,-1.609437912,0.2,0,6/18/2013 5:18,-29,-90,660,6/18/2013 3:24,120,594,3793.806316,47,17.1,851,733,127,0,113,0,283.2,19,2,0,1000,1.08E-29,-149.7323569,-6.062676774
633,,-1.609437912,0.2,0,6/19/2013 3:48,-33,97,500,6/19/2013 3:24,235,418,2522.831239,40,-1.3,394,402,237,0,123,0,288.2,20,1,0,660,6.97E-32,36.87351981,-0.367673462
634,,-1.609437912,0.2,0,6/20/2013 13:24,-42,-70,682,6/20/2013 12:12,125,742,4904.137138,26,14.4,900,825,124,0,129,0,365,20,1,0,682,1.04E-23,-120.3209962,-3.914857256
635,,-1.609437912,0.2,0,6/21/2013 3:24,-19,-57,1970,6/21/2013 3:12,107,1900,14344.25741,70,1.5,1907,1903,123,0,139,1200000,472.7,21,1,1,1970,2.37E-09,-104.6221614,-2.959923381
636,,-1.609437912,0.2,0,6/22/2013 14:06,-10,140,450,6/22/2013 12:00,243,357,2098.351674,50,-3.4,294,303,232,0,137,0,576.5,20,1,0,450,1.02E-32,100.0873707,-2.708891771
637,,-1.609437912,0.2,0,6/24/2013 3:54,-11,172,732,6/24/2013 4:00,235,709,4653.773568,64,-14,623,548,360,1,108,0,534.7,21,1,0,732,1.53E-17,128.2852903,-4.450274665
638,,-1.609437912,0.2,0,6/25/2013 11:54,-20,178,600,6/25/2013 11:12,173,349,2043.420101,40,-7.6,224,194,360,1,77,0,518.3,22,1,0,600,1.92E-30,130.5545075,-4.609107472
639,,-1.609437912,0.2,0,6/26/2013 9:39,-30,165,540,6/26/2013 8:00,185,239,1308.874789,32,0.4,247,253,186,0,60,0,443.3,22,1,0,600,2.83E-31,110.0317942,-3.273930699
640,,-1.609437912,0.2,0,6/27/2013 20:24,-42,44,751,6/27/2013 20:12,218,577,3668.474988,28,-11.1,438,478,217,0,61,0,427.3,23,1,0,751,2.82E-16,-42.89028286,-0.497451694
641,,-1.609437912,0.2,0,6/28/2013 1:54,-39,35,1200,6/28/2013 2:00,214,1037,7201.018435,41,-22.8,841,976,360,1,75,1264800,408.8,24,2,1,1200,4.49E-10,-43.51311658,-0.512004141
642,,-1.609437912,0.2,0,6/30/2013 2:24,8,1,440,6/30/2013 3:12,313,289,1637.597313,35,22.9,410,759,304,0,80,0,501.5,24,1,0,440,6.78E-33,-45.26150394,-0.553976133
643,,-1.609437912,0.2,0,7/1/2013 21:09,11,-85,915,7/1/2013 20:24,90,819,5493.920865,63,6.2,888,851,123,0,77,0,447.7,24,1,0,915,8.25E-12,-135.1059015,-4.936074799
644,,-1.609437912,0.2,0,7/3/2013 0:36,-10,-90,450,7/3/2013 0:36,109,592,3779.035928,40,0.2,594,595,126,0,109,0,374.5,24,1,0,450,1.02E-32,-149.6532788,-6.056274701
645,,-1.609437912,0.2,0,7/3/2013 7:54,-10,-80,700,7/3/2013 7:24,105,807,5401.5122,45,-26.1,696,469,137,0,109,0,366.8,25,2,0,700,8.98E-21,-141.3639839,-5.403941576
646,,-1.609437912,0.2,0,7/4/2013 21:42,-15,-120,600,7/4/2013 20:12,109,468,2877.483162,45,-7.1,358,391,111,0,121,243000,363,26,1,0,600,1.92E-30,164.6827317,-7.333802627
647,,-1.609437912,0.2,0,7/6/2013 19:39,-43,-124,379,7/6/2013 19:36,127,380,2257.265076,22,-4,330,296,147,0,124,0,321.8,25,1,0,379,4.42E-34,134.8859323,-4.9200148
648,,-1.609437912,0.2,0,7/9/2013 15:09,2,-10,600,7/9/2013 15:12,174,449,2742.053277,40,-7.7,382,290,360,1,110,0,334.8,25,1,0,600,1.92E-30,-78.46279988,-1.664794744
649,,-1.609437912,0.2,0,7/15/2013 5:24,-36,-10,391,7/15/2013 4:48,176,266,1485.210018,20,0.1,267,270,180,0,77,0,388,22,1,0,391,7.82E-34,-73.20132605,-1.44900869
650,,-1.609437912,0.2,0,7/15/2013 13:39,-32,-8,278,7/15/2013 12:48,184,209,1116.547859,20,-1,196,162,191,0,77,0,371.7,23,2,0,391,1.46E-36,-72.85591262,-1.435366145
651,,-1.609437912,0.2,0,7/16/2013 4:09,-15,-12,900,7/16/2013 2:24,319,354,2077.731107,20,7,543,451,324,0,77,0,367.5,23,1,0,900,5.24E-12,-74.9101915,-1.517451809
652,,-1.609437912,0.2,0,7/16/2013 4:24,49,70,380,7/16/2013 4:00,148,578,3675.833696,30,6.5,655,639,136,0,77,0,367.5,24,2,0,900,4.63E-34,49.44014692,-0.660986514
653,,-1.609437912,0.2,0,7/16/2013 19:12,-36,70,360,7/16/2013 16:36,232,352,2063.998174,30,1,371,369,229,0,77,0,348.2,24,1,0,900,1.72E-34,36.2091214,-0.354543124
654,,-1.609437912,0.2,0,7/17/2013 6:39,-20,-177,437,7/17/2013 9:36,188,169,866.9528828,37,5.8,292,378,173,0,73,0,340.2,24,1,0,437,5.98E-33,113.9842288,-3.513359767
655,,-1.609437912,0.2,0,7/18/2013 19:30,20,-85,425,7/18/2013 18:24,90,458,2806.106086,29,-17.3,345,0,102,0,95,0,514.4,23,1,0,425,3.60E-33,-126.756142,-4.344813289
656,,-1.609437912,0.2,0,7/18/2013 20:42,-10,-85,900,7/18/2013 20:24,101,939,6427.281735,15,1.2,946,945,102,0,95,0,511.8,24,2,0,900,5.24E-12,-129.0600952,-4.504193668
657,,-1.609437912,0.2,0,7/21/2013 8:50,18,-101,300,7/21/2013 8:21,78,291,1650.937071,30,-2.8,248,200,85,0,53,0,393.8,22,1,0,300,5.98E-36,-152.7564945,-6.310045055
658,,-1.609437912,0.2,0,7/22/2013 6:24,30,157,1000,7/22/2013 6:24,285,1004,6939.394289,70,-3.4,978,990,360,1,57,0,373.5,23,1,0,1000,5.39E-11,94.88009322,-2.434351566
659,,-1.609437912,0.2,0,7/25/2013 3:12,35,175,475,7/25/2013 2:24,341,331,1920.501182,40,8.7,554,475,336,0,85,0,322,22,1,0,475,2.74E-32,101.2865544,-2.774193106
660,,-1.609437912,0.2,0,7/26/2013 8:24,14,-176,850,7/26/2013 6:48,5,236,1289.464306,15,16.5,334,632,353,0,71,0,555.3,22,1,0,850,7.54E-13,140.5446806,-5.341483838
661,,-1.609437912,0.2,0,7/26/2013 19:24,-60,115,830,7/26/2013 18:36,228,712,4676.471473,52,-1.3,697,704,202,0,71,0,538.2,22,1,0,850,2.70E-13,81.31188858,-1.787891624
662,,-1.609437912,0.2,0,7/28/2013 11:24,16,-108,580,7/28/2013 10:48,66,202,1072.270075,35,7.9,486,436,75,0,73,0,466.2,21,1,0,580,1.04E-30,-152.362403,-6.277528895
663,,-1.609437912,0.2,0,7/28/2013 16:39,-26,179,541,7/28/2013 19:24,297,167,854.7049667,27,-18.2,132,0,296,0,73,0,442.3,22,2,0,580,2.93E-31,122.9010054,-4.084547625
664,,-1.609437912,0.2,0,7/29/2013 10:54,-33,-175,407,7/29/2013 10:36,158,226,1225.04091,38,-3.1,181,0,155,0,103,0,400.3,23,1,0,580,1.63E-33,120.8903713,-3.951996179
665,,-1.609437912,0.2,0,7/29/2013 13:09,41,-135,675,7/29/2013 13:25,47,542,3412.034173,26,-7.4,440,487,42,0,103,0,401,24,2,0,675,3.13E-25,137.5436263,-5.115805607
666,,-1.609437912,0.2,0,7/29/2013 15:39,-33,-174,419,7/29/2013 16:12,186,325,1879.743184,23,1.3,340,356,179,0,103,0,398.3,25,3,0,675,2.77E-33,121.439907,-3.988007302
667,,-1.609437912,0.2,0,7/30/2013 12:09,-22,-180,540,7/30/2013 12:00,146,338,1968.189513,23,2.3,358,396,149,0,89,0,369.2,25,1,0,675,2.83E-31,115.73318,-3.622003506
668,,-1.609437912,0.2,0,8/2/2013 14:24,-14,30,750,8/2/2013 13:25,235,511,3186.784861,18,-5.6,447,443,242,0,114,0,322,23,1,0,750,2.47E-16,-43.0865461,-0.502014725
669,,-1.609437912,0.2,0,8/6/2013 2:12,43,-23,500,8/6/2013 2:12,37,441,2685.26879,30,-9.6,326,286,48,0,71,30000,476,22,1,0,500,6.97E-32,-76.33141005,-1.575577112
670,,-1.609437912,0.2,0,8/6/2013 2:24,-17,53,550,8/6/2013 2:00,252,543,3419.330361,19,15.1,652,749,252,0,71,0,476,23,2,0,550,3.95E-31,17.65889458,-0.084325732
671,,-1.609437912,0.2,0,8/6/2013 3:24,-54,155,750,8/6/2013 2:48,188,632,4075.698097,48,25.5,948,852,188,0,71,0,471.8,24,3,0,750,2.47E-16,99.56553434,-2.680718126
672,,-1.609437912,0.2,0,8/6/2013 19:09,21,131,514,8/6/2013 16:24,317,309,1771.602455,49,4.5,408,393,284,0,71,0,443.3,25,1,0,750,1.15E-31,80.01750408,-1.73142265
673,,-1.609437912,0.2,0,8/7/2013 18:36,-21,14,644,8/7/2013 18:24,187,444,2706.546106,37,2.4,484,473,174,0,86,0,399.7,26,1,0,644,6.95E-30,-47.23579716,-0.603358716
674,,-1.609437912,0.2,0,8/8/2013 23:54,-45,6,349,8/8/2013 22:36,203,253,1399.947541,25,9,411,478,225,0,89,0,361.2,26,1,0,349,9.72E-35,-67.63999524,-1.237200907
675,,-1.609437912,0.2,0,8/10/2013 10:09,-28,84,530,8/10/2013 9:48,230,415,2501.735586,36,5.3,489,497,223,0,72,0,409.2,27,1,0,530,2.01E-31,38.77027938,-0.406472299
676,,-1.609437912,0.2,0,8/14/2013 22:00,-30,89,300,8/14/2013 21:12,242,319,1839.095962,34,4.2,425,386,245,0,108,0,472.5,26,1,0,300,5.98E-36,48.80779024,-0.644186151
677,,-1.609437912,0.2,0,8/15/2013 18:24,17,-100,300,8/15/2013 18:12,78,380,2257.265076,36,9.5,523,536,80,0,124,0,581.2,25,1,0,300,5.98E-36,-136.5906387,-5.045160247
678,,-1.609437912,0.2,0,8/16/2013 11:39,-23,-172,1000,8/16/2013 11:48,126,478,2949.07393,45,-10.4,357,327,360,1,96,0,746.8,24,1,0,1000,5.39E-11,148.1318753,-5.933762165
679,,-1.609437912,0.2,0,8/16/2013 16:24,-27,133,694,8/16/2013 15:48,234,555,3507.027303,29,-9,452,447,232,0,96,0,710.2,25,2,0,1000,1.26E-21,99.547851,-2.679765992
680,,-1.609437912,0.2,0,8/17/2013 1:48,51,-71,425,8/17/2013 1:25,38,369,2181.083962,23,5.1,478,440,42,0,100,0,747.8,26,1,0,1000,3.60E-33,-97.29998609,-2.560110139
681,,-1.609437912,0.2,0,8/17/2013 19:24,-15,73,1081,8/17/2013 19:12,274,1202,8524.274022,41,1.7,1214,1208,360,1,100,660000,603.5,27,1,1,1081,1.64E-10,37.71952734,-0.384738438
682,,-1.609437912,0.2,0,8/19/2013 23:12,17,180,1200,8/19/2013 23:12,282,877,5942.996632,45,4,912,900,360,1,134,0,440.3,26,1,1,1200,4.49E-10,126.0196014,-4.294467259
683,8/21/2013 3:35,0.317216603,1.3733,0,8/20/2013 8:24,-37,19,917,8/20/2013 8:12,210,784,5224.896672,51,0.6,791,787,360,1,129,0,400.2,27,1,0,1200,8.74E-12,-51.1693923,-0.708033182
684,,-1.609437912,0.2,0,8/21/2013 5:09,10,-2,610,8/21/2013 5:12,17,385,2291.998684,40,-3.4,338,321,53,0,146,0,443.2,27,1,0,917,2.59E-30,-54.34898769,-0.798759455
685,,-1.609437912,0.2,0,8/22/2013 9:24,-48,126,460,8/22/2013 8:24,223,587,3742.139569,26,-12,471,435,209,0,139,0,523.2,27,1,0,460,1.53E-32,84.78614874,-1.943940243
686,,-1.609437912,0.2,0,8/23/2013 0:48,-30,61,670,8/23/2013 0:48,236,714,4691.610435,14,-8.8,604,671,242,0,138,0,538.5,28,1,0,670,1.66E-26,34.75841358,-0.326702897
687,,-1.609437912,0.2,0,8/27/2013 1:25,50,-78,460,8/27/2013 0:24,44,435,2642.775524,25,6.8,584,503,30,0,56,0,337.8,26,1,0,460,1.53E-32,-122.1364816,-4.033888623
688,,-1.609437912,0.2,0,8/27/2013 17:06,-2,90,500,8/27/2013 16:24,263,613,3934.457706,25,-8.8,512,546,265,0,56,0,404.7,25,1,0,500,6.97E-32,33.42098966,-0.302045038
689,,-1.609437912,0.2,0,8/28/2013 5:36,-30,-175,520,8/28/2013 5:24,175,397,2375.622703,40,1.6,428,417,180,0,50,0,468.5,26,1,0,520,1.42E-31,128.5946991,-4.471767613
690,,-1.609437912,0.2,0,8/28/2013 11:24,65,83,245,8/28/2013 8:00,339,145,721.6263927,15,13.9,494,601,266,0,50,0,447.8,26,2,0,520,1.39E-37,68.95462194,-1.28575984
691,,-1.609437912,0.2,0,8/28/2013 13:42,-3,80,430,8/28/2013 11:12,266,339,1975.014036,9,13.9,494,601,266,0,50,0,441.3,26,3,0,520,4.45E-33,28.21182473,-0.215226353
692,,-1.609437912,0.2,0,8/28/2013 15:36,-28,-135,622,8/28/2013 15:24,140,542,3412.034173,34,-1.7,513,531,117,0,50,0,439.7,27,3,0,622,3.70E-30,151.1791308,-6.18040281
693,,-1.609437912,0.2,0,8/28/2013 16:00,-22,172,860,8/28/2013 15:48,188,580,3690.5563,32,-6.6,498,521,215,0,50,0,439.7,27,4,0,860,1.18E-12,117.5066731,-3.733861069
694,,-1.609437912,0.2,0,8/29/2013 6:00,-45,12,705,8/29/2013 5:36,195,658,4269.896845,36,11,804,737,191,0,53,0,381.2,28,1,0,860,3.88E-20,-61.83476685,-1.033947645
695,,-1.609437912,0.2,0,8/29/2013 19:54,-20,-155,550,8/29/2013 21:38,81,501,3114.519657,18,49.3,776,1113,83,0,53,0,352.3,28,1,0,705,3.95E-31,135.9937236,-5.001160858
696,,-1.609437912,0.2,0,8/30/2013 2:48,19,-49,878,8/30/2013 2:48,55,949,6505.78295,52,-17.1,805,884,360,1,71,21287700,343.2,29,2,0,878,2.45E-12,-114.281787,-3.531727108
697,,-1.609437912,0.2,0,8/30/2013 18:48,11,127,494,8/30/2013 18:24,288,446,2720.742253,17,6.9,546,539,292,0,71,0,402.8,30,1,0,878,5.60E-32,70.4814905,-1.343331667
698,,-1.609437912,0.2,0,8/31/2013 20:24,-21,-156,590,8/31/2013 21:24,103,370,2187.996112,36,5.1,434,465,133,0,74,0,436.5,31,1,0,590,1.42E-30,145.1246756,-5.695287035
699,,-1.609437912,0.2,0,9/2/2013 4:24,-31,-32,340,9/2/2013 3:48,143,304,1737.976421,23,2.6,374,345,145,0,90,0,479.5,31,1,0,340,6.01E-35,-81.2672219,-1.785927895
700,,-1.609437912,0.2,0,9/2/2013 19:54,35,29,672,9/2/2013 17:00,334,412,2480.66162,17,4,467,477,314,0,90,0,368.2,32,1,0,672,5.65E-26,-46.75831611,-0.591222316
701,,-1.609437912,0.2,0,9/4/2013 6:24,-28,-64,400,9/4/2013 5:48,115,293,1664.290574,20,7.7,501,442,131,0,78,0,456.7,33,1,0,400,1.19E-33,-111.2054566,-3.344146453
702,,-1.609437912,0.2,0,9/4/2013 13:09,17,-148,850,9/4/2013 13:25,57,534,3353.731378,21,-7.9,445,446,360,1,78,0,457.3,34,2,0,850,7.54E-13,155.3523184,-6.526323102
703,,-1.609437912,0.2,0,9/4/2013 23:12,-31,-62,514,9/4/2013 23:12,126,450,2749.161412,23,-2.6,416,417,123,0,78,0,436,35,1,0,850,1.15E-31,-110.8771517,-3.324430173
704,,-1.609437912,0.2,0,9/6/2013 20:48,15,-125,750,9/6/2013 20:48,80,734,4843.305627,26,-18.4,553,619,90,0,49,15000,379.3,31,1,0,750,2.47E-16,164.0705324,-7.279377936
705,,-1.609437912,0.2,0,9/7/2013 4:36,14,-85,430,9/7/2013 4:36,77,447,2727.843692,17,-19.8,234,0,52,0,37,0,347.5,32,2,0,750,4.45E-33,-148.0229714,-5.92504058
706,,-1.609437912,0.2,0,9/8/2013 18:36,8,-146,326,9/8/2013 18:24,73,249,1373.845771,22,-1.8,233,159,71,0,25,0,372.8,32,1,0,326,2.77E-35,151.4685261,-6.204087179
707,,-1.609437912,0.2,0,9/10/2013 13:25,-51,-27,600,9/10/2013 13:25,172,847,5710.220488,42,-10.6,753,799,177,0,18,0,350.3,32,1,0,600,1.92E-30,-91.52687003,-2.265323942
708,,-1.609437912,0.2,0,9/11/2013 9:24,-60,-114,597,9/11/2013 8:48,149,586,3734.765397,32,10.4,744,668,150,0,60,0,380,33,1,0,600,1.75E-30,-119.8373201,-3.883445994
709,,-1.609437912,0.2,0,9/12/2013 21:17,-19,-85,580,9/12/2013 21:27,103,414,2494.708513,20,11,639,550,121,0,52,0,460.5,34,1,0,580,1.04E-30,-131.7506506,-4.693951848
710,,-1.609437912,0.2,0,9/12/2013 23:12,45,-75,300,9/12/2013 23:12,48,328,1900.108464,27,4.9,461,387,44,0,52,0,478.7,35,2,0,580,5.98E-36,-112.5723124,-3.426859256
711,,-1.609437912,0.2,0,9/14/2013 6:39,-48,-70,370,9/14/2013 3:48,137,253,1399.947541,31,2.5,299,327,128,0,25,0,536.3,35,1,0,370,2.84E-34,-104.9871353,-2.980610758
712,,-1.609437912,0.2,0,9/14/2013 12:24,6,-112,543,9/14/2013 11:48,84,393,2347.707177,31,-5.3,316,297,84,0,25,0,499.7,36,2,0,543,3.13E-31,-157.1061442,-6.674510698
713,,-1.609437912,0.2,0,9/15/2013 1:36,-10,-64,265,9/15/2013 1:25,104,282,1591.017794,14,0.5,291,296,114,0,13,0,431.2,36,1,0,543,5.99E-37,-116.7060358,-3.683152731
714,,-1.609437912,0.2,0,9/15/2013 5:24,-23,-60,469,9/15/2013 6:48,260,263,1465.47651,15,-3.6,251,0,264,0,13,0,421.3,37,2,0,543,2.17E-32,-112.3505888,-3.413373393
715,,-1.609437912,0.2,0,9/17/2013 14:54,18,79,387,9/17/2013 14:48,287,343,2002.341543,25,8.6,545,482,308,0,52,0,367.2,34,1,0,387,6.48E-34,24.28761177,-0.159515437
716,,-1.609437912,0.2,0,9/18/2013 13:36,-38,-102,475,9/18/2013 13:25,129,315,1812.060381,16,-16.3,95,0,129,0,63,0,489.7,35,1,0,475,2.74E-32,-132.3804798,-4.738937651
717,,-1.609437912,0.2,0,9/19/2013 3:48,-3,-38,329,9/19/2013 3:36,124,362,2132.775205,34,-8.4,326,0,115,0,63,0,515.2,35,1,0,475,3.28E-35,-82.49591383,-1.840339589
718,,-1.609437912,0.2,0,9/21/2013 2:48,42,-67,371,9/21/2013 2:48,49,387,2305.910356,40,13,673,575,50,0,77,0,417.3,34,1,0,371,2.99E-34,-113.1380977,-3.461392414
719,,-1.609437912,0.2,0,9/21/2013 5:48,35,-74,571,9/21/2013 6:24,215,333,1934.111449,33,-12.9,257,0,227,0,77,0,423.3,35,2,0,571,7.81E-31,-120.3934965,-3.919576525
720,,-1.609437912,0.2,0,9/22/2013 5:24,-28,63,530,9/22/2013 5:00,235,468,2877.483162,33,-3,418,435,226,0,79,0,393.3,34,1,0,571,2.01E-31,28.36427085,-0.217558643
721,,-1.609437912,0.2,0,9/23/2013 10:54,-27,55,371,9/23/2013 10:00,242,287,1624.271396,25,0.8,300,308,230,0,72,0,353,35,1,0,371,2.99E-34,-28.63760344,-0.221771858
722,,-1.609437912,0.2,0,9/23/2013 20:54,-55,113,667,9/23/2013 20:24,213,629,4053.35856,25,-16.4,432,507,218,0,72,0,345,36,1,0,667,2.32E-27,66.77591884,-1.205793222
723,,-1.609437912,0.2,0,9/24/2013 21:09,44,-75,900,9/24/2013 20:36,43,919,6270.599946,32,-0.4,914,917,360,1,65,0,435,37,1,0,900,5.24E-12,-116.0891551,-3.644319071
724,9/30/2013 0:04,5.358377123,212.38,1,9/29/2013 22:40,26,38,1100,9/29/2013 22:12,343,1179,8338.385421,70,-5.3,1142,1164,360,1,43,19334780,269.7,27,1,1,1100,2.00E-10,-52.17790241,-0.73621782
725,,-1.609437912,0.2,0,10/2/2013 21:09,35,102,530,10/2/2013 20:36,288,619,3978.997164,45,2.7,658,636,309,0,60,115200,559,25,1,0,530,2.01E-31,66.60100051,-1.199484389
726,,-1.609437912,0.2,0,10/3/2013 0:12,3,-62,700,10/3/2013 0:00,98,735,4850.904817,34,0.5,741,738,112,0,68,0,524.8,26,2,0,700,8.98E-21,-105.6497674,-3.018354072
727,,-1.609437912,0.2,0,10/3/2013 4:12,18,78,400,10/3/2013 4:36,293,405,2431.574262,23,-3.7,323,374,291,0,68,0,504.2,27,3,0,700,1.19E-33,36.7052347,-0.364325109
728,,-1.609437912,0.2,0,10/4/2013 10:54,-22,-136,335,10/4/2013 10:12,130,99,454.9168652,28,0.2,101,122,127,0,79,0,378.2,27,1,0,335,4.58E-35,152.6904468,-6.304589651
729,,-1.609437912,0.2,0,10/4/2013 19:18,-18,-125,330,10/4/2013 19:07,136,392,2340.734641,50,-2,370,351,131,0,79,0,360.3,27,2,0,335,3.47E-35,160.1081379,-6.932021586
730,,-1.609437912,0.2,0,10/5/2013 7:09,-26,-139,1000,10/5/2013 7:09,110,964,6623.732008,60,1.9,980,970,360,1,57,7362800,340.3,27,1,0,1000,5.39E-11,143.650245,-5.580149507
731,,-1.609437912,0.2,0,10/6/2013 14:39,-15,6,790,10/6/2013 14:43,10,567,3594.983725,25,21.5,710,822,360,1,47,0,306.7,28,1,0,790,1.74E-14,-69.48576989,-1.305644191
732,,-1.609437912,0.2,0,10/8/2013 8:24,26,-100,530,10/8/2013 8:00,59,524,3281.021643,27,12.3,710,649,70,0,96,0,291.5,27,1,0,530,2.01E-31,-153.9661559,-6.410377814
733,,-1.609437912,0.2,0,10/8/2013 22:54,30,-30,400,10/8/2013 22:00,40,398,2382.607898,22,7.4,533,502,55,0,96,0,581.7,27,1,0,530,1.19E-33,-72.2596236,-1.411966793
734,,-1.609437912,0.2,0,10/9/2013 3:30,-25,-85,300,10/9/2013 2:12,123,407,2445.586966,22,-0.4,404,398,128,0,106,0,616,28,2,0,530,5.98E-36,-118.8835876,-3.82187869
735,,-1.609437912,0.2,0,10/9/2013 17:24,-30,-105,400,10/9/2013 14:36,115,249,1373.845771,32,1.6,288,285,122,0,106,0,507.5,29,1,0,400,1.19E-33,-138.69531,-5.201835858
736,,-1.609437912,0.2,0,10/9/2013 22:00,-77,-57,490,10/9/2013 21:24,174,421,2543.948423,15,-6.8,334,293,169,0,106,0,477,30,2,0,490,4.83E-32,-93.34821531,-2.356378935
737,,-1.609437912,0.2,0,10/11/2013 2:24,44,-35,300,10/11/2013 1:36,30,269,1504.977361,25,9.1,408,489,21,0,122,0,414.7,30,1,0,300,5.98E-36,-90.1916014,-2.199709293
738,,-1.609437912,0.2,0,10/11/2013 7:24,-1,-106,780,10/11/2013 7:24,92,1200,8508.092203,42,-5.5,1163,1182,360,1,122,3614000,403.5,31,2,0,780,7.21E-15,-162.7722241,-7.164628704
739,,-1.609437912,0.2,0,10/11/2013 13:39,-36,-33,470,10/11/2013 12:48,140,530,3324.624813,24,-7.4,461,440,142,0,122,0,387.3,31,2,0,780,2.26E-32,-91.76047053,-2.276902096
740,,-1.609437912,0.2,0,10/12/2013 17:40,-9,75,521,10/12/2013 18:00,183,208,1110.207921,26,5.2,294,372,186,0,112,0,384.5,32,1,0,521,1.48E-31,17.77576226,-0.085445572
741,,-1.609437912,0.2,0,10/13/2013 1:25,-46,-12,564,10/13/2013 1:25,157,478,2949.07393,55,-4.1,436,418,146,0,132,0,374.5,31,2,0,564,6.24E-31,-78.41672092,-1.662839946
742,,-1.609437912,0.2,0,10/13/2013 15:36,-29,37,389,10/13/2013 14:12,221,293,1664.290574,28,8,487,448,220,0,132,942000,339.2,32,1,0,564,7.12E-34,-41.1427298,-0.457740458
743,,-1.609437912,0.2,0,10/14/2013 22:00,15,-95,544,10/14/2013 21:48,61,356,2091.47534,35,-1.2,336,335,77,0,128,0,484,31,1,0,544,3.24E-31,-139.8902329,-5.291854317
744,,-1.609437912,0.2,0,10/16/2013 16:00,-8,34,375,10/16/2013 15:48,212,514,3208.502758,38,-76.6,324,0,205,0,119,0,471.2,30,1,0,375,3.64E-34,-16.640792,-0.074882628
745,,-1.609437912,0.2,0,10/17/2013 4:39,-11,-95,855,10/17/2013 4:36,96,564,3572.970598,49,-28.4,301,0,72,0,146,0,448.5,31,1,0,855,9.49E-13,-144.5651785,-5.651457771
746,,-1.609437912,0.2,0,10/18/2013 6:54,41,-55,433,10/18/2013 5:12,30,422,2550.992243,38,6.8,563,498,53,0,155,0,369.5,31,1,0,433,5.05E-33,-110.056539,-3.275403399
747,,-1.609437912,0.2,0,10/19/2013 20:00,39,109,233,10/19/2013 21:25,20,249,1373.845771,21,5.7,371,387,12,0,130,0,315,30,1,0,233,5.41E-38,51.18600709,-0.708493056
748,,-1.609437912,0.2,0,10/20/2013 8:09,-51,107,262,10/20/2013 7:48,117,237,1295.930253,15,-10.8,189,0,116,0,114,0,303,31,1,0,262,4.84E-37,57.49410206,-0.893880955
749,,-1.609437912,0.2,0,10/20/2013 9:09,0,40,615,10/20/2013 9:12,277,398,2382.607898,30,-30.9,245,0,274,0,114,0,303,32,2,0,615,3.01E-30,-35.64012727,-0.343488013
750,,-1.609437912,0.2,0,10/21/2013 0:48,-69,63,458,10/21/2013 0:48,317,323,1866.1817,45,31.2,445,886,315,0,128,0,303.3,33,1,0,615,1.41E-32,-69.52586181,-1.307151287
751,,-1.609437912,0.2,0,10/22/2013 4:36,49,-6,782,10/22/2013 4:24,10,592,3779.035928,48,12.2,738,697,34,0,118,0,320.3,32,1,0,782,8.67E-15,-81.87194268,-1.812605462
752,,-1.609437912,0.2,0,10/22/2013 13:09,6,-100,330,10/22/2013 12:12,84,314,1805.309398,25,-0.8,298,297,86,0,118,0,328,32,2,0,782,3.47E-35,-168.2466012,-7.654656255
753,,-1.609437912,0.2,0,10/22/2013 22:00,-20,10,650,10/22/2013 21:48,190,459,2813.234046,55,-10.1,337,282,360,1,118,0,345.7,33,2,0,782,8.22E-30,-58.57239796,-0.927724663
754,,-1.609437912,0.2,0,10/23/2013 12:12,69,-91,340,10/23/2013 11:36,22,340,1981.84151,30,4.2,444,404,22,0,124,0,331.7,33,1,0,650,6.01E-35,-109.6917338,-3.25372538
755,,-1.609437912,0.2,0,10/24/2013 1:48,-9,-8,1000,10/24/2013 1:25,217,399,2389.595605,40,-17,303,0,360,1,144,0,338.5,33,1,0,1000,5.39E-11,-75.88704797,-1.557286114
756,,-1.609437912,0.2,0,10/25/2013 4:25,1,-79,365,10/25/2013 4:24,9,412,2480.66162,25,3.4,477,453,357,0,138,0,327.8,33,1,0,365,2.21E-34,-148.9030334,-5.995703987
757,,-1.609437912,0.2,0,10/25/2013 8:24,-2,-67,477,10/25/2013 8:12,109,587,3742.139569,47,-13.7,438,446,360,1,138,0,321.7,34,2,0,477,2.96E-32,-138.2041843,-5.165061264
758,,-1.609437912,0.2,0,10/25/2013 15:12,15,-63,980,10/25/2013 15:12,68,1081,7551.478805,40,-25.2,881,1015,360,1,138,7015200,309,35,2,0,980,3.77E-11,-135.1049478,-4.936005118
759,,-1.609437912,0.2,0,10/26/2013 3:12,2,62,330,10/26/2013 3:12,267,473,2913.252119,31,1.3,482,497,271,0,132,814200,291.7,36,1,0,980,3.47E-35,-16.68720825,-0.075300952
760,,-1.609437912,0.2,0,10/26/2013 7:00,6,65,636,10/26/2013 9:12,271,480,2963.41733,36,20.3,580,786,272,0,132,0,294.2,37,2,0,980,5.54E-30,-14.20799876,-0.054588218
761,,-1.609437912,0.2,0,10/26/2013 11:40,7,-70,950,10/26/2013 11:24,75,796,5316.960952,34,-14.4,639,745,360,1,132,0,292.8,38,3,0,980,2.02E-11,-147.590903,-5.89050153
762,,-1.609437912,0.2,0,10/26/2013 20:09,7,-70,820,10/26/2013 19:12,82,822,5517.050605,46,2,841,833,74,0,132,0,292.8,39,2,0,950,1.50E-13,-147.590903,-5.89050153
763,,-1.609437912,0.2,0,10/27/2013 3:48,12,67,562,10/27/2013 3:48,275,416,2508.765068,33,-5.1,357,321,286,0,148,0,293,40,2,0,950,5.85E-31,-16.37300342,-0.072491953
764,,-1.609437912,0.2,0,10/27/2013 10:12,5,75,531,10/27/2013 10:00,273,492,3049.651529,40,-9.1,422,299,289,0,148,0,277.7,41,2,0,950,2.08E-31,-9.032007112,-0.022059803
765,,-1.609437912,0.2,0,10/27/2013 12:24,2,60,656,10/27/2013 12:12,272,525,3288.284088,38,1.8,548,545,275,0,148,0,277.2,42,3,0,820,9.71E-30,-22.76359993,-0.140124792
766,,-1.609437912,0.2,0,10/27/2013 18:12,18,66,900,10/27/2013 18:12,292,795,5309.281981,52,-18,602,744,308,0,148,295200,277.7,43,3,0,900,5.24E-12,-24.25254783,-0.159055186
767,10/28/2013 2:55,1.512398238,4.5376,0,10/28/2013 2:12,7,65,650,10/28/2013 2:24,296,695,4548.018733,60,-12.1,575,616,360,1,147,0,279.5,44,2,0,900,8.22E-30,-18.34522201,-0.091007888
768,,-1.609437912,0.2,0,10/28/2013 4:48,15,73,750,10/28/2013 4:48,313,1201,8516.182696,55,-45.2,881,1116,315,0,147,5934000,278.5,45,2,0,900,2.47E-16,-17.58970424,-0.083666224
769,,-1.609437912,0.2,0,10/28/2013 14:12,27,80,1100,10/28/2013 14:12,303,1073,7487.623346,35,-42.2,805,859,283,0,147,0,278.8,46,1,1,1100,2.00E-10,-27.08319855,-0.198350363
770,,-1.609437912,0.2,0,10/28/2013 15:48,20,-10,900,10/28/2013 15:36,86,812,5439.994276,28,-17.7,685,674,360,1,147,25000,283.5,47,2,1,1100,5.24E-12,-90.79205168,-2.229095903
771,,-1.609437912,0.2,0,10/28/2013 16:36,6,70,525,10/28/2013 16:24,267,482,2977.769063,15,6.1,535,578,273,0,147,0,285.8,48,3,1,1100,1.70E-31,-11.81110111,-0.037723664
772,,-1.609437912,0.2,0,10/28/2013 21:16,22,83,574,10/28/2013 21:25,301,771,5125.367736,25,-16.1,669,630,284,0,147,0,297,49,4,1,1100,8.59E-31,22.72268855,-0.139621572
773,,-1.609437912,0.2,0,10/29/2013 0:48,18,85,173,10/29/2013 0:48,288,394,2354.682258,7,12.9,469,626,276,0,150,0,310.8,50,4,0,1100,1.91E-40,21.13145752,-0.120751351
774,,-1.609437912,0.2,0,10/29/2013 3:48,23,74,480,10/29/2013 3:36,293,402,2410.57374,22,-6.3,308,311,272,0,150,0,308.7,51,3,0,1100,3.31E-32,-23.00121862,-0.143065456
775,,-1.609437912,0.2,0,10/29/2013 4:48,14,72,322,10/29/2013 4:48,285,538,3382.867905,17,6.7,577,641,272,0,150,0,307.3,52,4,0,1100,2.21E-35,-14.23137426,-0.054767986
776,,-1.609437912,0.2,0,10/29/2013 15:36,53,85,710,10/29/2013 15:24,317,723,4759.804868,12,1.6,742,734,325,0,150,0,326.2,53,1,0,900,1.47E-19,54.40791021,-0.800492346
777,,-1.609437912,0.2,0,10/29/2013 22:12,-8,104,905,10/29/2013 22:00,249,1001,6915.663534,39,-29.7,768,901,360,1,150,0,318,54,2,0,905,6.13E-12,32.81174719,-0.291133249
778,,-1.609437912,0.2,0,10/30/2013 21:54,-30,-76,235,10/30/2013 21:25,327,393,2347.707177,16,-16.6,341,0,324,0,146,0,339.7,54,1,0,905,6.35E-38,-134.0969638,-4.862627288
779,,-1.609437912,0.2,0,10/31/2013 23:36,-38,-59,476,10/31/2013 23:24,168,380,2257.265076,40,-2.6,356,315,167,0,130,0,369.7,55,1,0,476,2.85E-32,-113.9398702,-3.510625747
780,11/2/2013 7:50,1.088797615,2.9707,0,11/2/2013 4:48,5,145,1078,11/2/2013 4:48,239,828,5563.342892,75,-26.4,585,708,360,1,101,0,328.7,53,1,1,1078,1.58E-10,75.33122899,-1.534557615
781,,-1.609437912,0.2,0,11/2/2013 8:24,44,106,830,11/2/2013 8:24,326,798,5332.322661,43,-9.2,709,744,312,0,101,0,331.5,54,2,1,1078,2.70E-13,54.86360929,-0.813957713
782,,-1.609437912,0.2,0,11/2/2013 18:36,-16,96,737,11/2/2013 18:24,252,671,4367.384091,13,-18.5,473,553,257,0,101,0,341.7,55,1,0,1078,3.57E-17,32.71872052,-0.289484768
783,,-1.609437912,0.2,0,11/2/2013 21:48,-25,-24,493,11/2/2013 21:25,135,377,2236.456436,40,-0.6,371,362,152,0,101,0,371.3,56,2,0,1078,5.39E-32,-86.12731447,-2.005925987
784,,-1.609437912,0.2,0,11/4/2013 5:09,-10,170,1600,11/4/2013 5:12,67,1040,7224.855032,70,-40.4,745,878,360,1,128,2643500,353.2,55,1,1,1600,1.70E-09,104.8756281,-2.974282685
785,,-1.609437912,0.2,0,11/5/2013 3:12,46,-24,622,11/5/2013 2:48,22,512,3194.022208,39,1.6,534,530,24,0,122,0,305.7,55,1,0,1600,3.70E-30,-96.21928194,-2.503556035
786,,-1.609437912,0.2,0,11/5/2013 8:36,-45,-30,844,11/5/2013 8:24,145,850,5733.450897,31,0.1,851,850,136,0,122,0,344,56,2,0,844,5.64E-13,-94.67926596,-2.424057167
787,,-1.609437912,0.2,0,11/6/2013 14:36,-60,-44,400,11/6/2013 14:24,159,347,2029.715699,40,-13.7,275,0,147,0,145,0,345.2,56,1,0,400,1.19E-33,-100.0339112,-2.705998752
788,11/6/2013 15:45,1.883609123,6.5772,0,11/7/2013 0:00,-35,95,950,11/7/2013 0:00,233,1033,7169.249811,68,-45.5,658,884,360,1,166,0,346.7,57,1,0,950,2.02E-11,44.17784138,-0.527766811
789,,-1.609437912,0.2,0,11/7/2013 10:39,-13,-135,2100,11/7/2013 10:36,89,1405,10183.14858,92,-50.8,1119,1273,360,1,166,9762600,354.2,57,1,1,2100,2.49E-09,156.5351897,-6.626085887
790,,-1.609437912,0.2,0,11/7/2013 16:25,-11,-10,530,11/7/2013 15:12,130,411,2473.641811,27,-4.9,368,304,360,1,166,0,358.7,58,2,1,2100,2.01E-31,-74.19822419,-1.488744314
791,,-1.609437912,0.2,0,11/8/2013 4:24,-33,172,938,11/8/2013 3:24,199,497,3085.669243,58,11.7,659,625,360,1,142,0,387,57,1,0,2100,1.52E-11,108.9473688,-3.209715835
792,,-1.609437912,0.2,0,11/8/2013 8:24,-29,-9,508,11/8/2013 8:24,173,336,1954.54935,27,6.9,444,469,171,0,142,0,391.7,58,2,0,2100,9.31E-32,-70.45542374,-1.342338219
793,,-1.609437912,0.2,0,11/9/2013 17:12,-6,53,550,11/9/2013 17:00,336,277,1557.852849,17,-6.4,209,0,349,0,104,0,603.2,57,1,0,550,3.95E-31,16.13394129,-0.070390498
794,,-1.609437912,0.2,0,11/10/2013 5:39,-5,-7,800,11/10/2013 5:36,198,682,4450.070227,60,-41.8,413,0,220,0,101,0,564.8,57,1,0,800,3.85E-14,-47.77781153,-0.617284823
795,,-1.609437912,0.2,0,11/11/2013 21:48,41,101,600,11/11/2013 21:48,311,405,2431.574262,28,1.3,422,427,318,0,113,0,457.3,55,1,0,600,1.92E-30,61.56503129,-1.024946749
796,,-1.609437912,0.2,0,11/12/2013 7:12,-30,79,650,11/12/2013 6:48,240,548,3455.838857,30,15.3,758,707,239,0,135,0,418,55,1,0,650,8.22E-30,37.80465277,-0.386476953
797,,-1.609437912,0.2,0,11/15/2013 0:12,45,100,600,11/15/2013 0:00,316,612,3927.040157,35,-2,588,593,327,0,166,0,342.8,54,1,0,600,1.92E-30,53.69567071,-0.779671458
798,,-1.609437912,0.2,0,11/17/2013 8:09,-46,64,657,11/17/2013 8:00,216,743,4911.747161,40,-11.2,632,669,198,0,192,0,483.8,52,1,0,657,9.98E-30,48.27066848,-0.63008584
799,,-1.609437912,0.2,0,11/19/2013 4:34,-19,-172,780,11/19/2013 4:00,104,342,1995.505272,43,2.8,374,404,136,0,113,0,375.2,52,1,0,780,7.21E-15,124.6046885,-4.198574471
800,11/19/2013 12:04,1.304406202,3.6855,0,11/19/2013 10:39,-29,82,910,11/19/2013 10:36,222,740,4888.921138,50,-2,717,730,360,1,113,8075900,383.2,51,2,0,910,7.13E-12,35.91981403,-0.348900227
801,,-1.609437912,0.2,0,11/21/2013 1:25,-16,136,740,11/21/2013 1:36,346,395,2361.659877,53,3.1,413,465,360,1,72,0,364.2,51,1,0,740,5.77E-17,73.74481297,-1.470605041
802,,-1.609437912,0.2,0,11/26/2013 4:36,30,-60,740,11/26/2013 4:24,62,671,4367.384091,35,7.7,754,737,49,0,37,0,287.5,39,1,0,740,5.77E-17,-131.3507793,-4.665502223
803,,-1.609437912,0.2,0,11/26/2013 8:00,-27,-61,370,11/26/2013 7:36,126,209,1116.547859,26,9,276,484,123,0,37,0,285,40,2,0,740,2.84E-34,-134.1475559,-4.866297121
804,,-1.609437912,0.2,0,11/27/2013 0:24,-68,129,542,11/27/2013 1:36,196,493,3056.851023,50,-7.3,397,488,193,0,73,0,303.5,38,1,0,740,3.03E-31,77.12022209,-1.608309534
805,,-1.609437912,0.2,0,11/27/2013 15:13,25,30,950,11/27/2013 15:13,320,509,3172.31604,30,-2.3,487,477,308,0,73,0,312.8,36,1,0,950,2.02E-11,-48.70714927,-0.641532285
806,,-1.609437912,0.2,0,11/27/2013 23:12,-24,-52,704,11/27/2013 22:12,112,577,3668.474988,25,-1.5,556,565,114,0,73,0,286.5,34,2,0,950,2.93E-20,-127.6790835,-4.40831486
807,,-1.609437912,0.2,0,11/28/2013 3:12,-4,-55,447,11/28/2013 3:24,97,362,2132.775205,26,12.6,530,586,98,0,106,0,283.5,34,2,0,950,9.04E-33,-135.6993347,-4.979532026
808,,-1.609437912,0.2,0,11/28/2013 9:09,33,3,412,11/28/2013 9:12,351,271,1518.1742,30,-0.7,261,245,328,0,106,0,278.3,33,2,0,950,2.04E-33,-81.08641539,-1.77798993
809,,-1.609437912,0.2,0,11/29/2013 5:24,28,92,480,11/29/2013 4:36,302,401,2403.578532,26,8.9,569,530,305,0,98,0,281.3,32,1,0,480,3.31E-32,29.76225322,-0.239532644
810,,-1.609437912,0.2,0,11/29/2013 19:39,9,114,559,11/29/2013 20:36,3,429,2600.365018,36,7.2,479,563,359,0,98,0,334.2,33,1,0,559,5.31E-31,46.112444,-0.575002026
811,,-1.609437912,0.2,0,11/30/2013 0:25,-66,44,509,11/30/2013 0:48,307,754,4995.545845,33,15.7,875,872,307,0,95,0,351,33,2,0,559,9.65E-32,-67.73054808,-1.240515723
812,,-1.609437912,0.2,0,11/30/2013 10:12,-10,77,543,11/30/2013 10:12,35,335,1947.733728,21,-40.4,217,0,25,0,95,0,357.7,34,1,0,559,3.13E-31,16.2910406,-0.071767984
813,,-1.609437912,0.2,0,11/30/2013 11:48,29,88,578,11/30/2013 12:00,314,495,3071.256092,29,17.4,717,697,287,0,95,0,374.2,35,2,0,578,9.75E-31,38.6475494,-0.403902941
814,,-1.609437912,0.2,0,11/30/2013 12:48,-40,-134,710,11/30/2013 12:36,140,234,1276.545141,55,-5.6,212,0,130,0,95,0,387.5,36,3,0,710,1.47E-19,138.2424958,-5.167925266
815,,-1.609437912,0.2,0,12/1/2013 20:36,23,34,600,12/1/2013 20:36,324,561,3550.973428,33,-9.8,465,438,331,0,124,0,455.5,36,1,0,600,1.92E-30,-27.94069616,-0.211109384
816,,-1.609437912,0.2,0,12/2/2013 20:12,1,55,290,12/2/2013 20:12,271,172,885.36905,36,2.7,240,277,277,0,139,0,387.2,34,1,0,600,3.19E-36,-4.308955675,-0.005020849
817,,-1.609437912,0.2,0,12/4/2013 5:24,9,56,443,12/4/2013 5:12,274,377,2236.456436,21,6.1,454,487,278,0,117,0,369.2,33,1,0,443,7.67E-33,-10.84572333,-0.031809009
818,,-1.609437912,0.2,0,12/4/2013 23:12,48,-15,700,12/4/2013 23:12,360,490,3035.258642,45,8.8,613,585,14,0,117,0,347.3,34,1,0,700,8.98E-21,-83.98611572,-1.9074277
819,,-1.609437912,0.2,0,12/5/2013 0:12,20,68,650,12/5/2013 0:00,288,541,3404.73983,26,10.2,623,675,293,0,110,0,347.8,35,2,0,700,8.22E-30,20.10576283,-0.109313602
820,,-1.609437912,0.2,0,12/5/2013 10:39,-38,-100,536,12/5/2013 10:24,136,549,3463.146044,58,-0.1,548,547,133,0,110,39000,353,34,1,0,700,2.47E-31,-139.5433135,-5.265639895
821,,-1.609437912,0.2,0,12/5/2013 21:09,-21,19,775,12/5/2013 23:54,221,533,3346.451919,40,-26.9,261,544,200,0,110,0,334.5,35,1,0,775,4.46E-15,-52.69192459,-0.750794732
822,,-1.609437912,0.2,0,12/7/2013 7:39,-40,60,750,12/7/2013 7:36,274,1085,7583.428764,40,-41.7,842,854,360,1,89,583000,310.8,34,1,0,750,2.47E-16,-41.91667328,-0.475123715
823,,-1.609437912,0.2,0,12/7/2013 21:39,1,-105,723,12/7/2013 21:24,95,450,2749.161412,20,-15.8,364,0,85,0,89,0,440.3,33,1,0,750,2.81E-18,-157.032449,-6.668250417
824,,-1.609437912,0.2,0,12/9/2013 21:18,35,-101,804,12/9/2013 19:36,53,702,4600.86125,35,14.7,881,805,67,0,142,0,416.3,31,1,0,804,5.16E-14,-138.4732268,-5.185190516
825,,-1.609437912,0.2,0,12/11/2013 4:48,11,67,382,12/11/2013 4:24,50,288,1630.932618,34,-0.6,283,266,66,0,176,0,362.2,31,1,0,382,5.10E-34,11.60557509,-0.036422221
826,,-1.609437912,0.2,0,12/11/2013 7:48,-60,-4,389,12/11/2013 7:36,175,383,2278.097401,23,3,442,422,193,0,176,0,362.2,32,2,0,389,7.12E-34,-78.86405665,-1.68186572
827,,-1.609437912,0.2,0,12/11/2013 17:12,39,148,377,12/11/2013 17:00,332,274,1537.997101,34,-2.7,242,162,319,0,176,0,335.2,33,1,0,389,4.01E-34,81.95547534,-1.816306095
828,,-1.609437912,0.2,0,12/12/2013 3:54,-31,51,1060,12/12/2013 3:36,236,1002,6923.572788,40,-15.3,876,943,214,0,151,12586150,318.8,33,1,1,1060,1.28E-10,-36.7919288,-0.366048141
829,,-1.609437912,0.2,0,12/12/2013 6:36,-54,0,823,12/12/2013 6:24,170,723,4759.804868,45,-4.9,665,695,168,0,151,0,320.5,34,2,1,1060,1.80E-13,-79.25667375,-1.698653416
830,,-1.609437912,0.2,0,12/12/2013 17:24,-53,-1,440,12/12/2013 17:00,187,348,2036.566463,23,12.2,562,554,180,0,151,0,292.7,34,1,0,1060,6.78E-33,-83.58566195,-1.889281472
831,,-1.609437912,0.2,0,12/13/2013 2:00,-9,80,413,12/13/2013 2:00,267,288,1630.932618,15,1.3,304,325,283,0,144,0,282.3,35,2,0,1060,2.13E-33,-9.07723881,-0.022281305
832,12/14/2013 14:44,0.421928834,1.5249,0,12/13/2013 21:36,-30,-168,756,12/13/2013 21:24,169,518,3237.487175,41,-2.5,484,492,360,1,144,0,318.2,36,1,0,756,5.39E-16,115.6365258,-3.615956222
833,,-1.609437912,0.2,0,12/14/2013 2:12,-34,-32,533,12/14/2013 1:48,169,554,3499.709236,34,-8,468,456,179,0,135,0,352.3,37,2,0,756,2.23E-31,-95.8444129,-2.484086394
834,,-1.609437912,0.2,0,12/14/2013 6:48,-23,-80,600,12/14/2013 6:36,112,611,3919.624242,25,-21.1,385,422,116,0,135,0,382.3,38,2,0,756,1.92E-30,-134.7999025,-4.913740863
835,,-1.609437912,0.2,0,12/14/2013 9:39,-37,107,338,12/14/2013 9:12,213,391,2333.764656,40,-18.4,269,0,222,0,135,0,393,39,3,0,756,5.39E-35,58.17754614,-0.915258755
836,,-1.609437912,0.2,0,12/14/2013 9:48,-21,-54,721,12/14/2013 9:48,112,575,3653.762773,29,-26.1,303,312,117,0,135,0,393,40,4,0,756,1.86E-18,-110.7642492,-3.317663306
837,,-1.609437912,0.2,0,12/14/2013 12:24,2,-114,435,12/14/2013 12:24,78,288,1630.932618,29,14.9,330,645,76,0,135,0,425.5,41,4,0,756,5.50E-33,-167.7023424,-7.605212456
838,,-1.609437912,0.2,0,12/14/2013 19:40,-17,-84,760,12/14/2013 18:36,65,201,1065.964287,24,6.2,224,426,61,0,135,0,587,42,2,0,760,8.77E-16,-121.4302209,-3.98737116
839,,-1.609437912,0.2,0,12/14/2013 22:00,5,-132,409,12/14/2013 22:00,92,480,2963.41733,21,-39.1,202,0,67,0,135,0,581.7,43,2,0,760,1.78E-33,-170.0615641,-7.820696477
840,,-1.609437912,0.2,0,12/15/2013 22:39,-4,-135,490,12/15/2013 22:36,83,345,2016.022824,23,-5.4,294,176,80,0,135,0,456.2,43,1,0,490,4.83E-32,173.4120708,-8.13189462
841,,-1.609437912,0.2,0,12/16/2013 21:27,-22,86,780,12/16/2013 21:38,264,779,5186.590605,39,-1.4,766,771,267,0,114,0,418.2,44,1,0,780,7.21E-15,37.52271123,-0.380733872
842,,-1.609437912,0.2,0,12/17/2013 1:25,-4,65,60,12/17/2013 2:12,257,54,215.4051385,20,1.1,85,163,247,0,121,0,425.5,45,2,0,780,6.77E-50,11.82444564,-0.037808955
843,,-1.609437912,0.2,0,12/18/2013 20:24,-50,111,347,12/18/2013 18:12,220,245,1347.808262,26,4.6,374,357,220,0,140,0,356.8,45,1,0,347,8.74E-35,63.8768165,-1.103366059
844,,-1.609437912,0.2,0,12/19/2013 6:25,0,172,634,12/19/2013 6:12,294,230,1250.758241,29,-15,148,0,300,0,140,0,358.2,45,1,0,634,5.23E-30,108.0163078,-3.155089979
845,,-1.609437912,0.2,0,12/21/2013 5:00,-28,111,528,12/21/2013 4:48,239,404,2424.571611,20,-2.1,383,359,249,0,140,0,340,44,1,0,528,1.88E-31,50.24558312,-0.682698384
846,,-1.609437912,0.2,0,12/21/2013 15:09,33,-128,470,12/21/2013 13:12,6,373,2208.748751,20,16.2,412,712,360,1,140,0,334.5,45,1,0,528,2.26E-32,143.519852,-5.570023771
847,,-1.609437912,0.2,0,12/23/2013 0:24,-1,-70,696,12/23/2013 0:24,92,690,4510.317202,19,-5.8,649,625,98,0,111,0,306.7,46,1,0,696,2.49E-21,-144.7152764,-5.663199356
848,,-1.609437912,0.2,0,12/23/2013 8:24,49,101,1268,12/23/2013 8:12,327,1409,10216.14544,31,26.8,1540,1508,308,0,111,0,298.2,47,2,1,1268,6.59E-10,53.22493636,-0.766061074
849,,-1.609437912,0.2,0,12/23/2013 19:12,40,-107,380,12/23/2013 21:48,322,303,1731.26104,24,3,338,381,312,0,111,0,295,48,1,0,1268,4.63E-34,139.7717741,-5.282895847
850,,-1.609437912,0.2,0,12/24/2013 5:24,-40,-122,120,12/24/2013 4:12,134,185,965.7658276,38,6.1,229,396,131,0,109,0,286.5,49,1,0,1268,1.47E-43,135.2578841,-4.947186376
851,,-1.609437912,0.2,0,12/24/2013 11:25,-37,-92,248,12/24/2013 10:12,129,311,1785.075596,23,-11.2,148,0,127,0,109,0,285.2,50,2,0,380,1.74E-37,-142.3303974,-5.478080588
852,,-1.609437912,0.2,0,12/24/2013 13:12,-15,60,400,12/24/2013 13:00,262,730,4812.92251,30,-37.3,527,0,265,0,109,0,286.3,51,3,0,400,1.19E-33,-24.8553655,-0.167060355
853,,-1.609437912,0.2,0,12/24/2013 23:48,-44,162,345,12/24/2013 23:36,199,287,1624.271396,27,-3.3,252,154,212,0,109,0,317,52,1,0,400,7.86E-35,89.78451949,-2.179897225
854,12/26/2013 15:35,0.92932541,2.5328,0,12/26/2013 3:40,-31,-134,1600,12/26/2013 3:12,129,1022,7081.96614,90,-35,700,948,122,0,103,0,274.7,53,1,1,1600,1.70E-09,132.8943892,-4.775802783
855,,-1.609437912,0.2,0,12/26/2013 7:24,-35,46,585,12/26/2013 7:24,215,458,2806.106086,18,-9.8,375,239,218,0,103,0,272.7,53,2,1,1600,1.21E-30,-49.82622828,-0.671350196
856,,-1.609437912,0.2,0,12/27/2013 4:48,-65,-27,250,12/27/2013 2:48,171,247,1360.818919,27,6.7,398,410,169,0,106,0,292.2,52,1,0,585,2.02E-37,-96.45851904,-2.516021064
857,,-1.609437912,0.2,0,12/27/2013 6:39,-16,-178,504,12/27/2013 7:48,128,262,1458.90626,29,0.1,263,263,129,0,106,0,292,53,2,0,585,8.06E-32,102.9777117,-2.867606574
858,,-1.609437912,0.2,0,12/27/2013 11:36,-51,175,360,12/27/2013 11:24,179,171,879.2244682,27,-2.2,114,0,181,0,106,0,294.2,54,3,0,504,1.72E-34,94.45959705,-2.412821924
859,,-1.609437912,0.2,0,12/28/2013 7:00,-2,-121,725,12/28/2013 7:00,85,677,4412.463452,23,-18.1,494,526,88,0,100,0,284.8,52,1,0,725,4.18E-18,158.4375774,-6.788119505
860,12/28/2013 18:24,3.458553924,31.771,1,12/28/2013 18:00,-1,101,769,12/28/2013 17:36,284,1118,7847.573659,65,-26.7,989,967,360,1,100,527000,336.5,52,1,0,769,2.41E-15,32.90365934,-0.292766576
861,,-1.609437912,0.2,0,12/29/2013 19:55,-11,-99,300,12/29/2013 21:24,190,238,1302.40042,30,-35.9,121,0,190,0,124,0,354.8,51,1,0,300,5.98E-36,-160.3345054,-6.951637001
862,,-1.609437912,0.2,0,12/31/2013 7:00,-10,90,325,12/31/2013 6:24,267,309,1771.602455,45,4.8,355,430,257,0,136,0,371.5,48,1,0,325,2.62E-35,29.88306204,-0.241481178
863,,-1.609437912,0.2,0,12/31/2013 10:48,-7,-75,1319,12/31/2013 10:36,97,1101,7711.375525,38,-29.3,916,955,124,0,136,0,382.3,49,2,1,1319,8.27E-10,-134.5254281,-4.893750895
864,,-1.609437912,0.2,0,1/1/2014 14:36,-55,-85,531,1/1/2014 14:00,157,497,3085.669243,28,18.8,820,705,148,0,124,0,510.5,49,1,0,531,2.08E-31,-111.5851101,-3.367019142
865,,-1.609437912,0.2,0,1/4/2014 21:25,-35,5,750,1/4/2014 21:22,195,977,6726.143459,46,49.3,1188,995,360,1,136,0,480.8,44,1,0,750,2.47E-16,-52.96424803,-0.75857533
866,,-1.609437912,0.2,0,1/5/2014 0:54,11,96,650,1/4/2014 23:12,283,567,3594.983725,40,0.7,575,575,273,0,134,0,470.3,45,2,0,750,8.22E-30,48.23240245,-0.629087249
867,,-1.609437912,0.2,0,1/5/2014 9:24,23,-130,296,1/5/2014 8:36,51,278,1564.47867,20,3,343,346,58,0,134,0,448,46,2,0,750,4.66E-36,156.9724295,-6.663154039
868,1/6/2014 12:20,3.401197382,30,1,1/6/2014 8:09,-3,102,1275,1/6/2014 8:00,274,1402,10158.4084,45,-7.1,1360,1385,360,1,167,12152160,376.2,46,1,1,1275,6.82E-10,41.16772936,-0.458296901
869,1/7/2014 20:00,6.93069025,1023.2,1,1/7/2014 18:24,-24,30,2061,1/7/2014 18:24,231,1830,13747.09038,49,-60.8,1569,1714,360,1,140,22122780,381.8,46,1,1,2061,2.46E-09,-37.72799402,-0.384911177
870,,-1.609437912,0.2,0,1/12/2014 7:12,48,-53,430,1/12/2014 6:24,33,260,1445.777224,21,11,410,527,41,0,133,0,491.7,39,1,0,430,4.45E-33,-96.4147327,-2.513737339
871,,-1.609437912,0.2,0,1/13/2014 8:12,30,-38,450,1/13/2014 7:48,35,418,2522.831239,24,9.5,564,555,42,0,117,0,815,37,1,0,450,1.02E-32,-69.47800937,-1.305352565
872,,-1.609437912,0.2,0,1/13/2014 14:12,52,6,597,1/13/2014 11:24,351,198,1047.076872,23,7.9,488,429,356,0,117,0,691.8,35,2,0,597,1.75E-30,-56.77519282,-0.871666447
873,,-1.609437912,0.2,0,1/13/2014 22:24,49,137,291,1/13/2014 20:12,214,431,2614.492587,25,14.1,697,613,215,0,117,0,664.5,34,2,0,597,3.40E-36,98.16955628,-2.606074034
874,,-1.609437912,0.2,0,1/13/2014 23:12,-67,110,360,1/13/2014 22:24,316,330,1913.700576,28,0.3,333,338,312,0,117,0,663.7,35,3,0,597,1.72E-34,84.3734986,-1.92506416
875,,-1.609437912,0.2,0,1/14/2014 10:24,16,-7,752,1/14/2014 10:00,12,404,2424.571611,43,4.9,477,476,6,0,96,0,651,36,1,0,752,3.22E-16,-44.59869701,-0.537870139
876,,-1.609437912,0.2,0,1/15/2014 14:12,48,-123,277,1/15/2014 13:48,37,206,1097.542491,40,6.4,386,389,27,0,93,0,476.8,36,1,0,277,1.36E-36,-131.3774645,-4.667398101
877,,-1.609437912,0.2,0,1/16/2014 5:00,44,-126,406,1/16/2014 6:00,37,323,1866.1817,18,0.1,324,326,47,0,80,0,414,35,1,0,406,1.56E-33,135.9832938,-5.000393782
878,,-1.609437912,0.2,0,1/16/2014 14:00,-39,68,443,1/16/2014 13:25,222,416,2508.765068,17,0.3,421,419,225,0,80,0,400.8,36,2,0,443,7.67E-33,40.24069373,-0.437888976
879,,-1.609437912,0.2,0,1/16/2014 14:24,-29,-90,275,1/16/2014 13:48,116,340,1981.84151,15,12.5,407,619,126,0,80,0,400.8,37,2,0,443,1.19E-36,-137.3102378,-5.098459007
880,,-1.609437912,0.2,0,1/17/2014 0:39,-37,-88,615,1/16/2014 23:12,126,440,2678.18088,48,99.6,726,1543,116,0,74,0,373.7,38,1,0,615,3.01E-30,-133.3868524,-4.811263492
881,,-1.609437912,0.2,0,1/17/2014 20:00,-35,-85,600,1/17/2014 20:12,127,721,4744.640818,38,-31.8,517,314,111,0,74,0,340.8,39,1,0,615,1.92E-30,-136.4640672,-5.035814395
882,,-1.609437912,0.2,0,1/17/2014 22:36,-11,-91,550,1/17/2014 22:12,91,500,3107.304049,21,-2.5,463,473,104,0,74,0,333.7,39,2,0,615,3.95E-31,-157.006068,-6.666010107
883,,-1.609437912,0.2,0,1/19/2014 2:24,-66,-29,220,1/19/2014 0:24,168,211,1129.242066,20,7,458,399,166,0,110,0,312.7,39,1,0,220,1.84E-38,-94.96826628,-2.438878205
884,,-1.609437912,0.2,0,1/20/2014 2:36,7,53,220,1/20/2014 3:12,142,144,715.6531151,25,6.4,194,404,148,0,133,0,295.8,40,1,0,220,1.84E-38,-25.40296577,-0.174502615
885,,-1.609437912,0.2,0,1/20/2014 15:36,10,-170,764,1/20/2014 15:24,165,675,4397.431066,40,-12,575,551,360,1,133,0,305.3,39,1,0,764,1.39E-15,114.5257727,-3.546823313
886,,-1.609437912,0.2,0,1/20/2014 22:12,-12,-80,740,1/20/2014 22:00,97,721,4744.640818,57,-2.1,700,707,360,1,133,72000,327.5,40,2,0,764,5.77E-17,-147.8807313,-5.913658923
887,,-1.609437912,0.2,0,1/21/2014 0:00,-2,110,135,1/21/2014 2:24,267,486,3006.497391,32,-23.8,398,0,262,0,129,0,335.8,41,3,0,764,1.53E-42,41.78728083,-0.472194927
888,,-1.609437912,0.2,0,1/21/2014 2:36,-5,125,384,1/21/2014 5:24,112,387,2305.910356,32,-22.6,181,0,112,0,129,0,337,42,3,0,764,5.62E-34,57.13274385,-0.882679941
889,,-1.609437912,0.2,0,1/21/2014 6:25,-5,99,540,1/21/2014 6:00,268,496,3078.46166,32,-16.2,332,246,254,0,129,0,328.5,43,4,0,764,2.83E-31,29.61875674,-0.237228434
890,,-1.609437912,0.2,0,1/21/2014 10:55,-9,107,680,1/21/2014 10:48,259,554,3499.709236,37,-22.8,225,404,240,0,129,0,324.5,44,3,0,764,4.08E-24,37.31866871,-0.37660439
891,,-1.609437912,0.2,0,1/21/2014 21:39,-5,-160,1800,1/21/2014 21:17,124,1065,7423.827533,40,-24.1,923,963,118,0,129,0,474,45,1,1,1800,2.13E-09,151.2463309,-6.185898492
892,,-1.609437912,0.2,0,1/22/2014 21:24,43,-78,419,1/22/2014 20:36,46,414,2494.708513,30,3.5,493,449,47,0,154,0,463.5,43,1,0,1800,2.77E-33,-116.4034432,-3.664078311
893,,-1.609437912,0.2,0,1/23/2014 3:12,33,-100,273,1/23/2014 2:48,60,346,2022.867816,24,1.8,386,371,52,0,146,0,458.3,44,2,0,419,1.04E-36,-136.5832041,-5.044611048
894,,-1.609437912,0.2,0,1/24/2014 7:36,-60,-116,400,1/24/2014 7:36,140,973,6694.613712,19,-3,948,960,146,0,116,0,366.7,41,1,0,400,1.19E-33,-119.9886736,-3.89326171
895,,-1.609437912,0.2,0,1/25/2014 1:48,29,-73,233,1/25/2014 1:48,54,290,1644.265468,18,-4.1,244,114,65,0,100,0,368.2,42,1,0,400,5.41E-38,-128.396404,-4.45798717
896,,-1.609437912,0.2,0,1/25/2014 10:00,73,87,271,1/25/2014 10:00,77,298,1697.733859,24,-14.9,204,0,67,0,100,0,346.7,41,2,0,271,9.08E-37,74.14844651,-1.486747464
897,,-1.609437912,0.2,0,1/25/2014 16:54,-44,-116,624,1/25/2014 16:48,132,783,5217.232901,30,-38.1,484,473,152,0,100,0,353.3,42,2,0,624,3.92E-30,135.9931434,-5.001118187
898,,-1.609437912,0.2,0,1/25/2014 22:39,-37,-96,697,1/25/2014 22:12,126,574,3646.409273,40,-45.8,165,0,138,0,100,0,358.3,43,2,0,697,3.47E-21,-138.6171414,-5.195974013
899,,-1.609437912,0.2,0,1/26/2014 8:48,-31,-82,729,1/26/2014 8:36,119,1088,7607.400913,40,-43,766,980,125,0,97,0,355.7,42,1,0,729,8.94E-18,-135.5800653,-4.970782613
900,,-1.609437912,0.2,0,1/26/2014 21:54,-54,-91,420,1/26/2014 21:48,162,616,3956.72013,34,-2.7,580,600,152,0,97,0,349.7,42,1,0,729,2.90E-33,-122.6287505,-4.066471185
901,,-1.609437912,0.2,0,1/27/2014 0:12,-21,170,400,1/27/2014 0:12,183,536,3368.29591,29,11.7,678,659,216,0,76,0,343.5,43,2,0,729,1.19E-33,102.3816956,-2.834508276
902,,-1.609437912,0.2,0,1/27/2014 2:24,21,-83,700,1/27/2014 2:12,71,687,4487.713659,20,-15.9,507,612,88,0,76,0,343.7,44,3,0,729,8.98E-21,-143.6981989,-5.583875706
903,,-1.609437912,0.2,0,1/27/2014 20:10,-30,-68,366,1/27/2014 20:48,101,511,3186.784861,21,-16.9,355,140,88,0,76,0,320.3,43,1,0,700,2.33E-34,-131.2287692,-4.656838797
904,,-1.609437912,0.2,0,1/28/2014 1:25,15,-53,710,1/28/2014 0:48,76,584,3720.022174,17,-7.3,531,486,47,0,77,0,312.7,44,2,0,710,1.47E-19,-124.8727698,-4.216659986
905,,-1.609437912,0.2,0,1/28/2014 5:48,15,-64,590,1/28/2014 5:48,71,494,3064.052545,25,-8.6,435,321,57,0,77,0,317.3,45,2,0,710,1.42E-30,-134.2292304,-4.872224526
906,,-1.609437912,0.2,0,1/28/2014 6:48,18,-52,720,1/28/2014 7:48,59,493,3056.851023,19,-13.1,333,326,57,0,77,0,318.7,46,3,0,720,1.50E-18,-122.0486094,-4.028086276
907,,-1.609437912,0.2,0,1/28/2014 7:25,-35,90,150,1/28/2014 6:48,225,116,551.4164622,20,-0.3,111,83,234,0,77,0,318.7,47,4,0,720,1.21E-41,38.86025179,-0.408361052
908,,-1.609437912,0.2,0,1/28/2014 12:25,19,-56,1030,1/28/2014 11:48,66,656,4254.921478,14,-29.9,466,0,55,0,77,0,343.3,48,4,1,1030,8.61E-11,-120.7738197,-3.944379534
909,,-1.609437912,0.2,0,1/28/2014 20:10,-80,-17,450,1/28/2014 20:12,116,212,1135.59629,35,3.9,226,366,116,0,77,0,409,48,2,1,1030,1.02E-32,-87.09593468,-2.051298496
910,,-1.609437912,0.2,0,1/29/2014 4:00,-30,146,280,1/29/2014 4:00,224,319,1839.095962,29,-1.2,291,302,216,0,94,0,472.3,49,2,0,1030,1.66E-36,96.46782656,-2.516506642
911,,-1.609437912,0.2,0,1/29/2014 4:36,-17,-73,338,1/29/2014 4:24,106,391,2333.764656,33,-27.4,0,0,94,0,94,0,471.7,50,3,0,1030,5.39E-35,-120.0608577,-3.897947415
912,,-1.609437912,0.2,0,1/30/2014 8:36,-17,-61,472,1/30/2014 8:24,112,458,2806.106086,45,-11,337,256,360,1,99,0,369,50,1,0,472,2.44E-32,-121.4929522,-3.991492003
913,,-1.609437912,0.2,0,1/30/2014 16:24,-15,-63,998,1/30/2014 16:24,117,1087,7599.409276,58,-39.1,821,940,360,1,99,0,364.5,50,2,0,998,5.21E-11,-124.4779484,-4.190037762
914,,-1.609437912,0.2,0,1/31/2014 16:34,10,-32,728,1/31/2014 16:24,23,462,2834.63098,40,-6.5,372,370,8,0,93,0,331.3,50,1,0,728,7.43E-18,-101.0068971,-2.758894878
915,,-1.609437912,0.2,0,2/1/2014 6:54,5,-130,381,2/1/2014 4:00,112,203,1078.580814,29,2.9,249,311,80,0,94,0,322.8,51,1,0,728,4.86E-34,158.4386828,-6.788214226
916,,-1.609437912,0.2,0,2/1/2014 11:24,7,-125,474,2/1/2014 11:12,90,297,1691.038445,35,3.8,348,388,93,0,94,0,336.8,52,2,0,728,2.64E-32,165.2206329,-7.381789486
917,,-1.609437912,0.2,0,2/2/2014 7:12,-2,-144,265,2/2/2014 6:48,84,230,1250.758241,44,0.3,235,242,94,0,118,0,376.5,53,1,0,474,5.99E-37,155.0510959,-6.501039032
918,,-1.609437912,0.2,0,2/2/2014 9:36,-20,140,745,2/2/2014 8:48,235,591,3771.653266,67,-2.9,552,571,261,0,118,0,382.7,54,2,0,745,1.22E-16,80.71420991,-1.761704619
919,,-1.609437912,0.2,0,2/2/2014 18:12,-39,110,521,2/2/2014 17:24,224,463,2841.767626,29,5.2,569,512,208,0,118,0,388,55,2,0,745,1.48E-31,60.67217925,-0.995433568
920,,-1.609437912,0.2,0,2/3/2014 8:24,-25,-92,415,2/3/2014 8:24,114,431,2614.492587,44,-16,255,0,93,0,127,0,377,56,1,0,745,2.33E-33,-143.7102637,-5.584813381
921,,-1.609437912,0.2,0,2/3/2014 12:09,-17,-125,347,2/3/2014 11:24,90,213,1141.955231,13,5,255,392,91,0,127,0,359.8,57,2,0,521,8.74E-35,160.9621893,-7.006172627
922,,-1.609437912,0.2,0,2/4/2014 1:25,-34,29,660,2/4/2014 1:25,208,528,3310.082838,62,-4.4,457,501,233,0,144,0,347,56,1,0,660,1.08E-29,-48.57240722,-0.637987762
923,,-1.609437912,0.2,0,2/4/2014 8:48,-16,-136,365,2/4/2014 8:48,123,261,1452.339826,32,-9,213,0,126,0,144,0,336.2,57,2,0,660,2.21E-34,151.281153,-6.188747229
924,,-1.609437912,0.2,0,2/4/2014 16:39,-33,20,570,2/4/2014 16:36,212,368,2174.174521,43,-2.2,339,323,250,0,144,0,338.7,57,2,0,660,7.57E-31,-55.61240748,-0.836327708
925,,-1.609437912,0.2,0,2/4/2014 17:48,38,80,255,2/4/2014 17:48,310,194,1021.964483,14,2.6,225,301,304,0,144,0,342.3,58,3,0,660,2.92E-37,39.85425813,-0.42951917
926,,-1.609437912,0.2,0,2/4/2014 20:00,22,-147,400,2/4/2014 19:48,218,294,1670.972452,32,0.8,306,317,219,0,144,0,349.2,59,3,0,660,1.19E-33,141.3359484,-5.401798353
927,,-1.609437912,0.2,0,2/5/2014 2:12,-26,101,300,2/5/2014 1:48,256,351,2057.135964,22,15.4,518,636,249,0,167,0,349.5,60,3,0,570,5.98E-36,42.91053961,-0.49792169
928,,-1.609437912,0.2,0,2/6/2014 0:36,-52,111,351,2/6/2014 0:24,215,312,1791.816995,21,-1,299,283,211,0,171,0,392,60,1,0,351,1.08E-34,68.00613675,-1.250631324
929,,-1.609437912,0.2,0,2/6/2014 1:25,31,102,235,2/6/2014 1:48,309,218,1173.819924,21,7.8,401,432,303,0,171,0,392,61,2,0,351,6.35E-38,51.57976759,-0.719435485
930,,-1.609437912,0.2,0,2/6/2014 5:24,-43,-126,308,2/6/2014 5:24,150,588,3749.515445,28,-64,472,0,151,0,171,0,397.8,62,3,0,351,9.72E-36,136.8779341,-5.066405853
931,,-1.609437912,0.2,0,2/6/2014 8:09,24,-103,365,2/6/2014 8:24,64,229,1244.322339,15,-0.9,225,180,66,0,171,0,394.2,63,4,0,365,2.21E-34,-149.8257278,-6.070240319
932,,-1.609437912,0.2,0,2/7/2014 18:24,17,-34,530,2/7/2014 20:36,80,260,1445.777224,21,-29.6,167,0,81,0,147,0,432.2,63,1,0,530,2.01E-31,-87.15853982,-2.05424853
933,,-1.609437912,0.2,0,2/8/2014 13:39,6,-91,245,2/8/2014 14:24,93,397,2375.622703,19,11.7,544,585,89,0,147,0,430.8,64,1,0,530,1.39E-37,-143.7679797,-5.589300156
934,,-1.609437912,0.2,0,2/8/2014 18:00,-16,-92,450,2/8/2014 17:36,101,425,2572.137897,18,7.5,504,556,90,0,147,0,410.7,65,2,0,530,1.02E-32,-144.4348222,-5.641270382
935,,-1.609437912,0.2,0,2/9/2014 9:54,-34,9,385,2/9/2014 10:00,253,395,2361.659877,16,-17,370,0,251,0,147,0,411.2,66,1,0,450,5.89E-34,-55.37645933,-0.829246146
936,,-1.609437912,0.2,0,2/9/2014 16:12,-16,-108,715,2/9/2014 16:00,104,908,6184.609896,49,-12.7,797,846,360,1,147,0,452.3,67,2,0,715,4.95E-19,-153.5635245,-6.376894553
937,,-1.609437912,0.2,0,2/10/2014 1:26,19,-118,400,2/10/2014 1:26,65,354,2077.731107,13,5.5,404,469,79,0,137,0,461.8,68,1,0,715,1.19E-33,-157.4531967,-6.704031683
938,,-1.609437912,0.2,0,2/10/2014 15:32,-6,-124,467,2/10/2014 14:24,105,375,2222.59726,14,10.6,451,582,98,0,137,0,501.3,69,1,0,715,2.01E-32,-168.1125907,-7.64246705
939,,-1.609437912,0.2,0,2/10/2014 21:39,-23,-146,500,2/10/2014 21:36,100,557,3521.668839,39,-13.6,452,343,360,1,137,0,531,70,2,0,500,6.97E-32,155.3347485,-6.524846968
940,,-1.609437912,0.2,0,2/11/2014 0:12,-16,-141,570,2/11/2014 0:12,104,576,3661.118013,23,-22.8,402,0,103,0,158,0,507.2,71,3,0,570,7.57E-31,162.8745617,-7.17364058
941,,-1.609437912,0.2,0,2/11/2014 5:24,2,-8,488,2/11/2014 8:12,124,259,1439.218468,32,22.5,335,756,131,0,158,0,469.7,72,3,0,570,4.48E-32,-56.81772867,-0.872973037
942,,-1.609437912,0.2,0,2/11/2014 9:48,21,22,490,2/11/2014 9:24,323,351,2057.135964,45,3.1,392,415,338,0,158,0,445,72,2,0,570,4.83E-32,-35.65704905,-0.343814264
943,,-1.609437912,0.2,0,2/11/2014 14:25,26,109,443,2/11/2014 13:48,300,330,1913.700576,23,-2,290,295,306,0,158,0,419.3,73,2,0,570,7.67E-33,58.40078071,-0.922296157
944,,-1.609437912,0.2,0,2/11/2014 20:10,-14,99,720,2/11/2014 19:24,273,613,3934.457706,44,-7.8,504,566,248,0,158,0,440.2,74,2,0,720,1.50E-18,48.50587968,-0.63624131
945,,-1.609437912,0.2,0,2/12/2014 5:48,10,8,755,2/12/2014 6:00,328,373,2208.748751,60,7.3,478,494,360,1,161,0,447,75,1,0,755,4.75E-16,-44.18966436,-0.528049334
946,,-1.609437912,0.2,0,2/12/2014 10:54,-38,-57,288,2/12/2014 8:12,137,274,1537.997101,25,9.3,511,475,136,0,161,0,453,75,2,0,755,2.81E-36,-103.7796485,-2.91244333
947,,-1.609437912,0.2,0,2/12/2014 13:09,36,26,620,2/12/2014 13:25,342,554,3499.709236,45,-4.8,512,492,326,0,161,0,446.2,76,3,0,755,3.49E-30,-43.0274512,-0.500638604
948,,-1.609437912,0.2,0,2/12/2014 20:12,32,-62,366,2/12/2014 20:57,69,265,1478.628404,12,18,494,657,73,0,161,0,413.2,76,2,0,755,2.33E-34,-113.0261699,-3.454547077
949,,-1.609437912,0.2,0,2/12/2014 23:09,-16,115,968,2/12/2014 23:06,256,872,5904.128378,22,-23.3,672,796,360,1,161,0,391.8,76,2,0,968,2.98E-11,57.96021645,-0.908433394
950,,-1.609437912,0.2,0,2/13/2014 16:48,-26,157,575,2/13/2014 16:36,212,502,3121.73726,16,-16.1,342,193,205,0,147,0,339.2,75,1,0,968,8.87E-31,89.48977021,-2.165608159
951,,-1.609437912,0.2,0,2/14/2014 8:48,-6,127,1080,2/14/2014 8:48,250,1165,8225.454966,48,-32.5,977,1080,360,1,130,0,340.8,76,1,1,1080,1.62E-10,59.93241315,-0.971307233
952,,-1.609437912,0.2,0,2/14/2014 15:12,32,-157,496,2/14/2014 16:00,40,345,2016.022824,40,-1.2,321,327,53,0,130,0,344.3,76,2,1,1080,6.02E-32,127.9134972,-4.424516706
953,,-1.609437912,0.2,0,2/15/2014 9:54,30,-175,639,2/15/2014 9:48,174,487,3013.684628,30,-7.4,423,354,145,0,113,0,380.3,76,1,0,639,6.03E-30,119.5669033,-3.865939523
954,,-1.609437912,0.2,0,2/15/2014 21:12,-45,172,340,2/15/2014 20:48,187,270,1511.573929,21,-0.3,264,262,185,0,113,0,419.8,75,1,0,639,6.01E-35,108.9937951,-3.212451967
955,,-1.609437912,0.2,0,2/16/2014 7:54,-17,-87,229,2/16/2014 5:36,111,189,990.6901858,25,1.7,205,270,114,0,103,0,379,75,1,0,639,3.91E-38,-143.7349954,-5.586735776
956,,-1.609437912,0.2,0,2/16/2014 13:09,6,-119,650,2/16/2014 12:48,96,659,4277.386809,34,-2.6,633,641,98,0,103,0,365.7,76,2,0,650,8.22E-30,173.7723512,-8.16571932
957,,-1.609437912,0.2,0,2/17/2014 5:24,26,120,440,2/17/2014 5:12,267,582,3705.285801,27,9.1,655,689,270,0,106,0,401,75,1,0,650,6.78E-33,65.78247008,-1.17018209
958,,-1.609437912,0.2,0,2/17/2014 12:00,-65,-133,350,2/17/2014 10:48,52,358,2105.230809,30,-3.5,336,249,62,0,106,0,383.2,76,2,0,650,1.02E-34,114.336858,-3.53513172
959,,-1.609437912,0.2,0,2/18/2014 0:12,29,119,420,2/18/2014 0:00,292,357,2098.351674,20,5.9,411,484,291,0,127,0,351.5,77,1,0,440,2.90E-33,58.89580926,-0.937997931
960,,-1.609437912,0.2,0,2/18/2014 1:25,-28,-49,851,2/18/2014 1:36,44,779,5186.590605,63,-11.3,674,712,360,1,127,38500,349.8,78,2,0,851,7.90E-13,-111.4959428,-3.361640148
961,2/19/2014 4:00,1.386294361,4,0,2/19/2014 0:00,59,-65,500,2/18/2014 23:24,44,527,3302.814689,38,7.1,652,587,32,0,126,0,414.8,78,1,0,851,6.97E-32,-105.0395855,-2.983589651
962,2/19/2014 6:00,1.401872391,4.0628,0,2/19/2014 5:00,-13,-151,810,2/19/2014 4:48,90,612,3927.040157,59,-30.8,417,0,360,1,126,0,456.8,78,2,0,810,7.85E-14,155.3119427,-6.522931192
963,,-1.609437912,0.2,0,2/19/2014 16:00,-37,-1,800,2/19/2014 16:00,189,571,3624.359239,45,-5.4,512,510,190,0,126,0,521.3,78,1,0,810,3.85E-14,-55.5931691,-0.835749175
964,,-1.609437912,0.2,0,2/20/2014 3:12,-48,-39,643,2/20/2014 3:12,89,993,6852.425549,45,-48.8,762,639,360,1,133,0,642.5,76,1,0,810,6.75E-30,-79.81155762,-1.72252156
965,2/20/2014 7:39,3.362802994,28.87,1,2/20/2014 8:00,-4,79,854,2/20/2014 8:00,268,948,6497.928068,40,-9.5,874,907,360,1,133,103200,594.5,76,2,0,854,9.07E-13,40.61178604,-0.446002478
966,,-1.609437912,0.2,0,2/21/2014 1:25,-12,-112,585,2/21/2014 1:25,100,646,4180.136479,28,2.8,667,677,102,0,136,0,540.3,75,1,0,854,1.21E-30,-151.9168147,-6.240864955
967,,-1.609437912,0.2,0,2/21/2014 7:12,-62,2,313,2/21/2014 7:12,179,221,1192.993957,13,5.8,323,395,179,0,136,0,521.3,76,2,0,854,1.31E-35,-69.56912008,-1.308778385
968,,-1.609437912,0.2,0,2/21/2014 16:00,-6,-114,840,2/21/2014 16:00,139,1252,8929.886935,60,-61.9,834,1140,360,1,136,0,477.5,77,2,0,840,4.61E-13,-161.0557354,-7.014318525
969,,-1.609437912,0.2,0,2/22/2014 12:24,-54,139,1061,2/22/2014 12:12,204,1023,7089.896146,30,9.5,1093,1071,247,0,146,0,436.8,76,1,1,1061,1.30E-10,87.96111747,-2.092254783
970,,-1.609437912,0.2,0,2/22/2014 16:40,-24,-103,850,2/22/2014 15:48,95,696,4555.563364,23,-13.9,537,615,96,0,146,0,448.8,77,2,1,1061,7.54E-13,-145.2410951,-5.70442826
971,,-1.609437912,0.2,0,2/23/2014 6:48,-14,101,735,2/23/2014 6:48,257,770,5117.720696,26,19.2,909,923,262,0,158,0,473.8,78,1,0,1061,2.57E-17,53.91632752,-0.786092583
972,,-1.609437912,0.2,0,2/24/2014 11:54,-22,-85,612,2/24/2014 11:36,110,495,3071.256092,12,-7.2,371,454,94,0,153,0,478.2,76,1,0,612,2.75E-30,-129.1594,-4.5111278
973,,-1.609437912,0.2,0,2/24/2014 13:25,-21,-75,319,2/24/2014 13:36,106,266,1485.210018,15,-2.4,247,148,118,0,153,0,469.7,77,2,0,612,1.86E-35,-121.283798,-3.977760862
974,,-1.609437912,0.2,0,2/24/2014 23:36,-25,129,1050,2/24/2014 23:24,226,790,5270.906027,29,-32.3,527,511,267,0,153,0,446,76,1,1,1050,1.13E-10,78.78870032,-1.678653136
975,2/25/2014 3:45,4.671613143,106.87,1,2/25/2014 1:25,-11,-78,1670,2/25/2014 1:25,73,2147,16471.41214,66,-158.1,1809,2069,360,1,171,8784800,447.7,77,2,2,1670,1.87E-09,-128.3394936,-4.454036134
976,,-1.609437912,0.2,0,3/2/2014 20:24,72,-139,284,3/2/2014 22:24,16,289,1637.597313,10,32,403,888,16,0,158,0,358.5,62,1,0,284,2.17E-36,106.5348584,-3.069139007
977,,-1.609437912,0.2,0,3/4/2014 7:54,16,65,430,3/4/2014 7:24,289,372,2201.828514,11,-31,172,0,309,0,141,0,361.2,60,1,0,430,4.45E-33,16.07273724,-0.069857459
978,,-1.609437912,0.2,0,3/4/2014 18:48,45,170,900,3/4/2014 18:48,356,794,5301.604268,60,-30.3,519,692,360,1,141,1484000,404.3,59,1,0,900,5.24E-12,106.2499941,-3.052747767
979,,-1.609437912,0.2,0,3/4/2014 21:38,-60,-140,651,3/4/2014 20:57,159,643,4157.731058,26,-14.5,782,833,66,0,141,0,415.5,60,2,0,900,8.45E-30,118.8553351,-3.820062381
980,,-1.609437912,0.2,0,3/4/2014 21:49,19,36,510,3/4/2014 21:38,70,911,6208.048579,29,-14.5,782,833,66,0,141,0,415.5,61,3,0,900,1.00E-31,-26.72916652,-0.193198578
981,,-1.609437912,0.2,0,3/5/2014 4:48,26,66,540,3/5/2014 4:48,291,428,2593.304728,23,-8.1,316,318,312,0,154,0,422.8,62,3,0,900,2.83E-31,28.37880679,-0.217781686
982,,-1.609437912,0.2,0,3/5/2014 9:24,-48,176,1070,3/5/2014 9:24,174,864,5841.998872,44,-13.4,723,823,360,1,154,0,427.7,62,2,1,1070,1.44E-10,111.0185955,-3.332917401
983,,-1.609437912,0.2,0,3/5/2014 13:54,59,-173,650,3/5/2014 13:48,358,828,5563.342892,29,-21.8,624,716,360,1,154,3363500,432,62,2,1,1070,8.22E-30,110.942552,-3.328353125
984,,-1.609437912,0.2,0,3/6/2014 6:12,39,107,288,3/6/2014 6:12,295,474,2920.41227,27,-3.1,452,417,301,0,127,0,481,62,1,0,1070,2.81E-36,66.6612669,-1.201656167
985,,-1.609437912,0.2,0,3/7/2014 12:24,25,150,800,3/7/2014 12:12,303,436,2649.852018,25,-5,370,362,307,0,134,0,415,58,1,0,800,3.85E-14,94.32544932,-2.405973605
986,,-1.609437912,0.2,0,3/8/2014 18:36,-25,-96,557,3/8/2014 18:12,115,363,2139.668229,21,-4.6,295,258,96,0,116,0,371.2,55,1,0,557,4.97E-31,-147.011718,-5.844360527
987,,-1.609437912,0.2,0,3/9/2014 3:12,37,154,580,3/9/2014 3:12,347,713,4684.040253,42,-18.1,573,545,278,0,111,0,360.5,56,2,0,580,1.04E-30,90.33904,-2.206907017
988,,-1.609437912,0.2,0,3/9/2014 10:24,-59,-157,363,3/9/2014 9:36,184,414,2494.708513,35,-3.9,352,350,187,0,111,0,344.5,57,2,0,580,2.00E-34,111.9267543,-3.387668557
989,,-1.609437912,0.2,0,3/10/2014 18:36,-20,-60,645,3/10/2014 17:48,99,548,3455.838857,35,8.9,683,630,88,0,113,0,315.2,55,1,0,645,7.14E-30,-129.5990688,-4.541892546
990,,-1.609437912,0.2,0,3/11/2014 5:10,-5,90,372,3/11/2014 6:48,327,208,1110.207921,8,-1.3,201,122,327,0,111,0,310.2,56,1,0,645,3.14E-34,16.85371243,-0.076811147
991,,-1.609437912,0.2,0,3/11/2014 13:48,-8,-65,416,3/11/2014 13:48,102,302,1724.548959,10,-2.2,288,216,101,0,111,0,304.8,56,2,0,645,2.43E-33,-139.5289476,-5.264555767
992,,-1.609437912,0.2,0,3/12/2014 14:39,30,-154,1150,3/12/2014 14:48,9,972,6686.733842,60,-26.3,779,862,360,1,132,0,283,55,1,1,1150,3.13E-10,119.7956822,-3.880747832
993,,-1.609437912,0.2,0,3/12/2014 19:24,-17,109,584,3/12/2014 19:12,248,324,1872.960899,19,5.5,389,448,255,0,132,0,306.8,55,2,1,1150,1.18E-30,37.8114662,-0.386616273
994,,-1.609437912,0.2,0,3/13/2014 1:25,-10,78,365,3/13/2014 1:25,277,564,3572.970598,32,8.4,573,702,264,0,112,0,325.2,54,2,0,1150,2.21E-34,12.49105465,-0.042192116
995,,-1.609437912,0.2,0,3/13/2014 12:39,-12,-129,255,3/13/2014 14:05,106,371,2194.910965,13,43.4,446,998,106,0,112,0,368.7,53,1,0,1150,2.92E-37,163.6675659,-7.243664719
996,,-1.609437912,0.2,0,3/13/2014 22:54,31,139,383,3/13/2014 22:12,332,331,1920.501182,35,-7.2,265,0,312,0,112,0,484,52,1,0,383,5.35E-34,91.41151426,-2.259617344
997,,-1.609437912,0.2,0,3/14/2014 2:00,-48,-56,270,3/14/2014 1:36,144,110,517.0528402,28,3.4,148,294,133,0,109,0,490.3,53,2,0,383,8.47E-37,-98.48878298,-2.623050399
998,,-1.609437912,0.2,0,3/14/2014 4:17,34,-109,460,3/14/2014 3:24,50,314,1805.309398,29,9.8,436,520,58,0,109,0,481.3,54,3,0,460,1.53E-32,-139.549028,-5.266071178
999,,-1.609437912,0.2,0,3/14/2014 10:00,-1,-99,545,3/14/2014 10:00,88,469,2884.632698,48,1,481,482,85,0,109,0,446.5,54,3,0,545,3.35E-31,-150.3149401,-6.109946245
1000,,-1.609437912,0.2,0,3/15/2014 5:00,-9,-75,464,3/15/2014 4:48,102,381,2264.206562,22,10.3,485,565,99,0,111,0,397,51,1,0,545,1.79E-32,-132.0821252,-4.717600807
1001,,-1.609437912,0.2,0,3/15/2014 10:48,27,87,500,3/15/2014 9:48,289,349,2043.420101,24,47,609,1065,283,0,111,0,396.2,52,2,0,500,6.97E-32,38.90985348,-0.409404191
1002,,-1.609437912,0.2,0,3/16/2014 3:48,-53,-34,767,3/16/2014 3:36,145,596,3808.583438,35,0.4,601,600,152,0,122,0,379.7,52,1,0,767,1.94E-15,-92.62271897,-2.319894016
1003,,-1.609437912,0.2,0,3/16/2014 17:36,-84,-38,306,3/16/2014 17:12,180,272,1524.778162,18,19.4,435,695,175,0,122,0,328,51,1,0,767,8.62E-36,-91.83858708,-2.280780442
1004,,-1.609437912,0.2,0,3/17/2014 4:24,-80,-81,279,3/17/2014 3:48,175,324,1872.960899,9,19.4,376,740,177,0,126,0,316.3,52,1,0,306,1.56E-36,-98.93703731,-2.646981436
1005,,-1.609437912,0.2,0,3/17/2014 12:48,-41,-39,310,3/17/2014 12:48,140,402,2410.57374,22,-15,316,0,128,0,126,0,304.7,52,2,0,310,1.10E-35,-108.0345495,-3.156155728
1006,,-1.609437912,0.2,0,3/17/2014 17:54,44,-149,211,3/17/2014 16:36,179,314,1805.309398,19,2.2,334,372,186,0,126,0,297.7,53,2,0,310,8.37E-39,119.9877593,-3.893202372
1007,,-1.609437912,0.2,0,3/18/2014 20:09,-21,-171,350,3/18/2014 17:36,164,221,1192.993957,40,-7.3,146,0,192,0,136,0,319.3,51,1,0,350,1.02E-34,115.280202,-3.593706047
1008,,-1.609437912,0.2,0,3/19/2014 6:36,-4,-68,150,3/19/2014 6:24,98,286,1617.613658,12,20.2,399,724,96,0,141,0,305.8,51,1,0,350,1.21E-41,-142.7630729,-5.511437263
1009,,-1.609437912,0.2,0,3/19/2014 13:39,18,-161,185,3/19/2014 11:36,101,214,1148.318867,40,14.4,348,594,98,0,141,0,308.8,51,2,0,350,6.90E-40,122.8550822,-4.081495735
1010,,-1.609437912,0.2,0,3/20/2014 6:39,2,-70,393,3/20/2014 4:36,140,740,4888.921138,47,-2,725,721,360,1,139,0,336.5,50,1,0,393,8.58E-34,-138.0709335,-5.155106186
1011,,-1.609437912,0.2,0,3/20/2014 19:12,-1,-78,534,3/20/2014 18:24,91,557,3521.668839,24,9.6,696,639,78,0,139,0,318,51,1,0,534,2.31E-31,-150.0570415,-6.0889983
1012,,-1.609437912,0.2,0,3/21/2014 8:24,-44,2,400,3/21/2014 8:00,188,368,2174.174521,20,7.1,465,496,186,0,126,0,339.8,50,1,0,534,1.19E-33,-72.60875398,-1.425643903
1013,,-1.609437912,0.2,0,3/21/2014 11:24,45,-65,470,3/21/2014 11:00,43,423,2558.038432,41,-3.7,371,373,45,0,126,0,346.2,51,2,0,534,2.26E-32,-117.7605646,-3.750013676
1014,,-1.609437912,0.2,0,3/22/2014 7:09,-1,81,247,3/22/2014 6:48,279,340,1981.84151,30,10.6,513,535,257,0,146,0,416.8,50,1,0,470,1.61E-37,26.0299721,-0.183223215
1015,,-1.609437912,0.2,0,3/22/2014 10:09,50,47,824,3/22/2014 10:00,337,756,5010.79928,24,-1.4,742,747,323,0,146,0,428.8,50,2,0,824,1.91E-13,-50.30355225,-0.684274572
1016,,-1.609437912,0.2,0,3/22/2014 10:42,2,-120,500,3/22/2014 9:24,92,317,1825.571862,24,6.7,393,472,87,0,146,0,434.2,51,3,0,824,6.97E-32,-172.5137032,-8.047857702
1017,,-1.609437912,0.2,0,3/23/2014 4:09,4,-35,700,3/23/2014 3:36,97,820,5501.629559,52,2.3,841,834,360,1,151,0,478,51,1,0,824,8.98E-21,-82.96487828,-1.861322615
1018,,-1.609437912,0.2,0,3/23/2014 6:54,36,-44,568,3/23/2014 6:12,41,488,3020.873918,40,3.7,523,536,42,0,151,0,469,52,2,0,824,7.10E-31,-92.3196957,-2.304739376
1019,,-1.609437912,0.2,0,3/23/2014 22:12,-88,160,495,3/23/2014 21:48,194,417,2515.796954,19,-0.5,412,406,185,0,151,0,483.5,51,1,0,700,5.81E-32,90.76838706,-2.227934043
1020,,-1.609437912,0.2,0,3/24/2014 6:24,38,-37,527,3/24/2014 3:48,37,369,2181.083962,25,11.6,565,562,35,0,137,0,445.5,52,2,0,568,1.82E-31,-88.77507359,-2.131155676
1021,,-1.609437912,0.2,0,3/24/2014 7:36,-28,76,707,3/24/2014 7:12,237,809,5416.901324,22,15.9,944,923,228,0,137,0,444.3,53,2,0,707,6.71E-20,36.48748728,-0.36001534
1022,,-1.609437912,0.2,0,3/24/2014 13:39,88,-128,552,3/24/2014 12:48,7,301,1717.84019,23,4.3,419,371,0,0,137,0,420.3,53,3,0,707,4.22E-31,91.9980497,-2.28870772
1023,,-1.609437912,0.2,0,3/25/2014 5:36,-9,95,614,3/25/2014 5:36,269,651,4217.509777,38,3.4,688,680,261,0,136,283400,376.2,53,1,0,707,2.92E-30,35.10687457,-0.333286274
1024,,-1.609437912,0.2,0,3/26/2014 5:48,-41,-133,489,3/26/2014 5:36,145,588,3749.515445,34,-2.6,556,565,123,0,112,0,422.2,53,1,0,489,4.65E-32,138.4708049,-5.185009141
1025,,-1.609437912,0.2,0,3/28/2014 11:08,30,-96,358,3/28/2014 12:12,68,264,1472.050563,25,-1.6,248,205,65,0,122,0,424.8,50,1,0,358,1.55E-34,-138.5591713,-5.191628972
1026,,-1.609437912,0.2,0,3/28/2014 16:56,-4,155,776,3/28/2014 17:24,249,762,5056.591275,56,-34.3,581,537,360,1,122,0,425.5,51,2,0,776,4.92E-15,101.1089343,-2.764471768
1027,,-1.609437912,0.2,0,3/28/2014 20:24,49,32,477,3/28/2014 20:00,345,420,2536.906979,32,2.4,440,464,341,0,122,0,427.7,52,2,0,776,2.96E-32,-52.4072415,-0.742703884
1028,,-1.609437912,0.2,0,3/28/2014 23:48,25,36,820,3/28/2014 23:48,327,514,3208.502758,32,-4,459,476,325,0,122,424800,419.7,53,3,0,820,1.50E-13,-30.80337335,-0.256584048
1029,,-1.609437912,0.2,0,3/29/2014 3:12,46,-38,654,3/29/2014 2:48,15,414,2494.708513,30,17.7,511,718,32,0,118,0,403.5,54,3,0,820,9.19E-30,-93.33261208,-2.35559126
1030,,-1.609437912,0.2,0,3/29/2014 7:24,8,65,533,3/29/2014 7:12,266,544,3426.62839,40,9,644,645,265,0,118,0,391,55,3,0,820,2.23E-31,10.22187437,-0.028254926
1031,3/29/2014 18:54,1.079837133,2.9442,0,3/29/2014 18:39,34,36,707,3/29/2014 18:12,325,528,3310.082838,46,-4.1,461,505,360,1,118,13234200,432.5,56,1,0,820,6.71E-20,-37.54761092,-0.381239342
1032,,-1.609437912,0.2,0,3/30/2014 12:24,44,38,437,3/30/2014 12:24,321,487,3013.684628,31,-3,449,451,291,0,101,0,421,57,1,0,707,5.98E-33,-46.37518346,-0.581573186
1033,,-1.609437912,0.2,0,3/30/2014 13:48,35,-69,453,3/30/2014 13:25,56,395,2361.659877,22,1.2,415,415,56,0,101,0,416.3,58,2,0,707,1.15E-32,-117.3034612,-3.720957819
1034,,-1.609437912,0.2,0,3/31/2014 5:48,38,-88,178,3/31/2014 5:36,54,126,609.3715203,9,5.3,215,360,52,0,118,0,386.3,59,1,0,453,3.30E-40,-131.5549566,-4.680018012
1035,,-1.609437912,0.2,0,3/31/2014 8:54,-3,80,215,3/31/2014 8:36,271,234,1276.545141,22,-7.8,108,0,276,0,118,0,398.5,60,2,0,453,1.19E-38,22.67586831,-0.139046783
1036,,-1.609437912,0.2,0,4/1/2014 14:24,-29,90,375,4/1/2014 14:00,237,409,2459.609499,8,-8.3,352,125,242,0,96,0,429.7,61,1,0,375,3.64E-34,45.44551336,-0.558489639
1037,,-1.609437912,0.2,0,4/1/2014 17:00,-9,-15,450,4/1/2014 16:48,219,247,1360.818919,50,15.4,329,623,360,1,96,0,429.3,62,2,0,450,1.02E-32,-68.66602184,-1.27501962
1038,,-1.609437912,0.2,0,4/1/2014 19:24,-6,94,577,4/1/2014 19:00,264,551,3477.76588,35,-27.6,325,0,256,0,96,0,432.5,63,3,0,577,9.45E-31,41.36785694,-0.462763545
1039,,-1.609437912,0.2,0,4/2/2014 13:55,19,-50,1604,4/2/2014 13:36,60,1471,10729.02935,68,-1.2,1464,1468,360,1,114,15445520,403.3,63,1,1,1604,1.71E-09,-105.8867084,-3.031907792
1040,,-1.609437912,0.2,0,4/3/2014 23:09,-42,98,372,4/4/2014 0:12,29,434,2635.701328,29,2.7,451,490,34,0,133,0,403,60,1,0,372,3.14E-34,55.96091945,-0.846842754
1041,,-1.609437912,0.2,0,4/4/2014 14:25,34,-32,445,4/4/2014 14:12,43,467,2870.335763,22,1.3,486,482,54,0,158,15000,433.5,58,1,0,445,8.33E-33,-85.74846171,-1.988317654
1042,,-1.609437912,0.2,0,4/4/2014 18:12,53,103,220,4/4/2014 18:12,316,202,1072.270075,33,1.9,251,264,307,0,158,0,423.3,59,2,0,445,1.84E-38,66.67396659,-1.202114067
1043,,-1.609437912,0.2,0,4/4/2014 21:48,53,-73,468,4/4/2014 21:12,50,359,2112.112737,25,7.6,509,471,58,0,158,0,411,60,3,0,468,2.09E-32,-112.1358498,-3.400337697
1044,,-1.609437912,0.2,0,4/5/2014 0:12,-44,-84,498,4/5/2014 0:12,106,585,3727.392931,39,-13.1,443,475,155,0,135,0,414.7,61,3,0,498,6.48E-32,-123.0301771,-4.093138044
1045,,-1.609437912,0.2,0,4/6/2014 2:00,-43,-124,364,4/6/2014 1:48,121,526,3295.548438,20,13.2,659,694,118,0,121,0,406.8,61,1,0,364,2.11E-34,136.9989206,-5.075366211
1046,,-1.609437912,0.2,0,4/6/2014 9:48,26,145,654,4/6/2014 9:36,309,464,2848.906432,40,-5.3,396,393,302,0,121,0,370.5,62,2,0,654,9.19E-30,83.8375318,-1.900684624
1047,,-1.609437912,0.2,0,4/7/2014 6:48,68,-80,436,4/7/2014 6:36,24,623,4008.722481,24,3.2,662,651,22,0,114,0,356.2,62,1,0,654,5.73E-33,-107.7206037,-3.137838958
1048,,-1.609437912,0.2,0,4/7/2014 20:24,66,28,300,4/7/2014 18:12,348,224,1212.208716,24,5.4,405,353,345,0,114,0,427.8,62,1,0,436,5.98E-36,-68.47617797,-1.267979164
1049,,-1.609437912,0.2,0,4/7/2014 21:28,-32,124,510,4/7/2014 21:28,231,490,3035.258642,37,-1.4,470,475,228,0,114,0,433.5,63,2,0,510,1.00E-31,74.08140141,-1.484060042
1050,,-1.609437912,0.2,0,4/8/2014 11:12,40,156,525,4/8/2014 11:00,306,347,2029.715699,40,-5.5,233,257,351,0,117,0,421.8,62,1,0,525,1.70E-31,98.90935434,-2.645500372
1051,,-1.609437912,0.2,0,4/9/2014 0:00,0,-158,690,4/8/2014 23:12,115,514,3208.502758,56,-13.5,365,339,360,1,94,0,449,63,1,0,690,2.94E-22,150.9555489,-6.162135676
1052,,-1.609437912,0.2,0,4/9/2014 6:12,-42,130,375,4/9/2014 6:00,218,302,1724.548959,19,2.5,330,371,214,0,94,0,459.7,64,2,0,690,3.64E-34,82.69158385,-1.849080054
1053,,-1.609437912,0.2,0,4/10/2014 0:48,12,41,440,4/10/2014 0:48,300,219,1180.206709,28,-40.4,0,0,292,0,65,0,400.3,64,1,0,440,6.78E-33,-20.10751424,-0.109332647
1054,,-1.609437912,0.2,0,4/10/2014 4:24,12,-42,212,4/10/2014 4:00,273,399,2389.595605,12,20.3,439,790,270,0,65,0,393.8,65,2,0,440,9.16E-39,-99.97429966,-2.702774633
1055,,-1.609437912,0.2,0,4/10/2014 16:36,-15,-88,300,4/10/2014 14:36,110,181,940.9279627,30,8.7,376,452,106,0,65,0,379.8,64,1,0,440,5.98E-36,-145.3073563,-5.70963434
1056,,-1.609437912,0.2,0,4/11/2014 4:17,-71,-173,330,4/11/2014 3:47,184,738,4873.710543,12,-42,482,60,180,0,61,0,377,65,1,0,330,3.47E-35,101.087888,-2.763321012
1057,,-1.609437912,0.2,0,4/11/2014 6:36,-23,82,353,4/11/2014 5:24,252,135,662.2120951,16,8.5,244,451,251,0,61,0,380,66,2,0,353,1.20E-34,31.2017394,-0.263263532
1058,,-1.609437912,0.2,0,4/11/2014 15:12,-22,-86,610,4/11/2014 14:48,137,742,4904.137138,42,2.9,764,764,119,0,61,0,355.7,66,2,0,610,2.59E-30,-143.7503731,-5.587931248
1059,,-1.609437912,0.2,0,4/13/2014 7:25,14,164,581,4/13/2014 6:12,276,354,2077.731107,25,-0.3,353,347,286,0,80,0,338.5,61,1,0,581,1.07E-30,96.10495077,-2.497609941
1060,,-1.609437912,0.2,0,4/14/2014 9:09,24,-98,495,4/14/2014 8:24,74,531,3331.898633,12,-8.8,454,392,58,0,105,0,374,60,1,0,495,5.81E-32,-148.7002914,-5.97938796
1061,,-1.609437912,0.2,0,4/14/2014 13:24,-29,-4,396,4/14/2014 13:25,203,227,1231.463654,29,-1.3,221,148,190,0,105,0,368.2,60,2,0,495,9.87E-34,-69.37152641,-1.301354428
1062,,-1.609437912,0.2,0,4/14/2014 15:48,-40,-70,730,4/14/2014 15:12,146,654,4239.952208,15,-0.9,645,648,147,0,105,0,365.8,61,3,0,730,1.07E-17,-121.2686603,-3.976767977
1063,,-1.609437912,0.2,0,4/16/2014 18:36,51,-110,497,4/16/2014 18:00,37,568,3602.324966,16,26.2,815,863,43,0,187,0,313.2,57,1,0,497,6.25E-32,128.9287388,-4.49502966
1064,,-1.609437912,0.2,0,4/17/2014 1:25,-34,26,202,4/17/2014 1:25,210,307,1758.142259,45,-12,159,0,205,0,199,0,346.2,58,2,0,497,3.67E-39,-50.71327105,-0.695466701
1065,,-1.609437912,0.2,0,4/17/2014 10:24,62,125,416,4/17/2014 10:00,328,197,1040.791135,10,5.3,263,375,331,0,199,0,380.3,59,2,0,497,2.43E-33,78.44102112,-1.663870685
1066,,-1.609437912,0.2,0,4/18/2014 0:12,-46,51,744,4/17/2014 22:24,222,824,5532.476517,34,-35.3,573,542,212,0,178,0,396.3,59,1,0,744,1.06E-16,-46.39163537,-0.581985893
1067,,-1.609437912,0.2,0,4/18/2014 7:39,-42,24,379,4/18/2014 7:24,211,387,2305.910356,24,8.3,422,568,209,0,178,0,423.5,59,2,0,744,4.42E-34,-49.99788357,-0.675983873
1068,4/18/2014 13:34,4.07806273,59.031,1,4/18/2014 13:09,-34,10,1400,4/18/2014 13:25,238,1203,8532.36618,45,13.5,1279,1245,360,1,178,8102250,474.2,60,2,1,1400,1.10E-09,-49.43400621,-0.660822328
1069,,-1.609437912,0.2,0,4/20/2014 14:12,26,126,400,4/20/2014 14:00,307,329,1906.903,23,-4.9,275,168,287,0,173,0,659.2,56,1,0,400,1.19E-33,91.1074438,-2.244609604
1070,,-1.609437912,0.2,0,4/20/2014 21:12,28,127,592,4/20/2014 20:48,300,266,1485.210018,22,-3.4,234,79,289,0,173,0,630.3,57,2,0,592,1.51E-30,90.56333206,-2.217879155
1071,,-1.609437912,0.2,0,4/21/2014 4:00,29,119,236,4/21/2014 3:48,307,358,2105.230809,20,-36.1,207,0,299,0,150,0,609.7,58,2,0,592,6.88E-38,82.49319587,-1.840218325
1072,,-1.609437912,0.2,0,4/21/2014 12:24,44,136,409,4/21/2014 11:36,319,225,1218.62259,17,0.7,234,251,313,0,150,0,563.5,56,2,0,592,1.78E-33,93.82960773,-2.380745075
1073,,-1.609437912,0.2,0,4/21/2014 19:24,41,-8,400,4/21/2014 19:00,14,293,1664.290574,19,5,395,401,9,0,150,0,534.3,57,2,0,592,1.19E-33,-61.57388344,-1.025241515
1074,,-1.609437912,0.2,0,4/21/2014 21:28,63,10,240,4/21/2014 19:00,217,143,709.6867821,21,5,395,401,9,0,150,0,535.3,58,2,0,409,9.42E-38,-67.57063688,-1.234664946
1075,,-1.609437912,0.2,0,4/22/2014 1:39,56,154,524,4/22/2014 0:36,338,521,3259.245772,20,14.6,661,706,343,0,123,0,519,59,3,0,524,1.64E-31,100.9404443,-2.755265897
1076,,-1.609437912,0.2,0,4/22/2014 15:48,62,-50,200,4/22/2014 14:00,40,565,3580.306538,26,83.2,816,1454,23,0,123,0,459.5,58,1,0,524,3.04E-39,-94.61952204,-2.420998905
1077,,-1.609437912,0.2,0,4/22/2014 16:48,13,-112,660,4/22/2014 16:48,85,618,3971.569867,50,-16.7,426,507,94,0,123,0,460.3,59,2,0,660,1.08E-29,-157.7557313,-6.729819027
1078,,-1.609437912,0.2,0,4/22/2014 23:36,29,24,375,4/22/2014 23:24,332,297,1691.038445,25,-5.4,220,55,323,0,123,0,436,59,3,0,660,3.64E-34,-39.81226627,-0.428614534
1079,,-1.609437912,0.2,0,4/23/2014 3:24,-45,-48,319,4/23/2014 3:24,138,273,1531.3858,15,8.2,439,459,141,0,85,0,421.7,60,2,0,660,1.86E-35,-98.69795848,-2.634204167
1080,,-1.609437912,0.2,0,4/23/2014 13:25,-42,69,365,4/23/2014 13:25,233,686,4480.182053,12,-18.9,511,532,240,0,85,0,413.5,59,1,0,660,2.21E-34,43.74790268,-0.517544345
1081,,-1.609437912,0.2,0,4/24/2014 2:06,-45,-40,290,4/24/2014 1:25,224,601,3845.555556,20,-19,387,449,250,0,72,0,410.5,59,1,0,365,3.19E-36,-94.12014674,-2.395511634
1082,,-1.609437912,0.2,0,4/25/2014 0:48,-14,113,521,4/25/2014 0:48,269,456,2791.856721,50,-9.1,345,318,294,0,57,0,451.7,59,1,0,521,1.48E-31,63.15207632,-1.078470726
1083,,-1.609437912,0.2,0,4/25/2014 9:24,-33,-83,474,4/25/2014 9:36,302,283,1597.661472,23,33.6,401,920,301,0,57,0,420.3,59,2,0,521,2.64E-32,-128.2161133,-4.445476395
1084,,-1.609437912,0.2,0,4/28/2014 5:00,79,-11,270,4/28/2014 5:00,10,280,1577.741089,30,4.5,412,364,5,0,80,0,318,55,1,0,270,8.47E-37,-88.68121501,-2.126651675
1085,,-1.609437912,0.2,0,4/29/2014 5:24,-52,160,530,4/29/2014 7:04,22,323,1866.1817,19,1.3,339,354,25,0,77,0,272.2,54,1,0,530,2.01E-31,81.31421704,-1.787994022
1086,,-1.609437912,0.2,0,4/29/2014 5:46,88,-6,310,4/29/2014 7:52,175,326,1886.528546,27,23.8,386,796,189,0,77,0,273.3,55,2,0,530,1.10E-35,-89.9951167,-2.190135487
1087,,-1.609437912,0.2,0,4/29/2014 20:48,55,-60,289,4/29/2014 18:48,27,204,1084.896479,14,-21.1,112,0,26,0,77,0,297.8,54,1,0,530,2.99E-36,-114.7853691,-3.562920758
1088,,-1.609437912,0.2,0,4/29/2014 21:28,-39,76,298,4/29/2014 20:57,227,232,1263.64307,16,3.3,249,356,229,0,77,0,297.8,55,2,0,530,5.28E-36,-39.00994914,-0.411513286
1089,,-1.609437912,0.2,0,4/30/2014 14:36,-39,85,375,4/30/2014 15:12,231,141,697.7751445,16,1,157,197,230,0,82,0,303.2,54,1,0,375,3.64E-34,39.94251906,-0.431423696
1090,,-1.609437912,0.2,0,5/1/2014 8:24,40,-70,258,5/1/2014 8:12,46,311,1785.075596,12,-14,247,0,53,0,88,0,339.2,55,1,0,375,3.64E-37,-124.4299463,-4.1868068
1091,,-1.609437912,0.2,0,5/1/2014 10:24,28,-93,332,5/1/2014 10:12,64,303,1731.26104,11,-6.5,200,0,51,0,88,0,337.3,56,2,0,375,3.88E-35,-146.5725026,-5.809491217
1092,,-1.609437912,0.2,0,5/2/2014 5:36,1,-99,894,5/2/2014 5:36,94,767,5094.787377,25,-16.4,604,713,94,0,115,0,351.5,54,1,0,894,4.31E-12,-164.17248,-7.288427042
1093,,-1.609437912,0.2,0,5/2/2014 10:12,55,-106,270,5/2/2014 10:00,56,418,2522.831239,27,-38.1,233,0,45,0,115,0,343.3,55,2,0,894,8.47E-37,-124.6808154,-4.203706255
1094,,-1.609437912,0.2,0,5/3/2014 6:24,11,51,576,5/3/2014 6:12,288,582,3705.285801,25,0.1,583,584,308,0,123,0,313.7,55,1,0,576,9.15E-31,-24.52744211,-0.162681292
1095,,-1.609437912,0.2,0,5/3/2014 17:12,14,84,303,5/3/2014 17:12,277,486,3006.497391,11,-16.3,358,0,257,0,123,0,344.2,56,1,0,576,7.18E-36,22.2068765,-0.133354614
1096,,-1.609437912,0.2,0,5/3/2014 20:48,12,65,630,5/3/2014 20:48,308,494,3064.052545,36,-23.1,248,0,297,0,123,0,347,57,2,0,630,4.66E-30,-12.04508194,-0.039233099
1097,,-1.609437912,0.2,0,5/4/2014 0:24,41,151,431,5/4/2014 0:12,353,458,2806.106086,35,1.6,471,487,328,0,127,0,346,57,3,0,630,4.64E-33,86.04787602,-2.002227412
1098,,-1.609437912,0.2,0,5/4/2014 8:48,-23,84,309,5/4/2014 10:12,82,274,1537.997101,27,16.3,306,673,80,0,127,0,338,58,2,0,630,1.03E-35,27.8726469,-0.210082327
1099,,-1.609437912,0.2,0,5/4/2014 21:24,18,105,400,5/4/2014 20:24,299,329,1906.903,18,0.8,342,346,280,0,127,0,346.5,57,1,0,431,1.19E-33,42.21629585,-0.48194041
1100,,-1.609437912,0.2,0,5/5/2014 0:12,-4,-121,422,5/4/2014 23:12,82,239,1308.874789,49,5,255,410,81,0,142,0,353.2,57,2,0,431,3.16E-33,172.884568,-8.082496985
1101,,-1.609437912,0.2,0,5/5/2014 15:36,19,-84,916,5/5/2014 15:24,73,1069,7455.717956,9,-8.3,1015,1030,92,0,142,0,348.7,57,1,0,916,8.49E-12,-144.743903,-5.665440091
1102,,-1.609437912,0.2,0,5/6/2014 9:12,-24,88,300,5/6/2014 8:48,71,678,4419.981861,8,-35.2,625,0,76,0,148,0,368,57,1,0,916,5.98E-36,34.61023187,-0.323923242
1103,,-1.609437912,0.2,0,5/6/2014 18:09,5,108,460,5/6/2014 17:36,278,815,5463.098312,47,5.4,859,852,287,0,148,0,365.8,57,2,0,460,1.53E-32,45.56067201,-0.561323644
1104,,-1.609437912,0.2,0,5/6/2014 22:17,-3,103,570,5/6/2014 22:17,265,831,5586.50536,32,-6.1,783,793,270,0,148,0,349.3,58,2,0,570,7.57E-31,37.48866733,-0.380043315
1105,,-1.609437912,0.2,0,5/7/2014 9:36,-15,98,320,5/7/2014 9:36,257,378,2243.390006,21,1.2,400,396,253,0,120,0,334.3,58,1,0,570,1.97E-35,32.73500331,-0.28977297
1106,,-1.609437912,0.2,0,5/7/2014 12:00,15,101,815,5/7/2014 11:48,285,811,5432.295392,15,-9.5,764,710,283,0,120,0,331.7,59,2,0,815,1.09E-13,34.91489768,-0.329651184
1107,,-1.609437912,0.2,0,5/7/2014 16:10,-40,-6,290,5/7/2014 15:12,275,140,691.8299392,21,-23.3,93,0,271,0,120,0,331,60,3,0,815,3.19E-36,-78.74677987,-1.676867318
1108,,-1.609437912,0.2,0,5/7/2014 16:39,-6,122,1110,5/7/2014 16:24,260,923,6301.901783,41,-22.1,728,842,360,1,120,6541200,333.3,61,4,1,1110,2.21E-10,53.47038807,-0.773142888
1109,,-1.609437912,0.2,0,5/8/2014 3:24,6,130,800,5/8/2014 3:24,265,847,5710.220488,46,-28.4,581,732,360,1,132,1862500,335.8,60,1,0,1110,3.85E-14,61.91671723,-1.036690068
1110,,-1.609437912,0.2,0,5/8/2014 16:48,-30,-151,600,5/8/2014 16:36,137,416,2508.765068,18,-12,303,0,127,0,132,0,359.5,60,1,0,800,1.92E-30,135.360935,-4.954727619
1111,,-1.609437912,0.2,0,5/9/2014 2:54,4,140,1176,5/9/2014 2:48,262,1099,7695.369394,56,-19.8,969,1043,360,1,139,1485000,371.8,60,1,1,1176,3.82E-10,78.38551265,-1.661516656
1112,,-1.609437912,0.2,0,5/10/2014 0:00,13,-109,520,5/10/2014 1:36,89,573,3639.057516,20,27.3,883,834,83,0,123,0,379.7,60,1,0,1176,1.42E-31,-163.259597,-7.207597622
1113,,-1.609437912,0.2,0,5/10/2014 4:36,5,142,1100,5/10/2014 4:36,255,1086,7591.41856,64,-29.9,914,934,360,1,123,3822000,378.3,59,2,1,1100,2.00E-10,81.44882731,-1.793918732
1114,,-1.609437912,0.2,0,5/10/2014 6:24,-21,171,750,5/10/2014 6:12,205,568,3602.324966,23,-15,404,408,191,0,123,0,377.7,60,3,1,1100,2.47E-16,108.9166901,-3.20790843
1115,,-1.609437912,0.2,0,5/10/2014 10:24,25,64,457,5/10/2014 10:24,288,474,2920.41227,22,5.9,524,564,294,0,123,0,370.5,61,3,1,1100,1.35E-32,25.08559427,-0.170169562
1116,,-1.609437912,0.2,0,5/10/2014 21:12,38,-75,207,5/10/2014 19:36,47,303,1731.26104,38,9,565,464,56,0,123,0,350.2,61,1,0,1100,5.83E-39,-127.4140067,-4.390029506
1117,,-1.609437912,0.2,0,5/10/2014 23:12,45,-88,405,5/11/2014 0:48,17,703,4608.415895,30,-7.7,639,647,30,0,123,0,357.2,62,2,0,1100,1.49E-33,-128.7026727,-4.479280139
1118,,-1.609437912,0.2,0,5/11/2014 6:48,-30,-90,892,5/11/2014 6:36,113,819,5493.920865,21,-4.5,772,798,117,0,150,0,403.7,61,2,0,892,4.03E-12,-136.4214032,-5.032666102
1119,,-1.609437912,0.2,0,5/11/2014 21:48,63,-75,421,5/11/2014 22:36,107,285,1610.959416,10,52.8,389,1128,103,0,150,0,412.2,61,1,0,892,3.02E-33,-107.1848011,-3.106701348
1120,,-1.609437912,0.2,0,5/12/2014 12:18,-65,-39,751,5/12/2014 11:24,164,695,4548.018733,32,-0.2,692,694,168,0,154,0,421.7,62,1,0,751,2.82E-16,-91.41467176,-2.259773448
1121,,-1.609437912,0.2,0,5/12/2014 12:24,65,-156,280,5/12/2014 12:48,9,201,1065.964287,20,0.5,217,213,25,0,154,0,421.7,63,2,0,751,1.66E-36,111.3893905,-3.355218039
1122,,-1.609437912,0.2,0,5/12/2014 17:24,27,142,300,5/12/2014 17:12,311,338,1968.189513,20,5.7,386,473,293,0,154,0,402,64,3,0,751,5.98E-36,85.5351539,-1.978437683
1123,,-1.609437912,0.2,0,5/14/2014 5:24,60,160,460,5/14/2014 5:00,331,486,3006.497391,45,2.1,520,508,344,0,166,0,334,64,1,0,460,1.53E-32,90.69013172,-2.224094102
1124,,-1.609437912,0.2,0,5/14/2014 8:12,1,-56,525,5/14/2014 7:36,78,406,2438.579383,20,-6,325,288,83,0,166,0,340.7,65,2,0,525,1.70E-31,-123.2644787,-4.108743024
1125,,-1.609437912,0.2,0,5/14/2014 19:54,-7,-111,410,5/14/2014 19:24,99,309,1771.602455,27,-0.8,299,287,98,0,166,0,345.7,63,1,0,525,1.86E-33,-172.4987679,-8.046464285
1126,,-1.609437912,0.2,0,5/14/2014 23:12,64,143,361,5/14/2014 22:12,339,170,873.0857343,14,13.3,332,544,336,0,166,0,341.7,64,2,0,525,1.81E-34,83.8808783,-1.902650553
1127,,-1.609437912,0.2,0,5/15/2014 4:24,5,-70,333,5/15/2014 2:36,182,438,2664.011883,33,88.8,606,1480,184,0,156,0,334.7,65,3,0,525,4.10E-35,-138.2304888,-5.16702759
1128,,-1.609437912,0.2,0,5/15/2014 20:48,-34,-96,610,5/15/2014 20:48,155,655,4247.436079,34,-17.8,465,545,90,0,156,0,331.3,66,1,0,610,2.59E-30,-143.2692461,-5.55058866
1129,,-1.609437912,0.2,0,5/16/2014 4:38,3,87,630,5/16/2014 4:28,267,592,3779.035928,14,-1.5,577,575,272,0,133,0,336,67,2,0,630,4.66E-30,19.01826811,-0.097808145
1130,,-1.609437912,0.2,0,5/16/2014 15:24,20,150,285,5/16/2014 14:24,284,362,2132.775205,20,17.9,435,714,312,0,133,0,339.7,68,1,0,630,2.31E-36,82.98449546,-1.862202944
1131,,-1.609437912,0.2,0,5/17/2014 1:36,49,-177,601,5/17/2014 1:25,0,310,1778.337412,36,0.4,316,321,304,0,151,0,331.5,67,1,0,630,1.98E-30,105.3912002,-3.003597913
1132,,-1.609437912,0.2,0,5/17/2014 9:12,39,-78,291,5/17/2014 8:36,54,313,1798.561599,22,3.8,384,391,51,0,151,0,333.8,68,2,0,601,3.40E-36,-130.4852206,-4.604216547
1133,,-1.609437912,0.2,0,5/19/2014 0:00,32,-176,370,5/18/2014 22:24,359,70,297.3946669,14,2.6,104,253,1,0,102,0,340,65,1,0,370,2.84E-34,112.3092842,-3.410864064
1134,,-1.609437912,0.2,0,5/19/2014 8:48,40,-17,323,5/19/2014 8:12,15,243,1334.813931,22,-0.3,238,234,21,0,102,0,348.5,66,2,0,370,2.34E-35,-84.4634596,-1.929171446
1135,,-1.609437912,0.2,0,5/19/2014 12:00,6,93,310,5/19/2014 11:48,269,297,1691.038445,13,3.2,325,390,275,0,102,0,341.8,67,2,0,370,1.10E-35,26.58407405,-0.191106813
1136,,-1.609437912,0.2,0,5/19/2014 23:24,-1,-78,220,5/19/2014 23:12,88,225,1218.62259,22,12,386,545,92,0,102,0,339.3,68,1,0,370,1.84E-38,-145.5350529,-5.727542355
1137,,-1.609437912,0.2,0,5/20/2014 5:48,25,34,400,5/20/2014 5:12,316,403,2417.571434,18,1.1,418,422,306,0,87,0,340,69,2,0,400,1.19E-33,-40.83871702,-0.451000759
1138,,-1.609437912,0.2,0,5/20/2014 15:24,-18,70,460,5/20/2014 14:36,330,468,2877.483162,40,-3,428,435,321,0,87,0,332.8,69,1,0,460,1.53E-32,18.03444032,-0.087950524
1139,,-1.609437912,0.2,0,5/21/2014 2:12,-17,-65,503,5/21/2014 2:12,125,519,3244.738115,30,-2.5,481,499,79,0,85,0,318,69,1,0,503,7.78E-32,-134.4445196,-4.8878661
1140,,-1.609437912,0.2,0,5/22/2014 9:12,43,-63,244,5/22/2014 10:12,48,92,416.0045491,10,1.7,115,215,49,0,66,0,328.2,65,1,0,244,1.28E-37,-119.8158688,-3.88205582
1141,,-1.609437912,0.2,0,5/22/2014 15:48,48,71,504,5/22/2014 15:36,320,400,2396.585819,15,-8.6,348,0,317,0,66,0,352.7,66,2,0,504,8.06E-32,48.28372875,-0.630426842
1142,,-1.609437912,0.2,0,5/23/2014 7:12,-18,-72,537,5/23/2014 6:24,112,452,2763.384345,16,-1.1,438,437,114,0,91,0,475.7,63,1,0,537,2.56E-31,-118.5617343,-3.801212772
1143,,-1.609437912,0.2,0,5/24/2014 22:54,30,-110,395,5/24/2014 22:00,174,429,2600.365018,23,31.2,557,901,175,0,109,0,439.5,62,1,0,395,9.42E-34,-145.5202893,-5.726380368
1144,,-1.609437912,0.2,0,5/25/2014 2:36,27,7,492,5/25/2014 2:24,346,231,1257.198491,28,5.6,345,385,337,0,109,0,439.3,62,2,0,492,5.20E-32,-51.08641105,-0.705738614
1145,,-1.609437912,0.2,0,5/25/2014 10:12,-42,28,300,5/25/2014 10:00,186,160,812.0278104,47,2.4,237,256,214,0,109,0,421.2,62,2,0,492,5.98E-36,-48.27425405,-0.630179449
1146,,-1.609437912,0.2,0,5/25/2014 22:24,-20,108,362,5/25/2014 18:36,250,159,805.9557682,19,5.5,388,361,248,0,109,0,390,63,1,0,492,1.90E-34,52.14979006,-0.735424717
1147,,-1.609437912,0.2,0,5/26/2014 1:48,-6,89,350,5/26/2014 2:36,19,521,3259.245772,20,-6.6,443,448,14,0,91,0,384.7,64,2,0,492,1.02E-34,29.97560478,-0.242979146
1148,,-1.609437912,0.2,0,5/26/2014 17:54,27,-103,338,5/26/2014 17:36,60,298,1697.733859,29,-8.5,185,0,77,0,91,0,324.2,65,1,0,362,5.39E-35,-152.3273309,-6.274639196
1149,,-1.609437912,0.2,0,5/26/2014 22:00,-21,111,837,5/26/2014 21:48,250,711,4668.904098,23,-24,441,593,246,0,91,0,314,66,2,0,837,3.95E-13,42.64423928,-0.49176072
1150,,-1.609437912,0.2,0,5/27/2014 15:09,20,-133,350,5/27/2014 14:48,55,401,2403.578532,20,-3.5,371,319,75,0,78,0,315.7,67,1,0,837,1.02E-34,147.9369783,-5.918158343
1151,,-1.609437912,0.2,0,5/28/2014 7:00,34,-92,285,5/28/2014 7:00,57,272,1524.778162,24,5.4,317,426,71,0,70,0,325.3,67,1,0,350,2.31E-36,-142.2294961,-5.470316272
1152,,-1.609437912,0.2,0,5/28/2014 13:25,30,-93,300,5/28/2014 12:24,65,230,1250.758241,27,4.1,257,375,64,0,70,0,316.3,68,2,0,350,5.98E-36,-146.9596911,-5.840224664
1153,,-1.609437912,0.2,0,5/28/2014 21:24,-41,44,631,5/28/2014 20:24,214,685,4472.651904,18,28,969,924,210,0,70,0,331.3,69,2,0,631,4.80E-30,-46.9214696,-0.595355411
1154,,-1.609437912,0.2,0,5/28/2014 21:48,42,87,409,5/28/2014 20:36,307,296,1684.346398,20,10.3,469,518,297,0,70,0,332.3,70,3,0,631,1.78E-33,45.03658415,-0.548484022
1155,,-1.609437912,0.2,0,5/29/2014 0:00,19,-90,340,5/29/2014 0:00,62,293,1664.290574,37,4.7,334,417,65,0,48,0,330.3,71,3,0,631,6.01E-35,-152.2507561,-6.268332267
1156,,-1.609437912,0.2,0,5/29/2014 1:36,78,-6,149,5/29/2014 3:36,254,418,2522.831239,15,20.5,510,773,252,0,48,0,330.3,72,4,0,631,1.06E-41,-86.99350165,-2.046476292
1157,,-1.609437912,0.2,0,5/29/2014 9:12,25,-87,598,5/29/2014 9:12,80,398,2382.607898,32,-13.3,209,106,73,0,48,0,354,71,2,0,631,1.81E-30,-142.9684861,-5.527308824
1158,,-1.609437912,0.2,0,5/29/2014 9:24,-14,71,292,5/29/2014 8:48,254,281,1584.377662,9,-3.7,228,147,251,0,48,0,354,72,3,0,631,3.62E-36,15.3091268,-0.063377329
1159,,-1.609437912,0.2,0,6/1/2014 2:00,14,-51,244,6/1/2014 2:00,67,262,1458.90626,23,-2.3,223,186,69,0,64,0,304.2,68,1,0,244,1.28E-37,-125.0994529,-4.231982997
1160,,-1.609437912,0.2,0,6/2/2014 7:36,-29,-165,260,6/2/2014 7:24,166,706,4631.088358,60,-20.1,567,483,84,0,62,0,299.2,66,1,0,260,4.20E-37,114.5810217,-3.550246224
1161,,-1.609437912,0.2,0,6/2/2014 9:12,11,108,592,6/2/2014 8:48,278,593,3786.420279,67,-7.1,500,541,287,0,62,0,295.8,67,2,0,592,1.51E-30,32.25989408,-0.281422598
1162,,-1.609437912,0.2,0,6/3/2014 2:12,58,154,242,6/3/2014 2:48,145,266,1485.210018,20,6.4,471,390,127,0,74,0,319.7,65,1,0,592,1.10E-37,85.93428269,-1.996944549
1163,,-1.609437912,0.2,0,6/3/2014 4:31,-54,-116,361,6/3/2014 4:45,189,540,3397.447335,35,7.1,634,613,183,0,74,0,317.5,66,2,0,592,1.81E-34,125.5770182,-4.264355736
1164,,-1.609437912,0.2,0,6/4/2014 13:25,-45,-41,572,6/4/2014 12:48,160,467,2870.335763,43,43.7,1258,1035,360,1,64,0,320.7,64,1,0,572,8.06E-31,-105.6763864,-3.019875244
1165,,-1.609437912,0.2,0,6/5/2014 9:54,-42,-129,377,6/5/2014 10:00,89,135,662.2120951,48,-9.5,102,0,89,0,87,0,337.2,63,1,0,572,4.01E-34,135.2994317,-4.950226126
1166,,-1.609437912,0.2,0,6/5/2014 15:12,-14,115,794,6/5/2014 15:12,263,781,5201.909192,39,-5.4,730,752,288,0,87,0,335.2,64,2,0,794,2.42E-14,48.21341861,-0.62859214
1167,,-1.609437912,0.2,0,6/6/2014 12:54,-3,-154,830,6/6/2014 12:48,88,704,4615.971963,70,-36.2,560,0,82,0,119,0,346.2,61,1,0,830,2.70E-13,139.7056779,-5.277900605
1168,,-1.609437912,0.2,0,6/6/2014 23:24,20,-115,600,6/6/2014 23:12,78,518,3237.487175,40,-8.1,448,410,72,0,119,0,359.7,60,1,0,830,1.92E-30,-159.9605639,-6.919248788
1169,,-1.609437912,0.2,0,6/8/2014 3:12,-12,157,450,6/8/2014 3:36,280,471,2898.938162,23,-7.5,406,326,360,1,142,0,522.3,58,1,0,450,1.02E-32,112.5856808,-3.427673207
1170,,-1.609437912,0.2,0,6/8/2014 16:36,40,-50,410,6/8/2014 16:12,44,362,2132.775205,47,-10.4,257,0,50,0,142,0,594.7,59,1,0,450,1.86E-33,-88.88062126,-2.136226294
1171,,-1.609437912,0.2,0,6/9/2014 0:00,3,-73,857,6/9/2014 0:00,83,838,5640.593168,30,-31.3,564,692,116,0,156,0,576.2,60,2,0,857,1.04E-12,-112.7430825,-3.437264105
1172,,-1.609437912,0.2,0,6/9/2014 1:25,-31,43,528,6/9/2014 1:25,224,417,2515.796954,13,131.6,703,1739,226,0,156,0,563.3,60,3,0,857,1.88E-31,31.0776061,-0.261172959
1173,,-1.609437912,0.2,0,6/9/2014 17:24,-16,-116,535,6/9/2014 17:12,259,234,1276.545141,13,16.2,300,642,248,0,156,0,472.3,58,1,0,857,2.39E-31,-157.8832705,-6.740705007
1174,,-1.609437912,0.2,0,6/10/2014 12:24,-6,-89,630,6/10/2014 11:48,102,925,6317.559207,40,-93.3,764,0,87,0,162,0,426.7,56,1,0,630,4.66E-30,-142.3018414,-5.475882657
1175,,-1.609437912,0.2,0,6/11/2014 0:12,-5,-70,700,6/11/2014 0:12,101,966,6639.476264,15,32,1079,1214,106,0,174,0,497.2,56,1,0,700,8.98E-21,-115.9893116,-3.638053111
1176,,-1.609437912,0.2,0,6/11/2014 10:39,41,-56,376,6/11/2014 9:24,125,829,5571.062509,22,-115.1,595,0,130,0,174,0,578.2,57,1,0,700,3.82E-34,-94.25243884,-2.402250467
1177,,-1.609437912,0.2,0,6/11/2014 18:24,-32,-65,292,6/11/2014 19:00,83,584,3720.022174,20,-19.3,427,272,77,0,174,0,534.3,55,2,0,700,3.62E-36,-105.1048949,-2.987300952
1178,,-1.609437912,0.2,0,6/11/2014 21:24,-31,-65,273,6/11/2014 21:24,119,490,3035.258642,19,-28.9,227,0,125,0,174,0,529.2,56,2,0,700,1.04E-36,-105.6206828,-3.016692439
1179,,-1.609437912,0.2,0,6/12/2014 13:36,-31,68,370,6/12/2014 13:36,240,534,3353.731378,14,-6.7,462,459,238,0,197,0,422.8,57,1,0,370,2.84E-34,33.64859989,-0.306173141
1180,,-1.609437912,0.2,0,6/12/2014 18:39,-51,40,285,6/12/2014 18:48,123,396,2368.640028,12,-42.1,203,0,128,0,197,0,376.5,58,2,0,370,2.31E-36,-53.98359936,-0.788055435
1181,,-1.609437912,0.2,0,6/12/2014 18:54,13,-113,236,6/12/2014 18:48,123,396,2368.640028,34,-42.1,203,0,128,0,197,0,376.5,59,3,0,370,6.88E-38,-165.6513254,-7.420324937
1182,,-1.609437912,0.2,0,6/12/2014 22:12,-37,56,603,6/12/2014 22:12,228,684,4465.123216,61,-10,614,566,233,0,197,168000,355.3,60,4,0,603,2.10E-30,-37.8284146,-0.38696294
1183,,-1.609437912,0.2,0,6/14/2014 19:24,47,-5,548,6/14/2014 20:12,1,336,1954.54935,33,13.1,620,566,10,0,137,0,379.3,56,1,0,548,3.70E-31,-73.52247678,-1.461750836
1184,,-1.609437912,0.2,0,6/14/2014 19:48,-18,-93,870,6/14/2014 19:48,112,732,4828.111336,22,-31.5,482,438,89,0,137,0,377.5,57,2,0,870,1.80E-12,-148.5066689,-5.963826588
1185,,-1.609437912,0.2,0,6/15/2014 8:24,17,104,372,6/15/2014 7:36,289,296,1684.346398,20,15.3,379,645,284,0,74,0,372.2,56,1,0,870,3.14E-34,45.09532075,-0.549915617
1186,,-1.609437912,0.2,0,6/15/2014 13:00,-55,85,900,6/15/2014 13:00,221,958,6576.524171,34,8.8,1040,992,195,0,74,0,371.8,57,2,0,900,5.24E-12,58.22572109,-0.916775175
1187,,-1.609437912,0.2,0,6/15/2014 15:24,-8,-73,600,6/15/2014 14:48,121,334,1940.921092,25,12.1,428,594,122,0,74,0,370.7,58,3,0,900,1.92E-30,-134.2745681,-4.875516398
1188,,-1.609437912,0.2,0,6/16/2014 2:09,-45,130,800,6/16/2014 2:00,228,1088,7607.400913,23,-41.6,842,908,234,0,84,0,353.5,57,1,0,900,3.85E-14,72.7235337,-1.430154774
1189,,-1.609437912,0.2,0,6/16/2014 10:24,62,19,549,6/16/2014 11:36,348,532,3339.174336,18,14.9,677,713,353,0,84,0,351.8,57,2,0,900,3.82E-31,-71.01923322,-1.36390792
1190,,-1.609437912,0.2,0,6/16/2014 12:24,-23,-92,654,6/16/2014 12:24,80,245,1347.808262,20,-21.7,136,0,82,0,84,0,353.3,58,2,0,900,9.19E-30,-147.8349288,-5.909996264
1191,,-1.609437912,0.2,0,6/16/2014 23:48,-53,108,465,6/16/2014 23:48,223,237,1295.930253,5,-35.2,74,0,225,0,84,0,366,59,1,0,800,1.86E-32,64.9937833,-1.142290932
1192,,-1.609437912,0.2,0,6/17/2014 9:12,-55,105,1000,6/17/2014 9:12,229,1198,8491.913717,35,-11.1,1127,1168,360,1,95,0,361.8,60,1,0,1000,5.39E-11,64.62333613,-1.129306537
1193,,-1.609437912,0.2,0,6/18/2014 6:48,-10,-48,676,6/18/2014 6:48,117,601,3845.555556,23,-15.5,506,325,103,0,120,0,414.2,60,1,0,1000,5.37E-25,-103.1268632,-2.875919392
1194,,-1.609437912,0.2,0,6/18/2014 7:48,-32,114,566,6/18/2014 7:48,236,496,3078.46166,20,-15.5,365,107,234,0,120,0,416.8,61,2,0,1000,6.66E-31,64.11134943,-1.111483268
1195,,-1.609437912,0.2,0,6/19/2014 19:24,2,-19,530,6/19/2014 19:48,130,358,2105.230809,47,-22.1,278,0,126,0,95,0,427.2,57,1,0,530,2.01E-31,-72.66015226,-1.427662987
1196,,-1.609437912,0.2,0,6/20/2014 9:54,39,-91,400,6/20/2014 8:24,49,333,1934.111449,25,6.7,490,444,47,0,80,0,434,57,1,0,530,1.19E-33,-128.8434999,-4.489088009
1197,,-1.609437912,0.2,0,6/20/2014 12:24,-16,-29,250,6/20/2014 12:12,136,147,733.5935903,35,-2.8,124,0,129,0,80,0,435.2,58,2,0,530,2.02E-37,-81.98817285,-1.817755675
1198,,-1.609437912,0.2,0,6/21/2014 5:36,30,7,420,6/21/2014 5:12,323,414,2494.708513,34,1.2,423,439,322,0,93,0,441.8,59,1,0,420,2.90E-33,-52.1429961,-0.73523311
1199,,-1.609437912,0.2,0,6/21/2014 11:48,37,-152,150,6/21/2014 11:48,34,230,1250.758241,13,24.2,350,776,41,0,93,0,449.8,59,2,0,420,1.21E-41,137.3410245,-5.100745543
1200,,-1.609437912,0.2,0,6/22/2014 1:54,-2,-97,440,6/22/2014 1:12,88,414,2494.708513,20,-12,235,225,69,0,90,0,393.2,59,1,0,440,6.78E-33,-155.2125624,-6.514586132
1201,,-1.609437912,0.2,0,6/24/2014 6:12,-45,-170,635,6/24/2014 5:36,175,633,4083.147777,35,2.6,663,655,158,0,40,0,332.8,57,1,0,635,5.38E-30,111.4440335,-3.35851071
1202,,-1.609437912,0.2,0,6/24/2014 23:28,52,55,246,6/24/2014 23:28,32,159,805.9557682,20,5.7,237,375,16,0,40,0,310.5,56,1,0,635,1.50E-37,-54.35437931,-0.798917942
1203,,-1.609437912,0.2,0,6/25/2014 12:54,26,-7,462,6/25/2014 12:48,32,206,1097.542491,35,2.5,267,285,14,0,55,0,319.8,56,1,0,462,1.65E-32,-79.82647481,-1.723165517
1204,,-1.609437912,0.2,0,6/26/2014 1:25,38,142,444,6/25/2014 23:24,128,602,3852.954982,27,5.6,612,695,127,0,67,0,337.7,55,1,0,462,7.99E-33,77.55766256,-1.62660655
1205,,-1.609437912,0.2,0,6/26/2014 22:00,52,-91,410,6/26/2014 21:48,37,497,3085.669243,30,6.8,615,564,41,0,67,0,343,55,1,0,444,1.86E-33,-124.7572308,-4.208860637
1206,,-1.609437912,0.2,0,6/27/2014 6:12,33,119,813,6/27/2014 6:12,295,782,5209.570407,48,-10.8,668,744,305,0,67,0,330.2,56,2,0,813,9.59E-14,57.06665458,-0.880639012
1207,,-1.609437912,0.2,0,6/29/2014 12:39,-10,-138,750,6/29/2014 12:36,97,546,3441.229961,30,-2.5,522,518,79,0,93,0,334.5,49,1,0,750,2.47E-16,151.788353,-6.230314794
1208,,-1.609437912,0.2,0,6/30/2014 7:12,-15,-56,675,6/30/2014 7:12,112,702,4600.86125,23,-9,613,643,106,0,132,0,334.8,50,1,0,750,3.13E-25,-123.1265683,-4.099554303
1209,,-1.609437912,0.2,0,6/30/2014 17:54,-4,-83,450,6/30/2014 17:12,104,542,3412.034173,35,-18.7,306,358,81,0,132,0,346.7,51,1,0,675,1.02E-32,-148.8735522,-5.993330052
1210,,-1.609437912,0.2,0,6/30/2014 18:48,6,82,437,6/30/2014 18:36,262,262,1458.90626,19,1.8,286,318,261,0,132,0,345.8,52,2,0,675,5.98E-33,16.80089716,-0.076330488
1211,,-1.609437912,0.2,0,7/1/2014 7:12,28,-146,264,7/1/2014 7:00,47,314,1805.309398,30,-4,268,171,48,0,134,0,329.8,52,1,0,675,5.58E-37,135.9620421,-4.998830964
1212,,-1.609437912,0.2,0,7/1/2014 12:39,43,-14,615,7/1/2014 11:48,8,614,3941.876886,38,16.8,811,773,341,0,134,0,321.2,53,2,0,615,3.01E-30,-86.60398705,-2.028191069
1213,,-1.609437912,0.2,0,7/1/2014 22:36,35,-121,300,7/1/2014 22:24,45,343,2002.341543,20,0.7,349,360,51,0,134,0,311.2,54,1,0,615,5.98E-36,142.4226853,-5.485186937
1214,,-1.609437912,0.2,0,7/2/2014 0:12,-21,-113,600,7/1/2014 23:48,105,969,6663.100409,22,-40.5,652,779,107,0,145,0,311.3,55,2,0,615,1.92E-30,158.02535,-6.75284241
1215,,-1.609437912,0.2,0,7/2/2014 14:24,-17,-55,440,7/2/2014 13:36,119,355,2084.601815,25,-3.3,329,259,116,0,145,0,304.3,54,1,0,600,6.78E-33,-128.2244964,-4.446057725
1216,,-1.609437912,0.2,0,7/3/2014 3:36,22,-6,265,7/3/2014 3:12,334,335,1947.733728,7,13.4,456,594,337,0,167,0,340.7,54,1,0,440,5.99E-37,-74.52024728,-1.501694769
1217,,-1.609437912,0.2,0,7/3/2014 4:00,-34,-99,1315,7/3/2014 4:00,126,1054,7336.206506,15,-36.7,775,960,129,0,167,0,340.7,55,2,1,1315,8.14E-10,-143.643926,-5.579658594
1218,,-1.609437912,0.2,0,7/6/2014 5:12,77,-116,407,7/6/2014 4:12,11,119,568.7156957,22,6,346,381,15,0,185,0,256.5,52,1,0,407,1.63E-33,101.729174,-2.798492386
1219,,-1.609437912,0.2,0,7/6/2014 20:24,45,-6,201,7/6/2014 20:12,336,283,1597.661472,20,5.8,309,456,332,0,185,0,276.8,52,1,0,407,3.34E-39,-89.15129487,-2.149257268
1220,,-1.609437912,0.2,0,7/6/2014 23:48,86,-96,395,7/7/2014 1:25,44,298,1697.733859,27,4.7,360,402,40,0,185,0,271.8,52,2,0,407,9.42E-34,93.99993638,-2.389396441
1221,,-1.609437912,0.2,0,7/8/2014 9:48,27,-90,270,7/8/2014 9:48,57,261,1452.339826,24,-1.5,244,202,70,0,183,0,304.2,52,1,0,270,8.47E-37,-149.542611,-6.047320853
1222,,-1.609437912,0.2,0,7/8/2014 16:54,34,-67,725,7/8/2014 16:36,67,773,5140.665705,49,-12.1,642,722,360,1,183,0,328.2,52,2,0,725,4.18E-18,-127.2045342,-4.375606685
1223,,-1.609437912,0.2,0,7/9/2014 21:24,31,-51,662,7/9/2014 22:12,23,447,2727.843692,58,6.1,531,525,6,0,162,0,370.3,50,1,0,662,5.68E-29,-109.4781366,-3.241066091
1224,,-1.609437912,0.2,0,7/10/2014 7:24,-6,116,1015,7/10/2014 7:12,268,928,6341.053448,54,-9.7,848,884,320,0,161,0,385.3,51,1,1,1015,6.88E-11,56.72395731,-0.870093924
1225,,-1.609437912,0.2,0,7/10/2014 15:39,45,-6,260,7/10/2014 14:48,297,339,1975.014036,35,8.5,444,509,324,0,161,0,394,51,2,1,1015,4.20E-37,-72.05591213,-1.404016894
1226,,-1.609437912,0.2,0,7/10/2014 23:12,51,-63,266,7/10/2014 22:24,38,302,1724.548959,16,1.9,321,353,39,0,161,0,378,52,2,0,1015,6.42E-37,-110.3989457,-3.295815901
1227,,-1.609437912,0.2,0,7/11/2014 9:24,42,82,815,7/11/2014 8:00,318,526,3295.548438,20,-0.3,523,521,310,0,144,0,365.5,52,1,0,815,1.09E-13,45.46012182,-0.558848749
1228,,-1.609437912,0.2,0,7/11/2014 11:24,-19,13,600,7/11/2014 11:12,205,503,3128.956856,14,11.8,605,666,215,0,144,0,363.2,52,2,0,815,1.92E-30,-52.66556742,-0.750043805
1229,,-1.609437912,0.2,0,7/19/2014 0:24,-21,125,675,7/19/2014 0:12,260,750,4965.054905,24,-35,500,395,249,0,35,0,329.3,35,1,0,675,3.13E-25,57.98679411,-0.909266709
1230,,-1.609437912,0.2,0,7/19/2014 7:48,53,91,396,7/19/2014 6:12,317,91,410.4882151,19,1.8,196,208,314,0,35,0,305.3,36,2,0,675,9.87E-34,54.64050415,-0.807351188
1231,,-1.609437912,0.2,0,7/20/2014 3:24,12,-81,470,7/20/2014 3:12,68,417,2515.796954,39,0,418,417,72,0,35,0,283.5,36,1,0,470,2.26E-32,-158.3478914,-6.780436644
1232,,-1.609437912,0.2,0,7/21/2014 5:12,52,-25,240,7/21/2014 6:08,18,155,781.7308931,27,4,284,305,19,0,17,0,278.5,35,1,0,240,9.42E-38,-100.5459274,-2.733770556
1233,,-1.609437912,0.2,0,7/22/2014 4:36,27,2,300,7/22/2014 5:48,5,167,854.7049667,25,3.8,259,310,358,0,39,0,326,33,1,0,300,5.98E-36,-70.76791577,-1.354272013
1234,,-1.609437912,0.2,0,7/22/2014 9:48,0,113,370,7/22/2014 9:36,282,639,4127.878946,12,8.6,690,745,284,0,39,0,339.3,34,2,0,370,2.84E-34,45.45222941,-0.558654721
1235,,-1.609437912,0.2,0,7/22/2014 18:39,41,92,476,7/22/2014 17:48,307,471,2898.938162,43,-0.9,454,463,313,0,39,0,323.7,35,2,0,476,2.85E-32,45.27954666,-0.554417887
1236,,-1.609437912,0.2,0,7/24/2014 1:25,-56,-123,564,7/24/2014 1:25,170,326,1886.528546,29,-4.5,309,100,153,0,62,0,322.2,36,1,0,564,6.24E-31,122.8381443,-4.080370389
1237,,-1.609437912,0.2,0,7/24/2014 9:24,32,143,560,7/24/2014 10:24,327,156,787.7775371,18,1.4,190,218,334,0,62,0,364,36,2,0,564,5.48E-31,81.56196367,-1.798905873
1238,,-1.609437912,0.2,0,7/24/2014 20:54,7,-152,283,7/24/2014 20:48,82,154,775.6907008,39,-1.8,143,0,66,0,62,0,325.5,37,1,0,564,2.03E-36,137.1230009,-5.084563923
1239,,-1.609437912,0.2,0,7/26/2014 0:54,31,-180,360,7/25/2014 20:36,358,188,984.451089,35,2.6,275,274,10,0,58,0,345.3,36,1,0,360,1.72E-34,110.0915902,-3.27749006
1240,,-1.609437912,0.2,0,7/26/2014 15:54,-15,110,450,7/26/2014 14:36,243,501,3114.519657,33,10.2,664,607,260,0,58,0,373.3,36,1,0,450,1.02E-32,50.3034174,-0.684270904
1241,,-1.609437912,0.2,0,7/28/2014 14:19,-39,-69,662,7/28/2014 14:30,128,1110,7783.447977,12,-44.5,912,908,120,0,109,0,419,35,1,0,662,5.68E-29,-115.5428446,-3.610099765
1242,,-1.609437912,0.2,0,7/29/2014 8:00,48,36,195,7/29/2014 8:48,329,104,483.0166535,16,2.8,206,250,323,0,137,0,364.3,36,1,0,662,1.88E-39,-53.36866068,-0.770203879
1243,,-1.609437912,0.2,0,7/30/2014 1:25,49,-96,510,7/30/2014 1:25,49,433,2628.629436,19,-9.8,334,213,68,0,122,0,322.8,36,1,0,510,1.00E-31,-129.7355846,-4.551466173
1244,,-1.609437912,0.2,0,7/30/2014 7:00,49,0,620,7/30/2014 7:00,357,700,4585.756235,43,-2.6,670,684,13,0,122,28800,324,37,2,0,620,3.49E-30,-77.50048433,-1.624209051
1245,,-1.609437912,0.2,0,7/30/2014 10:36,35,-131,425,7/30/2014 10:24,38,191,1003.184225,39,-7.4,139,0,36,0,122,0,326.8,37,2,0,620,3.60E-33,139.8242194,-5.286861098
1246,,-1.609437912,0.2,0,7/30/2014 13:54,35,-125,450,7/30/2014 13:36,36,274,1537.997101,40,1.5,300,311,41,0,122,0,329,38,3,0,620,1.02E-32,142.4174356,-5.484782573
1247,,-1.609437912,0.2,0,7/30/2014 16:36,-30,-60,700,7/30/2014 16:12,126,638,4120.419825,21,-19.6,376,540,139,0,122,0,326.3,39,3,0,700,8.98E-21,-124.0165197,-4.159031144
1248,,-1.609437912,0.2,0,7/30/2014 18:39,13,85,300,7/30/2014 18:12,267,534,3353.731378,15,-2.3,520,496,285,0,122,0,321.8,39,4,0,700,5.98E-36,18.85671328,-0.096153498
1249,,-1.609437912,0.2,0,7/31/2014 21:12,32,81,338,7/31/2014 19:00,298,230,1250.758241,15,6.4,434,385,285,0,131,0,316,37,1,0,338,5.39E-35,32.98691381,-0.294249995
1250,,-1.609437912,0.2,0,8/1/2014 12:00,58,34,570,8/1/2014 12:00,352,581,3697.92019,34,3.3,623,608,351,0,165,0,343.3,36,1,0,570,7.57E-31,-63.53640576,-1.091637333
1251,,-1.609437912,0.2,0,8/1/2014 18:54,-34,-19,500,8/1/2014 18:36,131,789,5263.234627,34,-15.2,637,704,360,1,165,511700,374.2,36,2,0,570,6.97E-32,-81.92742917,-1.815063183
1252,,-1.609437912,0.2,0,8/3/2014 3:24,-26,-45,750,8/3/2014 3:24,115,828,5563.342892,22,-27.3,581,725,150,0,153,0,395.7,35,1,0,750,2.47E-16,-101.5932342,-2.791018179
1253,,-1.609437912,0.2,0,8/3/2014 19:24,32,-33,535,8/3/2014 19:12,45,302,1724.548959,9,-1.2,287,268,44,0,153,0,377.8,36,1,0,750,2.39E-31,-93.10687575,-2.344210468
1254,,-1.609437912,0.2,0,8/4/2014 3:12,22,140,341,8/4/2014 3:12,298,285,1610.959416,14,-13.9,92,0,277,0,146,0,402,37,2,0,750,6.34E-35,83.50056576,-1.885436583
1255,,-1.609437912,0.2,0,8/4/2014 16:12,45,-163,222,8/4/2014 15:48,7,133,650.4164341,37,3.5,250,288,12,0,146,0,436.8,38,1,0,535,2.18E-38,125.1613174,-4.236169652
1256,,-1.609437912,0.2,0,8/6/2014 0:00,17,135,428,8/5/2014 23:12,270,316,1818.814539,51,5.3,386,435,280,0,113,0,470.7,36,1,0,428,4.09E-33,86.47027514,-2.021933067
1257,,-1.609437912,0.2,0,8/7/2014 9:12,20,-172,389,8/7/2014 8:36,349,140,691.8299392,54,1.2,164,206,16,0,123,0,379.2,37,1,0,389,7.12E-34,124.9474723,-4.221706555
1258,,-1.609437912,0.2,0,8/8/2014 17:24,-18,177,780,8/8/2014 16:36,192,1137,8000.100837,44,-28.9,1050,908,360,1,89,0,365.8,36,1,0,780,7.21E-15,113.0829893,-3.458021222
1259,,-1.609437912,0.2,0,8/9/2014 3:12,46,-102,216,8/9/2014 3:36,242,344,2009.18073,11,-41.1,266,0,247,0,83,0,343.7,36,1,0,780,1.30E-38,-132.9337179,-4.778629894
1260,,-1.609437912,0.2,0,8/10/2014 8:45,41,-46,225,8/10/2014 8:48,45,142,703.7274422,20,3.4,236,291,54,0,62,0,319.3,34,1,0,225,2.81E-38,-110.5937155,-3.307455356
1261,,-1.609437912,0.2,0,8/11/2014 0:00,-43,131,299,8/11/2014 0:00,245,781,5201.909192,12,-21.9,628,575,238,0,69,0,412,33,1,0,299,5.62E-36,79.35610275,-1.702918076
1262,,-1.609437912,0.2,0,8/12/2014 5:54,34,-140,710,8/12/2014 5:36,38,641,4142.801882,31,-5.5,576,601,360,1,75,0,461.2,34,1,0,710,1.47E-19,144.8054158,-5.670256477
1263,,-1.609437912,0.2,0,8/12/2014 9:12,-3,-120,210,8/12/2014 9:12,92,332,1927.30481,25,12.1,387,600,95,0,75,0,448.3,35,2,0,710,7.66E-39,-170.634718,-7.873501078
1264,,-1.609437912,0.2,0,8/12/2014 21:17,2,-133,800,8/12/2014 21:28,60,599,3830.761697,41,1.4,618,608,66,0,75,0,439,36,1,0,800,3.85E-14,174.4229166,-8.22697508
1265,,-1.609437912,0.2,0,8/14/2014 7:24,-45,170,180,8/14/2014 4:48,246,249,1373.845771,40,-74.3,118,0,239,0,86,0,365.2,37,1,0,180,4.09E-40,102.0989566,-2.818874238
1266,,-1.609437912,0.2,0,8/15/2014 7:12,20,-60,245,8/15/2014 6:24,71,207,1103.87279,10,5.7,319,380,87,0,107,0,356.2,38,1,0,245,1.39E-37,-122.0137675,-4.025786768
1267,,-1.609437912,0.2,0,8/15/2014 8:48,-36,-106,418,8/15/2014 9:48,128,257,1426.112554,31,12.3,608,535,139,0,107,0,355,39,2,0,418,2.65E-33,-142.9454561,-5.525528238
1268,,-1.609437912,0.2,0,8/18/2014 1:25,27,-24,270,8/18/2014 1:25,51,123,591.8986757,17,-1.7,108,0,53,0,105,0,293.3,39,1,0,270,8.47E-37,-100.8014061,-2.747680766
1269,,-1.609437912,0.2,0,8/19/2014 19:39,14,-6,200,8/19/2014 22:00,70,26,84.71050999,19,3.1,40,274,72,0,93,0,393.2,38,1,0,200,3.04E-39,-65.1050337,-1.146204817
1270,,-1.609437912,0.2,0,8/21/2014 5:36,51,90,290,8/21/2014 5:36,335,365,2153.462534,10,9.2,397,570,330,0,120,0,332.8,37,1,0,290,3.19E-36,54.05585145,-0.790166327
1271,,-1.609437912,0.2,0,8/21/2014 14:36,67,-6,475,8/21/2014 14:12,30,427,2586.246774,9,-4.5,381,332,27,0,120,0,324.2,37,2,0,475,2.74E-32,-84.84052611,-1.946434524
1272,,-1.609437912,0.2,0,8/22/2014 11:24,10,29,444,8/22/2014 11:12,359,600,3838.157793,50,-9.6,557,440,360,1,125,328000,354,37,1,0,475,7.99E-33,-36.93512352,-0.368903015
1273,,-1.609437912,0.2,0,8/22/2014 17:00,19,29,457,8/22/2014 16:24,300,328,1900.108464,30,-8.6,219,0,280,0,125,0,341,38,2,0,457,1.35E-32,-42.01840937,-0.477432863
1274,,-1.609437912,0.2,0,8/23/2014 18:18,10,30,300,8/23/2014 18:24,290,245,1347.808262,15,40.2,394,991,254,0,150,0,293.5,37,1,0,300,5.98E-36,-48.86507265,-0.645699114
1275,,-1.609437912,0.2,0,8/24/2014 12:36,-15,-87,500,8/24/2014 12:36,100,551,3477.76588,45,-0.7,543,544,360,1,149,0,280.5,37,1,0,500,6.97E-32,-161.3027827,-7.035853899
1276,,-1.609437912,0.2,0,8/25/2014 15:36,12,74,500,8/25/2014 15:36,270,555,3507.027303,60,-12.2,394,453,360,1,116,420000,258.7,37,1,0,500,6.97E-32,-18.80993605,-0.09567704
1277,,-1.609437912,0.2,0,8/25/2014 21:24,12,77,800,8/25/2014 20:48,277,711,4668.904098,35,-2,696,692,273,0,116,115600,256.8,37,2,0,800,3.85E-14,-17.08255683,-0.078911235
1278,,-1.609437912,0.2,0,8/26/2014 3:12,45,66,460,8/26/2014 2:00,295,438,2664.011883,17,-13.6,306,35,299,0,86,0,264.5,38,2,0,800,1.53E-32,-48.5721703,-0.637981538
1279,,-1.609437912,0.2,0,8/26/2014 9:48,34,126,670,8/26/2014 9:48,307,486,3006.497391,22,-25.4,268,0,319,0,86,0,285.5,39,2,0,800,1.66E-26,54.63593999,-0.807216316
1280,,-1.609437912,0.2,0,8/26/2014 14:37,-30,53,350,8/26/2014 13:25,232,376,2229.525518,20,7.2,460,499,235,0,86,0,287.8,40,2,0,800,1.02E-34,-39.27439972,-0.417111539
1281,,-1.609437912,0.2,0,8/28/2014 4:36,-37,86,385,8/28/2014 4:24,226,275,1544.612052,10,15,394,621,243,0,82,0,318.3,40,1,0,385,5.89E-34,39.20158422,-0.415566308
1282,,-1.609437912,0.2,0,8/28/2014 17:54,6,-178,1000,8/28/2014 17:24,77,766,5087.145542,45,-15.5,631,660,360,1,82,4666200,336.3,40,1,0,1000,5.39E-11,113.7109771,-3.496534969
1283,,-1.609437912,0.2,0,8/29/2014 11:00,52,49,250,8/29/2014 10:36,308,56,225.4196947,26,-3,18,0,299,0,66,0,429.3,38,1,0,1000,2.02E-37,-52.13102548,-0.73489557
1284,9/2/2014 4:25,2.246543702,9.455,0,9/1/2014 11:24,1,-155,1700,9/1/2014 11:12,65,1901,14352.80729,46,-240.1,1096,1216,360,1,96,8448050,428.2,33,1,1,1700,1.94E-09,151.4599907,-6.203387986
1285,,-1.609437912,0.2,0,9/1/2014 16:00,-8,-109,900,9/1/2014 16:00,87,846,5702.479378,24,-3.5,818,826,91,0,96,0,402,34,2,1,1700,5.24E-12,-163.9259029,-7.266549927
1286,,-1.609437912,0.2,0,9/1/2014 21:36,15,160,800,9/1/2014 21:24,286,758,5026.058006,30,-20.8,679,443,302,0,96,0,407.2,35,2,0,1700,3.85E-14,103.2397092,-2.882216755
1287,,-1.609437912,0.2,0,9/1/2014 22:24,-10,-120,1400,9/1/2014 22:24,146,1404,10174.90114,36,-79.2,960,1215,360,1,96,0,407.2,36,3,1,1700,1.10E-09,-169.3385712,-7.754340641
1288,,-1.609437912,0.2,0,9/2/2014 2:36,-10,-110,1140,9/2/2014 2:36,110,1141,8032.252459,33,-28.8,973,1035,121,0,110,0,412.3,37,3,2,1700,2.89E-10,-162.5191043,-7.142363239
1289,,-1.609437912,0.2,0,9/2/2014 17:00,38,-17,650,9/2/2014 16:36,12,493,3056.851023,45,11.3,660,626,4,0,110,0,419.7,37,1,0,1400,8.22E-30,-75.60348204,-1.545669685
1290,,-1.609437912,0.2,0,9/3/2014 0:24,10,-76,389,9/2/2014 23:48,84,518,3237.487175,24,1.4,542,528,64,0,102,0,419.3,37,2,0,1140,7.12E-34,-129.9165207,-4.564170459
1291,,-1.609437912,0.2,0,9/3/2014 14:12,-9,-111,606,9/3/2014 14:00,97,468,2877.483162,14,-1.3,458,443,98,0,102,0,382.8,37,1,0,650,2.30E-30,-167.2080162,-7.560443665
1292,,-1.609437912,0.2,0,9/3/2014 15:48,9,-78,416,9/3/2014 16:00,98,180,934.7322332,22,3.4,215,324,98,0,102,0,386.5,38,2,0,650,2.43E-33,-136.5397464,-5.041401395
1293,,-1.609437912,0.2,0,9/4/2014 17:12,13,-6,300,9/4/2014 17:00,85,240,1315.353342,8,-2.5,205,114,91,0,120,0,390.2,38,1,0,300,5.98E-36,-65.42749762,-1.157587194
1294,,-1.609437912,0.2,0,9/5/2014 7:12,4,-75,467,9/5/2014 7:12,91,740,4888.921138,22,-12.3,634,647,62,0,116,0,388.2,38,1,0,467,2.01E-32,-133.9042368,-4.848659987
1295,,-1.609437912,0.2,0,9/5/2014 19:36,35,-130,410,9/5/2014 19:24,27,350,2050.276604,35,-5.2,262,258,15,0,116,0,344.2,39,1,0,467,1.86E-33,141.7270025,-5.431731544
1296,,-1.609437912,0.2,0,9/6/2014 10:36,24,-51,456,9/6/2014 10:12,87,414,2494.708513,48,0.5,424,419,42,0,142,0,346.7,39,1,0,456,1.30E-32,-114.5978381,-3.551288397
1297,,-1.609437912,0.2,0,9/7/2014 2:24,5,-55,525,9/7/2014 2:24,105,487,3013.684628,30,-10.7,376,303,101,0,165,0,373,40,1,0,525,1.70E-31,-116.336537,-3.659867451
1298,,-1.609437912,0.2,0,9/7/2014 19:12,37,-25,315,9/7/2014 20:24,21,151,757.6092554,27,2.1,196,247,30,0,165,0,349.7,40,1,0,525,1.47E-35,-90.43039433,-2.211372693
1299,,-1.609437912,0.2,0,9/8/2014 23:14,32,90,790,9/8/2014 23:14,296,230,1250.758241,16,-6.4,214,0,294,0,154,0,423.3,40,1,0,790,1.74E-14,46.58072359,-0.586739808
1300,,-1.609437912,0.2,0,9/9/2014 0:16,26,-30,780,9/9/2014 0:06,59,920,6278.423776,43,-8.4,852,877,360,1,175,8447500,423.2,41,2,0,790,7.21E-15,-84.74949916,-1.942260035
1301,,-1.609437912,0.2,0,9/10/2014 2:00,33,81,400,9/10/2014 1:36,303,391,2333.764656,10,2.8,428,439,285,0,169,0,350,40,1,0,400,1.19E-33,36.08919891,-0.352198561
1302,9/10/2014 19:00,4.803118999,121.89,1,9/10/2014 18:18,15,10,1400,9/10/2014 17:24,345,1071,7471.668783,45,-61.8,911,274,331,0,169,0,361.8,41,1,1,1400,1.10E-09,-54.78644932,-0.811669829
1303,,-1.609437912,0.2,0,9/13/2014 0:36,-7,-70,830,9/13/2014 0:24,102,686,4480.182053,18,-39.2,483,0,108,0,125,0,706.2,39,1,0,830,2.70E-13,-102.3596177,-2.833285922
1304,,-1.609437912,0.2,0,9/13/2014 14:12,-45,-162,300,9/13/2014 13:48,163,163,830.2812827,16,-5.3,95,0,167,0,125,0,579.8,39,1,0,830,5.98E-36,131.1302472,-4.649849036
1305,,-1.609437912,0.2,0,9/14/2014 3:12,7,32,430,9/14/2014 2:48,273,447,2727.843692,45,9.4,585,564,280,0,104,0,490.5,40,1,0,430,4.45E-33,-16.27149837,-0.071595906
1306,,-1.609437912,0.2,0,9/15/2014 6:00,0,100,450,9/15/2014 5:48,274,344,2009.18073,30,5.2,383,470,262,0,94,0,448.7,39,1,0,450,1.02E-32,48.92142063,-0.647189128
1307,,-1.609437912,0.2,0,9/16/2014 12:01,0,138,688,9/16/2014 11:37,276,457,2798.98031,17,-4.1,421,380,266,0,114,0,370.5,40,1,0,688,1.35E-22,76.14046272,-1.567704181
1308,,-1.609437912,0.2,0,9/17/2014 15:25,-12,-90,225,9/17/2014 15:13,103,208,1110.207921,30,8.3,243,484,104,0,123,0,373.7,40,1,0,225,2.81E-38,-149.1176296,-6.012998233
1309,,-1.609437912,0.2,0,9/17/2014 17:49,13,-161,500,9/17/2014 17:49,20,429,2600.365018,40,-15.2,296,0,57,0,123,0,376.8,41,2,0,500,6.97E-32,136.5590226,-5.042824948
1310,,-1.609437912,0.2,0,9/18/2014 14:37,-12,-90,180,9/18/2014 14:37,113,179,928.5420592,37,-7.2,139,0,118,0,82,0,368.5,42,1,0,500,4.09E-40,-149.9070507,-6.076831759
1311,,-1.609437912,0.2,0,9/18/2014 19:24,48,-18,310,9/18/2014 18:13,25,263,1465.47651,13,0.6,269,282,27,0,82,0,359.8,43,2,0,310,1.10E-35,-84.4564202,-1.928849895
1312,,-1.609437912,0.2,0,9/19/2014 5:25,-10,-90,100,9/19/2014 4:37,108,174,897.6756221,20,-0.6,171,131,106,0,79,0,388.3,43,1,0,310,3.62E-45,-147.6030031,-5.891467419
1313,,-1.609437912,0.2,0,9/19/2014 21:30,-12,-80,611,9/19/2014 22:00,169,69,292.1533488,31,1.9,139,205,165,0,79,0,471.6,44,1,0,611,2.67E-30,-127.6056766,-4.403247348
1314,,-1.609437912,0.2,0,9/20/2014 1:48,26,-139,602,9/20/2014 1:36,54,509,3172.31604,28,-11.8,403,312,64,0,80,0,474,45,2,0,611,2.04E-30,153.0502489,-6.334337125
1315,,-1.609437912,0.2,0,9/20/2014 5:48,15,85,342,9/20/2014 5:24,297,426,2579.191162,31,17.6,563,714,292,0,80,86000,483.5,45,3,0,611,6.70E-35,40.06492725,-0.434072038
1316,,-1.609437912,0.2,0,9/21/2014 6:24,47,11,293,9/21/2014 7:24,306,254,1406.482904,19,16,305,657,308,0,95,0,539.7,45,1,0,293,3.86E-36,-54.42910358,-0.801116094
1317,,-1.609437912,0.2,0,9/21/2014 10:48,-37,-1,508,9/21/2014 11:24,179,296,1684.346398,40,8.3,458,458,176,0,95,0,508.8,46,2,0,508,9.31E-32,-56.33568005,-0.858223052
1318,9/22/2014 7:54,0.654094453,1.9234,0,9/22/2014 6:24,27,144,630,9/22/2014 6:12,308,618,3971.569867,40,-9.6,539,497,342,0,101,410700,430.8,45,1,0,630,4.66E-30,90.71197613,-2.225165661
1319,,-1.609437912,0.2,0,9/22/2014 9:12,13,-165,795,9/22/2014 8:48,23,761,5048.955985,46,-13.3,681,623,360,1,101,0,426.7,46,2,0,795,2.62E-14,139.4905831,-5.26166111
1320,,-1.609437912,0.2,0,9/23/2014 7:41,9,-127,472,9/23/2014 7:24,85,773,5140.665705,62,-8.2,713,711,360,1,119,0,415.2,46,1,0,795,2.44E-32,170.7372106,-7.882962436
1321,,-1.609437912,0.2,0,9/23/2014 19:12,-6,-161,338,9/23/2014 19:00,82,887,6020.818499,60,-35.2,626,659,360,1,119,0,395.2,46,1,0,472,5.39E-35,140.6205952,-5.347255759
1322,,-1.609437912,0.2,0,9/24/2014 0:24,1,-69,348,9/23/2014 23:36,95,331,1920.501182,27,18.6,458,700,109,0,108,12000,405.8,47,2,0,472,9.22E-35,-125.4722394,-4.257242529
1323,,-1.609437912,0.2,0,9/24/2014 1:24,31,-85,402,9/24/2014 0:48,53,311,1785.075596,12,-7.1,241,0,68,0,108,0,404.5,48,3,0,472,1.30E-33,-132.2458609,-4.729304413
1324,,-1.609437912,0.2,0,9/24/2014 21:54,10,-170,1400,9/24/2014 21:30,190,1350,9730.610826,45,-23.7,1307,1210,360,1,108,2697000,434.5,47,1,1,1400,1.10E-09,136.3185767,-5.025082299
1325,,-1.609437912,0.2,0,9/26/2014 4:38,4,-114,1075,9/26/2014 4:28,88,1469,10712.44331,59,-12.5,1403,1427,360,1,165,0,438.8,45,1,1,1075,1.53E-10,-165.6725323,-7.422224978
1326,,-1.609437912,0.2,0,9/26/2014 10:00,36,156,211,9/26/2014 9:48,90,743,4911.747161,20,19.1,892,896,98,0,165,0,459.7,46,2,1,1075,8.37E-39,102.9996164,-2.868826656
1327,,-1.609437912,0.2,0,9/27/2014 8:36,-7,-93,381,9/27/2014 9:12,94,403,2417.571434,22,14.8,577,626,105,0,181,0,411.5,46,1,0,381,4.86E-34,-148.0007482,-5.923261619
1328,,-1.609437912,0.2,0,9/28/2014 3:36,-20,20,350,9/28/2014 3:24,212,215,1154.687176,17,5.5,300,384,216,0,193,0,409.8,46,1,0,381,1.02E-34,-40.45386377,-0.442540588
1329,,-1.609437912,0.2,0,9/29/2014 5:00,7,-60,567,9/29/2014 4:48,91,461,2827.496498,11,-7.3,371,353,85,0,180,0,372,46,1,0,567,6.87E-31,-121.3476312,-3.981949054
1330,,-1.609437912,0.2,0,10/1/2014 8:12,-6,-96,600,10/1/2014 7:36,100,615,3949.297695,23,6.7,700,676,63,0,135,0,362,47,1,0,600,1.92E-30,-158.4962257,-6.793145904
1331,,-1.609437912,0.2,0,10/2/2014 4:24,41,-93,291,10/2/2014 4:24,2,875,5927.445901,42,40,1054,1196,29,0,126,0,354.3,43,1,0,600,3.40E-36,-134.2831394,-4.876138866
1332,,-1.609437912,0.2,0,10/2/2014 19:24,-20,96,480,10/2/2014 19:12,248,513,3201.261509,42,-0.5,508,506,264,0,126,30800,383.5,43,1,0,480,3.31E-32,40.71775232,-0.448332978
1333,,-1.609437912,0.2,0,10/3/2014 4:17,13,-50,254,10/3/2014 4:22,89,762,5056.591275,14,-15.3,636,690,71,0,117,0,349.3,43,2,0,480,2.72E-37,-114.9119894,-3.570785642
1334,,-1.609437912,0.2,0,10/3/2014 14:24,-3,-41,350,10/3/2014 13:48,105,227,1231.463654,33,3,285,319,95,0,117,0,336,43,1,0,480,1.02E-34,-109.1838271,-3.223663627
1335,,-1.609437912,0.2,0,10/6/2014 13:25,32,-53,160,10/6/2014 13:25,58,277,1557.852849,22,36.9,462,938,48,0,68,0,399.7,39,1,0,160,4.23E-41,-107.1442796,-3.104352801
1336,,-1.609437912,0.2,0,10/6/2014 18:12,24,-60,365,10/6/2014 17:12,88,408,2452.597007,39,-6.2,333,297,46,0,68,0,394.5,40,2,0,365,2.21E-34,-115.4826391,-3.606338546
1337,,-1.609437912,0.2,0,10/6/2014 20:00,-7,95,160,10/6/2014 20:00,266,147,733.5935903,30,-1.5,131,0,268,0,68,0,394,41,3,0,365,4.23E-41,37.39658159,-0.37817856
1338,,-1.609437912,0.2,0,10/7/2014 13:25,8,81,324,10/7/2014 14:48,67,221,1192.993957,24,30.2,295,873,67,0,68,0,339.3,41,1,0,365,2.47E-35,15.61347594,-0.065922291
1339,,-1.609437912,0.2,0,10/7/2014 18:29,-80,-6,325,10/7/2014 18:29,172,373,2208.748751,28,-16.9,229,0,166,0,68,0,339.8,42,2,0,325,2.62E-35,-87.16449274,-2.054529149
1340,,-1.609437912,0.2,0,10/9/2014 3:48,-7,64,204,10/9/2014 3:48,262,180,934.7322332,9,-2.9,145,0,267,0,59,0,343.5,40,1,0,204,4.42E-39,-7.508103198,-0.015243811
1341,,-1.609437912,0.2,0,10/9/2014 16:36,-16,-6,324,10/9/2014 16:24,115,240,1315.353342,15,-6,204,0,133,0,59,0,322,41,1,0,324,2.47E-35,-77.68159945,-1.631809327
1342,,-1.609437912,0.2,0,10/10/2014 16:31,-10,73,800,10/10/2014 16:12,236,782,5209.570407,44,-6.7,709,745,309,0,36,22000,328.8,41,1,0,800,3.85E-14,10.52366079,-0.029947928
1343,,-1.609437912,0.2,0,10/11/2014 7:24,13,82,200,10/11/2014 7:48,292,225,1218.62259,32,0.7,237,254,263,0,30,0,337,41,1,0,800,3.04E-39,19.00974001,-0.097720448
1344,,-1.609437912,0.2,0,10/11/2014 22:24,12,-88,557,10/11/2014 22:24,84,669,4352.369536,20,-54.3,302,0,88,0,30,0,344.8,42,1,0,557,4.97E-31,-151.9628746,-6.244649882
1345,,-1.609437912,0.2,0,10/13/2014 0:00,6,95,595,10/13/2014 0:12,277,521,3259.245772,26,-0.1,519,520,281,0,42,0,320.7,43,1,0,595,1.65E-30,24.24515358,-0.158958213
1346,,-1.609437912,0.2,0,10/13/2014 4:30,11,-93,981,10/13/2014 4:12,71,1034,7177.190517,18,-11.6,979,963,83,0,42,0,314,43,2,0,981,3.84E-11,-162.2561468,-7.119269114
1347,,-1.609437912,0.2,0,10/13/2014 8:06,70,-6,250,10/13/2014 10:36,90,713,4684.040253,10,1.5,717,734,91,0,42,0,319.8,44,3,0,981,2.02E-37,-85.81047645,-1.991194665
1348,,-1.609437912,0.2,0,10/14/2014 19:00,-11,-110,820,10/14/2014 18:48,90,848,5717.962779,52,14.9,999,925,360,1,74,0,439.2,43,1,0,820,1.50E-13,-159.1554408,-6.849771319
1349,,-1.609437912,0.2,0,10/16/2014 0:00,58,-6,329,10/16/2014 0:48,35,316,1818.814539,11,7.8,402,478,60,0,70,0,393,43,1,0,329,3.28E-35,-76.72326202,-1.591795277
1350,,-1.609437912,0.2,0,10/16/2014 13:26,-13,-88,860,10/16/2014 13:26,96,777,5171.277152,9,-24.6,640,552,97,0,70,0,425.3,43,1,0,860,1.18E-12,-140.0539781,-5.304250075
1351,,-1.609437912,0.2,0,10/17/2014 10:12,30,-6,300,10/17/2014 9:24,159,1053,7328.246633,40,-165.8,506,0,360,1,64,0,427.3,44,1,0,860,5.98E-36,-64.03897465,-1.108975196
1352,,-1.609437912,0.2,0,10/17/2014 16:00,-9,-75,700,10/17/2014 15:48,96,590,3764.272297,9,-61.2,80,0,100,0,64,0,425.2,44,2,0,700,8.98E-21,-128.3346268,-4.453698334
1353,,-1.609437912,0.2,0,10/18/2014 9:12,20,19,745,10/18/2014 9:12,310,667,4337.360961,25,-1,661,657,311,0,61,0,441.7,44,1,0,745,1.22E-16,-37.89936515,-0.388415868
1354,,-1.609437912,0.2,0,10/19/2014 23:12,64,143,326,10/20/2014 2:00,84,129,626.9158002,17,-7.4,95,0,72,0,92,0,455.8,41,1,0,326,2.77E-35,91.19072532,-2.248715085
1355,,-1.609437912,0.2,0,10/20/2014 15:12,-4,-89,239,10/20/2014 15:12,98,366,2160.3638,11,1.2,372,400,94,0,110,0,502.3,40,1,0,326,8.71E-38,-134.4904221,-4.891204335
1356,,-1.609437912,0.2,0,10/20/2014 23:48,5,90,500,10/20/2014 23:12,270,368,2174.174521,10,-14.3,204,0,268,0,110,0,533.2,41,2,0,500,6.97E-32,47.21907135,-0.602931503
1357,,-1.609437912,0.2,0,10/21/2014 17:48,-27,-34,300,10/21/2014 17:24,140,201,1065.964287,20,-19.3,105,0,178,0,107,0,565.3,40,1,0,500,5.98E-36,-76.26293019,-1.572751358
1358,,-1.609437912,0.2,0,10/22/2014 16:12,0,-90,382,10/22/2014 16:12,100,434,2635.701328,8,-7,369,281,82,0,123,0,463.5,39,1,0,382,5.10E-34,-139.4475913,-5.258418258
1359,,-1.609437912,0.2,0,10/22/2014 17:36,-72,-5,326,10/22/2014 17:36,208,281,1584.377662,16,-9.9,157,0,202,0,123,0,461.3,40,2,0,382,2.77E-35,-79.70939806,-1.718114694
1360,,-1.609437912,0.2,0,10/24/2014 8:12,-31,18,750,10/24/2014 8:00,203,677,4412.463452,28,-11.4,557,588,215,0,138,0,434.8,37,1,0,750,2.47E-16,-45.2013844,-0.552505449
1361,,-1.609437912,0.2,0,10/24/2014 12:00,5,-6,340,10/24/2014 11:31,33,274,1537.997101,20,14.4,331,626,41,0,138,0,432.2,38,2,0,750,6.01E-35,-59.15936133,-0.946411583
1362,,-1.609437912,0.2,0,10/26/2014 19:24,49,-100,379,10/26/2014 19:36,41,298,1697.733859,37,-0.5,293,281,36,0,132,0,359.5,36,1,0,379,4.42E-34,-129.0395586,-4.502760325
1363,,-1.609437912,0.2,0,10/27/2014 6:12,-24,45,237,10/27/2014 6:00,234,250,1380.365229,36,-3.8,226,0,246,0,107,0,398.3,37,1,0,379,7.45E-38,-26.90655335,-0.195771393
1364,,-1.609437912,0.2,0,10/28/2014 7:12,63,33,310,10/28/2014 6:48,343,273,1531.3858,14,-4.6,203,0,327,0,101,0,406.8,36,1,0,310,1.10E-35,-65.36465253,-1.155364467
1365,,-1.609437912,0.2,0,10/28/2014 20:36,24,-97,429,10/28/2014 20:24,56,467,2870.335763,38,0.7,479,473,37,0,101,0,406,37,1,0,429,4.27E-33,-144.8066435,-5.670352626
1366,,-1.609437912,0.2,0,10/29/2014 5:00,24,-97,275,10/29/2014 3:12,73,293,1664.290574,26,11.9,416,548,72,0,92,0,384.5,38,2,0,429,1.19E-36,-146.9774337,-5.841634942
1367,,-1.609437912,0.2,0,10/29/2014 9:12,-80,58,480,10/29/2014 9:12,183,563,3565.636431,18,3.7,587,617,184,0,92,0,372.8,38,2,0,480,3.31E-32,-80.01860599,-1.731470337
1368,,-1.609437912,0.2,0,10/29/2014 14:24,2,-40,490,10/29/2014 15:12,264,192,1009.439111,28,-21.4,122,0,244,0,92,0,365.8,39,2,0,490,4.83E-32,-102.6465063,-2.849190172
1369,,-1.609437912,0.2,0,10/30/2014 13:36,23,-60,416,10/30/2014 13:36,82,285,1610.959416,12,-3.7,227,159,71,0,102,0,337,40,1,0,490,2.43E-33,-124.5295022,-4.193509174
1370,,-1.609437912,0.2,0,10/30/2014 23:36,24,-54,528,10/30/2014 23:24,88,327,1893.316976,18,-6.7,211,153,71,0,102,0,365.2,41,1,0,528,1.88E-31,-114.2858355,-3.53197734
1371,,-1.609437912,0.2,0,10/31/2014 18:36,28,-6,320,10/31/2014 18:22,62,242,1328.32293,17,-4.5,197,0,72,0,80,0,440.5,41,1,0,528,1.97E-35,-62.12744553,-1.04375865
1372,11/2/2014 18:54,2.359343427,10.584,1,11/1/2014 5:12,-9,-43,1800,11/1/2014 5:00,125,1628,12039.23509,32,7.3,1666,1647,74,0,90,0,483.3,41,1,1,1800,2.13E-09,-90.41661221,-2.210698692
1373,,-1.609437912,0.2,0,11/1/2014 20:06,-36,-161,736,11/1/2014 19:12,140,659,4277.386809,53,-22.9,364,555,181,0,90,0,492.7,41,1,0,1800,3.03E-17,135.8480925,-4.990455443
1374,,-1.609437912,0.2,0,11/2/2014 10:24,29,-110,548,11/2/2014 10:00,61,461,2827.496498,35,-4,408,404,72,0,98,0,457.8,41,1,0,736,3.70E-31,-145.3059786,-5.709526074
1375,,-1.609437912,0.2,0,11/2/2014 21:36,49,-109,151,11/2/2014 21:24,54,289,1637.597313,45,-17.2,178,0,90,0,98,0,462.5,41,1,0,548,1.37E-41,-127.6355985,-4.405312604
1376,,-1.609437912,0.2,0,11/3/2014 12:12,26,-53,443,11/3/2014 12:00,58,447,2727.843692,43,-6.5,324,404,76,0,112,0,412.7,42,1,0,443,7.67E-33,-106.6006982,-3.07293371
1377,,-1.609437912,0.2,0,11/3/2014 21:17,-45,-95,873,11/3/2014 20:48,130,946,6482.22147,31,-32.4,670,822,137,0,112,0,400.8,43,1,0,873,2.02E-12,-128.7112223,-4.479875269
1378,,-1.609437912,0.2,0,11/3/2014 23:12,30,-89,601,11/3/2014 23:12,61,638,4120.419825,39,-23.9,364,520,66,0,112,0,409.5,44,2,0,873,1.98E-30,-135.1641955,-4.940335247
1379,,-1.609437912,0.2,0,11/4/2014 6:12,-4,110,191,11/4/2014 6:12,254,190,996.9345737,52,0.1,191,197,253,0,109,0,413.3,45,3,0,873,1.27E-39,54.64575688,-0.807506421
1380,,-1.609437912,0.2,0,11/4/2014 9:12,29,-108,610,11/4/2014 8:48,65,627,4038.473481,47,12.3,786,715,57,0,109,0,411.2,46,2,0,873,2.59E-30,-147.1002225,-5.851399529
1381,,-1.609437912,0.2,0,11/5/2014 8:24,44,-6,350,11/5/2014 8:36,346,215,1154.687176,12,7.6,423,419,337,0,137,0,490,47,1,0,610,1.02E-34,-64.20335882,-1.114675847
1382,,-1.609437912,0.2,0,11/5/2014 10:12,52,-64,460,11/5/2014 10:00,63,386,2298.953225,17,-3,340,334,87,0,137,0,502.5,48,2,0,460,1.53E-32,-101.9246119,-2.809255413
1383,,-1.609437912,0.2,0,11/5/2014 20:00,15,-71,407,11/5/2014 19:48,77,608,3897.386328,45,0.4,613,610,76,0,137,0,535.8,47,1,0,460,1.63E-33,-112.9179442,-3.447934595
1384,,-1.609437912,0.2,0,11/6/2014 4:00,27,-58,477,11/6/2014 4:00,82,641,4142.801882,50,-2.1,620,621,55,0,101,0,479.5,47,2,0,477,2.96E-32,-104.038147,-2.926970264
1385,,-1.609437912,0.2,0,11/7/2014 4:17,37,-45,546,11/7/2014 4:28,6,516,3222.991091,42,-17.2,453,0,22,0,106,0,452.7,46,1,0,546,3.46E-31,-94.49150328,-2.414452188
1386,,-1.609437912,0.2,0,11/7/2014 4:38,-29,-92,667,11/7/2014 4:38,114,672,4374.893605,13,-1.4,658,661,124,0,106,0,452.3,47,2,0,667,2.32E-27,-134.0653162,-4.860332342
1387,,-1.609437912,0.2,0,11/7/2014 18:08,21,-26,800,11/7/2014 18:08,75,795,5309.281981,52,-24.4,632,643,33,0,106,0,475.2,48,1,0,800,3.85E-14,-75.30206655,-1.53336972
1388,,-1.609437912,0.2,0,11/8/2014 6:12,57,99,246,11/8/2014 6:00,328,331,1920.501182,14,-2.7,305,249,327,0,86,0,484,48,1,0,800,1.50E-37,70.24780803,-1.33443876
1389,,-1.609437912,0.2,0,11/8/2014 17:00,21,100,400,11/8/2014 16:36,272,426,2579.191162,21,-0.8,415,412,305,0,86,130200,440.3,48,1,0,800,1.19E-33,51.29363426,-0.71147564
1390,,-1.609437912,0.2,0,11/10/2014 14:36,-25,-50,200,11/10/2014 13:36,116,183,953.335966,25,-4.4,104,0,130,0,69,0,490.2,47,1,0,200,3.04E-39,-96.11893238,-2.498336712
1391,,-1.609437912,0.2,0,11/10/2014 18:48,-25,-100,310,11/10/2014 19:36,111,311,1785.075596,21,-16.5,180,0,122,0,69,0,492.3,48,2,0,310,1.10E-35,-139.1334726,-5.234754783
1392,,-1.609437912,0.2,0,11/11/2014 4:48,43,-95,470,11/11/2014 4:36,76,792,5286.252622,38,5.2,822,839,34,0,89,0,459,48,1,0,470,2.26E-32,-126.7692898,-4.345714669
1393,,-1.609437912,0.2,0,11/11/2014 12:36,39,46,900,11/11/2014 12:24,325,771,5125.367736,20,14.7,883,884,304,0,89,0,468.7,49,2,0,900,5.24E-12,-39.09046013,-0.413213649
1394,,-1.609437912,0.2,0,11/14/2014 1:54,-42,29,750,11/14/2014 1:25,212,710,4661.338129,32,-1.7,695,698,197,0,102,0,485.3,46,1,0,750,2.47E-16,-45.1009438,-0.550052767
1395,,-1.609437912,0.2,0,11/14/2014 7:12,73,-75,600,11/14/2014 6:24,15,543,3419.330361,27,8.8,672,622,38,0,102,0,465,47,2,0,750,1.92E-30,-99.48032036,-2.67613146
1396,,-1.609437912,0.2,0,11/15/2014 21:12,-28,-31,180,11/15/2014 21:24,142,150,751.5952941,44,-4.7,120,0,142,0,111,0,586.3,46,1,0,180,4.09E-40,-72.50214747,-1.421460624
1397,,-1.609437912,0.2,0,11/16/2014 2:00,47,-98,240,11/16/2014 1:48,42,243,1334.813931,22,-9.7,188,0,45,0,103,0,623.2,47,2,0,240,9.42E-38,-118.7088341,-3.810650971
1398,,-1.609437912,0.2,0,11/18/2014 8:00,49,-74,390,11/18/2014 7:24,39,381,2264.206562,25,9.3,585,508,45,0,77,0,448.8,45,1,0,390,7.46E-34,-112.1436511,-3.400810836
1399,,-1.609437912,0.2,0,11/19/2014 2:12,38,-41,700,11/19/2014 2:00,45,505,3143.402007,9,-6.2,404,458,39,0,65,0,419.3,45,1,0,700,8.98E-21,-94.45742368,-2.412710894
1400,,-1.609437912,0.2,0,11/21/2014 2:48,53,-58,350,11/21/2014 2:48,37,345,2016.022824,25,-20.7,133,0,27,0,75,0,385,43,1,0,350,1.02E-34,-106.1506873,-3.047043919
1401,,-1.609437912,0.2,0,11/21/2014 7:12,46,-32,290,11/21/2014 6:36,29,259,1439.218468,21,6,305,435,27,0,75,0,383.8,44,2,0,350,3.19E-36,-91.19186511,-2.248771298
1402,,-1.609437912,0.2,0,11/21/2014 17:26,24,-110,255,11/21/2014 15:12,79,360,2118.997451,33,2.4,388,409,51,0,75,0,386.5,44,1,0,350,2.92E-37,-153.8518693,-6.400864705
1403,,-1.609437912,0.2,0,11/23/2014 4:48,66,105,241,11/23/2014 3:48,344,415,2501.735586,25,8.8,536,552,322,0,78,0,411.5,44,1,0,241,1.02E-37,74.6204794,-1.505737141
1404,,-1.609437912,0.2,0,11/23/2014 16:36,-2,-67,440,11/23/2014 16:12,96,601,3845.555556,22,5,661,647,94,0,78,0,392.2,43,1,0,440,6.78E-33,-125.4120819,-4.253161248
1405,,-1.609437912,0.2,0,11/24/2014 20:48,-36,149,475,11/24/2014 19:24,198,403,2417.571434,25,0.4,409,408,223,0,103,0,365.2,44,1,0,475,2.74E-32,86.96105032,-2.044949776
1406,,-1.609437912,0.2,0,11/25/2014 1:25,-20,170,640,11/25/2014 0:00,194,378,2243.390006,25,10.6,616,528,176,0,117,0,369.7,45,2,0,640,6.20E-30,106.8869343,-3.089458279
1407,,-1.609437912,0.2,0,11/25/2014 10:12,-33,90,125,11/25/2014 11:24,100,454,2777.616128,30,-1.7,438,426,98,0,117,0,362,46,2,0,640,3.32E-43,41.46819207,-0.465011075
1408,,-1.609437912,0.2,0,11/26/2014 16:52,40,-6,300,11/26/2014 19:36,300,177,916.1785027,18,-4.4,151,0,289,0,139,0,303.3,45,1,0,300,5.98E-36,-83.5483403,-1.887594691
1409,,-1.609437912,0.2,0,11/27/2014 7:12,25,-70,700,11/27/2014 7:00,297,148,739.5874165,23,1.9,158,253,296,0,152,0,355.2,46,1,0,700,8.98E-21,-129.457918,-4.532004471
1410,,-1.609437912,0.2,0,11/28/2014 6:12,16,-47,150,11/28/2014 5:36,90,230,1250.758241,28,0.5,234,250,78,0,143,0,350.2,44,1,0,700,1.21E-41,-111.5314291,-3.363780337
1411,,-1.609437912,0.2,0,11/28/2014 22:00,20,100,315,11/28/2014 22:00,300,294,1670.972452,41,-15.4,207,0,277,0,143,0,369.8,43,1,0,315,1.47E-35,42.24712401,-0.482644534
1412,,-1.609437912,0.2,0,11/29/2014 0:36,26,-20,294,11/28/2014 23:12,29,358,2105.230809,49,8.8,572,488,38,0,157,0,374,44,2,0,315,4.11E-36,-82.16894474,-1.825780281
1413,,-1.609437912,0.2,0,11/29/2014 2:24,12,-50,360,11/29/2014 2:24,83,292,1657.61211,33,6.7,380,445,70,0,157,0,377.2,45,3,0,360,1.72E-34,-110.2868689,-3.289127489
1414,,-1.609437912,0.2,0,11/30/2014 12:24,23,93,300,11/30/2014 12:24,299,939,6427.281735,32,14.6,990,1068,279,0,154,0,394.7,44,1,0,300,5.98E-36,41.00535076,-0.454688694
1415,,-1.609437912,0.2,0,12/1/2014 13:25,4,3,200,12/1/2014 14:36,14,178,922.357472,51,2.5,223,271,2,0,141,0,450.8,43,1,0,200,3.04E-39,-47.9668836,-0.622180076
1416,,-1.609437912,0.2,0,12/1/2014 22:36,-23,-90,380,12/1/2014 22:24,110,305,1744.695092,20,0.3,306,315,111,0,141,0,578.3,43,1,0,380,4.63E-34,-125.9545316,-4.290033541
1417,,-1.609437912,0.2,0,12/2/2014 0:36,46,90,245,12/2/2014 0:24,321,203,1078.580814,26,-4.1,177,0,317,0,125,0,566.7,44,2,0,380,1.39E-37,63.21670084,-1.080679088
1418,,-1.609437912,0.2,0,12/5/2014 6:24,14,76,445,12/5/2014 6:24,259,534,3353.731378,44,-6,440,479,304,0,65,0,453.8,38,1,0,445,8.33E-33,28.85928713,-0.225218619
1419,,-1.609437912,0.2,0,12/6/2014 21:48,70,175,250,12/6/2014 21:48,354,262,1458.90626,30,4,366,351,11,0,57,0,668.2,35,1,0,250,2.02E-37,105.3473834,-3.001100916
1420,,-1.609437912,0.2,0,12/9/2014 13:25,5,90,403,12/9/2014 14:36,277,508,3165.084575,30,1.2,528,519,285,0,69,0,519.7,31,1,0,403,1.36E-33,46.11054772,-0.574954735
1421,,-1.609437912,0.2,0,12/10/2014 18:16,21,100,1030,12/10/2014 18:00,281,1086,7591.41856,34,34.7,1361,1224,322,0,90,0,467.3,31,1,1,1030,8.61E-11,53.97791305,-0.787889426
1422,,-1.609437912,0.2,0,12/12/2014 4:14,77,-36,630,12/12/2014 4:14,358,1133,7967.963288,37,37.3,1394,1291,30,0,115,0,463.5,29,1,0,630,4.66E-30,-88.97695366,-2.14085946
1423,,-1.609437912,0.2,0,12/13/2014 5:48,45,-93,449,12/13/2014 5:48,45,325,1879.743184,20,-7.3,204,121,56,0,140,0,557.7,30,1,0,449,9.81E-33,-119.4750656,-3.860003056
1424,12/13/2014 22:00,0.56235489,1.7548,0,12/13/2014 14:24,-9,150,2400,12/13/2014 14:24,265,2222,17123.09412,50,-84.4,1913,2111,360,1,140,242400,531,31,2,1,2400,2.60E-09,106.6247523,-3.074320663
1425,,-1.609437912,0.2,0,12/14/2014 9:12,-35,-63,400,12/14/2014 8:24,130,373,2208.748751,30,-5.4,296,273,131,0,162,0,432,30,1,0,2400,1.19E-33,-111.0864017,-3.336989899
1426,,-1.609437912,0.2,0,12/14/2014 19:48,-15,-54,387,12/14/2014 19:48,118,626,4031.033332,38,-6.8,580,535,126,0,162,0,425.2,31,1,0,400,6.48E-34,-107.2720625,-3.111761871
1427,,-1.609437912,0.2,0,12/17/2014 2:00,-3,-34,1103,12/17/2014 2:00,91,869,5880.821176,17,14.1,1004,931,107,0,178,8000,411.8,30,1,1,1103,2.06E-10,-89.65602951,-2.17366242
1428,,-1.609437912,0.2,0,12/17/2014 5:00,-30,5,603,12/17/2014 5:00,162,587,3742.139569,29,-2.1,559,571,360,1,178,22500,404.7,31,2,1,1103,2.10E-30,-57.48292259,-0.893533366
1429,,-1.609437912,0.2,0,12/19/2014 0:27,-9,-20,885,12/19/2014 1:04,98,1195,8467.65225,45,-57,1052,1331,360,1,175,87400,360,31,1,0,885,3.16E-12,-83.7420969,-1.896359868
1430,,-1.609437912,0.2,0,12/19/2014 10:48,6,-83,337,12/19/2014 10:00,79,271,1518.1742,22,1.3,299,305,80,0,175,0,357.7,31,1,0,885,5.11E-35,-146.591575,-5.811003206
1431,12/21/2014 11:55,1.071104049,2.9186,0,12/20/2014 1:25,-43,23,964,12/20/2014 1:25,197,830,5578.783332,25,-8.5,743,811,216,0,138,0,348.2,32,1,0,964,2.74E-11,-57.55893954,-0.895898194
1432,,-1.609437912,0.2,0,12/21/2014 1:36,29,-95,300,12/21/2014 1:25,72,283,1597.661472,32,-2.6,239,204,60,0,137,0,355.7,33,1,0,300,5.98E-36,-144.9723687,-5.683339014
1433,,-1.609437912,0.2,0,12/21/2014 13:30,32,91,210,12/21/2014 12:12,189,669,4352.369536,23,-13,582,498,360,1,137,151800,357,32,1,0,300,7.66E-39,40.80417401,-0.450238133
1434,,-1.609437912,0.2,0,12/21/2014 21:18,34,91,259,12/21/2014 20:36,288,330,1913.700576,31,4.1,414,397,271,0,137,0,413,32,2,0,300,3.91E-37,47.55511779,-0.611543869
1435,,-1.609437912,0.2,0,12/22/2014 10:00,16,-75,125,12/22/2014 7:12,72,98,449.3268129,20,2.2,183,230,72,0,118,0,383.8,33,1,0,259,3.32E-43,-132.5579727,-4.751653903
1436,,-1.609437912,0.2,0,12/25/2014 5:36,16,90,760,12/25/2014 5:36,287,660,4284.878291,19,-20.5,442,548,283,0,97,0,470,30,1,0,760,8.77E-16,43.70832144,-0.516608265
1437,,-1.609437912,0.2,0,12/25/2014 9:12,16,90,970,12/25/2014 9:12,284,897,6098.753108,20,-13.9,778,840,275,0,97,0,469,31,2,0,970,3.10E-11,43.61299389,-0.514357284
1438,,-1.609437912,0.2,0,12/26/2014 5:48,10,95,918,12/26/2014 5:48,282,1097,7679.366903,21,-13.3,996,1063,267,0,88,0,448.3,31,1,0,970,8.99E-12,44.77385969,-0.542103437
1439,,-1.609437912,0.2,0,12/28/2014 16:36,1,116,545,12/28/2014 16:36,261,865,5849.761023,16,-41.2,523,659,237,0,100,0,396,29,1,0,545,3.35E-31,58.12926854,-0.913740363
1440,,-1.609437912,0.2,0,12/29/2014 19:41,69,-80,290,12/29/2014 20:12,23,271,1518.1742,43,9,532,468,20,0,94,0,649.3,27,1,0,290,3.19E-36,-98.80892466,-2.640130772
1441,,-1.609437912,0.2,0,12/30/2014 10:00,60,-40,500,12/30/2014 10:12,33,445,2713.643056,25,7.2,557,527,51,0,88,0,672.8,28,1,0,500,6.97E-32,-82.10992294,-1.823158314
1442,,-1.609437912,0.2,0,12/30/2014 13:25,53,75,341,12/30/2014 13:36,295,135,662.2120951,42,-0.1,134,126,287,0,88,0,655.8,28,2,0,500,6.34E-35,62.56988254,-1.058677718
1443,,-1.609437912,0.2,0,12/30/2014 20:42,-6,130,1130,12/30/2014 21:11,260,902,6137.762297,9,-17.4,744,843,221,0,88,0,584,29,2,1,1130,2.65E-10,90.7510706,-2.227084049
1444,,-1.609437912,0.2,0,12/31/2014 2:48,51,30,180,12/31/2014 2:24,340,162,824.1906063,7,0.8,178,204,346,0,88,0,521.8,30,2,1,1130,4.09E-40,-52.35036743,-0.741092745
1445,,-1.609437912,0.2,0,1/1/2015 8:24,31,26,350,1/1/2015 7:48,345,212,1135.59629,32,4.6,356,343,327,0,104,0,495.7,28,1,0,350,1.02E-34,-36.46097956,-0.359492436
1446,,-1.609437912,0.2,0,1/2/2015 14:36,3,34,353,1/2/2015 14:24,284,255,1413.022204,23,-2.5,224,148,272,0,122,0,403.5,29,1,0,353,1.20E-34,-22.9864671,-0.142882009
1447,,-1.609437912,0.2,0,1/3/2015 3:24,-49,-82,210,1/3/2015 3:12,144,163,830.2812827,42,3.7,258,302,118,0,102,0,446.8,30,1,0,353,7.66E-39,-116.7374113,-3.685133372
1448,,-1.609437912,0.2,0,1/6/2015 18:24,9,39,532,1/6/2015 18:12,287,333,1934.111449,12,5.3,392,447,281,0,89,0,476.5,29,1,0,532,2.16E-31,-12.77107905,-0.044105046
1449,,-1.609437912,0.2,0,1/7/2015 16:24,67,-102,579,1/7/2015 15:48,35,254,1406.482904,20,11.1,511,517,44,0,103,0,443.3,30,1,0,579,1.01E-30,-110.5049028,-3.302145358
1450,,-1.609437912,0.2,0,1/10/2015 8:52,7,-90,260,1/10/2015 9:14,160,401,2403.578532,15,-0.4,395,397,166,0,106,0,422.3,29,1,0,260,4.20E-37,-143.6822338,-5.582635021
1451,,-1.609437912,0.2,0,1/11/2015 0:00,59,-100,200,1/10/2015 23:24,105,392,2340.734641,30,-61.5,251,0,107,0,122,0,489.2,30,1,0,260,3.04E-39,-115.5444254,-3.610198553
1452,,-1.609437912,0.2,0,1/11/2015 16:48,72,-90,250,1/11/2015 16:48,21,238,1302.40042,15,14.1,280,618,22,0,122,0,441.5,30,1,0,250,2.02E-37,-104.0763583,-2.929120702
1453,,-1.609437912,0.2,0,1/11/2015 23:12,74,-90,690,1/11/2015 19:12,19,423,2558.038432,17,12.3,642,595,26,0,122,0,432.8,31,2,0,690,2.94E-22,-102.709248,-2.852674315
1454,,-1.609437912,0.2,0,1/12/2015 1:25,15,90,390,1/12/2015 1:25,299,496,3078.46166,21,14.4,583,699,294,0,124,0,442.3,32,3,0,690,7.46E-34,40.60066758,-0.445758304
1455,,-1.609437912,0.2,0,1/12/2015 13:36,81,-90,510,1/12/2015 13:36,10,479,2956.244586,14,-2.4,450,447,13,0,124,0,428.3,32,1,0,690,1.00E-31,-97.22519721,-2.556176034
1456,,-1.609437912,0.2,0,1/12/2015 15:36,3,-45,880,1/12/2015 15:36,82,1078,7527.526046,27,-16.9,940,1023,84,0,124,0,424,32,2,0,880,2.64E-12,-99.04163505,-2.652581253
1457,,-1.609437912,0.2,0,1/12/2015 16:57,13,55,350,1/12/2015 16:51,302,313,1798.561599,27,-3.2,280,217,302,0,124,0,425.2,33,3,0,880,1.02E-34,13.04552476,-0.046021016
1458,,-1.609437912,0.2,0,1/13/2015 5:24,25,70,560,1/13/2015 5:24,295,525,3288.284088,7,17.8,584,803,291,0,101,0,421.7,34,1,0,880,5.48E-31,29.22556667,-0.230971808
1459,,-1.609437912,0.2,0,1/13/2015 13:25,88,90,475,1/13/2015 12:48,357,433,2628.629436,24,12.4,543,638,351,0,101,0,444.7,34,2,0,880,2.74E-32,88.43408088,-2.114815214
1460,,-1.609437912,0.2,0,1/13/2015 15:24,26,135,600,1/13/2015 15:24,300,461,2827.496498,45,-11.5,341,248,306,0,101,0,433.2,35,2,0,880,1.92E-30,82.89832922,-1.858337747
1461,,-1.609437912,0.2,0,1/13/2015 18:00,45,-45,300,1/13/2015 18:24,38,60,245.6606737,25,1.8,129,209,41,0,101,0,414.5,36,3,0,600,5.98E-36,-97.25858206,-2.557931797
1462,,-1.609437912,0.2,0,1/14/2015 16:36,35,85,257,1/14/2015 15:24,295,308,1764.870733,20,48.5,467,1094,291,0,80,0,393.3,36,1,0,300,3.38E-37,42.97623289,-0.499447429
1463,,-1.609437912,0.2,0,1/15/2015 4:24,44,-27,193,1/15/2015 4:12,20,261,1452.339826,32,-6.3,192,0,19,0,59,0,416.7,37,1,0,257,1.55E-39,-84.25512466,-1.919666315
1464,,-1.609437912,0.2,0,1/15/2015 15:36,43,-12,363,1/15/2015 15:24,8,277,1557.852849,20,0.9,300,297,20,0,59,0,383.3,38,1,0,363,2.00E-34,-76.79106832,-1.594610107
1465,,-1.609437912,0.2,0,1/16/2015 5:36,62,78,271,1/16/2015 5:24,336,397,2375.622703,20,6.5,467,512,310,0,52,0,395,37,1,0,363,9.08E-37,63.81809328,-1.101338299
1466,,-1.609437912,0.2,0,1/17/2015 10:36,-42,41,437,1/17/2015 8:12,216,208,1110.207921,16,4.5,269,363,218,0,40,0,352.8,38,1,0,437,5.98E-33,-47.22731351,-0.603142007
1467,,-1.609437912,0.2,0,1/19/2015 8:00,29,-80,315,1/19/2015 7:36,60,266,1485.210018,27,5.4,428,378,65,0,66,0,302.3,36,1,0,315,1.47E-35,-142.9256416,-5.523996491
1468,,-1.609437912,0.2,0,1/20/2015 2:48,60,130,1350,1/20/2015 2:48,341,1274,9108.994049,35,22.3,1418,1344,341,0,56,0,297.2,36,1,1,1350,9.31E-10,72.43922276,-1.41899432
1469,,-1.609437912,0.2,0,1/20/2015 12:24,86,90,540,1/20/2015 12:36,356,395,2361.659877,26,-4.8,353,277,349,0,56,0,294.8,37,1,0,1350,2.83E-31,86.09130644,-2.004249066
1470,,-1.609437912,0.2,0,1/21/2015 0:36,9,-6,500,1/21/2015 0:24,84,543,3419.330361,9,-9.5,442,435,69,0,43,0,297.3,36,1,0,1350,6.97E-32,-83.1758181,-1.870799545
1471,,-1.609437912,0.2,0,1/21/2015 19:24,36,-30,447,1/21/2015 19:36,41,305,1744.695092,22,-2.4,276,234,38,0,43,0,478.2,36,1,0,500,9.04E-33,-80.25843113,-1.741864729
1472,,-1.609437912,0.2,0,1/24/2015 8:00,-26,-30,160,1/24/2015 8:36,144,485,2999.312212,17,24.7,569,867,149,0,59,0,376.8,36,1,0,160,4.23E-41,-90.74173526,-2.226625884
1473,,-1.609437912,0.2,0,1/24/2015 15:48,-58,7,357,1/24/2015 17:36,33,344,2009.18073,53,44.9,486,1057,35,0,59,0,350.5,36,2,0,357,1.47E-34,-73.87377949,-1.47575319
1474,,-1.609437912,0.2,0,1/25/2015 13:48,60,130,350,1/25/2015 13:48,336,337,1961.367948,13,2.9,386,393,336,0,62,0,330.2,36,1,0,357,1.02E-34,75.78727088,-1.553193734
1475,,-1.609437912,0.2,0,1/25/2015 16:24,0,-75,268,1/25/2015 15:24,85,317,1825.571862,26,2.8,343,378,94,0,62,0,333.8,37,2,0,350,7.38E-37,-143.6607506,-5.580965731
1476,,-1.609437912,0.2,0,1/26/2015 4:00,-26,-85,563,1/26/2015 5:00,111,622,4001.288738,26,-5.4,585,562,112,0,109,0,356.3,38,1,0,563,6.04E-31,-140.626709,-5.347720736
1477,,-1.609437912,0.2,0,1/26/2015 6:24,57,-6,100,1/26/2015 5:48,132,501,3114.519657,27,44.1,606,1110,129,0,109,0,369.5,39,2,0,563,3.62E-45,-78.24145206,-1.655415041
1478,,-1.609437912,0.2,0,1/28/2015 22:30,-26,-97,755,1/28/2015 22:00,120,817,5478.507141,16,-19.1,633,742,128,0,141,0,393.8,38,1,0,755,4.75E-16,-144.6766105,-5.660173509
1479,,-1.609437912,0.2,0,1/28/2015 23:06,15,-82,401,1/28/2015 21:24,79,327,1893.316976,35,0.3,330,333,62,0,141,0,392,39,2,0,755,1.24E-33,-138.1569716,-5.161532935
1480,,-1.609437912,0.2,0,1/31/2015 11:00,10,25,456,1/31/2015 10:00,301,372,2201.828514,24,-4.3,329,259,310,0,138,0,419,35,1,0,456,1.30E-32,-31.19140178,-0.263089114
1481,,-1.609437912,0.2,0,2/1/2015 14:36,67,-75,550,2/1/2015 16:48,182,451,2756.27177,44,65.7,567,1305,181,0,113,0,613.8,36,1,0,550,3.95E-31,-98.54083505,-2.625823735
1482,,-1.609437912,0.2,0,2/2/2015 10:00,26,53,223,2/2/2015 7:48,51,309,1771.602455,14,8.5,408,488,62,0,93,0,681.7,35,1,0,550,2.37E-38,32.01939879,-0.277242266
1483,,-1.609437912,0.2,0,2/3/2015 3:24,83,-6,600,2/3/2015 3:12,357,557,3521.668839,10,44.6,816,1052,13,0,89,0,649.8,36,1,0,600,1.92E-30,-84.74450841,-1.942031289
1484,,-1.609437912,0.2,0,2/3/2015 12:48,23,-40,980,2/3/2015 12:36,53,819,5493.920865,20,30.8,1004,1057,60,0,89,0,564.5,37,1,0,980,3.77E-11,-81.35365452,-1.7897288
1485,,-1.609437912,0.2,0,2/4/2015 5:12,37,-6,250,2/4/2015 5:12,314,276,1551.230639,13,-0.6,266,261,300,0,96,0,500.8,38,1,0,980,2.02E-37,-60.37840459,-0.985817128
1486,,-1.609437912,0.2,0,2/4/2015 20:48,53,-54,332,2/4/2015 20:12,33,333,1934.111449,16,3.3,360,419,42,0,96,0,425.5,39,1,0,332,3.88E-35,-100.6382724,-2.738794451
1487,,-1.609437912,0.2,0,2/5/2015 14:12,-21,146,150,2/5/2015 13:48,229,188,984.451089,19,3,203,321,233,0,93,0,413.8,40,1,0,332,1.21E-41,90.57269409,-2.218337727
1488,,-1.609437912,0.2,0,2/6/2015 4:24,-37,-6,333,2/6/2015 3:24,231,163,830.2812827,18,2.9,184,299,230,0,89,0,416.8,40,1,0,333,4.10E-35,-67.21130858,-1.221568416
1489,,-1.609437912,0.2,0,2/7/2015 17:00,-21,-97,471,2/7/2015 16:48,112,429,2600.365018,27,-14.3,154,257,104,0,76,0,404.3,40,1,0,471,2.35E-32,-146.8095465,-5.828297171
1490,,-1.609437912,0.2,0,2/8/2015 8:48,-47,-63,161,2/8/2015 7:48,144,151,757.6092554,41,11.4,342,518,133,0,84,0,515.2,41,1,0,471,4.78E-41,-101.8246337,-2.803746899
1491,,-1.609437912,0.2,0,2/9/2015 2:48,-1,-61,182,2/9/2015 1:36,89,158,799.8900152,18,0.3,161,177,88,0,88,0,456.5,42,1,0,182,5.05E-40,-111.2024381,-3.343964908
1492,,-1.609437912,0.2,0,2/9/2015 6:24,-1,-66,289,2/9/2015 6:24,102,307,1758.142259,20,-19.9,184,0,91,0,88,0,444.7,43,2,0,289,2.99E-36,-117.5334724,-3.735564398
1493,,-1.609437912,0.2,0,2/9/2015 23:24,26,-65,1040,2/9/2015 23:24,51,1106,7751.406731,41,-1.9,1090,1100,360,1,88,0,379.7,43,1,1,1040,9.89E-11,-121.3424378,-3.981608225
1494,,-1.609437912,0.2,0,2/10/2015 8:24,0,-70,650,2/10/2015 8:00,81,799,5340.005396,26,-1.3,786,792,91,0,84,0,381.5,43,2,1,1040,8.22E-30,-130.0759071,-4.575376314
1495,,-1.609437912,0.2,0,2/11/2015 0:00,-50,156,105,2/10/2015 21:25,228,78,339.8232885,56,2.4,141,238,233,0,60,0,380.2,42,1,0,650,9.85E-45,93.67230911,-2.372769468
1496,,-1.609437912,0.2,0,2/13/2015 4:48,-7,-145,724,2/13/2015 4:48,116,468,2877.483162,23,-0.8,458,457,88,0,62,0,323.8,35,1,0,724,3.43E-18,143.6304007,-5.5786079
1497,,-1.609437912,0.2,0,2/14/2015 11:18,48,-114,460,2/14/2015 8:24,38,399,2389.595605,25,-3.4,373,316,29,0,53,0,313.3,34,1,0,460,1.53E-32,131.5997009,-4.683202074
1498,,-1.609437912,0.2,0,2/15/2015 0:00,-6,-87,175,2/15/2015 0:48,57,351,2057.135964,25,14,690,586,64,0,65,0,318,34,1,0,460,2.38E-40,-158.2662379,-6.773445661
1499,,-1.609437912,0.2,0,2/18/2015 9:12,28,-32,530,2/18/2015 8:00,38,314,1805.309398,17,-2.8,286,220,37,0,87,0,441.5,32,1,0,530,2.01E-31,-84.62647363,-1.936625214
1500,,-1.609437912,0.2,0,2/19/2015 6:48,7,-75,309,2/19/2015 5:48,83,499,3100.090442,30,19.7,809,729,84,0,89,0,404.7,32,1,0,530,1.03E-35,-131.2534787,-4.658592665
1501,,-1.609437912,0.2,0,2/20/2015 9:12,-65,12,300,2/20/2015 8:24,344,325,1879.743184,27,44.7,483,1061,336,0,64,0,348,31,1,0,300,5.98E-36,-75.56692522,-1.544175281
1502,,-1.609437912,0.2,0,2/21/2015 0:24,-50,-145,311,2/21/2015 0:12,155,324,1872.960899,25,21.9,530,710,163,0,58,0,341.3,31,1,0,311,1.16E-35,122.9706656,-4.089179174
1503,,-1.609437912,0.2,0,2/21/2015 9:36,-23,135,914,2/21/2015 9:24,215,1120,7863.61404,45,5.5,1168,1135,360,1,58,0,338,32,1,0,914,8.02E-12,69.09484277,-1.290994402
1504,,-1.609437912,0.2,0,2/21/2015 22:00,-27,134,772,2/22/2015 0:12,219,429,2600.365018,19,-6,369,306,217,0,58,0,332.8,33,1,0,914,3.30E-15,67.99540171,-1.250236521
1505,,-1.609437912,0.2,0,2/22/2015 20:36,-5,138,850,2/22/2015 20:24,254,495,3071.256092,16,-16.4,308,147,249,0,43,0,334.2,34,1,0,850,7.54E-13,69.50326487,-1.306301738
1506,,-1.609437912,0.2,0,2/24/2015 3:24,-68,48,204,2/24/2015 3:24,205,548,3455.838857,18,-2.9,533,498,200,0,44,0,478.3,33,1,0,204,4.42E-39,68.00002398,-1.250406506
1507,,-1.609437912,0.2,0,2/24/2015 6:00,5,-6,300,2/24/2015 6:12,264,239,1308.874789,15,-0.3,235,227,243,0,44,0,481,34,2,0,300,5.98E-36,-53.80885654,-0.782961883
1508,,-1.609437912,0.2,0,2/24/2015 10:12,-32,-129,830,2/24/2015 10:12,141,902,6137.762297,43,-9.8,799,868,107,0,44,0,464.5,35,3,0,830,2.70E-13,-147.9615925,-5.920127871
1509,,-1.609437912,0.2,0,2/24/2015 14:48,-9,107,360,2/24/2015 14:00,233,371,2194.910965,18,-9.9,279,0,240,0,44,0,465.8,35,3,0,830,1.72E-34,58.23976991,-0.917217631
1510,,-1.609437912,0.2,0,2/25/2015 0:00,37,55,420,2/24/2015 23:48,319,346,2022.867816,36,7.1,498,459,319,0,21,0,470.2,35,1,0,830,2.90E-33,37.45058612,-0.379271606
1511,,-1.609437912,0.2,0,2/26/2015 15:12,21,88,160,2/26/2015 14:48,310,319,1839.095962,34,15.1,493,623,303,0,22,0,376.7,34,1,0,160,4.23E-41,33.8344426,-0.309564496
1512,,-1.609437912,0.2,0,2/27/2015 6:36,0,44,255,2/27/2015 6:36,266,282,1591.017794,30,-23.5,116,0,276,0,58,0,352.5,35,1,0,255,2.92E-37,-21.01832216,-0.119461835
1513,,-1.609437912,0.2,0,2/27/2015 17:36,-11,41,230,2/27/2015 16:48,245,302,1724.548959,15,-8.5,224,0,247,0,58,0,327.7,36,1,0,255,4.24E-38,-30.78902402,-0.256345051
1514,,-1.609437912,0.2,0,2/27/2015 18:00,19,46,350,2/27/2015 18:00,304,293,1664.290574,20,5.3,334,439,304,0,58,0,327.7,37,2,0,350,1.02E-34,-30.21031741,-0.246799156
1515,,-1.609437912,0.2,0,2/28/2015 0:00,30,80,100,2/28/2015 0:00,307,129,626.9158002,26,-0.9,122,0,307,0,60,0,344,36,3,0,350,3.62E-45,32.59114078,-0.2872316
1516,,-1.609437912,0.2,0,2/28/2015 3:12,26,-70,150,2/28/2015 2:48,54,184,959.5481794,30,3.4,210,329,52,0,60,0,348,37,2,0,350,1.21E-41,-130.1657297,-4.581697458
1517,,-1.609437912,0.2,0,2/28/2015 4:24,-9,-176,455,2/28/2015 4:24,171,280,1577.741089,46,-1.4,248,249,360,1,60,0,349.3,38,3,0,455,1.25E-32,118.0055238,-3.765631058
1518,,-1.609437912,0.2,0,2/28/2015 15:12,71,61,155,2/28/2015 15:12,341,236,1289.464306,26,0.9,246,268,333,0,60,0,401.7,39,1,0,455,2.29E-41,71.0467412,-1.364964693
1519,,-1.609437912,0.2,0,2/28/2015 21:48,11,-162,1200,2/28/2015 21:36,78,999,6899.848024,43,-38,667,903,360,1,60,0,480.8,40,2,1,1200,4.49E-10,148.5329558,-5.965938065
1520,,-1.609437912,0.2,0,3/1/2015 2:24,-33,-155,320,3/1/2015 0:48,152,355,2084.601815,49,-0.4,349,349,145,0,65,0,523.8,41,2,1,1200,1.97E-35,142.5739223,-5.496842435
1521,,-1.609437912,0.2,0,3/1/2015 7:00,3,93,529,3/1/2015 6:48,275,769,5110.074956,35,-12.4,665,678,269,0,65,0,545.5,42,2,0,1200,1.95E-31,51.04900081,-0.704705377
1522,,-1.609437912,0.2,0,3/1/2015 12:48,-15,-170,920,3/1/2015 12:36,149,792,5286.252622,45,-44.6,381,611,146,0,65,0,517.7,43,2,0,1200,9.50E-12,142.9611839,-5.526744213
1523,,-1.609437912,0.2,0,3/1/2015 17:24,33,85,319,3/1/2015 17:00,297,387,2305.910356,37,0.4,392,395,303,0,65,0,504.8,44,2,0,1200,1.86E-35,49.74234282,-0.669091582
1524,,-1.609437912,0.2,0,3/1/2015 22:36,39,80,229,3/1/2015 22:24,306,313,1798.561599,28,0.6,323,326,304,0,65,0,478.5,45,2,0,920,3.91E-38,48.82817124,-0.644724258
1525,,-1.609437912,0.2,0,3/2/2015 6:24,26,78,241,3/2/2015 6:12,295,397,2375.622703,30,29.2,485,896,282,0,52,0,598.8,46,2,0,920,1.02E-37,46.26853793,-0.578901461
1526,,-1.609437912,0.2,0,3/2/2015 15:56,40,87,443,3/2/2015 15:45,318,452,2763.384345,30,-11.8,259,331,323,0,52,0,585.3,46,1,0,443,7.67E-33,59.05947759,-0.943218468
1527,,-1.609437912,0.2,0,3/3/2015 3:18,8,90,330,3/3/2015 1:36,281,344,2009.18073,28,-8.7,254,0,265,0,42,0,537.7,47,1,0,443,3.47E-35,47.88701674,-0.62010989
1528,,-1.609437912,0.2,0,3/3/2015 15:48,-18,-128,725,3/3/2015 15:48,131,732,4828.111336,43,-24.9,473,601,140,0,42,0,455.2,47,1,0,725,4.18E-18,-161.9269574,-7.090410909
1529,,-1.609437912,0.2,0,3/3/2015 21:11,27,89,470,3/3/2015 19:48,306,406,2438.579383,30,-2.8,418,417,56,0,42,0,449.3,48,2,0,725,2.26E-32,45.39445323,-0.557235366
1530,,-1.609437912,0.2,0,3/3/2015 23:06,45,-6,800,3/3/2015 21:38,48,453,2770.499133,18,-2.8,418,417,56,0,42,0,447,49,3,0,800,3.85E-14,-67.52441952,-1.232976536
1531,,-1.609437912,0.2,0,3/5/2015 20:36,-20,-95,585,3/5/2015 20:00,120,637,4112.962271,30,-22.5,385,430,108,0,26,0,414.3,47,1,0,585,1.21E-30,-144.7267005,-5.664093524
1532,,-1.609437912,0.2,0,3/6/2015 4:49,-4,-108,900,3/6/2015 4:38,116,812,5439.994276,47,26.3,1103,965,95,0,35,0,476,48,2,0,900,5.24E-12,-155.8353275,-6.566968444
1533,,-1.609437912,0.2,0,3/6/2015 7:12,-9,-105,1500,3/6/2015 7:12,92,880,5966.331279,46,48.6,1125,1241,83,0,35,945000,480,48,2,1,1500,1.42E-09,-151.4085908,-6.199178303
1534,,-1.609437912,0.2,0,3/6/2015 23:06,23,-6,300,3/6/2015 22:00,3,276,1551.230639,18,12.9,324,604,3,0,35,0,503.2,48,1,0,1500,5.98E-36,-55.07917687,-0.82036661
1535,,-1.609437912,0.2,0,3/7/2015 22:24,-22,-72,1200,3/7/2015 22:12,125,1261,9003.111684,43,-7.3,1213,1239,360,1,17,0,551.8,48,1,1,1200,4.49E-10,-111.7298998,-3.375762712
1536,,-1.609437912,0.2,0,3/10/2015 0:00,-6,-50,1200,3/10/2015 0:00,107,995,6868.229023,34,-10.2,904,966,360,1,27,132600,400,47,1,1,1200,4.49E-10,-107.1996776,-3.107563787
1537,,-1.609437912,0.2,0,3/10/2015 3:36,6,-45,1500,3/10/2015 3:36,71,1040,7224.855032,37,-20.4,880,982,360,1,27,0,387.2,48,2,2,1500,1.42E-09,-104.1121666,-2.931136623
1538,,-1.609437912,0.2,0,3/11/2015 0:24,12,-80,545,3/11/2015 0:24,74,702,4600.86125,24,-8.9,668,576,81,0,44,0,376,48,1,0,1500,3.35E-31,-139.4356681,-5.257519074
1539,,-1.609437912,0.2,0,3/11/2015 10:24,55,45,600,3/11/2015 8:24,337,462,2834.63098,40,7.3,606,532,325,0,44,0,385.5,47,1,0,600,1.92E-30,-56.25997882,-0.855918123
1540,,-1.609437912,0.2,0,3/11/2015 17:00,14,-80,375,3/11/2015 17:00,81,240,1315.353342,24,-15.9,64,0,73,0,44,0,375.8,48,2,0,600,3.64E-34,-138.9314474,-5.219563837
1541,,-1.609437912,0.2,0,3/11/2015 19:00,60,-6,338,3/11/2015 20:57,11,294,1670.972452,35,37.2,576,925,18,0,44,0,377.5,49,3,0,600,5.39E-35,-78.59909781,-1.670583606
1542,,-1.609437912,0.2,0,3/12/2015 3:12,12,-80,250,3/12/2015 2:48,77,204,1084.896479,17,-3.8,144,0,79,0,56,0,395.8,49,2,0,600,2.02E-37,-136.5374154,-5.041229259
1543,3/15/2015 4:20,1.332708968,3.7913,0,3/15/2015 2:00,-12,32,750,3/15/2015 1:48,240,719,4729.482316,38,-9,611,682,360,1,53,0,326.3,48,1,0,750,2.47E-16,-39.80094226,-0.428370742
1544,,-1.609437912,0.2,0,3/15/2015 8:36,-5,-92,192,3/15/2015 8:12,98,184,959.5481794,21,-4.1,124,0,105,0,53,0,314.7,48,2,0,750,1.40E-39,-164.0437014,-7.276997291
1545,,-1.609437912,0.2,0,3/18/2015 0:12,-5,64,498,3/17/2015 23:48,239,510,3179.54947,20,-32.9,326,0,265,0,41,0,561.8,47,1,0,498,6.48E-32,23.7078527,-0.151990881
1546,,-1.609437912,0.2,0,3/18/2015 15:12,-19,-40,552,3/18/2015 14:48,332,220,1186.59806,15,22.4,505,736,318,0,41,0,628,48,1,0,552,4.22E-31,-77.24370219,-1.613463907
1547,,-1.609437912,0.2,0,3/20/2015 2:00,-3,88,825,3/20/2015 1:36,257,806,5393.819496,39,53.9,1343,1197,283,0,20,0,558.8,49,1,0,825,2.02E-13,47.05861648,-0.598840829
1548,,-1.609437912,0.2,0,3/20/2015 18:36,-11,72,445,3/20/2015 18:00,254,469,2884.632698,15,-1.4,452,448,250,0,20,0,586.5,49,1,0,825,8.33E-33,34.5143493,-0.322130965
1549,,-1.609437912,0.2,0,3/21/2015 7:36,6,58,162,3/21/2015 6:36,280,209,1116.547859,10,-0.3,206,191,274,0,26,0,650.2,49,1,0,445,5.38E-41,23.48808851,-0.149186128
1550,,-1.609437912,0.2,0,3/22/2015 19:36,14,20,236,3/22/2015 19:12,330,129,626.9158002,27,5.9,183,385,332,0,81,0,578.8,49,1,0,236,6.88E-38,-23.92328192,-0.154765662
1551,,-1.609437912,0.2,0,3/23/2015 18:48,-60,-6,320,3/23/2015 18:12,147,240,1315.353342,22,6.3,334,412,159,0,99,0,564.3,48,1,0,320,1.97E-35,-69.91281765,-1.321742042
1552,,-1.609437912,0.2,0,3/24/2015 8:36,-3,100,1450,3/24/2015 8:24,255,1794,13441.01226,50,-34.4,1626,1727,360,1,108,2271200,532,48,1,1,1450,1.26E-09,56.97038614,-0.877670335
1553,,-1.609437912,0.2,0,3/27/2015 0:00,18,77,397,3/27/2015 1:25,110,150,751.5952941,18,-49.3,52,0,110,0,101,0,432.3,44,1,0,397,1.03E-33,29.66389425,-0.237952034
1554,,-1.609437912,0.2,0,3/27/2015 14:12,38,-97,411,3/27/2015 13:36,46,440,2678.18088,33,10.4,645,563,65,0,101,0,387.2,44,1,0,411,1.95E-33,-136.1330538,-5.011413827
1555,,-1.609437912,0.2,0,3/27/2015 19:00,-40,20,494,3/27/2015 18:24,294,164,836.3780942,35,8.6,224,468,288,0,101,0,375.3,45,2,0,494,5.60E-32,-54.72222673,-0.809768009
1556,,-1.609437912,0.2,0,3/29/2015 0:00,14,95,175,3/28/2015 23:24,122,92,416.0045491,33,-0.2,90,70,129,0,72,0,394,45,1,0,175,2.38E-40,39.04592936,-0.412272742
1557,,-1.609437912,0.2,0,3/29/2015 18:36,14,-126,500,3/29/2015 18:36,87,576,3661.118013,55,-7.6,475,522,65,0,72,0,366.3,43,1,0,500,6.97E-32,163.6306572,-7.240398042
1558,,-1.609437912,0.2,0,3/31/2015 6:24,28,-82,417,3/31/2015 7:00,67,366,2160.3638,22,6.5,453,484,67,0,38,0,358.5,38,1,0,417,2.54E-33,-137.0034073,-5.075698652
1559,,-1.609437912,0.2,0,4/2/2015 5:48,16,-95,550,4/2/2015 5:48,64,677,4412.463452,37,-10.8,559,609,60,0,35,0,424,32,1,0,550,3.95E-31,-145.5307049,-5.727200125
1560,,-1.609437912,0.2,0,4/3/2015 7:48,9,-95,430,4/3/2015 7:36,69,429,2600.365018,39,-6.3,334,352,69,0,35,0,539.3,30,1,0,430,4.45E-33,-136.7333929,-5.055711396
1561,,-1.609437912,0.2,0,4/3/2015 13:25,48,-6,250,4/3/2015 12:48,22,848,5717.962779,40,-2.6,839,821,360,1,35,0,541,31,2,0,430,2.02E-37,-63.60435482,-1.093973486
1562,,-1.609437912,0.2,0,4/4/2015 23:36,-25,-29,1090,4/4/2015 23:36,131,825,5540.191294,36,2.2,850,834,114,0,54,0,543,31,1,1,1090,1.80E-10,-73.02516167,-1.44204279
1563,,-1.609437912,0.2,0,4/5/2015 4:00,-21,38,415,4/5/2015 2:00,243,295,1677.65773,20,10.8,389,548,248,0,55,0,546.3,32,2,1,1090,2.33E-33,-21.35229266,-0.123288373
1564,,-1.609437912,0.2,0,4/5/2015 10:24,-14,95,175,4/5/2015 8:48,243,197,1040.791135,24,5.4,286,376,237,0,55,0,531,31,2,0,1090,2.38E-40,53.16364294,-0.76429771
1565,,-1.609437912,0.2,0,4/5/2015 23:48,-3,-36,409,4/5/2015 21:12,92,442,2692.358968,29,-0.3,438,438,80,0,55,0,511.5,31,1,0,415,1.78E-33,-80.82005532,-1.766328108
1566,,-1.609437912,0.2,0,4/6/2015 1:25,55,90,285,4/6/2015 0:48,307,175,903.8375454,31,4.2,277,328,295,0,53,0,503.8,32,2,0,415,2.31E-36,65.85490706,-1.172760623
1567,,-1.609437912,0.2,0,4/6/2015 5:48,11,-34,558,4/6/2015 6:00,63,501,3114.519657,25,-6.2,397,458,70,0,53,0,492.8,33,3,0,558,5.14E-31,-80.68359703,-1.760368531
1568,,-1.609437912,0.2,0,4/6/2015 20:36,-9,-15,917,4/6/2015 19:36,75,427,2586.246774,22,1.1,435,450,125,0,53,0,447.2,34,1,0,917,8.74E-12,-66.55992728,-1.198005387
1569,,-1.609437912,0.2,0,4/8/2015 21:12,34,-6,229,4/8/2015 22:12,344,139,685.8918767,9,15.8,190,624,339,0,43,0,334.2,34,1,0,229,3.91E-38,-77.26424651,-1.614322279
1570,,-1.609437912,0.2,0,4/9/2015 1:36,87,-6,305,4/9/2015 0:48,338,320,1845.862719,19,23.7,395,789,339,0,47,0,351,34,2,0,305,8.11E-36,-89.03836586,-2.143815737
1571,,-1.609437912,0.2,0,4/9/2015 23:12,-15,45,500,4/9/2015 23:48,338,263,1465.47651,45,4.4,281,406,327,0,47,0,415.7,34,1,0,500,6.97E-32,-18.03675061,-0.087973059
1572,,-1.609437912,0.2,0,4/11/2015 9:12,-15,-105,350,4/11/2015 8:48,111,441,2685.26879,15,16.2,570,702,115,0,59,0,361.8,30,1,0,350,1.02E-34,-161.0879289,-7.017122997
1573,,-1.609437912,0.2,0,4/12/2015 3:12,63,151,1000,4/12/2015 3:12,242,300,1711.134742,35,15.5,351,659,247,0,86,0,348.5,31,1,0,1000,5.39E-11,87.83890255,-2.086444781
1574,,-1.609437912,0.2,0,4/12/2015 9:24,-2,82,335,4/12/2015 9:12,270,261,1452.339826,28,4.2,323,374,269,0,86,0,340.3,32,2,0,1000,4.58E-35,14.7836447,-0.059101176
1575,,-1.609437912,0.2,0,4/12/2015 10:00,18,-70,350,4/12/2015 9:48,68,336,1954.54935,30,1.9,358,381,59,0,86,0,339.8,33,3,0,1000,1.02E-34,-134.4762238,-4.890171649
1576,,-1.609437912,0.2,0,4/13/2015 0:00,-1,61,556,4/12/2015 23:48,285,678,4419.981861,42,-3,640,660,296,0,103,0,342.3,34,1,0,1000,4.81E-31,-6.038835933,-0.009861422
1577,,-1.609437912,0.2,0,4/14/2015 2:48,55,-150,1075,4/14/2015 2:36,24,1198,8491.913717,47,-37.7,920,1136,360,1,105,0,307.8,34,1,1,1075,1.53E-10,114.1659142,-3.524568945
1578,,-1.609437912,0.2,0,4/14/2015 9:12,-4,90,380,4/14/2015 9:12,264,425,2572.137897,24,-16,264,0,249,0,105,0,323,34,2,1,1075,4.63E-34,19.44376697,-0.10223366
1579,,-1.609437912,0.2,0,4/14/2015 10:48,-4,-90,275,4/14/2015 10:48,107,320,1845.862719,33,5.4,464,404,94,0,105,0,327.7,35,3,1,1075,1.19E-36,-159.5600731,-6.884644927
1580,,-1.609437912,0.2,0,4/14/2015 15:24,-10,-90,450,4/14/2015 15:24,109,360,2118.997451,36,-8.5,291,0,88,0,105,0,330,36,3,0,1075,1.02E-32,-157.2423152,-6.68608591
1581,,-1.609437912,0.2,0,4/16/2015 0:00,32,-19,363,4/15/2015 21:12,21,597,3815.974517,15,8,672,680,33,0,100,0,548,37,1,0,363,2.00E-34,-65.57936869,-1.162967441
1582,,-1.609437912,0.2,0,4/16/2015 6:36,2,-92,453,4/16/2015 6:36,90,445,2713.643056,18,1.8,466,472,92,0,100,0,605.7,38,2,0,453,1.15E-32,-129.8096817,-4.556666702
1583,,-1.609437912,0.2,0,4/17/2015 4:17,-4,63,250,4/17/2015 3:24,266,143,709.6867821,17,6.2,188,402,260,0,117,0,685,38,1,0,453,2.02E-37,29.78701067,-0.239931315
1584,,-1.609437912,0.2,0,4/18/2015 3:12,54,-102,921,4/18/2015 3:12,34,1082,7559.464909,38,10.6,1169,1118,52,0,140,0,573.7,38,1,0,921,9.77E-12,-117.57189,-3.738006849
1585,,-1.609437912,0.2,0,4/18/2015 16:12,22,46,165,4/18/2015 15:12,333,428,2593.304728,19,11.1,510,610,360,1,140,0,519.8,39,1,0,921,7.67E-41,22.07850079,-0.131817252
1586,,-1.609437912,0.2,0,4/19/2015 7:24,-51,146,270,4/19/2015 7:36,90,312,1791.816995,46,-23.4,247,0,89,0,137,0,423.2,39,1,0,270,8.47E-37,91.16013862,-2.247206834
1587,,-1.609437912,0.2,0,4/19/2015 11:00,-23,-145,850,4/19/2015 9:48,293,282,1591.017794,35,44.6,422,1031,287,0,137,0,404.8,40,2,0,850,7.54E-13,148.8435083,-5.990911293
1588,,-1.609437912,0.2,0,4/19/2015 21:12,-34,126,459,4/19/2015 21:12,209,672,4374.893605,42,-2.4,649,653,360,1,137,0,396.5,40,1,0,850,1.47E-32,72.06604328,-1.404411734
1589,,-1.609437912,0.2,0,4/21/2015 3:24,-32,-90,360,4/21/2015 2:12,134,349,2043.420101,34,-1.2,331,327,114,0,127,0,564.5,40,1,0,360,1.72E-34,-123.4969767,-4.124257236
1590,,-1.609437912,0.2,0,4/21/2015 10:36,44,-90,1800,4/21/2015 10:36,44,2039,15537.61792,40,-40.4,1863,1983,21,0,127,0,568.5,41,2,1,1800,2.13E-09,-117.7363222,-3.748469864
1591,,-1.609437912,0.2,0,4/21/2015 13:25,59,-90,1110,4/21/2015 13:25,31,1079,7535.509373,30,-26.5,847,1018,28,0,127,0,572,42,2,2,1800,2.21E-10,-109.3615976,-3.23416956
1592,,-1.609437912,0.2,0,4/23/2015 9:36,20,80,627,4/23/2015 9:36,291,857,5787.696296,50,-2.7,829,847,360,1,117,0,435.2,40,1,0,627,4.27E-30,33.41029651,-0.301851788
1593,,-1.609437912,0.2,0,4/24/2015 0:00,29,-6,300,4/24/2015 0:48,268,608,3897.386328,28,0.7,610,619,271,0,83,0,405.2,41,1,0,627,5.98E-36,-66.23329752,-1.186276285
1594,,-1.609437912,0.2,0,4/24/2015 15:12,54,-117,962,4/24/2015 15:12,38,840,5656.057589,19,11.4,899,934,41,0,83,0,363.3,42,1,0,962,2.63E-11,125.9999537,-4.293128265
1595,,-1.609437912,0.2,0,4/24/2015 20:48,36,127,1020,4/24/2015 20:36,311,601,3845.555556,38,-17.5,424,408,315,0,83,0,366.8,43,2,1,1020,7.43E-11,69.63002269,-1.311070865
1596,,-1.609437912,0.2,0,4/25/2015 3:48,37,-126,590,4/25/2015 3:24,54,536,3368.29591,14,8.8,600,661,47,0,69,0,356.5,44,2,1,1020,1.42E-30,141.7941194,-5.436877312
1597,,-1.609437912,0.2,0,4/25/2015 15:12,11,134,811,4/25/2015 14:48,267,675,4397.431066,51,-9.2,590,609,360,1,69,0,323.2,45,1,0,1020,8.40E-14,63.62047856,-1.094528202
1598,,-1.609437912,0.2,0,4/25/2015 18:48,25,100,650,4/25/2015 18:48,307,493,3056.851023,25,-27.5,330,0,304,0,69,0,324.3,46,2,0,1020,8.22E-30,37.80074715,-0.386397103
1599,,-1.609437912,0.2,0,4/26/2015 1:48,12,165,1575,4/26/2015 1:48,316,394,2354.682258,40,-0.4,393,385,314,0,65,0,318,46,2,1,1575,1.63E-09,92.86376981,-2.331984787
1600,,-1.609437912,0.2,0,4/26/2015 12:36,42,121,389,4/26/2015 11:48,314,292,1657.61211,28,9.8,571,485,310,0,65,0,301.2,47,1,0,1575,7.12E-34,58.24236044,-0.917299229
1601,,-1.609437912,0.2,0,4/28/2015 7:31,-26,-6,550,4/28/2015 8:44,42,308,1764.870733,29,19.6,363,730,42,0,41,0,315.2,45,1,0,550,3.95E-31,-79.86756722,-1.724940047
1602,,-1.609437912,0.2,0,4/28/2015 14:29,26,-59,601,4/28/2015 14:08,51,642,4150.265691,36,14.7,839,753,81,0,41,0,320,46,2,0,601,1.98E-30,-125.8150679,-4.280538485
1603,,-1.609437912,0.2,0,4/30/2015 3:12,45,152,460,4/30/2015 2:00,359,444,2706.546106,43,10.6,595,594,355,0,15,0,298,46,1,0,460,1.53E-32,79.51775976,-1.709863201
1604,,-1.609437912,0.2,0,5/1/2015 11:36,50,-134,341,5/1/2015 12:00,22,266,1485.210018,36,0,265,264,44,0,19,0,416.8,46,1,0,341,6.34E-35,129.4122003,-4.528804107
1605,,-1.609437912,0.2,0,5/1/2015 18:12,16,-168,975,5/1/2015 18:12,23,760,5041.322009,48,2.6,786,774,360,1,19,0,429.3,47,2,0,975,3.42E-11,136.1535888,-5.012925835
1606,,-1.609437912,0.2,0,5/1/2015 22:12,-8,95,200,5/1/2015 22:12,250,253,1399.947541,32,-7.3,138,0,264,0,19,0,405.3,48,2,0,975,3.04E-39,39.14875393,-0.414446981
1607,,-1.609437912,0.2,0,5/2/2015 7:48,3,-117,686,5/2/2015 7:36,96,606,3882.569272,37,-8.7,508,521,67,0,34,0,405.8,48,1,0,975,5.98E-23,-172.8242357,-8.076856802
1608,,-1.609437912,0.2,0,5/2/2015 9:48,-28,88,200,5/2/2015 9:36,339,415,2501.735586,37,-31.9,347,0,333,0,34,0,404.8,49,2,0,975,3.04E-39,41.08068564,-0.456360934
1609,,-1.609437912,0.2,0,5/2/2015 21:36,-32,-31,296,5/2/2015 20:24,115,335,1947.733728,50,3.8,430,394,360,1,34,0,403.2,50,1,0,686,4.66E-36,-88.17058926,-2.102231696
1610,,-1.609437912,0.2,0,5/3/2015 1:25,-26,97,473,5/3/2015 1:25,244,273,1531.3858,32,4.9,326,405,245,0,44,0,383.5,51,2,0,686,2.54E-32,44.3107634,-0.530947472
1611,,-1.609437912,0.2,0,5/3/2015 4:00,41,-105,817,5/3/2015 3:48,53,753,4987.921117,46,-8.5,666,700,360,1,44,0,375.5,52,3,0,817,1.24E-13,-137.0884408,-5.082001246
1612,,-1.609437912,0.2,0,5/3/2015 15:12,-21,-107,577,5/3/2015 15:12,120,546,3441.229961,27,-13.5,438,325,120,0,44,0,388.7,51,1,0,817,9.45E-31,-154.918196,-6.489899257
1613,,-1.609437912,0.2,0,5/3/2015 16:12,45,-96,448,5/3/2015 16:24,51,619,3978.997164,25,-6.5,587,523,46,0,44,0,388.5,52,2,0,817,9.41E-33,-129.8531606,-4.559719665
1614,,-1.609437912,0.2,0,5/4/2015 3:12,43,-85,407,5/4/2015 3:12,50,1014,7018.561399,38,-25.6,810,945,360,1,103,0,384.5,53,1,0,817,1.63E-33,-126.5982087,-4.33399309
1615,,-1.609437912,0.2,0,5/4/2015 8:48,-20,-85,483,5/4/2015 7:24,116,354,2077.731107,32,51.1,459,1137,117,0,103,0,376.5,54,2,0,577,3.71E-32,-141.0669268,-5.381254144
1616,,-1.609437912,0.2,0,5/4/2015 9:48,15,-135,560,5/4/2015 9:48,71,688,4495.24672,65,-9.8,566,635,360,1,103,0,375.5,55,3,0,577,5.48E-31,158.1776303,-6.765863368
1617,,-1.609437912,0.2,0,5/4/2015 19:36,-20,-95,490,5/4/2015 19:36,109,541,3404.73983,17,-16.4,427,202,107,0,103,0,358.5,56,1,0,560,4.83E-32,-151.2667628,-6.187569911
1618,,-1.609437912,0.2,0,5/5/2015 2:12,-16,-95,680,5/5/2015 2:00,107,628,4045.915225,21,-9.1,520,559,114,0,104,0,369,56,2,0,680,4.08E-24,-152.3219983,-6.274199886
1619,,-1.609437912,0.2,0,5/5/2015 14:12,36,-100,270,5/5/2015 14:12,50,286,1617.613658,38,-5.3,196,93,56,0,104,0,363.5,55,1,0,680,8.47E-37,-140.7032495,-5.353543652
1620,,-1.609437912,0.2,0,5/5/2015 22:24,42,-65,725,5/5/2015 22:24,41,715,4699.182018,35,-13.6,547,685,360,1,104,675000,395.8,56,2,0,725,4.18E-18,-113.8106977,-3.502670336
1621,,-1.609437912,0.2,0,5/6/2015 17:00,-11,26,576,5/6/2015 16:48,273,479,2956.244586,29,14.8,608,693,263,0,124,0,434,54,1,0,725,9.15E-31,-28.82224252,-0.224640796
1622,,-1.609437912,0.2,0,5/7/2015 12:36,34,-6,400,5/7/2015 12:00,76,582,3705.285801,20,13.6,782,704,63,0,145,0,409,54,1,0,576,1.19E-33,-67.12374001,-1.218387364
1623,,-1.609437912,0.2,0,5/9/2015 1:36,31,-88,670,5/9/2015 1:36,66,661,4292.371288,40,-2.6,627,647,67,0,139,0,378.8,54,1,0,670,1.66E-26,-136.960842,-5.072545222
1624,,-1.609437912,0.2,0,5/9/2015 9:12,-20,-107,520,5/9/2015 9:12,106,513,3201.261509,43,-3,461,498,121,0,139,0,400.2,54,2,0,670,1.42E-31,-154.755429,-6.476269009
1625,,-1.609437912,0.2,0,5/11/2015 5:00,30,-24,269,5/11/2015 4:24,58,360,2118.997451,24,0.8,371,375,64,0,163,0,352.3,54,1,0,269,7.91E-37,-89.18181699,-2.150729173
1626,5/12/2015 3:04,1.833525018,6.2559,0,5/12/2015 2:48,-1,85,610,5/12/2015 2:48,283,772,5133.016073,43,-5.9,712,740,286,0,165,30400,344.3,54,1,0,610,2.59E-30,18.45933698,-0.092143624
1627,,-1.609437912,0.2,0,5/12/2015 12:24,-3,66,468,5/12/2015 12:24,261,443,2699.451408,21,-0.8,436,429,270,0,165,0,352,52,1,0,610,2.09E-32,3.128924925,-0.002647423
1628,,-1.609437912,0.2,0,5/12/2015 18:36,35,-116,419,5/12/2015 18:00,61,378,2243.390006,35,10.1,621,519,68,0,165,0,435.8,53,2,0,610,2.77E-33,-143.4141215,-5.561819972
1629,,-1.609437912,0.2,0,5/13/2015 18:48,37,7,354,5/13/2015 18:48,353,438,2664.011883,37,-5.1,353,388,360,1,172,0,713.5,53,1,0,354,1.26E-34,-43.68981082,-0.516170787
1630,,-1.609437912,0.2,0,5/16/2015 0:36,50,-72,600,5/16/2015 0:12,40,600,3838.157793,35,10.7,771,676,42,0,103,0,476.8,49,1,0,600,1.92E-30,-108.7873705,-3.200295289
1631,,-1.609437912,0.2,0,5/16/2015 10:12,-43,-43,320,5/16/2015 11:00,143,314,1805.309398,28,-2.2,283,267,146,0,103,0,441.8,49,1,0,600,1.97E-35,-93.56431005,-2.367301275
1632,,-1.609437912,0.2,0,5/16/2015 11:24,51,14,627,5/16/2015 11:24,354,531,3331.898633,25,5.3,612,576,358,0,103,0,439,50,2,0,627,4.27E-30,-60.36276046,-0.985306342
1633,,-1.609437912,0.2,0,5/21/2015 23:12,49,-111,676,5/21/2015 22:24,27,978,6734.028457,75,-9.3,904,954,360,1,50,0,396.2,42,1,0,676,5.37E-25,-130.0659304,-4.574674487
1634,,-1.609437912,0.2,0,5/23/2015 7:00,55,134,274,5/23/2015 6:36,326,243,1334.813931,20,-2.9,196,104,325,0,72,0,339,43,1,0,274,1.11E-36,76.72058954,-1.591684386
1635,,-1.609437912,0.2,0,5/24/2015 13:48,-12,93,380,5/24/2015 13:25,251,249,1373.845771,12,4.3,344,355,254,0,78,0,333,42,1,0,380,4.63E-34,26.82768205,-0.194625345
1636,,-1.609437912,0.2,0,5/25/2015 23:48,18,-82,349,5/25/2015 23:12,71,374,2215.671668,32,9.3,537,519,81,0,67,0,302.7,38,1,0,349,9.72E-35,-151.6449889,-6.218551291
1637,,-1.609437912,0.2,0,5/27/2015 19:36,-56,173,435,5/27/2015 19:48,195,400,2396.585819,50,-2.4,374,350,181,0,14,0,288.5,37,1,0,435,5.50E-33,91.98884228,-2.288249622
1638,,-1.609437912,0.2,0,5/28/2015 23:48,59,90,724,5/28/2015 23:48,46,134,656.3105332,15,-11.9,96,0,50,0,12,0,360.5,36,1,0,724,3.43E-18,62.53364975,-1.057451961
1639,,-1.609437912,0.2,0,5/30/2015 13:25,59,-12,190,5/30/2015 12:48,10,259,1439.218468,24,-0.1,256,256,7,0,31,0,394.2,36,1,0,190,1.15E-39,-79.92328362,-1.727347557
1640,,-1.609437912,0.2,0,5/31/2015 15:36,11,-119,427,5/31/2015 15:36,80,428,2593.304728,32,-3.9,367,384,54,0,29,0,368.2,36,1,0,427,3.92E-33,168.9305253,-7.717015249
1641,,-1.609437912,0.2,0,6/1/2015 6:00,33,-63,180,6/1/2015 5:36,67,379,2250.326222,32,1,392,396,52,0,27,0,342.8,35,1,0,427,4.09E-40,-122.5132295,-4.058813251
1642,,-1.609437912,0.2,0,6/1/2015 14:00,13,-100,730,6/1/2015 13:48,91,748,4949.817428,38,-6.9,669,722,360,1,27,0,329.2,34,2,0,730,1.07E-17,-163.4204428,-7.221806683
1643,,-1.609437912,0.2,0,6/2/2015 9:12,-3,80,270,6/2/2015 6:48,263,434,2635.701328,33,15.1,721,627,265,0,44,0,327.7,32,1,0,730,8.47E-37,10.4944835,-0.029782094
1644,,-1.609437912,0.2,0,6/3/2015 18:54,82,-6,325,6/3/2015 20:00,44,309,1771.602455,33,5.1,445,394,34,0,49,0,308.3,28,1,0,325,2.62E-35,-88.66179818,-2.125720513
1645,,-1.609437912,0.2,0,6/4/2015 0:00,54,-6,311,6/4/2015 1:34,255,273,1531.3858,40,29.3,446,800,254,0,80,0,294.2,28,2,0,325,1.16E-35,-86.42049828,-2.019605874
1646,,-1.609437912,0.2,0,6/5/2015 20:48,-48,63,219,6/5/2015 22:36,122,189,990.6901858,30,9.5,258,457,128,0,90,0,286.5,25,1,0,219,1.69E-38,-50.21524976,-0.68187434
1647,,-1.609437912,0.2,0,6/9/2015 12:00,-33,-123,460,6/9/2015 11:48,128,380,2257.265076,23,3.9,429,450,142,0,92,0,647.8,23,1,0,460,1.53E-32,-141.230064,-5.393707675
1648,,-1.609437912,0.2,0,6/9/2015 20:00,30,-31,853,6/9/2015 20:12,67,1036,7193.07483,43,-3.8,1007,1022,77,0,92,277200,618.7,24,2,0,853,8.67E-13,-71.10675839,-1.367271792
1649,,-1.609437912,0.2,0,6/10/2015 14:12,46,22,367,6/10/2015 14:12,42,436,2649.852018,44,5.5,454,554,46,0,93,0,642.3,24,1,0,853,2.45E-34,-47.5501556,-0.611416251
1650,,-1.609437912,0.2,0,6/11/2015 10:00,17,-6,425,6/11/2015 10:00,75,689,4502.781236,11,-8.2,626,610,67,0,95,0,570.7,24,1,0,425,3.60E-33,-48.51767531,-0.636550789
1651,,-1.609437912,0.2,0,6/11/2015 16:36,50,-6,300,6/11/2015 14:00,41,423,2558.038432,20,10.5,618,565,48,0,95,0,536.3,24,2,0,425,5.98E-36,-64.91622123,-1.139566192
1652,,-1.609437912,0.2,0,6/14/2015 4:24,-23,40,701,6/14/2015 4:12,222,1228,8734.938509,36,33.8,1471,1355,199,0,90,26250,481.7,23,1,0,701,1.22E-20,-24.15208621,-0.157740202
1653,,-1.609437912,0.2,0,6/14/2015 7:36,53,-41,760,6/14/2015 7:00,28,681,4442.54593,18,-0.4,676,679,29,0,90,0,537.2,24,2,0,760,8.77E-16,-86.19170503,-2.008926451
1654,,-1.609437912,0.2,0,6/14/2015 13:36,-69,-6,200,6/14/2015 13:25,214,203,1078.580814,34,4.7,228,381,195,0,90,0,574.8,25,2,0,760,3.04E-39,-75.5512203,-1.543533502
1655,,-1.609437912,0.2,0,6/15/2015 14:24,-75,-105,170,6/15/2015 13:57,178,146,727.6065668,45,2.5,198,264,130,0,54,0,544,23,1,0,170,1.36E-40,-102.5554447,-2.844137164
1656,,-1.609437912,0.2,0,6/16/2015 5:12,-50,25,570,6/16/2015 4:48,193,465,2856.047394,39,-21.1,253,0,189,0,70,0,502.3,24,1,0,570,7.57E-31,-53.01709115,-0.760089766
1657,,-1.609437912,0.2,0,6/16/2015 18:00,-1,90,435,6/16/2015 18:00,260,357,2098.351674,21,-8,267,23,278,0,70,0,542.5,25,1,0,570,5.50E-33,47.76099695,-0.616850414
1658,,-1.609437912,0.2,0,6/17/2015 1:25,34,45,175,6/17/2015 0:48,337,568,3602.324966,18,36.7,779,993,324,0,80,0,518,26,2,0,570,2.38E-40,34.00737222,-0.312736984
1659,,-1.609437912,0.2,0,6/17/2015 3:12,30,-61,490,6/17/2015 3:12,66,549,3463.146044,18,36.7,779,993,324,0,80,0,512.3,27,2,0,570,4.83E-32,-103.5851797,-2.901538524
1660,,-1.609437912,0.2,0,6/17/2015 7:48,44,52,175,6/17/2015 6:48,329,556,3514.347172,23,2.8,596,580,332,0,80,0,491.5,28,3,0,490,2.38E-40,44.25972936,-0.52972516
1661,,-1.609437912,0.2,0,6/17/2015 8:24,15,-65,510,6/17/2015 8:36,88,502,3121.73726,30,0.3,505,507,81,0,80,0,491.5,29,4,0,510,1.00E-31,-110.8584971,-3.323311622
1662,6/18/2015 4:30,2.784084887,16.185,1,6/18/2015 1:25,-19,90,1720,6/18/2015 1:25,270,1714,12763.44686,40,27.7,1841,1757,279,0,77,0,436.2,30,1,1,1720,1.98E-09,41.36150338,-0.462621407
1663,,-1.609437912,0.2,0,6/19/2015 6:42,-33,9,603,6/19/2015 6:42,177,584,3720.022174,54,19.5,865,735,360,1,68,0,367.8,31,1,0,603,2.10E-30,-59.93047702,-0.971244477
1664,,-1.609437912,0.2,0,6/19/2015 16:34,44,133,152,6/19/2015 18:00,87,368,2174.174521,33,5.6,491,441,98,0,68,0,338.8,32,1,0,603,1.56E-41,72.54305873,-1.42306527
1665,,-1.609437912,0.2,0,6/20/2015 8:00,-16,-6,303,6/20/2015 7:36,103,435,2642.775524,23,-6.4,365,305,120,0,64,0,299.5,33,1,0,303,7.18E-36,-82.8152325,-1.854614044
1666,6/21/2015 19:54,6.868109676,961.13,1,6/21/2015 2:48,7,-8,1501,6/21/2015 2:36,72,1366,9862.031027,47,21.2,1477,1434,360,1,61,6029450,292.8,33,1,1,1501,1.42E-09,-86.30293505,-2.014114818
1667,,-1.609437912,0.2,0,6/24/2015 10:48,-23,95,375,6/24/2015 10:48,259,374,2215.671668,42,-2.2,346,328,254,0,36,0,639.2,32,1,0,375,3.64E-34,61.82889388,-1.033751249
1668,,-1.609437912,0.2,0,6/25/2015 1:25,-5,100,233,6/25/2015 1:36,261,249,1373.845771,29,7.3,328,447,267,0,27,0,610.5,32,1,0,375,5.41E-38,62.57234748,-1.058761133
1669,6/25/2015 16:39,3.134232551,22.971,1,6/25/2015 8:36,23,46,1450,6/25/2015 8:36,330,1627,12030.84029,41,-24.8,1488,1594,360,1,27,6578750,630.7,33,2,1,1450,1.26E-09,24.84469766,-0.166916983
1670,,-1.609437912,0.2,0,6/28/2015 11:36,65,-6,350,6/28/2015 10:48,340,407,2445.586966,20,1.8,426,441,340,0,32,0,442.8,32,1,0,350,1.02E-34,-76.97018485,-1.602057695
1671,7/1/2015 16:09,1.635865604,5.1339,0,7/1/2015 14:36,3,133,1300,7/1/2015 14:36,311,1435,10430.90038,45,-19.8,1321,1385,360,1,54,237150,406.3,29,1,1,1300,7.64E-10,76.60976343,-1.587089198
1672,,-1.609437912,0.2,0,7/2/2015 18:00,44,-114,600,7/2/2015 17:48,36,629,4053.35856,32,-3.4,580,611,58,0,75,0,341.5,29,1,0,600,1.92E-30,135.9888148,-5.000799825
1673,,-1.609437912,0.2,0,7/4/2015 20:12,39,-73,626,7/4/2015 20:00,41,673,4382.404607,30,-9.4,540,634,42,0,99,0,505.5,28,1,0,626,4.15E-30,-111.6480174,-3.370816602
1674,,-1.609437912,0.2,0,7/5/2015 9:48,10,-6,350,7/5/2015 8:36,85,168,860.8259485,12,20.3,238,702,81,0,109,0,504.7,29,1,0,626,1.02E-34,-52.10233979,-0.734087023
1675,,-1.609437912,0.2,0,7/5/2015 14:00,-8,86,252,7/5/2015 13:48,267,209,1116.547859,16,3.3,223,344,269,0,109,0,508.3,30,2,0,626,2.34E-37,41.5499336,-0.466846128
1676,,-1.609437912,0.2,0,7/5/2015 17:00,6,-6,297,7/5/2015 16:48,91,405,2431.574262,7,5.3,445,512,78,0,109,0,511.7,31,3,0,626,4.96E-36,-51.04545135,-0.704607383
1677,,-1.609437912,0.2,0,7/6/2015 15:12,-31,-102,473,7/6/2015 15:12,136,624,4016.15783,41,9.8,763,696,105,0,97,0,485.5,31,1,0,473,2.54E-32,-137.4193231,-5.106563108
1678,,-1.609437912,0.2,0,7/7/2015 6:12,-54,90,450,7/7/2015 5:48,217,542,3412.034173,8,6.2,580,633,218,0,112,0,460.5,32,1,0,473,1.02E-32,63.33664601,-1.084783864
1679,,-1.609437912,0.2,0,7/7/2015 15:24,-8,-20,344,7/7/2015 15:36,113,380,2257.265076,15,1.3,390,411,124,0,112,0,422.8,33,1,0,450,7.45E-35,-74.36520903,-1.495452762
1680,,-1.609437912,0.2,0,7/8/2015 9:12,13,27,329,7/8/2015 9:12,332,427,2586.246774,40,-2.4,398,383,297,0,123,0,380.7,34,1,0,344,3.28E-35,-35.38315438,-0.338552627
1681,,-1.609437912,0.2,0,7/9/2015 0:00,-36,-61,302,7/9/2015 0:00,334,192,1009.439111,28,-23.6,134,0,339,0,110,0,372.5,35,1,0,329,6.76E-36,-115.7859829,-3.625309314
1682,,-1.609437912,0.2,0,7/9/2015 22:36,-47,-60,450,7/9/2015 23:48,109,409,2459.609499,32,-4.5,381,285,112,0,110,0,341.8,34,1,0,450,1.02E-32,-114.2643549,-3.530649756
1683,,-1.609437912,0.2,0,7/10/2015 16:00,47,104,116,7/10/2015 14:48,327,179,928.5420592,34,3.5,300,292,308,0,103,0,345.5,34,1,0,450,7.42E-44,57.32504924,-0.888632036
1684,,-1.609437912,0.2,0,7/11/2015 9:12,47,100,255,7/11/2015 7:48,117,417,2515.796954,45,6.1,454,541,124,0,92,0,625,35,1,0,255,2.92E-37,72.17448302,-1.408641428
1685,,-1.609437912,0.2,0,7/12/2015 18:12,17,-97,545,7/12/2015 18:00,76,416,2508.765068,28,-7.9,339,211,80,0,71,0,586.7,34,1,0,545,3.35E-31,-133.5234853,-4.821125235
1686,,-1.609437912,0.2,0,7/13/2015 0:24,49,90,415,7/12/2015 23:12,319,363,2139.668229,14,6.5,439,480,318,0,53,0,616.7,35,2,0,545,2.33E-33,66.65148188,-1.201303417
1687,,-1.609437912,0.2,0,7/14/2015 6:36,17,90,185,7/14/2015 6:24,291,198,1047.076872,28,-0.2,197,190,283,0,43,0,442.7,35,1,0,185,6.90E-40,41.30402322,-0.461336488
1688,,-1.609437912,0.2,0,7/14/2015 10:00,-50,-129,180,7/14/2015 9:36,139,158,799.8900152,25,5.5,209,381,159,0,43,0,439.3,35,2,0,185,4.09E-40,129.9899508,-4.569331346
1689,,-1.609437912,0.2,0,7/16/2015 18:00,80,-3,870,7/16/2015 17:12,2,666,4329.858921,13,24.8,893,883,348,0,50,0,479.7,33,1,0,870,1.80E-12,-83.69603337,-1.894274203
1690,,-1.609437912,0.2,0,7/17/2015 6:12,10,55,350,7/17/2015 5:48,271,262,1458.90626,9,5.4,309,423,290,0,50,0,442,31,1,0,870,1.02E-34,10.47872961,-0.029692746
1691,,-1.609437912,0.2,0,7/17/2015 16:24,0,90,133,7/17/2015 16:00,269,177,916.1785027,30,-6.4,140,0,253,0,50,0,381.3,30,1,0,870,1.14E-42,29.89258179,-0.241635058
1692,,-1.609437912,0.2,0,7/18/2015 0:00,15,100,208,7/17/2015 23:12,303,165,842.4810032,39,4.9,201,366,286,0,58,0,361.7,31,2,0,350,6.39E-39,39.18538497,-0.41522293
1693,,-1.609437912,0.2,0,7/18/2015 4:48,10,92,212,7/18/2015 4:48,278,248,1367.330329,32,3.8,266,382,281,0,58,0,346,31,2,0,350,9.16E-39,27.50901569,-0.204636545
1694,,-1.609437912,0.2,0,7/18/2015 13:25,12,91,222,7/18/2015 13:25,297,286,1617.613658,30,-6.1,262,0,292,0,58,0,322.8,32,2,0,222,2.18E-38,23.19627475,-0.145502207
1695,,-1.609437912,0.2,0,7/18/2015 15:12,20,92,331,7/18/2015 15:12,295,329,1906.903,42,2,356,374,282,0,58,0,319.3,33,2,0,331,3.67E-35,28.1428173,-0.214174734
1696,,-1.609437912,0.2,0,7/18/2015 20:12,9,95,257,7/18/2015 20:12,274,285,1610.959416,23,6.2,326,462,278,0,58,0,320.3,34,3,0,331,3.38E-37,25.02207762,-0.169308915
1697,,-1.609437912,0.2,0,7/18/2015 23:26,41,124,316,7/18/2015 23:12,318,546,3441.229961,20,15.2,679,715,308,0,58,0,312.7,35,3,0,331,1.56E-35,61.44807531,-1.021056236
1698,,-1.609437912,0.2,0,7/19/2015 3:48,37,-6,138,7/19/2015 3:36,311,126,609.3715203,22,7.5,233,424,310,0,44,0,305,36,3,0,331,2.36E-42,-82.93764224,-1.86010073
1699,,-1.609437912,0.2,0,7/19/2015 5:24,-28,70,483,7/19/2015 5:24,246,324,1872.960899,26,0.3,326,332,237,0,44,0,305.7,37,3,0,483,3.71E-32,-28.40282353,-0.218150455
1700,,-1.609437912,0.2,0,7/19/2015 9:48,-19,51,763,7/19/2015 9:48,241,782,5209.570407,38,-2.4,752,772,246,0,44,0,303.3,37,3,0,763,1.24E-15,-30.69040245,-0.254705463
1701,,-1.609437912,0.2,0,7/20/2015 8:48,50,36,380,7/20/2015 10:48,330,256,1419.565426,10,4.9,291,405,322,0,36,0,293.2,36,1,0,763,4.63E-34,-61.5482516,-1.024388122
1702,,-1.609437912,0.2,0,7/20/2015 13:36,-20,155,289,7/20/2015 13:36,235,295,1677.65773,19,2.4,316,362,233,0,36,0,295,37,2,0,380,2.99E-36,78.08560513,-1.64882686
1703,,-1.609437912,0.2,0,7/21/2015 18:00,21,115,378,7/21/2015 18:00,292,360,2118.997451,42,-3.6,305,288,309,0,36,0,387.2,37,1,0,378,4.21E-34,58.3562697,-0.920890809
1704,,-1.609437912,0.2,0,7/22/2015 5:48,-43,-27,319,7/22/2015 6:12,158,250,1380.365229,24,0.5,257,268,152,0,36,0,339.7,38,1,0,378,1.86E-35,-93.2663159,-2.352245993
1705,,-1.609437912,0.2,0,7/23/2015 0:00,37,121,322,7/22/2015 23:48,318,279,1571.108087,26,-7.2,132,0,313,0,29,0,403.2,39,1,0,322,2.21E-35,69.62725146,-1.310966508
1706,,-1.609437912,0.2,0,7/23/2015 12:00,-75,-33,260,7/23/2015 11:48,122,299,1704.432628,14,-73.4,75,0,129,0,29,0,469,40,1,0,322,4.20E-37,-87.90180087,-2.089433909
1707,,-1.609437912,0.2,0,7/24/2015 16:36,32,161,400,7/24/2015 16:24,335,223,1205.799305,18,6.9,280,444,333,0,31,0,409.2,40,1,0,400,1.19E-33,102.6714265,-2.850573776
1708,,-1.609437912,0.2,0,7/25/2015 15:12,65,110,515,7/25/2015 15:12,335,889,6036.396442,22,-8.8,842,820,348,0,34,0,405.8,39,1,0,515,1.19E-31,75.44819736,-1.539326794
1709,,-1.609437912,0.2,0,7/26/2015 9:12,42,168,353,7/26/2015 8:48,351,303,1731.26104,44,-14.8,157,0,360,1,40,0,406.8,40,1,0,515,1.20E-34,105.9201734,-3.033824535
1710,,-1.609437912,0.2,0,7/30/2015 16:00,26,-137,381,7/30/2015 14:12,43,254,1406.482904,36,3.2,368,318,53,0,76,0,380,40,1,0,381,4.86E-34,149.1008393,-6.01164421
1711,,-1.609437912,0.2,0,7/31/2015 0:24,-21,155,128,7/31/2015 0:24,236,262,1458.90626,10,6.7,470,391,239,0,69,0,408,41,2,0,381,5.32E-43,98.23563789,-2.609583708
1712,,-1.609437912,0.2,0,7/31/2015 17:37,16,-100,335,7/31/2015 17:12,74,475,2927.574532,21,-24.6,214,0,58,0,69,0,573.7,41,1,0,335,4.58E-35,-137.3768031,-5.103403467
1713,,-1.609437912,0.2,0,8/1/2015 22:24,-18,-88,420,8/1/2015 21:12,110,419,2529.867915,21,5.3,527,477,108,0,64,0,587.5,41,1,0,420,2.90E-33,-124.9251499,-4.220198235
1714,,-1.609437912,0.2,0,8/2/2015 22:12,-25,-99,516,8/2/2015 21:48,123,460,2820.364185,41,-0.5,452,455,102,0,53,0,531.2,42,1,0,516,1.24E-31,-135.6920812,-4.978999703
1715,,-1.609437912,0.2,0,8/3/2015 13:25,-36,-112,556,8/3/2015 12:36,135,500,3107.304049,35,14.9,724,664,126,0,61,0,476,43,1,0,556,4.81E-31,-139.5475467,-5.265959383
1716,,-1.609437912,0.2,0,8/4/2015 15:36,71,12,314,8/4/2015 15:36,357,511,3186.784861,21,-3.8,457,473,344,0,90,0,433.3,41,1,0,314,1.39E-35,-75.75289974,-1.55178524
1717,,-1.609437912,0.2,0,8/5/2015 7:36,36,2,505,8/5/2015 8:36,358,365,2153.462534,14,10.1,509,524,342,0,94,0,389.8,41,1,0,505,8.36E-32,-63.70283744,-1.097363845
1718,,-1.609437912,0.2,0,8/5/2015 22:36,21,-100,386,8/6/2015 1:25,68,201,1065.964287,20,-19.7,90,0,71,0,94,0,380.2,41,1,0,505,6.18E-34,-151.502248,-6.206849961
1719,,-1.609437912,0.2,0,8/7/2015 20:48,-20,-56,446,8/7/2015 20:36,115,424,2565.086985,23,-6.3,355,290,127,0,112,0,529.2,39,1,0,446,8.68E-33,-98.74276382,-2.636596378
1720,,-1.609437912,0.2,0,8/8/2015 0:24,-15,-55,829,8/8/2015 0:12,107,876,5935.220696,34,7.4,949,909,121,0,93,0,511.5,39,2,0,829,2.55E-13,-99.47003809,-2.675578279
1721,,-1.609437912,0.2,0,8/8/2015 8:36,60,-93,357,8/8/2015 8:12,31,432,2621.559854,12,5,476,521,36,0,93,0,483.5,40,2,0,829,1.47E-34,-112.6604287,-3.43222612
1722,,-1.609437912,0.2,0,8/8/2015 23:48,-2,86,477,8/8/2015 23:36,260,360,2118.997451,6,-19.9,225,0,261,0,93,0,487.8,40,1,0,829,2.96E-32,39.05872272,-0.412542948
1723,,-1.609437912,0.2,0,8/9/2015 2:36,-32,-122,206,8/9/2015 2:36,124,215,1154.687176,13,12.9,310,564,118,0,76,0,507.7,41,2,0,477,5.32E-39,-145.7699135,-5.746043182
1724,,-1.609437912,0.2,0,8/9/2015 12:00,52,75,833,8/9/2015 11:48,321,810,5424.597741,32,9.1,914,852,314,0,76,0,515.5,42,1,0,833,3.18E-13,57.97753126,-0.908976239
1725,,-1.609437912,0.2,0,8/12/2015 15:12,-22,36,567,8/12/2015 14:48,234,647,4187.608053,41,4.8,698,687,221,0,66,0,400.7,39,1,0,567,6.87E-31,-30.17988237,-0.246302136
1726,,-1.609437912,0.2,0,8/13/2015 2:24,43,99,569,8/13/2015 2:12,316,962,6607.991902,24,2.3,983,971,320,0,55,0,392.3,40,1,0,569,7.33E-31,56.25630316,-0.855806286
1727,,-1.609437912,0.2,0,8/15/2015 13:25,21,59,650,8/15/2015 13:25,125,267,1491.795392,21,9.4,296,530,128,0,39,0,464.3,39,1,0,650,8.22E-30,23.01475382,-0.143233881
1728,,-1.609437912,0.2,0,8/15/2015 19:12,21,-112,232,8/15/2015 18:48,66,204,1084.896479,25,0.4,210,223,72,0,39,0,494.3,39,2,0,650,4.99E-38,-150.2062904,-6.10111673
1729,,-1.609437912,0.2,0,8/16/2015 9:12,12,-105,317,8/16/2015 7:48,249,285,1610.959416,41,5.1,348,412,241,0,38,0,531.5,39,1,0,650,1.65E-35,-146.1616061,-5.776964598
1730,,-1.609437912,0.2,0,8/16/2015 9:48,65,-43,224,8/16/2015 9:12,51,544,3426.62839,15,-90.2,317,0,55,0,38,0,530.3,40,2,0,650,2.58E-38,-88.40297174,-2.113327586
1731,,-1.609437912,0.2,0,8/20/2015 3:24,-6,139,264,8/20/2015 2:36,256,210,1122.892581,27,5.9,389,377,255,0,65,0,501.5,29,1,0,264,5.58E-37,93.2810922,-2.35299139
1732,,-1.609437912,0.2,0,8/20/2015 10:12,51,-126,689,8/20/2015 10:12,27,647,4187.608053,27,-13.1,456,609,41,0,65,0,485.3,30,2,0,689,2.00E-22,-128.6768791,-4.477484913
1733,,-1.609437912,0.2,0,8/21/2015 10:24,-33,-7,350,8/21/2015 10:12,72,555,3507.027303,39,15.2,628,764,131,0,73,0,461.8,29,1,0,350,1.02E-34,-62.52833008,-1.057272056
1734,,-1.609437912,0.2,0,8/22/2015 7:24,5,-2,1057,8/22/2015 7:12,95,547,3448.533495,27,-29.5,403,0,360,1,71,73700,367.8,29,1,1,1057,1.23E-10,-64.41846448,-1.122157535
1735,,-1.609437912,0.2,0,8/23/2015 4:36,3,-45,1288,8/23/2015 4:36,90,832,5594.228591,11,-40.3,598,443,90,0,81,0,439,29,1,1,1288,7.24E-10,-97.19726537,-2.554707517
1736,,-1.609437912,0.2,0,8/23/2015 13:25,62,-100,225,8/23/2015 12:24,28,275,1544.612052,24,-2.1,240,211,35,0,81,0,564.5,30,2,1,1288,2.81E-38,-111.2709513,-3.348086696
1737,,-1.609437912,0.2,0,8/24/2015 9:12,-15,97,278,8/24/2015 8:48,245,272,1524.778162,35,-3.3,238,106,251,0,81,0,461.5,30,1,0,278,1.46E-36,49.11222481,-0.65224733
1738,,-1.609437912,0.2,0,8/24/2015 22:12,13,123,500,8/24/2015 21:56,295,604,3867.758816,14,11.8,743,704,283,0,81,0,417.5,30,1,0,500,6.97E-32,68.6932848,-1.276032282
1739,,-1.609437912,0.2,0,8/25/2015 16:00,-34,63,325,8/25/2015 13:25,335,303,1731.26104,38,31.8,349,904,331,0,69,0,388.5,30,1,0,500,2.62E-35,34.20704343,-0.316420178
1740,,-1.609437912,0.2,0,8/26/2015 16:00,-19,46,378,8/26/2015 16:36,235,393,2347.707177,11,-2.5,350,362,229,0,47,0,382.5,31,1,0,378,4.21E-34,-23.39984448,-0.148067258
1741,,-1.609437912,0.2,0,8/28/2015 2:00,-17,-153,697,8/28/2015 1:25,109,312,1791.816995,17,1.7,342,345,100,0,44,0,347.3,32,1,0,697,3.47E-21,138.0110884,-5.150638326
1742,,-1.609437912,0.2,0,8/28/2015 7:12,-6,74,309,8/28/2015 6:36,266,370,2187.996112,32,-0.6,361,358,260,0,44,0,338,33,2,0,697,1.03E-35,8.614279437,-0.020066471
1743,,-1.609437912,0.2,0,8/30/2015 6:12,56,-44,428,8/30/2015 6:00,23,344,2009.18073,10,-9.6,286,0,23,0,56,0,419.5,32,1,0,428,4.09E-33,-94.81548098,-2.431037165
1744,,-1.609437912,0.2,0,8/31/2015 5:36,-11,92,434,8/31/2015 5:24,263,320,1845.862719,23,2.6,332,398,258,0,35,0,395.2,32,1,0,434,5.27E-33,35.53685894,-0.341500363
1745,,-1.609437912,0.2,0,8/31/2015 10:24,51,112,455,8/31/2015 10:12,320,641,4142.801882,17,-6.6,594,558,314,0,35,0,385,33,2,0,455,1.25E-32,67.45770783,-1.230541467
1746,,-1.609437912,0.2,0,9/1/2015 1:25,-25,-105,660,9/1/2015 0:36,115,562,3558.30404,14,-2.4,546,529,116,0,43,0,365.7,33,1,0,660,1.08E-29,-152.301745,-6.272531512
1747,,-1.609437912,0.2,0,9/1/2015 22:00,-21,-1,676,9/1/2015 22:00,174,264,1472.050563,10,5,289,422,174,0,43,0,349.3,34,1,0,676,5.37E-25,-68.24980312,-1.259609417
1748,,-1.609437912,0.2,0,9/2/2015 14:06,29,102,404,9/2/2015 16:24,348,453,2770.499133,35,27.5,724,806,348,0,36,0,392.5,33,1,0,676,1.42E-33,50.70647604,-0.695280344
1749,,-1.609437912,0.2,0,9/4/2015 14:12,-43,10,302,9/4/2015 14:36,182,232,1263.64307,23,7,346,422,186,0,37,0,482.5,32,1,0,302,6.76E-36,-54.53408473,-0.80420941
1750,,-1.609437912,0.2,0,9/4/2015 19:24,-25,-20,325,9/4/2015 19:36,129,217,1167.437726,55,5.2,269,389,127,0,37,0,478.8,33,2,0,325,2.62E-35,-70.03468301,-1.326353928
1751,,-1.609437912,0.2,0,9/6/2015 9:12,-30,-6,173,9/6/2015 9:12,79,556,3514.347172,30,7.1,651,626,111,0,43,0,466.7,33,1,0,173,1.91E-40,-60.30473311,-0.983412882
1752,,-1.609437912,0.2,0,9/6/2015 23:30,-15,-26,256,9/7/2015 0:12,238,400,2396.585819,18,-29.1,277,0,238,0,43,0,493,33,1,0,256,3.15E-37,-73.10371127,-1.445146728
1753,,-1.609437912,0.2,0,9/7/2015 10:36,45,38,300,9/7/2015 10:00,325,318,1832.33234,38,1.2,350,337,309,0,44,0,539.7,32,1,0,300,5.98E-36,-45.17371157,-0.551829155
1754,,-1.609437912,0.2,0,9/8/2015 6:24,59,90,340,9/8/2015 6:24,330,402,2410.57374,20,12.9,490,635,325,0,42,0,519.8,31,1,0,340,6.01E-35,68.99992583,-1.287449909
1755,,-1.609437912,0.2,0,9/8/2015 11:12,55,-90,280,9/8/2015 10:36,34,340,1981.84151,16,12,422,594,34,0,42,0,488,32,2,0,340,1.66E-36,-114.7871673,-3.563032389
1756,,-1.609437912,0.2,0,9/9/2015 6:00,-22,-6,500,9/9/2015 3:36,245,373,2208.748751,9,8.9,506,526,245,0,57,0,415.3,32,1,0,500,6.97E-32,-63.45724634,-1.088918906
1757,,-1.609437912,0.2,0,9/11/2015 15:12,20,24,735,9/11/2015 14:48,304,369,2181.083962,10,5.4,393,497,287,0,81,0,617.7,33,1,0,735,2.57E-17,-23.76240567,-0.152691164
1758,,-1.609437912,0.2,0,9/15/2015 17:24,90,2,470,9/15/2015 17:24,358,450,2749.161412,21,3.8,493,510,7,0,68,0,488.7,28,1,0,470,2.26E-32,-90,-2.190373175
1759,,-1.609437912,0.2,0,9/16/2015 10:00,-13,-73,404,9/16/2015 9:48,107,1010,6986.882666,11,-38.6,690,862,104,0,86,0,471,29,1,0,470,1.42E-33,-120.7589948,-3.943411254
1760,,-1.609437912,0.2,0,9/18/2015 5:00,-26,7,744,9/18/2015 5:00,188,823,5524.762953,38,35.5,1196,1030,201,0,71,4052800,407.3,30,1,0,744,1.06E-16,-54.09426801,-0.791289841
1761,,-1.609437912,0.2,0,9/19/2015 0:48,-39,-6,287,9/19/2015 0:12,263,240,1315.353342,16,-101,47,0,265,0,64,0,426.5,31,1,0,744,2.63E-36,-66.94250089,-1.211816773
1762,,-1.609437912,0.2,0,9/19/2015 2:48,5,-6,310,9/19/2015 2:48,87,300,1711.134742,11,20.9,366,751,82,0,64,0,421.8,32,2,0,744,1.10E-35,-60.46018252,-0.988489365
1763,,-1.609437912,0.2,0,9/19/2015 9:48,-49,105,372,9/19/2015 10:00,89,322,1859.405598,37,18.5,361,729,91,0,64,0,410.5,32,3,0,372,3.14E-34,64.5985396,-1.128440054
1764,,-1.609437912,0.2,0,9/20/2015 10:00,-17,-90,540,9/20/2015 10:00,106,414,2494.708513,10,-14.9,289,0,105,0,65,0,525.8,32,1,0,540,2.83E-31,-131.2503431,-4.658370079
1765,9/20/2015 19:09,1.26084451,3.5284,0,9/20/2015 18:12,-23,51,1100,9/20/2015 18:12,219,1239,8824.232193,40,0.2,1241,1240,360,1,65,6069100,541.3,32,2,1,1100,2.00E-10,24.49301518,-0.16222493
1766,,-1.609437912,0.2,0,9/21/2015 22:00,-14,104,240,9/21/2015 22:00,256,179,928.5420592,17,13.8,242,585,257,0,78,0,504.2,32,1,0,240,9.42E-38,59.57939676,-0.959898464
1767,,-1.609437912,0.2,0,9/22/2015 8:48,-31,-178,177,9/22/2015 8:00,126,86,383.0738675,56,1.6,138,199,175,0,86,0,612.2,32,1,0,240,2.96E-40,134.297152,-4.877156581
1768,,-1.609437912,0.2,0,9/23/2015 1:25,-33,-141,402,9/23/2015 1:25,107,393,2347.707177,42,-5.2,336,274,133,0,96,0,500.3,32,1,0,402,1.30E-33,146.38257,-5.794444782
1769,,-1.609437912,0.2,0,9/23/2015 19:00,-14,-51,364,9/23/2015 18:36,113,565,3580.306538,21,18.1,756,757,106,0,96,0,495,32,1,0,402,2.11E-34,-97.08292883,-2.548700668
1770,,-1.609437912,0.2,0,9/24/2015 5:12,-9,-34,724,9/24/2015 4:12,119,648,4195.081171,20,-7.9,551,610,125,0,101,0,452.2,32,1,0,724,3.43E-18,-84.74887758,-1.942231545
1771,,-1.609437912,0.2,0,9/25/2015 16:12,-28,-53,193,9/25/2015 16:00,121,175,903.8375454,15,3,195,313,122,0,152,0,465.5,31,1,0,193,1.55E-39,-100.7846418,-2.746766905
1772,,-1.609437912,0.2,0,9/27/2015 0:36,1,-88,421,9/27/2015 0:00,86,443,2699.451408,10,8.4,478,611,86,0,169,0,422.8,32,1,0,421,3.02E-33,-142.1963135,-5.467764082
1773,,-1.609437912,0.2,0,9/27/2015 15:36,22,-49,700,9/27/2015 15:24,61,523,3273.761106,20,-0.9,512,513,70,0,169,0,406.2,31,1,0,700,8.98E-21,-104.2749717,-2.940310903
1774,,-1.609437912,0.2,0,9/28/2015 5:12,3,76,387,9/28/2015 5:00,262,151,757.6092554,31,0.6,155,192,254,0,156,0,375.3,32,1,0,700,6.48E-34,15.22330181,-0.062668718
1775,,-1.609437912,0.2,0,9/29/2015 11:24,79,24,465,9/29/2015 8:36,351,373,2208.748751,24,14,656,581,331,0,120,0,344,32,1,0,465,1.86E-32,-81.92913125,-1.815138601
1776,,-1.609437912,0.2,0,9/30/2015 9:36,-15,49,584,9/30/2015 9:36,240,586,3734.765397,37,27,962,833,247,0,95,0,314.5,32,1,0,584,1.18E-30,-27.9597541,-0.211397471
1777,,-1.609437912,0.2,0,9/30/2015 11:00,34,116,595,9/30/2015 10:00,304,602,3852.954982,50,21.3,936,775,296,0,95,0,312.5,32,2,0,595,1.65E-30,52.43430297,-0.7434711
1778,,-1.609437912,0.2,0,10/1/2015 7:24,-21,104,483,10/1/2015 7:12,248,914,6231.497142,26,-3.4,880,901,244,0,93,0,303.5,32,1,0,595,3.71E-32,34.85840248,-0.328585242
1779,,-1.609437912,0.2,0,10/5/2015 17:24,19,102,970,10/5/2015 17:12,294,714,4691.610435,23,-12.9,617,581,288,0,20,0,445.7,29,1,0,970,3.10E-11,53.09894553,-0.76243862
1780,,-1.609437912,0.2,0,10/7/2015 7:48,-12,95,550,10/7/2015 7:36,253,900,6122.155287,30,12.2,996,974,259,0,33,0,438.3,28,1,0,550,3.95E-31,44.04897109,-0.524692227
1781,,-1.609437912,0.2,0,10/8/2015 0:12,-6,-6,400,10/8/2015 0:12,268,429,2600.365018,13,3.8,459,501,297,0,37,0,752.3,28,1,0,550,1.19E-33,-36.88779326,-0.367958164
1782,,-1.609437912,0.2,0,10/11/2015 6:48,-15,-107,468,10/11/2015 7:24,136,524,3281.021643,11,-0.2,521,523,137,0,30,0,470,26,1,0,468,2.09E-32,-151.7377631,-6.226162449
1783,,-1.609437912,0.2,0,10/12/2015 17:24,-20,85,150,10/12/2015 17:12,122,365,2153.462534,18,-53.1,0,0,113,0,53,0,510,26,1,0,150,1.21E-41,44.01117928,-0.523792294
1784,,-1.609437912,0.2,0,10/13/2015 0:00,-12,-6,170,10/13/2015 1:25,113,354,2077.731107,17,-18.2,275,0,101,0,65,0,540.5,27,2,0,170,1.36E-40,-49.50540635,-0.662732628
1785,,-1.609437912,0.2,0,10/13/2015 13:25,-21,-102,440,10/13/2015 12:12,102,368,2174.174521,23,4.7,431,458,97,0,65,0,521.8,28,1,0,440,6.78E-33,-140.6484349,-5.349373237
1786,,-1.609437912,0.2,0,10/14/2015 0:00,65,-130,410,10/13/2015 21:27,12,367,2167.267798,32,6.3,507,458,29,0,57,0,495.5,29,1,0,440,1.86E-33,-114.9429373,-3.572709256
1787,,-1.609437912,0.2,0,10/14/2015 0:24,-18,-95,790,10/14/2015 0:24,104,770,5117.720696,17,-66.9,334,0,98,0,57,0,495.5,30,2,0,790,1.74E-14,-137.8813783,-5.140961189
1788,,-1.609437912,0.2,0,10/14/2015 22:36,46,-114,276,10/14/2015 23:48,48,382,2271.150672,30,9,508,526,38,0,57,0,463.8,31,1,0,790,1.27E-36,-131.7407208,-4.693244327
1789,,-1.609437912,0.2,0,10/15/2015 3:24,59,-119,579,10/15/2015 3:12,15,691,4517.854618,30,-10.9,600,590,23,0,55,0,480.8,32,2,0,579,1.01E-30,-120.0766896,-3.898975497
1790,,-1.609437912,0.2,0,10/15/2015 20:24,24,166,405,10/15/2015 20:57,250,187,978.2173114,20,-13.4,150,0,251,0,55,0,431.5,32,1,0,579,1.49E-33,110.8098501,-3.320395589
1791,,-1.609437912,0.2,0,10/16/2015 13:25,3,-100,330,10/16/2015 13:36,89,189,990.6901858,41,-22.5,95,0,88,0,59,0,378.5,32,1,0,405,3.47E-35,-160.3308976,-6.951324155
1792,,-1.609437912,0.2,0,10/17/2015 21:36,-15,-65,193,10/17/2015 21:36,110,186,971.9888813,25,-12.7,129,0,103,0,79,0,358.2,33,1,0,193,1.55E-39,-127.4207237,-4.390492379
1793,,-1.609437912,0.2,0,10/18/2015 0:00,-15,-59,193,10/17/2015 23:48,111,164,836.3780942,23,-24,23,0,108,0,75,0,366.5,34,2,0,193,1.55E-39,-120.3441783,-3.916365944
1794,,-1.609437912,0.2,0,10/18/2015 20:00,24,-104,270,10/18/2015 19:12,65,176,910.0051831,31,2.1,213,265,71,0,75,0,454.5,34,1,0,270,8.47E-37,-145.4922147,-5.72417105
1795,,-1.609437912,0.2,0,10/19/2015 0:48,7,-90,400,10/19/2015 0:36,87,293,1664.290574,25,4.5,399,381,66,0,94,0,420.5,35,2,0,400,1.19E-33,-143.9095517,-5.600313431
1796,,-1.609437912,0.2,0,10/22/2015 3:12,-13,37,861,10/22/2015 3:12,206,817,5478.507141,43,6,873,850,360,1,107,0,420.3,30,1,0,861,1.24E-12,-21.70199273,-0.127359786
1797,,-1.609437912,0.2,0,10/23/2015 12:36,-26,-6,405,10/23/2015 13:36,121,307,1758.142259,15,18.3,496,639,123,0,94,0,443,29,1,0,405,1.49E-33,-61.32779338,-1.017062802
1798,,-1.609437912,0.2,0,10/24/2015 7:48,10,-143,283,10/24/2015 7:36,69,210,1122.892581,12,0.4,215,226,80,0,78,0,427.3,28,1,0,405,2.03E-36,160.6622758,-6.980088391
1799,,-1.609437912,0.2,0,10/25/2015 4:36,-6,-133,446,10/25/2015 4:12,82,326,1886.528546,28,-0.8,308,311,91,0,67,0,449.3,29,1,0,446,8.68E-33,172.7872195,-8.073397298
1800,,-1.609437912,0.2,0,10/27/2015 23:36,16,-73,335,10/27/2015 22:12,74,340,1981.84151,20,-5.1,287,172,86,0,67,0,344.2,27,1,0,335,4.58E-35,-137.0448359,-5.07876881
1801,,-1.609437912,0.2,0,10/28/2015 10:00,3,-93,278,10/28/2015 10:00,79,340,1981.84151,21,-3.2,308,249,79,0,81,0,314.2,27,1,0,335,1.46E-36,-165.6335823,-7.418735422
1802,,-1.609437912,0.2,0,10/28/2015 15:12,-20,-33,430,10/28/2015 15:12,133,258,1432.663573,25,7.6,339,465,134,0,81,0,310.8,28,2,0,430,4.45E-33,-105.7051802,-3.021521127
1803,,-1.609437912,0.2,0,10/29/2015 1:25,-15,151,402,10/29/2015 2:36,251,530,3324.624813,28,-7.5,431,453,259,0,93,0,303.2,29,1,0,430,1.30E-33,75.91737097,-1.558530885
1804,10/29/2015 3:00,3.127549698,22.818,1,10/29/2015 2:48,-24,95,390,10/29/2015 0:48,234,267,1491.795392,31,-15.6,199,0,241,0,93,0,300.5,30,2,0,430,7.46E-34,30.09865848,-0.244978162
1805,,-1.609437912,0.2,0,10/29/2015 18:00,-9,-6,300,10/29/2015 17:12,258,248,1367.330329,23,1,266,278,251,0,93,0,306.8,30,1,0,402,5.98E-36,-80.81870934,-1.766269275
1806,,-1.609437912,0.2,0,10/30/2015 17:00,-4,-51,655,10/30/2015 17:00,101,609,3904.797325,28,27.1,941,863,103,0,88,0,332.5,29,1,0,655,9.45E-30,-119.8488803,-3.88419527
1807,,-1.609437912,0.2,0,10/31/2015 2:00,38,55,344,10/31/2015 1:48,316,444,2706.546106,13,-9.4,372,211,307,0,86,0,326.2,30,2,0,655,7.45E-35,-40.51596503,-0.44390033
1808,,-1.609437912,0.2,0,10/31/2015 8:00,31,97,240,10/31/2015 3:36,313,178,922.357472,35,5.7,444,359,292,0,86,0,349.2,30,2,0,655,9.42E-38,42.95483875,-0.49895029
1809,,-1.609437912,0.2,0,11/1/2015 12:36,25,-109,629,11/1/2015 12:00,67,751,4972.675644,32,1.9,773,760,76,0,85,0,350.5,31,1,0,629,4.53E-30,-154.4176848,-6.448031738
1810,,-1.609437912,0.2,0,11/1/2015 12:48,25,63,666,11/1/2015 12:48,297,659,4277.386809,22,12.8,754,780,297,0,85,0,350.5,32,2,0,666,1.15E-27,-25.1066098,-0.170454801
1811,,-1.609437912,0.2,0,11/1/2015 23:36,-22,-121,379,11/1/2015 23:24,121,324,1872.960899,44,5.5,463,407,143,0,85,0,329.2,33,1,0,666,4.42E-34,155.6858613,-6.554377338
1812,,-1.609437912,0.2,0,11/2/2015 20:36,-24,102,782,11/2/2015 20:24,230,867,5865.288793,44,37.3,1270,1078,360,1,101,0,323.5,34,1,0,782,8.67E-15,38.57423866,-0.402372063
1813,,-1.609437912,0.2,0,11/3/2015 11:36,30,-100,215,11/3/2015 12:24,56,263,1465.47651,24,10.9,436,505,63,0,82,0,645.7,35,1,0,782,1.19E-38,-128.1438066,-4.44046381
1814,,-1.609437912,0.2,0,11/4/2015 2:12,18,53,458,11/4/2015 2:12,301,442,2692.358968,25,-3.8,407,372,284,0,100,0,700,36,1,0,458,1.41E-32,26.84601961,-0.1948915
1815,,-1.609437912,0.2,0,11/4/2015 3:48,8,76,369,11/4/2015 4:00,284,272,1524.778162,33,-6.4,223,0,278,0,100,0,712.8,37,2,0,458,2.70E-34,44.42407178,-0.533666348
1816,,-1.609437912,0.2,0,11/5/2015 1:25,0,-95,422,11/5/2015 0:48,96,402,2410.57374,18,15.2,556,648,100,0,82,0,556.3,37,1,0,458,3.16E-33,-136.1989189,-5.016264332
1817,,-1.609437912,0.2,0,11/5/2015 17:00,13,-6,400,11/5/2015 17:00,299,528,3310.082838,7,-11.8,420,339,274,0,82,0,542,38,1,0,422,1.19E-33,-49.58196803,-0.664784087
1818,,-1.609437912,0.2,0,11/5/2015 20:12,-28,-96,379,11/5/2015 20:48,118,356,2091.47534,30,-6,270,230,119,0,82,0,535.8,39,2,0,422,4.42E-34,-131.6126468,-4.684123523
1819,,-1.609437912,0.2,0,11/7/2015 6:00,-17,-61,265,11/7/2015 6:00,116,243,1334.813931,15,-6.7,160,0,115,0,82,0,571.8,38,1,0,265,5.99E-37,-100.592162,-2.736285304
1820,11/9/2015 21:04,1.238924804,3.4519,0,11/9/2015 13:36,-22,-44,647,11/9/2015 13:25,137,1041,7232.802488,47,-10.2,960,1000,142,0,66,30000,503.8,39,1,0,647,7.56E-30,-89.52915519,-2.167514773
1821,,-1.609437912,0.2,0,11/11/2015 15:24,26,36,755,11/11/2015 15:24,333,629,4053.35856,39,21.3,754,872,328,0,61,0,667.2,39,1,0,755,4.75E-16,26.0486096,-0.183485685
1822,,-1.609437912,0.2,0,11/11/2015 21:48,-22,-41,322,11/11/2015 21:24,121,462,2834.63098,31,4,514,517,128,0,61,0,583.5,39,2,0,755,2.21E-35,-80.99243735,-1.773870987
1823,,-1.609437912,0.2,0,11/15/2015 17:24,2,-6,451,11/15/2015 15:24,275,271,1518.1742,27,10.7,584,503,278,0,56,0,409.5,32,1,0,451,1.06E-32,-61.98673434,-1.039036029
1824,,-1.609437912,0.2,0,11/15/2015 23:36,-27,27,692,11/15/2015 23:24,216,501,3114.519657,28,-2.9,462,468,226,0,56,0,387.5,33,2,0,692,6.18E-22,-41.02587119,-0.455143891
1825,,-1.609437912,0.2,0,11/16/2015 3:12,-28,31,827,11/16/2015 3:12,210,853,5756.691894,41,5.9,914,876,209,0,38,0,384.3,34,2,0,827,2.27E-13,-39.20122087,-0.415558604
1826,,-1.609437912,0.2,0,11/17/2015 2:00,11,-109,217,11/17/2015 2:12,77,207,1103.87279,18,-25,138,0,76,0,34,0,369.8,33,1,0,827,1.42E-38,-165.807865,-7.434355897
1827,,-1.609437912,0.2,0,11/25/2015 1:25,-31,-6,251,11/25/2015 0:00,242,233,1270.09196,18,0.4,238,247,237,0,61,0,278,28,1,0,251,2.18E-37,-88.66483155,-2.125865969
1828,,-1.609437912,0.2,0,11/25/2015 1:48,45,-6,252,11/25/2015 2:24,323,382,2271.150672,21,12,504,590,324,0,61,0,277.3,29,2,0,252,2.34E-37,-89.04573955,-2.144170831
1829,,-1.609437912,0.2,0,11/25/2015 6:48,-14,107,425,11/25/2015 5:36,257,377,2236.456436,30,3.3,408,444,243,0,61,0,272.7,30,3,0,425,3.60E-33,26.68912202,-0.192620128
1830,,-1.609437912,0.2,0,11/26/2015 16:12,-7,100,320,11/26/2015 16:36,258,292,1657.61211,19,2,329,339,249,0,65,0,270.2,31,1,0,320,1.97E-35,16.6797155,-0.075233345
1831,,-1.609437912,0.2,0,11/28/2015 4:00,20,-160,322,11/28/2015 6:12,128,139,685.8918767,28,5.5,445,365,137,0,51,0,308.8,27,1,0,322,2.21E-35,123.3273675,-4.11293661
1832,,-1.609437912,0.2,0,11/29/2015 7:36,-3,-160,770,11/29/2015 7:48,137,451,2756.27177,44,-12.2,280,282,360,1,51,0,412.7,27,1,0,770,2.68E-15,144.3560164,-5.63511614
1833,,-1.609437912,0.2,0,11/30/2015 3:09,-23,110,455,11/30/2015 2:24,237,389,2319.832365,36,8.1,524,515,247,0,47,0,455.3,26,1,0,770,1.25E-32,62.29306725,-1.049331051
1834,,-1.609437912,0.2,0,11/30/2015 7:00,36,-118,389,11/30/2015 7:00,54,352,2063.998174,15,-8.2,285,0,61,0,47,0,504.2,27,2,0,770,7.12E-34,-140.8526664,-5.364919858
1835,,-1.609437912,0.2,0,12/1/2015 9:54,11,103,310,12/1/2015 8:48,283,333,1934.111449,27,2.2,359,384,282,0,32,0,544.2,27,1,0,310,1.10E-35,61.46967073,-1.021774045
1836,,-1.609437912,0.2,0,12/1/2015 18:36,37,118,320,12/1/2015 18:24,296,310,1778.337412,7,29.9,425,872,291,0,32,0,490.5,26,2,0,320,1.97E-35,75.14389985,-1.526935015
1837,,-1.609437912,0.2,0,12/2/2015 3:12,11,48,127,12/2/2015 3:24,287,256,1419.565426,29,13.2,310,596,300,0,49,0,445.3,26,2,0,320,4.55E-43,-11.52748146,-0.035933702
1838,,-1.609437912,0.2,0,12/4/2015 18:30,26,-66,605,12/4/2015 17:24,60,600,3838.157793,29,6,677,651,69,0,33,0,356.6,23,1,0,605,2.23E-30,-125.5195768,-4.260455425
1839,,-1.609437912,0.2,0,12/5/2015 2:09,34,-66,324,12/5/2015 2:12,51,323,1866.1817,18,-0.7,317,305,48,0,50,0,383.8,23,2,0,605,2.47E-35,-118.9446374,-3.825804965
1840,,-1.609437912,0.2,0,12/6/2015 8:12,13,-92,222,12/6/2015 8:00,78,184,959.5481794,18,1.7,193,269,86,0,54,0,496.2,22,1,0,222,2.18E-38,-136.572455,-5.04381705
1841,,-1.609437912,0.2,0,12/6/2015 12:24,8,95,321,12/6/2015 12:12,277,356,2091.47534,17,6,450,464,282,0,54,0,533.3,23,2,0,321,2.08E-35,52.45825144,-0.74415039
1842,,-1.609437912,0.2,0,12/7/2015 4:39,-16,-83,515,12/7/2015 4:12,102,462,2834.63098,27,-11.2,341,256,112,0,61,0,558.5,24,1,0,515,1.19E-31,-122.55032,-4.061271212
1843,,-1.609437912,0.2,0,12/7/2015 15:24,-3,-119,802,12/7/2015 15:12,93,707,4638.648681,38,-19.2,468,619,83,0,61,0,633.2,24,1,0,802,4.46E-14,-155.0260893,-6.498942228
1844,,-1.609437912,0.2,0,12/8/2015 19:12,-13,-46,308,12/8/2015 19:24,122,319,1839.095962,22,1.9,349,407,117,0,60,0,492.5,25,1,0,308,9.72E-36,-92.47091922,-2.312296079
1845,,-1.609437912,0.2,0,12/11/2015 5:12,-3,-82,671,12/11/2015 4:36,96,628,4045.915225,19,-3.4,594,597,93,0,83,0,631,25,1,0,671,3.09E-26,-118.2793364,-3.783126396
1846,,-1.609437912,0.2,0,12/11/2015 20:48,-23,-6,189,12/11/2015 18:24,196,232,1263.64307,28,-9,175,0,184,0,83,0,654.5,25,1,0,671,1.04E-39,-46.01028209,-0.57245702
1847,,-1.609437912,0.2,0,12/13/2015 11:12,-1,-29,438,12/13/2015 11:12,84,295,1677.65773,17,-6.3,229,0,72,0,81,0,487.8,25,1,0,438,6.23E-33,-75.98651316,-1.561371061
1848,,-1.609437912,0.2,0,12/15/2015 18:00,41,-46,237,12/15/2015 18:12,42,296,1684.346398,13,18.5,544,674,38,0,65,0,522,25,1,0,237,7.45E-38,-89.92909572,-2.186923271
1849,,-1.609437912,0.2,0,12/16/2015 9:36,12,-30,650,12/16/2015 9:36,334,579,3683.194135,45,-6.7,529,487,360,1,63,18000,507.8,24,1,0,650,8.22E-30,-75.46592911,-1.540050421
1850,,-1.609437912,0.2,0,12/16/2015 14:48,-8,-9,580,12/16/2015 14:24,153,454,2777.616128,45,4.2,525,503,360,1,63,0,462.3,25,2,0,650,1.04E-30,-58.91600971,-0.938641482
1851,,-1.609437912,0.2,0,12/17/2015 21:17,18,-91,228,12/17/2015 20:57,67,137,674.0373868,19,0.8,151,187,74,0,56,0,424.7,25,1,0,228,3.60E-38,-141.144171,-5.387149002
1852,,-1.609437912,0.2,0,12/19/2015 13:25,23,-102,903,12/19/2015 13:25,59,797,5324.641179,33,-12.3,698,714,58,0,49,0,406.2,26,1,0,903,5.76E-12,-148.8702531,-5.993064429
1853,,-1.609437912,0.2,0,12/20/2015 20:00,5,65,361,12/20/2015 19:48,277,756,5010.79928,34,-25.5,575,486,294,0,22,0,416.7,27,1,0,361,1.81E-34,11.16797005,-0.0337273
1854,,-1.609437912,0.2,0,12/21/2015 0:00,0,-58,268,12/21/2015 0:00,75,250,1380.365229,32,25.7,400,790,69,0,18,0,412.5,28,2,0,361,7.38E-37,-113.5611117,-3.487324522
1855,,-1.609437912,0.2,0,12/21/2015 1:24,-17,-82,416,12/21/2015 1:26,116,389,2319.832365,21,-4.7,278,358,110,0,18,0,408.5,29,3,0,416,2.43E-33,-135.3853268,-4.956513442
1856,,-1.609437912,0.2,0,12/21/2015 6:00,-25,114,186,12/21/2015 5:12,243,192,1009.439111,25,6.2,381,378,232,0,18,0,393.2,30,3,0,416,7.65E-40,59.29785451,-0.950847904
1857,,-1.609437912,0.2,0,12/21/2015 10:48,-20,-80,309,12/21/2015 10:48,117,405,2431.574262,23,-14.2,270,0,107,0,18,0,376.8,31,2,0,416,1.03E-35,-136.7583989,-5.057560753
1858,,-1.609437912,0.2,0,12/21/2015 23:12,-11,-80,290,12/21/2015 22:24,107,322,1859.405598,21,3.1,391,372,104,0,18,0,429.3,32,1,0,416,3.19E-36,-132.3997836,-4.740319824
1859,,-1.609437912,0.2,0,12/22/2015 4:00,-15,-66,363,12/22/2015 3:48,111,258,1432.663573,20,4.1,306,382,114,0,72,0,440,33,2,0,363,2.00E-34,-117.0515608,-3.70499402
1860,,-1.609437912,0.2,0,12/23/2015 1:09,-21,-56,501,12/23/2015 1:25,110,520,3251.990982,18,1.6,544,531,98,0,68,26500,454.8,34,1,0,501,7.23E-32,-105.2770501,-2.99709499
1861,,-1.609437912,0.2,0,12/23/2015 3:12,-60,-3,263,12/23/2015 2:48,167,61,250.7633057,41,1.7,95,202,181,0,68,0,462.2,35,2,0,501,5.20E-37,-72.31519946,-1.414139555
1862,,-1.609437912,0.2,0,12/23/2015 4:36,8,-6,514,12/23/2015 4:00,326,196,1034.510473,5,14.9,261,613,324,0,68,0,465.3,36,3,0,514,1.15E-31,-55.64213561,-0.837222081
1863,,-1.609437912,0.2,0,12/23/2015 20:24,-43,155,650,12/23/2015 20:24,157,337,1961.367948,46,2.3,373,381,162,0,68,0,460.5,37,1,0,650,8.22E-30,101.0768766,-2.762719032
1864,,-1.609437912,0.2,0,12/24/2015 6:24,-17,-45,715,12/24/2015 6:24,118,518,3237.487175,33,0.2,520,520,113,0,69,0,492.8,38,1,0,715,4.95E-19,-91.4417366,-2.261111734
1865,12/28/2015 15:24,1.198306783,3.3145,0,12/28/2015 12:39,-15,14,850,12/28/2015 12:12,163,1212,8605.232926,58,4.6,1243,1228,360,1,71,8222900,420.7,34,1,0,850,7.54E-13,-42.71517843,-0.49339818
1866,,-1.609437912,0.2,0,12/30/2015 3:12,-19,44,444,12/30/2015 1:48,243,207,1103.87279,17,11.8,498,529,232,0,37,0,374,33,1,0,444,7.99E-33,-25.46620767,-0.175372562
1867,,-1.609437912,0.2,0,12/30/2015 3:24,45,-6,193,12/30/2015 4:48,319,209,1116.547859,12,4.9,264,374,311,0,37,0,374,34,2,0,444,1.55E-39,-74.15134774,-1.486863811
1868,1/2/2016 0:04,3.026406958,20.623,1,1/1/2016 23:12,-34,73,1588,1/1/2016 23:24,227,1730,12898.66667,37,12.7,1795,1755,360,1,37,106400,435.8,31,1,1,1588,1.67E-09,39.01380796,-0.411594703
1869,,-1.609437912,0.2,0,1/3/2016 7:12,-25,53,598,1/3/2016 4:24,264,461,2827.496498,18,25.1,709,806,262,0,51,0,449.2,32,1,0,598,1.81E-30,25.07313267,-0.170000536
1870,,-1.609437912,0.2,0,1/4/2016 0:00,9,-6,220,1/3/2016 23:12,276,196,1034.510473,17,2.9,244,303,274,0,70,0,421.8,32,1,0,598,1.84E-38,-60.73705224,-0.997563416
1871,,-1.609437912,0.2,0,1/4/2016 14:24,-26,-51,400,1/4/2016 13:36,114,420,2536.906979,22,-14.9,264,0,119,0,70,0,424.3,32,1,0,400,1.19E-33,-103.4658857,-2.894859248
1872,,-1.609437912,0.2,0,1/4/2016 23:54,-5,115,360,1/4/2016 23:36,259,250,1380.365229,29,-2.3,195,197,287,0,70,0,413.3,33,1,0,400,1.72E-34,59.6745408,-0.96296669
1873,,-1.609437912,0.2,0,1/5/2016 4:36,-21,105,530,1/5/2016 4:12,236,470,2891.784367,19,-8.8,423,232,244,0,35,0,392,34,2,0,530,2.01E-31,50.0408685,-0.677146706
1874,,-1.609437912,0.2,0,1/6/2016 14:24,-7,138,940,1/6/2016 14:00,252,969,6663.100409,45,13.1,1085,1027,360,1,31,0,549.3,32,1,0,940,1.60E-11,96.22909634,-2.504066788
1875,,-1.609437912,0.2,0,1/8/2016 16:30,-35,66,662,1/8/2016 16:12,235,593,3786.420279,21,7.8,671,674,226,0,86,0,481.8,31,1,0,662,5.68E-29,39.00093194,-0.411323065
1876,,-1.609437912,0.2,0,1/9/2016 14:00,-24,46,606,1/9/2016 14:00,240,625,4023.594781,14,-28.7,442,0,237,0,97,0,428.3,32,1,0,662,2.30E-30,-25.08145129,-0.170113358
1877,,-1.609437912,0.2,0,1/10/2016 5:48,39,-6,163,1/10/2016 6:12,46,268,1498.384511,21,15.6,357,635,57,0,90,0,436.5,32,1,0,606,6.06E-41,-66.04707753,-1.179615049
1878,,-1.609437912,0.2,0,1/11/2016 13:36,47,-6,170,1/11/2016 12:36,42,129,626.9158002,32,5.4,217,357,38,0,47,0,561.5,32,1,0,170,1.36E-40,-62.17910652,-1.04549521
1879,,-1.609437912,0.2,0,1/11/2016 17:00,-36,-6,275,1/11/2016 17:00,234,236,1289.464306,19,-22.8,57,0,237,0,47,0,564.2,33,2,0,275,1.19E-36,-56.24524379,-0.855469835
1880,,-1.609437912,0.2,0,1/12/2016 6:12,-14,-6,580,1/12/2016 6:24,105,191,1003.184225,21,10.9,226,537,106,0,40,0,589,34,1,0,580,1.04E-30,-46.5942907,-0.587081646
1881,,-1.609437912,0.2,0,1/12/2016 12:24,22,-100,318,1/12/2016 11:48,68,292,1657.61211,31,0.1,296,295,64,0,40,0,531,34,2,0,580,1.75E-35,-137.9068098,-5.142857811
1882,,-1.609437912,0.2,0,1/12/2016 21:39,20,-100,332,1/12/2016 21:17,81,327,1893.316976,45,-5.8,231,196,79,0,40,0,555.5,35,1,0,580,3.88E-35,-137.1331302,-5.085315142
1883,,-1.609437912,0.2,0,1/13/2016 0:42,51,-100,224,1/12/2016 23:36,19,225,1218.62259,28,3.7,300,331,21,0,38,0,556.8,36,2,0,580,2.58E-38,-119.3531428,-3.852128906
1884,,-1.609437912,0.2,0,1/15/2016 0:00,-30,31,483,1/14/2016 23:24,234,191,1003.184225,45,2.3,227,286,360,1,45,0,431.5,36,1,0,483,3.71E-32,-36.64833929,-0.363196531
1885,,-1.609437912,0.2,0,1/16/2016 6:24,8,-51,290,1/16/2016 6:12,88,180,934.7322332,26,-1.4,168,61,66,0,44,0,381.8,35,1,0,290,3.19E-36,-110.8144932,-3.320673852
1886,,-1.609437912,0.2,0,1/17/2016 0:00,-70,1,297,1/16/2016 21:12,183,326,1886.528546,31,-44.5,182,0,187,0,58,0,336.7,35,1,0,297,4.96E-36,-82.34217961,-1.833486896
1887,,-1.609437912,0.2,0,1/17/2016 6:24,-55,37,466,1/17/2016 5:36,202,402,2410.57374,25,13.8,541,637,197,0,58,0,337.5,36,2,0,466,1.93E-32,-60.51968215,-0.990435892
1888,,-1.609437912,0.2,0,1/19/2016 13:09,-31,27,324,1/19/2016 12:36,225,289,1637.597313,32,0.9,303,309,205,0,66,0,375.5,36,1,0,324,2.47E-35,-44.73872381,-0.54125295
1889,,-1.609437912,0.2,0,1/21/2016 7:00,-40,110,351,1/21/2016 6:48,234,193,1015.699206,45,-2.6,165,0,229,0,64,0,463,30,1,0,351,1.08E-34,67.83780117,-1.244447612
1890,,-1.609437912,0.2,0,1/22/2016 19:12,-38,2,541,1/22/2016 18:48,152,279,1571.108087,22,22.1,487,728,158,0,67,0,502,28,1,0,541,2.93E-31,-55.24067438,-0.825184453
1891,,-1.609437912,0.2,0,1/24/2016 13:24,-41,-78,457,1/24/2016 12:48,126,589,3756.893022,15,-16,413,452,128,0,48,0,486.8,27,1,0,457,1.35E-32,-115.7061365,-3.620310987
1892,,-1.609437912,0.2,0,1/25/2016 12:14,13,85,250,1/25/2016 12:14,275,440,2678.18088,32,0.6,449,448,278,0,67,0,412.8,28,1,0,457,2.02E-37,31.98118136,-0.276580844
1893,,-1.609437912,0.2,0,1/25/2016 20:48,-15,-110,420,1/25/2016 20:48,106,441,2685.26879,27,-16.5,307,0,105,0,67,0,387.3,29,2,0,420,2.90E-33,-161.575598,-7.059673838
1894,,-1.609437912,0.2,0,1/26/2016 18:12,-30,55,820,1/26/2016 18:24,236,697,4563.109431,35,14.6,846,818,243,0,69,0,355,30,1,0,820,1.50E-13,-31.35088363,-0.265786345
1895,,-1.609437912,0.2,0,1/28/2016 7:24,0,53,555,1/28/2016 7:24,267,493,3056.851023,19,-11.4,356,330,262,0,77,0,354.5,30,1,0,555,4.66E-31,-11.65150511,-0.036711079
1896,,-1.609437912,0.2,0,1/28/2016 12:24,2,-6,500,1/28/2016 12:00,143,369,2181.083962,10,8.6,432,546,155,0,77,0,346.2,31,2,0,555,6.97E-32,-72.21270265,-1.4101337
1897,,-1.609437912,0.2,0,1/29/2016 21:17,-24,85,856,1/29/2016 21:17,238,901,6129.958237,35,6,961,925,261,0,64,0,290.7,30,1,0,856,9.93E-13,24.73239656,-0.165411422
1898,,-1.609437912,0.2,0,1/30/2016 16:48,-3,-51,585,1/30/2016 16:36,91,480,2963.41733,25,2.6,513,514,100,0,36,0,277.2,31,1,0,856,1.21E-30,-133.6052872,-4.827034278
1899,,-1.609437912,0.2,0,1/31/2016 4:00,-21,-93,220,1/31/2016 4:12,112,237,1295.930253,16,12.7,415,561,109,0,35,0,283.2,32,1,0,585,1.84E-38,-158.1780856,-6.765902317
1900,,-1.609437912,0.2,0,2/1/2016 6:48,25,60,475,2/1/2016 5:48,289,305,1744.695092,25,9.6,371,531,291,0,44,0,302.3,32,1,0,475,2.74E-32,-29.30812942,-0.232278651
1901,,-1.609437912,0.2,0,2/1/2016 20:54,-6,-26,585,2/1/2016 18:00,77,310,1778.337412,20,10.6,457,540,94,0,44,0,271.8,33,1,0,585,1.21E-30,-110.2066754,-3.284345942
1902,,-1.609437912,0.2,0,2/3/2016 10:24,-32,122,460,2/3/2016 8:48,233,277,1557.852849,33,1,291,307,236,0,83,0,363.7,32,1,0,460,1.53E-32,64.08855883,-1.110693178
1903,,-1.609437912,0.2,0,2/3/2016 16:00,-33,-90,200,2/3/2016 14:36,121,232,1263.64307,20,9.8,357,497,115,0,83,0,392,32,2,0,460,3.04E-39,-135.6292398,-4.974389042
1904,,-1.609437912,0.2,0,2/5/2016 21:12,-31,44,364,2/5/2016 21:24,241,445,2713.643056,35,0.2,447,448,193,0,103,66000,469.2,30,1,0,364,2.11E-34,-31.33931858,-0.265590289
1905,,-1.609437912,0.2,0,2/7/2016 3:48,-11,58,332,2/7/2016 3:36,266,232,1263.64307,27,-0.2,229,223,254,0,89,0,399.7,31,1,0,332,3.88E-35,11.01951502,-0.03283659
1906,,-1.609437912,0.2,0,2/8/2016 0:00,55,-90,393,2/8/2016 0:48,229,285,1610.959416,44,3.5,316,371,224,0,89,0,397.7,31,1,0,393,8.58E-34,-118.975843,-3.827812663
1907,,-1.609437912,0.2,0,2/8/2016 5:36,-23,38,428,2/8/2016 5:12,239,249,1373.845771,12,7.9,371,457,242,0,89,0,439.3,32,2,0,428,4.09E-33,-26.81202212,-0.194398196
1908,,-1.609437912,0.2,0,2/8/2016 23:54,48,-75,350,2/8/2016 23:24,240,260,1445.777224,26,-0.4,257,245,245,0,89,0,399.3,32,1,0,428,1.02E-34,-116.8192729,-3.690303551
1909,,-1.609437912,0.2,0,2/9/2016 3:24,20,70,600,2/9/2016 2:48,290,663,4307.361818,31,15.5,740,838,292,0,84,0,408.3,33,2,0,600,1.92E-30,24.17434392,-0.158031072
1910,,-1.609437912,0.2,0,2/9/2016 6:48,-22,90,550,2/9/2016 6:00,251,581,3697.92019,37,5,615,647,252,0,84,0,417.2,33,3,0,600,3.95E-31,40.63246464,-0.446456783
1911,,-1.609437912,0.2,0,2/9/2016 19:48,14,-76,450,2/9/2016 19:23,78,358,2105.230809,14,5.5,456,453,72,0,84,0,385.8,34,1,0,600,1.02E-32,-133.7054348,-4.83427347
1912,,-1.609437912,0.2,0,2/13/2016 0:00,-36,-6,193,2/13/2016 2:36,232,56,225.4196947,28,1.6,97,191,201,0,38,0,363.3,29,1,0,193,1.55E-39,-73.21396271,-1.449509014
1913,,-1.609437912,0.2,0,2/13/2016 22:54,-31,-6,274,2/13/2016 22:00,183,146,727.6065668,28,4.1,213,320,176,0,38,0,406.8,30,1,0,274,1.11E-36,-66.55163393,-1.197706863
1914,,-1.609437912,0.2,0,2/16/2016 19:36,-8,-6,285,2/16/2016 19:36,97,279,1571.108087,18,-2.9,254,148,97,0,42,0,614.3,27,1,0,285,2.31E-36,-43.89739266,-0.521087367
1915,,-1.609437912,0.2,0,2/17/2016 6:24,-30,151,680,2/17/2016 6:24,217,433,2628.629436,21,-2.2,409,396,221,0,38,0,582.3,28,1,0,680,4.08E-24,108.6252039,-3.190761201
1916,,-1.609437912,0.2,0,2/17/2016 17:48,9,85,333,2/17/2016 18:24,290,408,2452.597007,31,5.9,460,520,279,0,38,0,576.2,29,1,0,680,4.10E-35,45.91969151,-0.570204994
1917,,-1.609437912,0.2,0,2/18/2016 23:24,-21,-37,600,2/18/2016 23:12,119,464,2848.906432,25,-4.5,380,415,119,0,36,0,575.5,29,1,0,600,1.92E-30,-77.71372327,-1.633159217
1918,,-1.609437912,0.2,0,2/20/2016 14:24,-8,-6,925,2/20/2016 14:24,273,491,3042.454067,32,-5.4,433,411,360,1,52,0,450.5,29,1,0,925,1.09E-11,-57.23759128,-0.885922622
1919,,-1.609437912,0.2,0,2/21/2016 12:09,-8,120,653,2/21/2016 12:00,298,533,3346.451919,31,-1.7,517,510,360,1,47,0,334.3,30,1,0,925,8.94E-30,51.88503861,-0.727976536
1920,,-1.609437912,0.2,0,2/24/2016 14:12,-26,-112,530,2/24/2016 14:00,121,496,3078.46166,25,-8.3,362,403,128,0,34,0,330.8,28,1,0,530,2.01E-31,153.9705447,-6.41074328
1921,,-1.609437912,0.2,0,2/27/2016 4:39,-20,-76,597,2/27/2016 4:36,106,551,3477.76588,23,-8.6,447,469,117,0,26,0,389.7,27,1,0,597,1.75E-30,-131.4737525,-4.674242187
1922,,-1.609437912,0.2,0,2/27/2016 5:48,12,-131,553,2/27/2016 5:48,81,393,2347.707177,21,-8.9,324,83,91,0,26,0,386.2,28,2,0,597,4.36E-31,164.2062668,-7.291427273
1923,,-1.609437912,0.2,0,2/29/2016 10:36,-18,-6,300,2/29/2016 9:24,251,177,916.1785027,8,-0.1,174,172,253,0,45,0,335.5,26,1,0,300,5.98E-36,-75.09891488,-1.52510736
1924,,-1.609437912,0.2,0,3/1/2016 8:48,5,-75,575,3/1/2016 8:24,60,644,4165.19798,30,5.9,723,688,90,0,68,0,367.2,25,1,0,575,8.87E-31,-137.178764,-5.088700184
1925,,-1.609437912,0.2,0,3/4/2016 9:36,18,-104,298,3/4/2016 9:36,10,304,1737.976421,20,4.6,342,422,10,0,111,0,379.8,24,1,0,298,5.28E-36,-156.3160637,-6.6075478
1926,,-1.609437912,0.2,0,3/6/2016 7:00,-11,56,284,3/6/2016 6:24,252,535,3361.01271,19,25.7,723,857,251,0,78,0,365.2,23,1,0,284,2.17E-36,-12.88789856,-0.044915611
1927,,-1.609437912,0.2,0,3/8/2016 12:22,22,89,307,3/8/2016 12:57,250,489,3028.065257,45,4,516,542,237,0,63,0,464.3,22,1,0,307,9.15E-36,44.43711071,-0.533979667
1928,,-1.609437912,0.2,0,3/10/2016 15:24,-13,-107,535,3/10/2016 15:42,106,566,3587.644248,25,10.3,654,661,98,0,80,0,325.2,18,1,0,535,2.39E-31,-166.7614815,-7.520116738
1929,,-1.609437912,0.2,0,3/10/2016 19:33,25,90,650,3/10/2016 19:19,291,721,4744.640818,12,-7.8,683,644,298,0,80,0,323.3,19,2,0,650,8.22E-30,31.08898916,-0.261364318
1930,,-1.609437912,0.2,0,3/11/2016 11:54,-31,-70,392,3/11/2016 12:21,93,468,2877.483162,27,-2.4,450,430,115,0,51,0,400.8,19,1,0,650,8.19E-34,-121.2008937,-3.972324672
1931,,-1.609437912,0.2,0,3/12/2016 0:00,-36,144,402,3/12/2016 0:12,213,234,1276.545141,49,12.3,587,515,198,0,70,0,534,20,1,0,402,1.30E-33,98.94491164,-2.647402796
1932,,-1.609437912,0.2,0,3/12/2016 23:54,3,-92,407,3/12/2016 23:12,91,426,2579.191162,28,9.5,532,572,87,0,70,0,464,21,1,0,407,1.63E-33,-141.2960701,-5.398750518
1933,,-1.609437912,0.2,0,3/13/2016 20:36,-13,-68,579,3/13/2016 20:24,101,697,4563.109431,21,-4.5,647,668,98,0,57,0,407.3,22,1,0,579,1.01E-30,-123.2756699,-4.109489128
1934,,-1.609437912,0.2,0,3/13/2016 23:12,34,20,450,3/13/2016 23:12,345,385,2291.998684,39,4.6,483,437,336,0,57,0,401,23,2,0,579,1.02E-32,-48.64282831,-0.639839033
1935,,-1.609437912,0.2,0,3/14/2016 18:12,-19,-90,544,3/14/2016 17:24,114,450,2749.161412,19,11,608,606,116,0,70,0,498.5,23,1,0,579,3.24E-31,-132.8336553,-4.771438612
1936,,-1.609437912,0.2,0,3/15/2016 6:48,50,95,590,3/15/2016 6:12,325,420,2536.906979,32,-1.7,387,401,318,0,59,0,538.2,23,1,0,590,1.42E-30,66.9175317,-1.210912939
1937,,-1.609437912,0.2,0,3/16/2016 3:12,19,114,570,3/16/2016 3:12,290,446,2720.742253,28,-1.3,433,423,282,0,79,0,470.2,24,1,0,590,7.57E-31,66.68751363,-1.202602616
1938,,-1.609437912,0.2,0,3/16/2016 7:00,1,90,670,3/16/2016 7:00,265,592,3779.035928,44,-22.4,460,112,285,0,79,0,468.3,25,2,0,670,1.66E-26,41.06925526,-0.456107011
1939,,-1.609437912,0.2,0,3/17/2016 3:24,3,100,219,3/17/2016 3:12,274,201,1065.964287,17,-1.1,193,127,269,0,72,0,561.5,26,1,0,670,1.69E-38,59.22944986,-0.948655417
1940,,-1.609437912,0.2,0,3/17/2016 12:39,-36,100,482,3/17/2016 12:00,228,400,2396.585819,23,-1.4,383,376,228,0,72,0,536.7,27,1,0,482,3.58E-32,64.08068791,-1.110420379
1941,,-1.609437912,0.2,0,3/17/2016 23:36,-12,90,169,3/18/2016 0:00,67,352,2063.998174,22,13.9,419,649,65,0,72,0,460.7,27,1,0,482,1.22E-40,41.70903577,-0.470428249
1942,,-1.609437912,0.2,0,3/20/2016 14:00,-19,90,350,3/20/2016 12:48,264,216,1161.060136,29,3.9,274,344,254,0,36,0,414.7,25,1,0,350,1.02E-34,39.00998502,-0.411514043
1943,,-1.609437912,0.2,0,3/21/2016 15:15,-26,-63,275,3/21/2016 14:48,111,212,1135.59629,23,3.4,255,332,113,0,33,0,417.7,25,1,0,275,1.19E-36,-114.8439686,-3.566559525
1944,,-1.609437912,0.2,0,3/21/2016 20:00,-63,-26,309,3/21/2016 19:36,124,330,1913.700576,23,-3.8,283,218,113,0,33,0,387.3,26,2,0,309,1.03E-35,-87.81211421,-2.085172364
1945,,-1.609437912,0.2,0,3/23/2016 5:00,23,10,503,3/23/2016 4:24,345,526,3295.548438,20,-10.1,486,278,336,0,21,0,407.5,26,1,0,503,7.78E-32,-50.45944895,-0.688522441
1946,,-1.609437912,0.2,0,3/28/2016 17:09,47,-100,395,3/28/2016 15:48,47,258,1432.663573,30,6.8,409,417,55,0,30,0,496.5,24,1,0,395,9.42E-34,-124.5045697,-4.191830144
1947,,-1.609437912,0.2,0,3/30/2016 13:09,-24,134,415,3/30/2016 12:36,232,197,1040.791135,42,-2.1,186,0,174,0,17,0,510.3,24,1,0,415,2.33E-33,89.16619902,-2.149975946
1948,,-1.609437912,0.2,0,3/31/2016 1:25,-32,48,470,3/31/2016 1:25,229,277,1557.852849,18,-15.2,174,0,234,0,16,0,489.3,25,1,0,470,2.26E-32,32.01877678,-0.277231494
1949,,-1.609437912,0.2,0,4/1/2016 12:48,-22,73,237,4/1/2016 10:36,248,170,873.0857343,24,3.5,208,318,245,0,12,0,372,25,1,0,237,7.45E-38,24.6429352,-0.164216943
1950,,-1.609437912,0.2,0,4/2/2016 20:42,-22,-102,303,4/2/2016 19:36,13,327,1893.316976,30,5.3,390,435,4,0,12,0,480.3,26,1,0,303,7.18E-36,-143.1944545,-5.54479497
1951,,-1.609437912,0.2,0,4/3/2016 1:25,-26,46,280,4/3/2016 1:25,234,219,1180.206709,12,5.1,282,378,241,0,12,0,451.5,27,2,0,303,1.66E-36,-26.40257503,-0.188506211
1952,,-1.609437912,0.2,0,4/4/2016 4:39,30,-80,435,4/4/2016 3:24,53,444,2706.546106,32,11,669,573,51,0,40,0,389.7,27,1,0,435,5.50E-33,-130.6720049,-4.617407478
1953,,-1.609437912,0.2,0,4/5/2016 6:12,-22,95,445,4/5/2016 5:12,250,361,2125.884943,19,30.5,604,865,240,0,33,0,369.7,28,1,0,445,8.33E-33,38.96378318,-0.410539859
1954,,-1.609437912,0.2,0,4/5/2016 12:36,50,19,100,4/5/2016 12:00,337,226,1225.04091,48,9.6,479,476,353,0,33,0,373.5,28,2,0,445,3.62E-45,-61.64376145,-1.027569856
1955,,-1.609437912,0.2,0,4/6/2016 16:24,23,14,464,4/6/2016 15:12,344,353,2070.863224,31,6.9,492,465,330,0,20,0,377.7,29,1,0,464,1.79E-32,-50.83697021,-0.698863586
1956,,-1.609437912,0.2,0,4/7/2016 10:09,30,-45,340,4/7/2016 8:48,48,384,2285.04674,13,4.9,428,491,51,0,18,0,385,30,1,0,464,6.01E-35,-102.5487929,-2.843768233
1957,,-1.609437912,0.2,0,4/7/2016 23:36,0,120,740,4/7/2016 23:24,265,510,3179.54947,33,-4.9,460,441,252,0,18,0,362,30,1,0,740,5.77E-17,56.68795977,-0.868989936
1958,,-1.609437912,0.2,0,4/8/2016 12:00,33,-6,417,4/8/2016 11:48,59,325,1879.743184,22,4.8,374,436,71,0,26,0,344.7,31,1,0,740,2.54E-33,-75.38406121,-1.53671084
1959,,-1.609437912,0.2,0,4/8/2016 23:13,-24,97,454,4/8/2016 23:24,104,185,965.7658276,15,1.7,203,262,86,0,26,0,337,32,1,0,740,1.20E-32,36.95835595,-0.369367246
1960,,-1.609437912,0.2,0,4/9/2016 13:36,14,-65,311,4/9/2016 13:25,71,420,2536.906979,20,3.8,458,489,73,0,25,0,332.3,33,1,0,454,1.16E-35,-132.3507084,-4.736806387
1961,,-1.609437912,0.2,0,4/9/2016 20:30,-29,23,263,4/9/2016 19:36,171,206,1097.542491,26,0,207,207,180,0,25,0,336.8,32,2,0,454,5.20E-37,-51.8357002,-0.726592703
1962,,-1.609437912,0.2,0,4/10/2016 7:12,28,-53,352,4/10/2016 6:48,42,356,2091.47534,36,12.7,585,568,43,0,34,0,340.3,33,1,0,352,1.14E-34,-116.4954608,-3.669873552
1963,,-1.609437912,0.2,0,4/10/2016 11:00,34,-24,521,4/10/2016 11:12,25,543,3419.330361,35,0.4,547,547,26,0,34,0,359.3,34,2,0,521,1.48E-31,-88.16615029,-2.102020026
1964,,-1.609437912,0.2,0,4/12/2016 2:24,-16,-173,380,4/12/2016 2:00,186,269,1504.977361,44,1.8,307,316,150,0,37,0,373.3,32,1,0,380,4.63E-34,124.0304367,-4.159964635
1965,,-1.609437912,0.2,0,4/13/2016 18:24,30,107,309,4/13/2016 18:00,308,327,1893.316976,24,3.6,353,422,301,0,48,0,506,30,1,0,309,1.03E-35,65.76389679,-1.169521396
1966,,-1.609437912,0.2,0,4/14/2016 11:36,23,110,193,4/14/2016 11:24,299,214,1148.318867,21,10.3,269,523,298,0,46,0,447.2,30,1,0,309,1.55E-39,61.47566137,-1.021973213
1967,,-1.609437912,0.2,0,4/15/2016 15:24,18,-122,328,4/15/2016 15:24,75,171,879.2244682,10,-8.6,109,0,75,0,33,0,379.7,29,1,0,328,3.10E-35,161.8509412,-7.083755321
1968,,-1.609437912,0.2,0,4/16/2016 21:54,4,43,254,4/16/2016 20:24,280,267,1491.795392,36,-7,194,0,269,0,42,0,410.2,28,1,0,254,2.72E-37,-13.46977199,-0.049062941
1969,,-1.609437912,0.2,0,4/18/2016 0:36,9,58,689,4/18/2016 0:48,291,1084,7575.439889,37,-24.6,895,1041,275,0,31,0,388.8,28,1,0,689,2.00E-22,-9.049374832,-0.022144723
1970,,-1.609437912,0.2,0,4/19/2016 9:36,13,5,328,4/19/2016 9:36,20,185,965.7658276,38,-4.8,156,0,20,0,28,0,345.7,29,1,0,328,3.10E-35,-62.09827292,-1.042778664
1971,,-1.609437912,0.2,0,4/21/2016 0:09,7,-109,283,4/20/2016 22:24,78,273,1531.3858,10,-0.7,267,248,72,0,26,0,362.7,27,1,0,283,2.03E-36,-169.5264966,-7.771561126
1972,,-1.609437912,0.2,0,4/24/2016 4:24,24,115,510,4/24/2016 4:12,1,490,3035.258642,40,-2.9,457,451,354,0,37,0,509.2,27,1,0,510,1.00E-31,71.78420164,-1.393448244
1973,,-1.609437912,0.2,0,4/24/2016 14:00,43,121,231,4/24/2016 12:12,328,173,891.5194458,40,5.2,343,352,322,0,37,0,535.7,28,1,0,510,4.60E-38,81.41079873,-1.792243956
1974,,-1.609437912,0.2,0,4/24/2016 23:36,7,-163,276,4/24/2016 23:24,164,381,2264.206562,45,33.9,454,959,360,1,37,0,520.2,29,1,0,510,1.27E-36,152.1175228,-6.257366347
1975,,-1.609437912,0.2,0,4/25/2016 5:12,5,-165,695,4/25/2016 5:12,78,538,3382.867905,45,-19.3,380,144,360,1,45,0,504.3,30,2,0,695,1.78E-21,149.1840248,-6.018354045
1976,,-1.609437912,0.2,0,4/25/2016 14:12,-28,-6,450,4/25/2016 14:12,115,402,2410.57374,10,1,418,416,116,0,45,0,515.2,31,2,0,695,1.02E-32,-55.81994261,-0.842581394
1977,,-1.609437912,0.2,0,4/26/2016 17:48,31,118,379,4/26/2016 17:36,293,378,2243.390006,10,-7,327,139,289,0,57,0,440.2,32,1,0,379,4.42E-34,69.54156454,-1.307741806
1978,,-1.609437912,0.2,0,4/27/2016 5:00,55,-102,485,4/27/2016 5:00,37,401,2403.578532,24,-4.8,346,310,50,0,76,0,431.7,33,1,0,485,4.00E-32,-121.3468066,-3.981894935
1979,,-1.609437912,0.2,0,4/29/2016 5:00,28,-143,362,4/29/2016 5:00,51,463,2841.767626,29,-8.3,384,306,68,0,82,0,374.5,33,1,0,362,1.90E-34,143.6452018,-5.579757707
1980,,-1.609437912,0.2,0,4/30/2016 8:24,39,-102,589,4/30/2016 6:24,52,465,2856.047394,13,18.1,725,699,47,0,89,0,360.2,32,1,0,589,1.37E-30,-138.8357957,-5.212379172
1981,,-1.609437912,0.2,0,4/30/2016 17:48,37,-120,338,4/30/2016 17:48,56,364,2146.564008,15,9.1,450,544,50,0,89,0,379.5,33,1,0,589,5.39E-35,142.9982159,-5.529607825
1982,,-1.609437912,0.2,0,5/1/2016 6:24,37,-120,596,5/1/2016 6:24,49,486,3006.497391,22,-10,332,357,50,0,87,0,365.3,34,1,0,596,1.70E-30,142.9131546,-5.523031305
1983,,-1.609437912,0.2,0,5/2/2016 9:12,3,-37,386,5/2/2016 9:12,51,262,1458.90626,36,-3.7,223,57,60,0,83,0,457.5,34,1,0,386,6.18E-34,-87.10006741,-2.05149317
1984,,-1.609437912,0.2,0,5/3/2016 20:48,-16,53,280,5/3/2016 20:48,245,290,1644.265468,14,-11.3,227,0,257,0,73,0,480.5,33,1,0,280,1.66E-36,16.83373837,-0.076629191
1985,,-1.609437912,0.2,0,5/4/2016 13:41,4,59,412,5/4/2016 14:12,281,390,2326.797228,27,-3.4,328,339,255,0,71,49000,430.8,33,1,0,412,2.04E-33,7.040921732,-0.013405781
1986,,-1.609437912,0.2,0,5/7/2016 14:24,-18,95,194,5/7/2016 14:24,254,656,4254.921478,18,-102.5,250,0,242,0,34,0,436.3,30,1,0,194,1.71E-39,45.44996865,-0.558599148
1987,,-1.609437912,0.2,0,5/7/2016 16:48,33,-2,342,5/7/2016 16:36,3,349,2043.420101,16,18.9,466,715,6,0,34,0,452.7,31,2,0,342,6.70E-35,-59.39801418,-0.954062761
1988,,-1.609437912,0.2,0,5/9/2016 23:09,49,31,414,5/9/2016 20:12,350,347,2029.715699,35,5.7,484,432,337,0,52,0,622.3,27,1,0,414,2.23E-33,-49.25706582,-0.656100198
1989,,-1.609437912,0.2,0,5/10/2016 9:00,-31,-114,214,5/10/2016 7:00,128,195,1028.234914,25,7,489,403,129,0,76,0,588.3,27,1,0,414,1.09E-38,-139.7698093,-5.282747322
1990,,-1.609437912,0.2,0,5/10/2016 21:17,15,-85,674,5/10/2016 21:17,78,713,4684.040253,12,-2.8,691,686,74,0,76,0,558.8,27,1,0,674,1.80E-25,-124.6078187,-4.19878542
1991,,-1.609437912,0.2,0,5/11/2016 3:24,22,44,700,5/11/2016 3:12,307,496,3078.46166,20,-17.2,319,93,304,0,79,0,517.8,28,2,0,700,8.98E-21,-22.00148468,-0.130899223
1992,,-1.609437912,0.2,0,5/11/2016 11:24,38,93,688,5/11/2016 11:36,308,942,6450.820969,11,20.9,1115,1051,305,0,79,0,477,29,2,0,700,1.35E-22,56.10479589,-0.851202845
1993,,-1.609437912,0.2,0,5/11/2016 11:48,3,-50,390,5/11/2016 11:00,89,326,1886.528546,12,4.1,376,420,76,0,79,0,464.7,30,3,0,700,7.46E-34,-99.307016,-2.666815421
1994,,-1.609437912,0.2,0,5/13/2016 15:18,-9,87,281,5/13/2016 15:18,275,243,1334.813931,12,-14.6,0,0,272,0,78,0,341.7,30,1,0,281,1.78E-36,21.78931608,-0.128386775
1995,,-1.609437912,0.2,0,5/13/2016 23:12,18,-46,309,5/13/2016 23:12,61,365,2153.462534,11,3.5,394,444,62,0,78,0,333.2,30,2,0,309,1.03E-35,-113.496147,-3.483335689
1996,,-1.609437912,0.2,0,5/14/2016 3:12,-13,-92,535,5/14/2016 3:24,109,511,3186.784861,19,2.7,543,544,109,0,88,0,342,31,2,0,535,2.39E-31,-155.4696052,-6.536181216
1997,5/15/2016 20:24,0.908661705,2.481,0,5/15/2016 15:36,17,68,1198,5/15/2016 15:12,309,1118,7847.573659,36,35.1,1396,1267,268,0,87,0,440.8,30,1,1,1198,4.43E-10,23.18600172,-0.145373357
1998,,-1.609437912,0.2,0,5/16/2016 22:36,26,88,366,5/17/2016 0:12,296,293,1664.290574,17,-3.2,276,152,301,0,55,0,498.8,30,1,0,366,2.33E-34,48.13405249,-0.62652434
1999,,-1.609437912,0.2,0,5/19/2016 17:00,-2,148,550,5/19/2016 16:36,262,215,1154.687176,15,-11.2,63,0,261,0,43,0,434.8,29,1,0,550,3.95E-31,95.28527298,-2.455187465
2000,,-1.609437912,0.2,0,5/26/2016 16:12,-19,87,434,5/26/2016 16:36,356,309,1771.602455,25,1.4,315,353,349,0,34,0,361.8,24,1,0,434,5.27E-33,29.99285932,-0.243258954
2001,,-1.609437912,0.2,0,5/27/2016 10:00,-33,91,271,5/27/2016 9:36,235,238,1302.40042,10,19.1,357,673,228,0,34,0,416.8,23,1,0,434,9.08E-37,47.2816769,-0.60453136
2002,,-1.609437912,0.2,0,5/27/2016 23:48,-30,90,309,5/27/2016 23:24,237,434,2635.701328,20,-3.5,400,372,228,0,34,0,495.8,24,1,0,309,1.03E-35,51.29308022,-0.71146027
2003,,-1.609437912,0.2,0,5/29/2016 1:12,-20,90,280,5/29/2016 1:00,249,299,1704.432628,20,3.8,314,415,262,0,33,0,467.2,25,1,0,280,1.66E-36,44.78158839,-0.542290605
2004,,-1.609437912,0.2,0,5/29/2016 3:36,19,-90,189,5/29/2016 3:24,70,163,830.2812827,32,-2.9,125,0,73,0,33,0,461.8,26,2,0,280,1.04E-39,-136.0846504,-5.007850749
2005,,-1.609437912,0.2,0,5/29/2016 9:24,25,70,510,5/29/2016 9:24,294,510,3179.54947,19,-22.1,292,107,303,0,33,0,430.2,26,3,0,510,1.00E-31,29.77654416,-0.239762732
2006,,-1.609437912,0.2,0,5/30/2016 16:00,30,90,450,5/30/2016 15:48,290,404,2424.571611,35,-17.5,309,0,306,0,41,0,502.5,26,1,0,450,1.02E-32,51.76737027,-0.724678373
2007,,-1.609437912,0.2,0,5/31/2016 17:09,-19,149,514,5/31/2016 17:24,220,375,2222.59726,30,-10.7,246,0,234,0,36,0,480.2,25,1,0,514,1.15E-31,100.6505506,-2.739462775
2008,,-1.609437912,0.2,0,5/31/2016 19:09,-8,156,295,5/31/2016 19:12,243,118,562.9407857,22,8.4,202,450,256,0,36,0,481.5,26,2,0,514,4.38E-36,108.215518,-3.166738327
2009,,-1.609437912,0.2,0,6/1/2016 1:54,-30,156,193,6/1/2016 1:24,188,111,522.7578523,31,-4.8,60,0,193,0,41,0,482.2,27,3,0,514,1.55E-39,105.9241199,-3.034050613
2010,,-1.609437912,0.2,0,6/2/2016 16:24,7,133,386,6/2/2016 16:00,277,487,3013.684628,13,-8.9,406,319,276,0,14,0,350,27,1,0,386,6.18E-34,67.69389799,-1.23917356
2011,,-1.609437912,0.2,0,6/3/2016 4:12,-47,-6,340,6/3/2016 3:47,143,395,2361.659877,16,-2.4,372,350,145,0,0,0,303,27,1,0,386,6.01E-35,-84.30943758,-1.922142041
2012,,-1.609437912,0.2,0,6/6/2016 7:12,-13,-6,333,6/6/2016 7:12,137,183,953.335966,10,27.6,357,815,137,0,0,0,597.3,27,1,0,333,4.10E-35,-45.85260847,-0.568540212
2013,,-1.609437912,0.2,0,6/9/2016 1:48,35,-165,531,6/9/2016 1:48,53,484,2992.129095,41,-5.7,415,411,1,0,19,0,392.5,25,1,0,531,2.08E-31,126.5305445,-4.329361467
2014,,-1.609437912,0.2,0,6/11/2016 23:24,25,-90,106,6/11/2016 23:24,67,95,432.6183047,20,2.9,114,275,68,0,44,0,468.5,21,1,0,106,1.19E-44,-133.0916169,-4.789988771
2015,,-1.609437912,0.2,0,6/14/2016 8:36,33,-95,370,6/14/2016 8:24,62,349,2043.420101,18,-0.1,348,345,58,0,38,0,434.2,19,1,0,370,2.84E-34,-135.1987282,-4.94285995
2016,,-1.609437912,0.2,0,6/14/2016 13:25,16,-44,540,6/14/2016 13:25,66,460,2820.364185,22,5.4,524,532,69,0,38,0,481.2,20,2,0,540,2.83E-31,-91.56564708,-2.267243841
2017,,-1.609437912,0.2,0,6/16/2016 2:36,82,-170,516,6/16/2016 2:24,6,386,2298.953225,40,-13.9,277,0,21,0,28,0,553,19,1,0,516,1.24E-31,96.81907923,-2.534865902
2018,,-1.609437912,0.2,0,6/16/2016 7:48,11,-166,484,6/16/2016 7:48,48,314,1805.309398,42,2.5,356,367,27,0,28,0,530.7,20,2,0,516,3.86E-32,148.9812485,-6.002004434
2019,,-1.609437912,0.2,0,6/17/2016 6:39,27,158,235,6/17/2016 6:36,329,112,528.4718736,20,3.2,131,290,327,0,39,0,578.3,21,1,0,484,6.35E-38,115.0463847,-3.579142948
2020,,-1.609437912,0.2,0,6/19/2016 23:36,-29,95,482,6/19/2016 23:36,252,1065,7423.827533,25,-14.7,950,1017,248,0,50,0,466.8,21,1,0,482,3.58E-32,52.50895629,-0.74558964
2021,,-1.609437912,0.2,0,6/20/2016 2:54,6,100,434,6/20/2016 2:36,270,639,4127.878946,32,-5.7,608,559,273,0,36,0,470.7,22,2,0,482,5.27E-33,51.55971808,-0.718876292
2022,,-1.609437912,0.2,0,6/20/2016 8:00,-20,95,450,6/20/2016 7:48,247,826,5547.907283,28,7.2,884,875,259,0,36,0,466.5,23,3,0,482,1.02E-32,49.13396263,-0.652824847
2023,,-1.609437912,0.2,0,6/20/2016 16:54,37,-147,560,6/20/2016 16:24,36,495,3071.256092,42,5.7,599,546,48,0,36,0,431.8,24,2,0,560,5.48E-31,138.5991013,-5.194621654
2024,,-1.609437912,0.2,0,6/21/2016 5:12,24,36,365,6/21/2016 4:12,309,356,2091.47534,34,5.4,452,452,281,0,24,0,415.5,25,1,0,560,2.21E-34,-30.35163198,-0.249113457
2025,,-1.609437912,0.2,0,6/22/2016 3:12,9,43,350,6/22/2016 5:00,264,69,292.1533488,31,1.2,152,161,256,0,23,0,346.7,26,1,0,365,1.02E-34,-24.70712311,-0.165073535
2026,,-1.609437912,0.2,0,6/23/2016 5:00,-11,-139,250,6/23/2016 4:48,109,204,1084.896479,35,-5.7,154,0,110,0,12,0,367.3,27,1,0,250,2.02E-37,156.0583569,-6.585779006
2027,,-1.609437912,0.2,0,6/25/2016 3:12,25,-95,550,6/25/2016 2:48,67,540,3397.447335,45,-0.3,535,537,82,0,0,0,482,28,1,0,550,3.95E-31,-136.0132714,-5.002598704
2028,,-1.609437912,0.2,0,6/28/2016 12:24,10,99,677,6/28/2016 12:00,279,688,4495.24672,17,-18.5,563,461,278,0,0,0,440,23,1,0,677,9.09E-25,47.7203712,-0.615801468
2029,,-1.609437912,0.2,0,6/28/2016 17:36,-20,161,426,6/28/2016 17:24,222,210,1122.892581,17,12.7,311,566,206,0,0,0,422.2,24,2,0,677,3.75E-33,105.68048,-3.020109208
2030,,-1.609437912,0.2,0,6/29/2016 23:24,24,-96,289,6/29/2016 23:12,71,410,2466.624435,14,-7.5,354,194,67,0,0,0,346,24,1,0,289,2.99E-36,-150.4594634,-6.121700954
2031,,-1.609437912,0.2,0,6/30/2016 1:36,10,166,540,6/30/2016 0:36,312,220,1186.59806,18,1.2,233,271,308,0,0,0,344.3,25,2,0,540,2.83E-31,99.28858291,-2.6658255
2032,,-1.609437912,0.2,0,6/30/2016 3:48,10,172,643,6/30/2016 3:36,311,274,1537.997101,20,-7.8,175,0,301,0,0,0,344.7,26,3,0,643,6.75E-30,105.2689914,-2.996636168
2033,,-1.609437912,0.2,0,6/30/2016 16:54,0,-180,572,6/30/2016 16:12,131,413,2487.683856,50,0.3,416,419,360,1,0,0,368,27,1,0,643,8.06E-31,117.7202213,-3.7474447
2034,,-1.609437912,0.2,0,7/1/2016 0:48,-29,180,158,7/1/2016 1:24,175,218,1173.819924,28,4.7,292,364,185,0,0,0,388.5,26,2,0,643,3.32E-41,116.7788512,-3.687750162
2035,,-1.609437912,0.2,0,7/5/2016 2:09,37,140,315,7/5/2016 1:25,323,243,1334.813931,36,3.4,297,341,335,0,13,0,385,24,1,0,315,1.47E-35,82.40198639,-1.83615126
2036,,-1.609437912,0.2,0,7/5/2016 21:17,33,45,550,7/5/2016 20:36,318,510,3179.54947,32,5.7,597,568,281,0,13,0,330.8,25,1,0,550,3.95E-31,-40.14041308,-0.435709238
2037,,-1.609437912,0.2,0,7/6/2016 6:36,36,59,620,7/6/2016 6:48,308,471,2898.938162,7,6.3,574,539,305,0,13,0,324,26,1,0,620,3.49E-30,-37.61777922,-0.38266558
2038,,-1.609437912,0.2,0,7/10/2016 0:53,22,-89,444,7/10/2016 1:25,67,368,2174.174521,19,-2.5,344,306,73,0,50,0,601,25,1,0,444,7.99E-33,-124.0373041,-4.160425315
2039,,-1.609437912,0.2,0,7/12/2016 2:00,33,-65,479,7/12/2016 1:48,60,429,2600.365018,20,9.5,488,609,52,0,59,0,509,25,1,0,479,3.19E-32,-106.6915586,-3.078174329
2040,,-1.609437912,0.2,0,7/13/2016 19:09,-1,-50,550,7/13/2016 18:48,96,574,3646.409273,13,10.2,703,675,97,0,53,0,522.8,26,1,0,550,3.95E-31,-93.83827933,-2.381185145
2041,,-1.609437912,0.2,0,7/15/2016 13:36,-26,76,539,7/15/2016 13:25,245,536,3368.29591,25,-14.4,335,418,238,0,69,0,624.3,25,1,0,539,2.74E-31,45.92202195,-0.570262872
2042,,-1.609437912,0.2,0,7/16/2016 7:42,-33,59,415,7/16/2016 5:36,231,429,2600.365018,15,6.3,525,514,244,0,60,0,575.8,25,1,0,539,2.33E-33,37.62358892,-0.382783787
2043,,-1.609437912,0.2,0,7/17/2016 11:24,-3,-10,386,7/17/2016 10:48,102,340,1981.84151,35,3.1,405,390,360,1,39,0,457.5,24,1,0,386,6.18E-34,-60.14123329,-0.978087599
2044,,-1.609437912,0.2,0,7/20/2016 17:12,28,-6,355,7/20/2016 14:24,71,221,1192.993957,16,6.1,435,384,71,0,56,0,503.8,21,1,0,355,1.33E-34,-56.65067501,-0.867847209
2045,,-1.609437912,0.2,0,7/20/2016 23:12,-15,51,462,7/20/2016 23:12,248,426,2579.191162,27,6.1,452,556,251,0,56,0,473.2,22,2,0,462,1.65E-32,15.21293281,-0.062583376
2046,,-1.609437912,0.2,0,7/21/2016 0:36,-12,51,450,7/21/2016 0:36,250,302,1724.548959,28,10,440,513,245,0,52,0,463.7,23,3,0,462,1.02E-32,12.10125302,-0.039599871
2047,,-1.609437912,0.2,0,7/22/2016 2:48,2,95,714,7/22/2016 2:48,288,751,4972.675644,35,7.5,838,789,262,0,39,0,395.7,23,1,0,714,3.91E-19,37.12612225,-0.372728219
2048,,-1.609437912,0.2,0,7/22/2016 22:18,36,64,212,7/22/2016 19:48,73,225,1218.62259,26,-2.5,205,0,65,0,39,0,432.5,23,1,0,714,9.16E-39,37.42674629,-0.378788896
2049,,-1.609437912,0.2,0,7/23/2016 5:24,15,70,740,7/23/2016 5:24,271,835,5617.40549,40,-15.2,678,779,283,0,27,0,381.2,23,2,0,740,5.77E-17,17.89715459,-0.086616588
2050,,-1.609437912,0.2,0,7/25/2016 1:25,-2,91,500,7/25/2016 1:25,266,389,2319.832365,16,1.3,405,410,262,0,0,0,446.5,24,1,0,500,6.97E-32,39.71181316,-0.426454328
2051,,-1.609437912,0.2,0,7/26/2016 7:24,-12,92,383,7/26/2016 8:12,260,416,2508.765068,19,-3.5,379,345,264,0,0,0,356.2,24,1,0,383,5.35E-34,29.95862509,-0.242703953
2052,,-1.609437912,0.2,0,7/28/2016 22:24,7,10,350,7/28/2016 22:24,251,265,1478.628404,45,5.2,368,395,252,0,13,0,530.8,23,1,0,350,1.02E-34,-33.82574115,-0.309405291
2053,,-1.609437912,0.2,0,7/30/2016 17:48,14,-168,525,7/30/2016 17:48,32,289,1637.597313,33,3.3,341,374,42,0,21,0,415.8,20,1,0,525,1.70E-31,135.0919072,-4.935052294
2054,,-1.609437912,0.2,0,7/31/2016 19:00,-25,12,354,7/31/2016 19:00,302,190,996.9345737,24,1.5,196,256,299,0,16,0,358.7,20,1,0,354,1.26E-34,-55.9930937,-0.847816804
2055,,-1.609437912,0.2,0,8/3/2016 18:12,5,-66,254,8/3/2016 17:36,88,202,1072.270075,25,2.5,314,261,104,0,0,0,550.2,21,1,0,254,2.72E-37,-107.5863038,-3.130019678
2056,,-1.609437912,0.2,0,8/6/2016 3:24,-2,95,550,8/6/2016 3:12,260,521,3259.245772,10,6.7,579,614,256,0,39,0,589.7,19,1,0,550,3.95E-31,56.15796555,-0.852816954
2057,,-1.609437912,0.2,0,8/8/2016 11:39,45,-64,247,8/8/2016 11:12,94,347,2029.715699,14,53.8,503,1161,87,0,81,0,483.8,20,1,0,247,1.61E-37,-104.9332897,-2.977554163
2058,,-1.609437912,0.2,0,8/8/2016 21:17,0,93,710,8/8/2016 20:48,273,674,4389.917095,22,-15.3,456,628,260,0,81,0,497,21,1,0,710,1.47E-19,46.88539525,-0.594440316
2059,,-1.609437912,0.2,0,8/9/2016 2:36,29,128,141,8/9/2016 1:25,311,128,621.0598738,26,1.6,180,214,311,0,72,0,484.7,21,2,0,710,3.60E-42,81.88772092,-1.813304175
2060,,-1.609437912,0.2,0,8/10/2016 3:54,19,-70,445,8/10/2016 4:00,70,368,2174.174521,22,5.2,464,453,70,0,77,0,605.3,22,1,0,445,8.33E-33,-106.8605228,-3.087931677
2061,,-1.609437912,0.2,0,8/11/2016 17:24,0,104,364,8/11/2016 16:24,276,363,2139.668229,24,36.8,677,937,261,0,79,0,598.2,22,1,0,364,2.11E-34,65.68679612,-1.166780742
2062,,-1.609437912,0.2,0,8/12/2016 19:09,-4,161,505,8/12/2016 19:12,277,350,2050.276604,16,-7.4,292,0,248,0,71,0,517.3,23,1,0,505,8.36E-32,116.6248752,-3.678031778
2063,,-1.609437912,0.2,0,8/13/2016 18:24,54,-109,382,8/13/2016 18:00,37,591,3771.653266,31,10.5,712,695,51,0,58,0,430.8,23,1,0,505,5.10E-34,-124.0316321,-4.160044824
2064,,-1.609437912,0.2,0,8/15/2016 17:36,16,-107,750,8/15/2016 17:24,67,633,4083.147777,20,-9,504,584,75,0,63,53200,295.5,22,1,0,750,2.47E-16,163.3792482,-7.218166236
2065,,-1.609437912,0.2,0,8/22/2016 0:48,13,-6,231,8/22/2016 0:24,297,127,615.21176,16,18.1,226,662,294,0,28,0,410.7,17,1,0,231,4.60E-38,-62.58901225,-1.059325163
2066,,-1.609437912,0.2,0,8/28/2016 10:12,9,-114,173,8/28/2016 12:00,84,107,499.9926853,29,5.6,136,375,85,0,64,0,374.8,14,1,0,173,1.91E-40,-169.7857844,-7.795352237
2067,,-1.609437912,0.2,0,8/29/2016 6:48,26,-6,251,8/29/2016 4:24,292,281,1584.377662,13,-3.5,255,98,284,0,68,0,336.8,15,1,0,251,2.18E-37,-75.69995568,-1.549616898
2068,,-1.609437912,0.2,0,8/29/2016 23:12,25,82,375,8/29/2016 23:12,297,271,1518.1742,25,2.6,328,332,291,0,68,0,353.5,15,1,0,375,3.64E-34,30.01013508,-0.243539267
2069,,-1.609437912,0.2,0,8/30/2016 3:12,-7,-82,585,8/30/2016 3:12,100,579,3683.194135,13,-8.1,528,451,97,0,74,0,380,16,2,0,585,1.21E-30,-141.763621,-5.434538734
2070,,-1.609437912,0.2,0,8/30/2016 8:24,9,-102,240,8/30/2016 8:00,76,312,1791.816995,24,3.8,366,400,86,0,74,0,390.5,17,2,0,585,9.42E-38,-158.7695847,-6.816598441
2071,,-1.609437912,0.2,0,9/3/2016 12:12,6,114,108,9/3/2016 13:25,283,197,1040.791135,23,12.3,329,537,276,0,65,0,675.3,16,1,0,108,1.75E-44,80.11606593,-1.735690649
2072,,-1.609437912,0.2,0,9/4/2016 13:25,-14,26,216,9/4/2016 12:48,229,196,1034.510473,32,6.5,432,390,191,0,49,0,658.5,17,1,0,216,1.30E-38,-16.49160376,-0.073545969
2073,,-1.609437912,0.2,0,9/6/2016 6:24,22,160,539,9/6/2016 6:24,318,367,2167.267798,10,0.9,383,384,324,0,43,0,548,17,1,0,539,2.74E-31,115.964525,-3.636498395
2074,,-1.609437912,0.2,0,9/6/2016 8:54,-20,120,674,9/6/2016 8:36,248,650,4210.032036,31,2.6,683,668,252,0,43,0,518.8,18,2,0,674,1.80E-25,76.69434927,-1.590595784
2075,,-1.609437912,0.2,0,9/11/2016 8:12,5,89,597,9/11/2016 8:24,275,498,3092.878838,12,-5.3,446,422,271,0,67,0,337.5,14,1,0,597,1.75E-30,21.65020099,-0.126752624
2076,,-1.609437912,0.2,0,9/14/2016 23:36,-18,-122,722,9/14/2016 23:36,88,742,4904.137138,43,-11.6,618,680,102,0,28,0,308.2,12,1,0,722,2.29E-18,155.8574582,-6.568833768
2077,,-1.609437912,0.2,0,9/16/2016 13:36,9,90,324,9/16/2016 13:25,277,269,1504.977361,14,-6.5,184,0,269,0,13,0,296.2,13,1,0,324,2.47E-35,15.46067294,-0.064638293
2078,,-1.609437912,0.2,0,9/16/2016 15:36,-1,-68,301,9/16/2016 15:12,97,331,1920.501182,17,29.7,608,853,90,0,13,0,295.3,14,2,0,324,6.35E-36,-145.5997085,-5.732632538
2079,,-1.609437912,0.2,0,9/17/2016 12:18,5,99,436,9/17/2016 11:24,286,616,3956.72013,12,4.3,653,663,283,0,14,0,297.8,15,1,0,436,5.73E-33,22.57156651,-0.137770583
2080,,-1.609437912,0.2,0,9/17/2016 14:12,-6,-110,148,9/17/2016 12:48,99,163,830.2812827,34,6.4,407,387,82,0,14,0,295.2,16,2,0,436,9.29E-42,170.2975892,-7.842419926
2081,,-1.609437912,0.2,0,9/18/2016 6:12,13,-90,393,9/18/2016 6:12,79,480,2963.41733,14,-5,446,382,72,0,38,0,340,17,1,0,436,8.58E-34,-154.1062284,-6.422046954
2082,,-1.609437912,0.2,0,9/18/2016 7:36,18,-83,221,9/18/2016 8:00,68,193,1015.699206,10,1.7,205,273,62,0,38,0,344.7,18,2,0,436,2.00E-38,-145.0218017,-5.687215513
2083,,-1.609437912,0.2,0,9/19/2016 9:00,11,99,183,9/19/2016 8:24,289,179,928.5420592,15,4.2,284,328,288,0,63,0,376.2,19,1,0,183,5.61E-40,39.40192989,-0.419824792
2084,,-1.609437912,0.2,0,9/22/2016 11:12,9,-104,398,9/22/2016 11:00,81,425,2572.137897,17,-2.9,399,365,78,0,36,0,464.5,19,1,0,398,1.08E-33,-151.96869,-6.245127835
2085,,-1.609437912,0.2,0,9/22/2016 18:00,-21,-62,414,9/22/2016 18:36,117,326,1886.528546,18,11.6,532,541,113,0,36,0,449.5,20,2,0,414,2.23E-33,-111.3826002,-3.354808983
2086,,-1.609437912,0.2,0,9/23/2016 1:36,16,122,268,9/23/2016 1:25,305,292,1657.61211,17,-0.1,291,289,299,0,60,0,409.3,21,2,0,414,7.38E-37,66.98877878,-1.213492829
2087,,-1.609437912,0.2,0,9/25/2016 10:36,23,93,469,9/25/2016 10:12,293,206,1097.542491,25,13,299,570,292,0,30,0,363,22,1,0,469,2.17E-32,37.03346849,-0.370870143
2088,,-1.609437912,0.2,0,9/27/2016 0:12,-23,15,307,9/27/2016 0:00,240,368,2174.174521,33,9.5,566,507,215,0,26,0,497.8,23,1,0,307,9.15E-36,-37.93661305,-0.389179721
2089,,-1.609437912,0.2,0,9/27/2016 8:00,25,80,348,9/27/2016 7:24,307,186,971.9888813,17,12.1,276,547,307,0,26,0,519.8,24,2,0,348,9.22E-35,42.77116491,-0.494692414
2090,,-1.609437912,0.2,0,9/28/2016 6:12,-64,70,270,9/28/2016 5:36,205,195,1028.234914,38,7.8,265,452,207,0,30,0,619.2,24,1,0,348,8.47E-37,68.42575546,-1.266112496
2091,,-1.609437912,0.2,0,9/29/2016 20:36,-14,80,380,9/29/2016 20:12,251,447,2727.843692,26,3.7,522,489,254,0,17,0,683.2,21,1,0,380,4.63E-34,48.05027159,-0.624345214
2092,,-1.609437912,0.2,0,10/1/2016 3:09,7,-65,535,10/1/2016 2:36,87,387,2305.910356,23,-1.3,362,372,104,0,0,0,571.3,22,1,0,535,2.39E-31,-105.0018641,-2.981447126
2093,,-1.609437912,0.2,0,10/1/2016 14:24,18,-73,524,10/1/2016 14:12,74,818,5486.213391,23,60.5,1344,1245,88,0,0,0,534,23,1,0,535,1.64E-31,-114.5642136,-3.549204719
2094,,-1.609437912,0.2,0,10/1/2016 14:36,17,100,294,10/1/2016 14:24,310,333,1934.111449,32,7.3,394,502,311,0,0,0,538.3,24,2,0,535,4.11E-36,59.00927352,-0.941615566
2095,,-1.609437912,0.2,0,10/4/2016 7:09,-20,87,263,10/4/2016 6:36,248,298,1697.733859,20,3.7,395,364,246,0,40,0,529.5,24,1,0,263,5.20E-37,47.21983204,-0.60295093
2096,,-1.609437912,0.2,0,10/5/2016 11:12,0,93,517,10/5/2016 11:36,105,305,1744.695092,12,60.9,513,1219,106,0,41,0,501.8,24,1,0,517,1.28E-31,47.32650745,-0.605678288
2097,,-1.609437912,0.2,0,10/8/2016 21:09,10,-22,243,10/8/2016 18:36,66,547,3448.533495,37,11.5,652,670,62,0,63,0,371.5,23,1,0,243,1.19E-37,-83.78922154,-1.898494766
2098,,-1.609437912,0.2,0,10/10/2016 9:12,-21,-175,450,10/10/2016 8:36,116,227,1231.463654,45,5.6,397,372,166,0,66,0,342,24,1,0,450,1.02E-32,115.9814963,-3.637562866
2099,,-1.609437912,0.2,0,10/11/2016 3:36,-17,-153,320,10/11/2016 3:24,115,179,928.5420592,35,-1.2,155,103,122,0,63,0,394,25,1,0,450,1.97E-35,144.9098597,-5.678439003
2100,,-1.609437912,0.2,0,10/11/2016 18:48,-17,41,181,10/11/2016 19:24,249,234,1276.545141,15,5.4,315,381,237,0,63,0,377.3,25,1,0,320,4.54E-40,-25.83125229,-0.180436343
2101,,-1.609437912,0.2,0,10/13/2016 6:24,25,-48,339,10/13/2016 5:12,64,227,1231.463654,10,1.2,249,268,63,0,42,0,428.2,26,1,0,339,5.69E-35,-100.4315107,-2.72755228
2102,,-1.609437912,0.2,0,10/14/2016 10:12,-21,-109,386,10/14/2016 9:48,116,375,2222.59726,23,2.3,432,402,103,0,41,0,359.2,27,1,0,386,6.18E-34,-157.8545995,-6.738257051
2103,,-1.609437912,0.2,0,10/14/2016 16:48,-24,-93,621,10/14/2016 16:48,120,540,3397.447335,25,-6.9,425,506,97,0,41,0,381,28,2,0,621,3.59E-30,-144.5964738,-5.653904875
2104,,-1.609437912,0.2,0,10/17/2016 1:25,21,92,275,10/17/2016 0:48,295,141,697.7751445,15,6.5,180,406,293,0,27,0,712,26,1,0,275,1.19E-36,62.00059553,-1.03950077
2105,,-1.609437912,0.2,0,10/17/2016 23:09,20,0,293,10/18/2016 0:12,354,106,494.324544,27,3.7,142,308,341,0,27,0,686.2,25,1,0,293,3.86E-36,-38.32535959,-0.397196643
2106,,-1.609437912,0.2,0,10/20/2016 14:36,34,65,386,10/20/2016 16:00,309,201,1065.964287,11,12.5,283,562,315,0,16,0,388.7,23,1,0,386,6.18E-34,34.4682387,-0.321270816
2107,,-1.609437912,0.2,0,10/22/2016 17:24,8,80,317,10/22/2016 17:24,273,496,3078.46166,12,-20.7,403,0,273,0,27,0,343.5,23,1,0,317,1.65E-35,15.46472385,-0.06467217
2108,,-1.609437912,0.2,0,10/23/2016 12:12,23,88,202,10/23/2016 12:00,292,263,1465.47651,21,0.4,266,279,299,0,15,0,429.3,22,1,0,317,3.67E-39,40.74862114,-0.449013014
2109,,-1.609437912,0.2,0,10/23/2016 20:48,-20,-95,264,10/23/2016 20:12,107,293,1664.290574,23,-17.5,185,0,118,0,15,0,413.3,23,2,0,264,5.58E-37,-144.8344705,-5.672532134
2110,,-1.609437912,0.2,0,10/24/2016 0:36,33,116,462,10/24/2016 0:24,316,442,2692.358968,19,6.3,493,549,318,0,15,0,411.2,24,2,0,462,1.65E-32,65.41807125,-1.157253663
2111,,-1.609437912,0.2,0,10/24/2016 21:24,23,90,280,10/24/2016 21:12,297,291,1650.937071,24,8.5,385,494,292,0,15,0,398.2,25,1,0,462,1.66E-36,39.02853915,-0.411905589
2112,,-1.609437912,0.2,0,10/24/2016 23:56,-28,90,400,10/24/2016 23:48,118,240,1315.353342,28,7.4,319,419,139,0,15,0,396.5,26,2,0,462,1.19E-33,41.65414992,-0.469190969
2113,,-1.609437912,0.2,0,10/25/2016 19:12,10,-145,560,10/25/2016 18:48,61,470,2891.784367,42,0.7,482,476,42,0,17,0,708.8,26,1,0,560,5.48E-31,-169.6544397,-7.783296081
2114,,-1.609437912,0.2,0,10/26/2016 10:36,19,114,246,10/26/2016 10:24,297,232,1263.64307,17,21.1,487,710,293,0,25,0,669.5,27,1,0,560,1.50E-37,80.33007174,-1.744975778
2115,,-1.609437912,0.2,0,10/29/2016 9:12,16,92,302,10/29/2016 9:36,284,253,1399.947541,12,4.7,308,393,283,0,23,0,613.5,25,1,0,302,6.76E-36,56.2022909,-0.854163738
2116,,-1.609437912,0.2,0,10/29/2016 23:24,28,92,493,10/29/2016 23:24,276,514,3208.502758,22,-10,444,330,284,0,23,0,619,25,1,0,493,5.39E-32,59.5515238,-0.959000537
2117,,-1.609437912,0.2,0,10/30/2016 10:36,-37,-4,183,10/30/2016 10:36,174,137,674.0373868,30,5.6,196,378,175,0,13,0,577.7,26,1,0,493,5.61E-40,-54.71461619,-0.809542786
2118,,-1.609437912,0.2,0,10/30/2016 23:48,14,133,336,10/30/2016 23:36,302,262,1458.90626,27,-0.6,256,238,282,0,13,0,539.7,27,1,0,336,4.83E-35,90.51803255,-2.215660957
2119,,-1.609437912,0.2,0,11/1/2016 14:00,-18,126,220,11/1/2016 14:00,250,167,854.7049667,17,1.5,206,229,245,0,12,0,482,25,1,0,220,1.84E-38,79.02278459,-1.68864264
2120,,-1.609437912,0.2,0,11/4/2016 8:00,0,36,360,11/4/2016 8:00,272,147,733.5935903,18,-2,105,0,263,0,25,0,381.5,25,1,0,360,1.72E-34,-24.07590711,-0.156746702
2121,,-1.609437912,0.2,0,11/4/2016 22:39,3,124,463,11/4/2016 23:12,290,171,879.2244682,10,-36.2,39,0,292,0,25,0,362.8,25,1,0,463,1.72E-32,60.87139283,-1.001981197
2122,,-1.609437912,0.2,0,11/5/2016 4:48,23,26,487,11/5/2016 4:36,309,403,2417.571434,35,5.4,492,484,326,0,25,0,351.8,26,2,0,487,4.32E-32,-44.44925101,-0.534271475
2123,,-1.609437912,0.2,0,11/8/2016 22:18,-1,-100,282,11/8/2016 19:36,98,236,1289.464306,10,2.7,261,328,112,0,0,0,294.2,26,1,0,282,1.90E-36,-177.6765445,-8.536764321
2124,,-1.609437912,0.2,0,11/9/2016 1:25,23,-49,724,11/9/2016 1:25,64,553,3492.392975,27,-9,457,448,73,0,14,0,296,27,2,0,724,3.43E-18,-123.1353558,-4.100139492
2125,,-1.609437912,0.2,0,11/9/2016 4:39,-27,-93,463,11/9/2016 4:00,112,313,1798.561599,10,2.6,346,363,125,0,14,0,322,28,3,0,724,1.72E-32,-149.0085988,-6.004208363
2126,,-1.609437912,0.2,0,11/9/2016 17:54,7,146,176,11/9/2016 16:00,278,114,539.9266231,19,1.7,146,219,271,0,14,0,344.8,28,1,0,724,2.66E-40,79.60861704,-1.713772825
2127,,-1.609437912,0.2,0,11/10/2016 12:24,-16,-93,456,11/10/2016 12:12,104,413,2487.683856,15,10.1,579,559,102,0,24,0,370.8,28,1,0,456,1.30E-32,-150.4404419,-6.120153211
2128,,-1.609437912,0.2,0,11/10/2016 23:36,1,112,350,11/10/2016 22:24,285,301,1717.84019,31,0.7,317,316,269,0,24,0,450.3,28,1,0,456,1.02E-34,61.10772892,-1.00977678
2129,,-1.609437912,0.2,0,11/15/2016 1:24,15,168,135,11/15/2016 1:36,339,626,4031.033332,32,236.8,881,2415,341,0,27,0,570.2,26,1,0,135,1.53E-42,126.3057985,-4.313995329
2130,,-1.609437912,0.2,0,11/17/2016 4:24,20,99,463,11/17/2016 4:24,292,757,5018.427983,16,-12.1,695,628,295,0,29,0,388.3,25,1,0,463,1.72E-32,43.93745976,-0.52203904
2131,,-1.609437912,0.2,0,11/18/2016 19:30,-2,-94,407,11/18/2016 19:36,88,506,3150.627555,22,-2,489,475,99,0,28,0,330.2,26,1,0,407,1.63E-33,-163.2925729,-7.210509567
2132,,-1.609437912,0.2,0,11/19/2016 7:54,-5,-126,491,11/19/2016 7:24,91,389,2319.832365,21,-15.9,253,0,101,0,24,0,327.2,27,1,0,491,5.01E-32,163.2128713,-7.203472512
2133,,-1.609437912,0.2,0,11/19/2016 9:48,1,-127,585,11/19/2016 10:00,90,291,1650.937071,19,26.7,389,828,83,0,24,0,329.2,28,2,0,585,1.21E-30,163.3506246,-7.21563725
2134,,-1.609437912,0.2,0,11/20/2016 16:39,5,-6,465,11/20/2016 17:36,83,334,1940.921092,23,18.1,459,694,86,0,13,0,352.2,28,1,0,465,1.86E-32,-71.14844674,-1.368875466
2135,,-1.609437912,0.2,0,11/25/2016 17:39,-3,-122,262,11/25/2016 18:00,94,285,1610.959416,19,7.9,362,484,88,0,13,0,641.2,21,1,0,262,4.84E-37,-157.5527571,-6.712512512
2136,,-1.609437912,0.2,0,11/26/2016 20:36,5,124,400,11/26/2016 19:24,284,233,1270.09196,19,-10.9,0,0,285,0,25,0,623,22,1,0,400,1.19E-33,87.22256225,-2.057267541
2137,,-1.609437912,0.2,0,11/27/2016 18:24,-20,97,270,11/27/2016 19:36,302,216,1161.060136,15,90.1,357,1473,300,0,30,0,542.3,23,1,0,400,8.47E-37,57.14556239,-0.883076068
2138,,-1.609437912,0.2,0,12/4/2016 14:24,21,71,519,12/4/2016 14:12,291,426,2579.191162,13,-6.3,373,282,273,0,38,0,282,18,1,0,519,1.38E-31,-23.2756129,-0.146499231
2139,,-1.609437912,0.2,0,12/5/2016 3:48,13,-124,386,12/5/2016 2:36,70,224,1212.208716,11,-9.5,84,0,70,0,34,0,293,18,1,0,519,6.18E-34,154.4223588,-6.448422091
2140,,-1.609437912,0.2,0,12/5/2016 16:36,-10,-99,168,12/5/2016 16:00,98,192,1009.439111,25,3.9,314,313,95,0,34,0,325.5,18,1,0,386,1.09E-40,-165.475124,-7.404547502
2141,,-1.609437912,0.2,0,12/7/2016 11:39,20,-73,483,12/7/2016 10:36,66,278,1564.47867,23,3.7,368,355,74,0,19,0,348.8,19,1,0,483,3.71E-32,-134.9139656,-4.922060066
2142,,-1.609437912,0.2,0,12/8/2016 10:36,31,1,271,12/8/2016 8:48,324,162,824.1906063,48,4.8,342,333,354,0,14,0,528,20,1,0,483,9.08E-37,-50.73500639,-0.696062973
2143,,-1.609437912,0.2,0,12/9/2016 7:24,5,-166,313,12/9/2016 7:36,100,306,1751.417041,11,-10.7,219,0,88,0,20,0,625.2,18,1,0,313,1.31E-35,156.8246992,-6.65061825
2144,,-1.609437912,0.2,0,12/10/2016 17:24,9,89,237,12/10/2016 17:24,269,248,1367.330329,24,-2.2,227,133,269,0,0,0,650.3,17,1,0,237,7.45E-38,54.27174296,-0.796490558
2145,,-1.609437912,0.2,0,12/12/2016 3:24,-6,100,206,12/12/2016 4:00,266,212,1135.59629,30,4.6,285,349,261,0,12,0,527,17,1,0,206,5.32E-39,56.71793182,-0.869909083
2146,,-1.609437912,0.2,0,12/12/2016 6:54,23,135,599,12/12/2016 6:48,311,424,2565.086985,27,3.2,469,473,319,0,12,0,532.2,18,2,0,599,1.86E-30,91.78153063,-2.277947368
2147,,-1.609437912,0.2,0,12/15/2016 7:12,3,-90,506,12/15/2016 5:36,88,206,1097.542491,14,0.9,223,243,86,0,12,0,427,18,1,0,506,8.67E-32,-143.5677165,-5.573739652
2148,,-1.609437912,0.2,0,12/15/2016 23:39,10,31,493,12/15/2016 21:38,298,281,1584.377662,26,-6.6,187,0,301,0,12,0,378.2,19,1,0,506,5.39E-32,-31.09807015,-0.261517027
2149,,-1.609437912,0.2,0,12/16/2016 23:12,34,-100,449,12/16/2016 21:48,57,444,2706.546106,24,10.9,598,591,84,0,0,0,364,20,1,0,493,9.81E-33,-142.4348719,-5.486125674
2150,,-1.609437912,0.2,0,12/17/2016 0:24,8,-126,347,12/17/2016 3:12,72,132,644.5298538,52,0.6,139,171,24,0,13,0,360,21,2,0,449,8.74E-35,167.47883,-7.584953624
2151,,-1.609437912,0.2,0,12/17/2016 11:24,1,-97,241,12/17/2016 11:12,93,259,1439.218468,20,5.3,376,384,89,0,13,0,367.8,21,1,0,449,1.02E-37,-159.2905467,-6.861405696
2152,,-1.609437912,0.2,0,12/20/2016 6:12,-27,-6,115,12/20/2016 5:24,67,281,1584.377662,14,-61.7,154,0,63,0,22,0,345.7,19,1,0,115,6.24E-44,-74.28001537,-1.492028308
2153,,-1.609437912,0.2,0,12/21/2016 20:00,3,-80,207,12/21/2016 20:00,84,207,1103.87279,24,3.6,351,306,90,0,30,0,575.8,19,1,0,207,5.83E-39,-119.7587128,-3.878352975
2154,,-1.609437912,0.2,0,12/27/2016 1:36,-18,104,387,12/27/2016 0:12,239,192,1009.439111,15,7.5,284,430,236,0,16,0,630,18,1,0,387,6.48E-34,68.77067174,-1.278908949
2155,,-1.609437912,0.2,0,12/29/2016 16:12,-27,126,479,12/29/2016 15:24,55,147,733.5935903,20,5.6,180,370,48,0,11,0,373.2,18,1,0,479,3.19E-32,67.52051721,-1.23283403
2156,,-1.609437912,0.2,0,12/31/2016 1:39,34,-104,558,12/31/2016 1:36,57,701,4593.308029,15,-2.1,685,681,49,0,11,0,315,19,1,0,558,5.14E-31,-145.864341,-5.753489989
2157,,-1.609437912,0.2,0,1/3/2017 3:12,-10,-105,645,1/3/2017 3:12,58,240,1315.353342,20,-12,201,0,58,0,11,0,387.3,20,1,0,645,7.14E-30,-161.3497791,-7.03995436
2158,,-1.609437912,0.2,0,1/10/2017 8:24,3,100,167,1/10/2017 11:00,287,150,751.5952941,22,4,253,317,278,0,0,0,580,14,1,0,167,9.68E-41,60.52899794,-0.99074083
2159,,-1.609437912,0.2,0,1/12/2017 16:24,1,-90,580,1/12/2017 16:24,78,493,3056.851023,36,-15.9,268,318,108,0,11,0,376.7,13,1,0,580,1.04E-30,-150.8257716,-6.151544995
2160,,-1.609437912,0.2,0,1/14/2017 5:36,10,-155,628,1/14/2017 5:00,77,354,2077.731107,10,21.1,530,739,70,0,31,0,383.3,14,1,0,628,4.40E-30,143.9725258,-5.60521584
2161,,-1.609437912,0.2,0,1/14/2017 8:24,11,90,365,1/14/2017 8:24,284,547,3448.533495,15,2.1,570,571,294,0,31,0,379.5,14,2,0,628,2.21E-34,31.41036952,-0.26679592
2162,,-1.609437912,0.2,0,1/14/2017 22:00,0,-48,353,1/14/2017 22:00,83,313,1798.561599,14,8.1,374,512,74,0,31,0,342.3,15,1,0,628,1.20E-34,-114.9557656,-3.573506772
2163,,-1.609437912,0.2,0,1/16/2017 21:12,78,-6,270,1/16/2017 21:24,51,152,763.6298392,45,2.2,174,262,37,0,25,0,313.3,12,1,0,270,8.47E-37,-87.75773742,-2.082590718
2164,,-1.609437912,0.2,0,1/17/2017 21:49,11,160,723,1/17/2017 21:49,288,373,2208.748751,11,-15.2,224,0,281,0,30,0,314.8,13,1,0,723,2.81E-18,87.24674869,-2.058408642
2165,,-1.609437912,0.2,0,1/19/2017 12:48,16,-80,429,1/19/2017 12:24,73,519,3244.738115,21,9,612,632,92,0,33,0,593.7,13,1,0,429,4.27E-33,-117.4000917,-3.727090732
2166,,-1.609437912,0.2,0,1/20/2017 5:24,21,105,276,1/20/2017 5:24,242,289,1637.597313,26,-3.9,256,146,238,0,56,0,553.3,14,1,0,429,1.27E-36,65.45371914,-1.158515238
2167,,-1.609437912,0.2,0,1/21/2017 5:00,16,129,531,1/21/2017 4:12,285,366,2160.3638,31,3.8,425,435,271,0,75,0,497.2,14,1,0,531,2.08E-31,83.18016645,-1.870995157
2168,,-1.609437912,0.2,0,1/24/2017 17:00,10,100,539,1/24/2017 15:36,280,328,1900.108464,22,13.1,628,573,282,0,43,0,328.3,15,1,0,539,2.74E-31,31.65322525,-0.270937444
2169,,-1.609437912,0.2,0,1/27/2017 1:26,10,-111,199,1/27/2017 3:24,80,190,996.9345737,22,16.3,372,600,81,0,30,0,603.7,15,1,0,199,2.76E-39,-147.5465281,-5.886959969
2170,,-1.609437912,0.2,0,1/28/2017 14:18,-7,-99,450,1/28/2017 14:12,101,446,2720.742253,13,4.9,464,546,90,0,30,0,508.2,16,1,0,450,1.02E-32,-143.5124887,-5.569452247
2171,,-1.609437912,0.2,0,1/28/2017 21:48,-2,98,205,1/28/2017 21:48,269,562,3558.30404,27,14.9,634,770,280,0,30,0,464.5,16,2,0,450,4.85E-39,48.68956235,-0.641069086
2172,,-1.609437912,0.2,0,2/1/2017 16:00,29,33,358,2/1/2017 14:48,320,279,1571.108087,34,15.1,591,570,342,0,47,0,694.5,16,1,0,358,1.55E-34,-29.00000001,-0.227420227
2173,,-1.609437912,0.2,0,2/8/2017 2:12,-15,162,95,2/8/2017 3:36,205,104,483.0166535,27,2,153,227,212,0,11,0,471.3,16,1,0,95,1.26E-45,112.5297459,-3.424268176
2174,,-1.609437912,0.2,0,2/8/2017 2:36,-30,178,311,2/8/2017 4:48,175,189,990.6901858,30,2,153,227,212,0,11,0,470.2,17,2,0,311,1.16E-35,123.2313386,-4.106534019
2175,,-1.609437912,0.2,0,2/8/2017 16:24,27,93,313,2/8/2017 16:12,300,338,1968.189513,10,-6.2,258,141,290,0,11,0,445.8,18,1,0,313,1.31E-35,48.20979433,-0.628497639
2176,,-1.609437912,0.2,0,2/10/2017 13:48,18,148,594,2/10/2017 13:48,287,338,1968.189513,10,-31.8,216,0,295,0,24,0,420.3,18,1,0,594,1.60E-30,93.2999742,-2.353944074
2177,,-1.609437912,0.2,0,2/11/2017 6:00,-1,93,456,2/11/2017 8:00,263,195,1028.234914,18,15.7,375,579,270,0,23,0,415,19,1,0,594,1.30E-32,37.78485315,-0.386072236
2178,,-1.609437912,0.2,0,2/18/2017 2:30,26,-110,239,2/18/2017 1:25,73,381,2264.206562,17,4.6,412,482,73,0,13,0,504,14,1,0,239,8.71E-38,-144.8551496,-5.674152073
2179,,-1.609437912,0.2,0,2/18/2017 7:24,4,88,492,2/18/2017 7:12,284,367,2167.267798,27,11.2,547,558,289,0,13,0,526,15,2,0,492,5.20E-32,44.57004092,-0.537179164
2180,,-1.609437912,0.2,0,2/19/2017 12:30,11,12,450,2/19/2017 10:24,63,361,2125.884943,42,17.3,539,676,56,0,27,0,545,14,1,0,450,1.02E-32,-31.82545011,-0.273893801
2181,,-1.609437912,0.2,0,2/20/2017 19:12,29,-90,155,2/20/2017 18:48,61,260,1445.777224,11,4.5,328,386,59,0,32,0,468.7,14,1,0,155,2.29E-41,-131.2290833,-4.656861085
2182,,-1.609437912,0.2,0,2/23/2017 11:09,29,-44,675,2/23/2017 11:12,49,469,2884.632698,20,-12.2,356,178,45,0,24,0,485.3,15,1,0,675,3.13E-25,-91.07259028,-2.242892564
2183,,-1.609437912,0.2,0,2/24/2017 22:09,1,116,379,2/24/2017 21:48,266,278,1564.47867,20,4.9,399,380,252,0,27,0,564.3,15,1,0,379,4.42E-34,75.38742776,-1.536848097
2184,,-1.609437912,0.2,0,2/26/2017 10:48,1,-75,407,2/26/2017 10:48,89,387,2305.910356,27,1.5,412,410,94,0,38,0,408,15,1,0,407,1.63E-33,-131.1662861,-4.652405248
2185,,-1.609437912,0.2,0,2/27/2017 16:12,-12,56,206,2/27/2017 16:12,258,168,860.8259485,32,-2.9,151,0,254,0,50,0,367.3,15,1,0,206,5.32E-39,-13.57717087,-0.04984845
2186,,-1.609437912,0.2,0,2/28/2017 3:36,8,89,256,2/28/2017 6:00,279,90,404.9828703,17,2.5,233,240,260,0,58,0,400.2,15,1,0,256,3.15E-37,32.62181026,-0.287772446
2187,,-1.609437912,0.2,0,3/11/2017 1:54,13,105,338,3/11/2017 1:48,285,327,1893.316976,16,-3.6,295,197,275,0,0,0,389.8,12,1,0,338,5.39E-35,47.59527856,-0.612577215
2188,,-1.609437912,0.2,0,3/11/2017 16:00,-2,-80,379,3/11/2017 14:24,80,357,2098.351674,35,14.7,699,596,89,0,0,0,384.7,13,1,0,379,4.42E-34,-139.5352263,-5.265029576
2189,,-1.609437912,0.2,0,3/21/2017 19:24,16,-88,179,3/21/2017 20:48,73,289,1637.597313,26,9.1,351,524,74,0,13,0,606,9,1,0,179,3.67E-40,-124.2337441,-4.17361362
2190,,-1.609437912,0.2,0,3/22/2017 18:48,14,-58,295,3/22/2017 18:00,68,289,1637.597313,14,12.7,365,598,76,0,14,0,661,10,1,0,295,4.38E-36,-92.59370032,-2.3184406
2191,,-1.609437912,0.2,0,3/24/2017 17:48,-9,-96,308,3/24/2017 17:36,94,321,1852.632601,19,-17.7,194,0,100,0,14,0,530.8,10,1,0,308,9.72E-36,-138.3681533,-5.177324462
2192,,-1.609437912,0.2,0,3/27/2017 12:12,-3,-61,337,3/27/2017 12:00,88,338,1968.189513,16,-6.4,294,0,102,0,52,0,578,9,1,0,337,5.11E-35,-100.6374088,-2.738747445
2193,,-1.609437912,0.2,0,3/27/2017 18:54,1,-68,328,3/27/2017 18:12,90,230,1250.758241,18,-8.7,144,0,89,0,52,0,655.5,10,2,0,337,3.10E-35,-102.9620774,-2.866735907
2194,,-1.609437912,0.2,0,3/28/2017 2:12,-11,78,259,3/28/2017 2:48,274,89,399.4886369,26,3,220,266,268,0,57,0,687.2,11,2,0,337,3.91E-37,45.70466098,-0.56487724
2195,,-1.609437912,0.2,0,4/1/2017 22:12,20,54,609,4/1/2017 22:12,309,516,3222.991091,21,-10.9,330,470,308,0,71,0,528.3,9,1,0,609,2.52E-30,22.54119299,-0.137400049
2196,,-1.609437912,0.2,0,4/2/2017 9:09,15,65,438,4/2/2017 8:24,305,562,3558.30404,17,-8.4,500,437,293,0,83,0,499.7,10,1,0,609,6.23E-33,24.13848149,-0.157562544
2197,,-1.609437912,0.2,0,4/2/2017 20:09,9,63,538,4/2/2017 19:24,302,500,3107.304049,30,4.1,553,547,290,0,83,0,442.5,11,1,0,609,2.65E-31,14.33637297,-0.055579121
2198,,-1.609437912,0.2,0,4/3/2017 1:48,13,61,298,4/3/2017 1:36,295,268,1498.384511,19,-22.2,192,0,291,0,100,0,425.5,12,2,0,538,5.28E-36,14.80035363,-0.059234848
2199,,-1.609437912,0.2,0,4/3/2017 15:36,18,75,516,4/3/2017 14:48,301,471,2898.938162,12,-11.2,386,192,285,0,100,0,412.8,13,1,0,538,1.24E-31,26.2827024,-0.18679839
2200,,-1.609437912,0.2,0,4/4/2017 7:00,22,90,386,4/4/2017 7:00,309,487,3013.684628,10,-8.8,435,294,287,0,76,0,412,14,1,0,516,6.18E-34,40.06695675,-0.434116015
2201,,-1.609437912,0.2,0,4/4/2017 9:24,15,95,449,4/4/2017 9:24,296,555,3507.027303,34,1,561,569,294,0,76,0,412.5,15,2,0,516,9.81E-33,41.75605396,-0.471489465
2202,,-1.609437912,0.2,0,4/4/2017 12:00,26,99,125,4/4/2017 12:36,300,657,4262.4084,13,-46,432,0,287,0,76,0,422,16,3,0,516,3.32E-43,50.28447378,-0.683755626
2203,,-1.609437912,0.2,0,4/4/2017 17:24,22,95,258,4/4/2017 17:41,299,547,3448.533495,27,118.8,815,1688,286,0,76,0,428,17,3,0,449,3.64E-37,45.97720697,-0.571634278
2204,,-1.609437912,0.2,0,4/4/2017 21:36,28,100,90,4/4/2017 22:36,303,341,1988.671925,13,-1.5,329,301,289,0,76,0,401.2,18,2,0,449,4.09E-46,49.67895566,-0.667387408
2205,,-1.609437912,0.2,0,4/5/2017 2:24,-15,-31,384,4/5/2017 4:48,109,241,1321.836061,19,8,370,449,113,0,50,0,400.5,19,3,0,449,5.62E-34,-88.28633464,-2.107754701
2206,,-1.609437912,0.2,0,4/5/2017 16:00,-55,-140,135,4/5/2017 16:48,90,162,824.1906063,45,-2,138,0,92,0,50,0,425.8,20,1,0,384,1.53E-42,123.8457143,-4.147582734
2207,,-1.609437912,0.2,0,4/6/2017 16:24,15,128,311,4/6/2017 16:24,262,574,3646.409273,25,20.8,610,883,281,0,36,0,464.8,21,1,0,311,1.16E-35,79.08088465,-1.69112664
2208,,-1.609437912,0.2,0,4/9/2017 17:36,10,109,127,4/9/2017 17:12,273,142,703.7274422,21,5.1,251,352,279,0,12,0,471.3,22,1,0,127,4.55E-43,60.86463331,-1.001758677
2209,,-1.609437912,0.2,0,4/10/2017 0:24,-11,-37,278,4/10/2017 1:48,103,202,1072.270075,21,2.3,260,275,106,0,14,0,436,23,2,0,278,1.46E-36,-89.57438498,-2.169705366
2210,,-1.609437912,0.2,0,4/10/2017 12:39,14,-173,433,4/10/2017 13:25,47,163,830.2812827,24,5.7,190,395,25,0,14,0,417.5,23,1,0,433,5.05E-33,130.5842892,-4.611210545
2211,,-1.609437912,0.2,0,4/10/2017 19:09,11,-168,445,4/10/2017 19:40,45,138,679.9610086,22,-7.2,99,0,34,0,14,0,413.7,23,2,0,445,8.33E-33,135.4980062,-4.964767354
2212,,-1.609437912,0.2,0,4/10/2017 23:09,14,-169,483,4/10/2017 23:12,45,304,1737.976421,45,-7.2,235,0,360,1,14,0,402.3,24,2,0,483,3.71E-32,132.4069227,-4.740831037
2213,,-1.609437912,0.2,0,4/11/2017 11:24,23,146,693,4/11/2017 11:36,299,502,3121.73726,11,-33.9,284,0,279,0,14,0,436.7,25,1,0,693,8.86E-22,93.23787929,-2.350811827
2214,,-1.609437912,0.2,0,4/12/2017 13:26,6,-149,661,4/12/2017 12:48,53,227,1231.463654,35,-9.3,115,0,73,0,22,0,418.8,26,1,0,661,2.52E-29,155.5703616,-6.544655871
2215,,-1.609437912,0.2,0,4/13/2017 17:54,4,136,412,4/13/2017 17:36,266,277,1557.852849,22,1.2,297,311,263,0,25,0,413,27,1,0,412,2.04E-33,80.52949335,-1.753650432
2216,,-1.609437912,0.2,0,4/15/2017 2:09,16,-3,302,4/15/2017 2:48,348,199,1053.36766,15,19.3,288,688,359,0,0,0,329.7,28,1,0,302,6.76E-36,-73.21246065,-1.449449539
2217,,-1.609437912,0.2,0,4/16/2017 6:12,-4,-100,493,4/16/2017 6:12,96,635,4098.051874,10,-34,354,0,83,0,0,0,348.7,29,1,0,493,5.39E-32,-165.1881849,-7.378890329
2218,,-1.609437912,0.2,0,4/18/2017 10:00,-3,-78,512,4/18/2017 10:00,95,597,3815.974517,16,-4.9,537,557,69,0,23,0,314.7,30,1,0,512,1.07E-31,-150.6876069,-6.140279846
2219,,-1.609437912,0.2,0,4/18/2017 19:48,21,-76,934,4/18/2017 19:48,67,926,6325.389541,50,-14.1,796,874,360,1,23,0,344.3,31,1,0,934,1.38E-11,-137.8441105,-5.138182476
2220,,-1.609437912,0.2,0,4/20/2017 16:48,0,-87,454,4/20/2017 16:48,75,400,2396.585819,27,-16,308,0,75,0,28,0,564.7,32,1,0,454,1.20E-32,-127.5860786,-4.401894928
2221,,-1.609437912,0.2,0,4/20/2017 22:09,34,-10,719,4/20/2017 20:00,290,322,1859.405598,34,6,413,450,294,0,28,0,552.2,32,2,0,719,1.21E-18,-58.93343921,-0.939196933
2222,,-1.609437912,0.2,0,4/20/2017 22:30,16,78,364,4/20/2017 21:49,19,487,3013.684628,16,2.3,513,518,27,0,28,0,550.8,33,3,0,719,2.11E-34,39.30217132,-0.417701642
2223,,-1.609437912,0.2,0,4/23/2017 6:00,-3,-66,911,4/23/2017 6:00,88,955,6552.93433,23,-19,842,838,85,0,43,87100,722.3,33,1,0,911,7.35E-12,-97.71986645,-2.582253191
2224,,-1.609437912,0.2,0,4/24/2017 3:12,43,-45,358,4/24/2017 2:48,60,854,5764.441239,51,64.2,1397,1272,55,0,46,0,697.2,33,1,0,911,1.55E-34,-81.16183783,-1.781299059
2225,,-1.609437912,0.2,0,4/28/2017 20:12,30,88,322,4/28/2017 19:56,298,375,2222.59726,15,5.6,458,464,297,0,36,0,380.2,31,1,0,322,2.21E-35,39.94669771,-0.431513969
2226,,-1.609437912,0.2,0,4/28/2017 21:24,2,-97,580,4/28/2017 22:00,94,177,916.1785027,17,13.2,366,559,88,0,36,0,378.3,32,2,0,580,1.04E-30,-157.4996194,-6.707985428
2227,,-1.609437912,0.2,0,4/30/2017 3:36,-10,31,498,4/30/2017 2:36,258,282,1591.017794,16,11.9,446,547,257,0,24,0,379,33,1,0,498,6.48E-32,-30.97762707,-0.259495235
2228,,-1.609437912,0.2,0,5/2/2017 9:12,8,-102,418,5/2/2017 8:36,84,391,2333.764656,20,7.3,530,497,85,0,29,0,409.3,32,1,0,418,2.65E-33,-156.6544211,-6.636183788
2229,,-1.609437912,0.2,0,5/6/2017 1:54,-6,-92,347,5/6/2017 2:00,101,160,812.0278104,15,3.1,218,293,120,0,27,0,359,23,1,0,347,8.74E-35,-155.150629,-6.509388229
2230,,-1.609437912,0.2,0,5/13/2017 22:00,-23,4,340,5/13/2017 21:36,230,169,866.9528828,25,5.5,249,377,173,0,0,0,307.2,15,1,0,340,6.01E-35,-72.20180925,-1.409708291
2231,,-1.609437912,0.2,0,5/21/2017 1:36,-12,-90,565,5/21/2017 1:00,105,483,2984.948044,13,24,660,827,99,0,37,0,635.5,9,1,0,565,6.45E-31,-125.1578156,-4.235932612
2232,,-1.609437912,0.2,0,5/23/2017 5:00,-7,12,375,5/23/2017 5:00,281,259,1439.218468,26,4.1,338,367,215,0,55,0,517.8,10,1,0,375,3.64E-34,-32.93253899,-0.293280726
2233,,-1.609437912,0.2,0,5/24/2017 1:54,-25,21,433,5/24/2017 1:36,221,270,1511.573929,14,2.4,294,345,220,0,20,0,471,10,1,0,433,5.05E-33,-36.60825916,-0.362402552
2234,,-1.609437912,0.2,0,5/25/2017 15:09,30,114,334,5/25/2017 14:36,301,321,1852.632601,30,3,373,380,301,0,31,0,353.5,10,1,0,334,4.33E-35,55.50931223,-0.833229785
2235,,-1.609437912,0.2,0,5/29/2017 8:48,-12,-102,313,5/29/2017 8:24,97,266,1485.210018,26,4.8,425,358,103,0,14,0,383,9,1,0,313,1.31E-35,-158.3460206,-6.780276433
2236,,-1.609437912,0.2,0,5/30/2017 15:36,-2,-53,421,5/30/2017 16:36,95,195,1028.234914,15,4.7,217,380,81,0,0,0,524.5,9,1,0,421,3.02E-33,-96.69267699,-2.528251429
2237,,-1.609437912,0.2,0,5/31/2017 9:39,-9,104,303,5/31/2017 9:12,258,212,1135.59629,22,1,218,256,258,0,0,0,368.5,10,1,0,421,7.18E-36,42.58759221,-0.490455114
2238,,-1.609437912,0.2,0,6/1/2017 13:25,-7,-92,339,6/1/2017 12:48,99,464,2848.906432,23,8.1,585,557,97,0,15,0,366.5,10,1,0,339,5.69E-35,-153.652137,-6.384256136
2239,,-1.609437912,0.2,0,6/3/2017 8:24,-22,-100,289,6/3/2017 7:48,112,341,1988.671925,15,11.2,445,571,105,0,24,0,377.2,11,1,0,289,2.99E-36,-151.0925271,-6.17332389
2240,,-1.609437912,0.2,0,6/3/2017 11:24,8,55,627,6/3/2017 11:36,275,227,1231.463654,10,-4.6,204,0,283,0,24,0,396.5,12,2,0,627,4.27E-30,-8.473880281,-0.019417698
2241,,-1.609437912,0.2,0,6/4/2017 15:12,-14,-56,268,6/4/2017 14:24,110,258,1432.663573,23,6.7,410,419,114,0,25,0,403,13,1,0,268,7.38E-37,-112.15483,-3.401488885
2242,,-1.609437912,0.2,0,6/7/2017 21:36,-3,-26,268,6/7/2017 21:12,98,565,3580.306538,26,-2,557,530,93,0,14,0,315.8,13,1,0,268,7.38E-37,-98.56244389,-2.626975485
2243,,-1.609437912,0.2,0,6/10/2017 23:24,-9,-112,362,6/10/2017 23:12,99,179,928.5420592,25,-2,161,0,89,0,0,0,279.8,14,1,0,362,1.90E-34,163.4790694,-7.226989223
2244,,-1.609437912,0.2,0,6/11/2017 2:36,9,37,419,6/11/2017 2:36,286,372,2201.828514,22,6.6,454,494,275,0,0,0,290.5,15,2,0,419,2.77E-33,-42.67529501,-0.492477232
2245,,-1.609437912,0.2,0,6/11/2017 23:24,-2,87,279,6/11/2017 23:12,276,239,1308.874789,25,30.8,363,867,267,0,0,0,405.5,16,1,0,419,1.56E-36,30.5390064,-0.252198732
2246,,-1.609437912,0.2,0,6/12/2017 2:48,-5,95,330,6/12/2017 5:00,263,174,897.6756221,24,4.4,371,316,273,0,0,0,421.8,17,2,0,330,3.47E-35,40.91707349,-0.452733073
2247,,-1.609437912,0.2,0,6/13/2017 20:36,-9,87,289,6/13/2017 20:00,264,239,1308.874789,13,2.3,264,320,261,0,11,0,484.5,17,1,0,289,2.99E-36,40.53801576,-0.444383646
2248,,-1.609437912,0.2,0,6/15/2017 2:36,3,107,400,6/15/2017 2:36,269,360,2118.997451,19,3,391,424,265,0,31,0,431,18,1,0,400,1.19E-33,53.88116035,-0.785067453
2249,,-1.609437912,0.2,0,6/15/2017 9:24,-6,109,405,6/15/2017 8:48,272,486,3006.497391,25,-1.3,467,470,268,0,31,0,416.8,19,2,0,405,1.49E-33,54.23970818,-0.795550553
2250,,-1.609437912,0.2,0,6/17/2017 7:24,-22,96,354,6/17/2017 7:24,253,314,1805.309398,14,-1.6,282,283,277,0,30,0,437.2,20,1,0,354,1.26E-34,47.80256249,-0.617924549
2251,,-1.609437912,0.2,0,6/17/2017 9:36,0,-134,351,6/17/2017 8:48,94,139,685.8918767,18,6.4,219,395,93,0,30,0,450.2,21,2,0,354,1.08E-34,175.0916069,-8.290175991
2252,,-1.609437912,0.2,0,6/20/2017 6:48,16,-84,530,6/20/2017 6:24,76,668,4344.8645,33,20.9,905,844,82,0,31,0,381.7,21,1,0,530,2.01E-31,-141.0883042,-5.382885228
2253,,-1.609437912,0.2,0,6/28/2017 15:24,-2,-80,360,6/28/2017 15:12,98,244,1341.309047,26,2.3,254,331,95,0,16,0,404.5,18,1,0,360,1.72E-34,-136.622998,-5.047550993
2254,,-1.609437912,0.2,0,6/28/2017 16:24,37,17,400,6/28/2017 16:00,310,229,1244.322339,39,5.8,295,409,269,0,16,0,398.5,19,2,0,400,1.19E-33,-52.61492585,-0.748602061
2255,,-1.609437912,0.2,0,7/2/2017 13:25,8,82,462,7/2/2017 13:25,269,518,3237.487175,13,-16,422,179,268,0,13,0,489.3,17,1,0,462,1.65E-32,35.94373707,-0.349365126
2256,,-1.609437912,0.2,0,7/3/2017 16:48,0,95,191,7/3/2017 16:48,262,260,1445.777224,16,5.4,356,395,263,0,0,0,405.2,16,1,0,191,1.27E-39,38.43791075,-0.399532986
2257,,-1.609437912,0.2,0,7/4/2017 9:36,11,-105,900,7/4/2017 9:24,85,618,3971.569867,12,-51.5,264,0,68,0,0,0,345.3,17,1,0,900,5.24E-12,-166.0540598,-7.456449645
2258,,-1.609437912,0.2,0,7/6/2017 10:12,1,126,240,7/6/2017 9:48,273,254,1406.482904,20,7.7,381,450,272,0,16,0,348.2,17,1,0,240,9.42E-38,60.18375382,-0.979471126
2259,,-1.609437912,0.2,0,7/11/2017 21:17,-1,-41,588,7/11/2017 20:57,94,421,2543.948423,15,-8.1,321,276,87,0,38,0,523.2,15,1,0,588,1.33E-30,-84.80614228,-1.944857157
2260,,-1.609437912,0.2,0,7/12/2017 5:00,33,-27,246,7/12/2017 6:24,91,303,1731.26104,24,10.1,360,549,92,0,61,0,492.3,14,2,0,588,1.50E-37,-76.26537527,-1.572852208
2261,,-1.609437912,0.2,0,7/12/2017 14:00,9,30,377,7/12/2017 13:36,279,215,1154.687176,30,10.6,502,499,268,0,61,0,461.8,15,2,0,588,4.01E-34,-21.52028474,-0.12523598
2262,,-1.609437912,0.2,0,7/13/2017 20:48,-3,40,573,7/13/2017 20:36,264,290,1644.265468,22,-10.5,154,0,260,0,59,0,371.2,15,1,0,573,8.32E-31,-21.93893112,-0.130155949
2263,7/14/2017 4:39,3.081818222,21.798,1,7/14/2017 1:36,-9,40,1200,7/14/2017 1:25,230,1200,8508.092203,49,-0.1,1199,1200,360,1,52,16883160,368.2,16,2,1,1200,4.49E-10,-23.91158733,-0.154614389
2264,,-1.609437912,0.2,0,7/15/2017 11:12,9,65,734,7/15/2017 11:12,275,580,3690.5563,10,-25.5,401,0,270,0,33,0,319.3,15,1,0,734,2.17E-17,-11.25045318,-0.034227338
2265,,-1.609437912,0.2,0,7/15/2017 21:24,9,59,589,7/15/2017 20:12,275,506,3150.627555,39,26.9,936,808,283,0,33,0,316.8,16,1,0,734,1.37E-30,-16.05060168,-0.069665174
2266,,-1.609437912,0.2,0,7/17/2017 17:00,4,80,356,7/17/2017 16:36,271,376,2229.525518,32,2.8,445,408,267,0,22,0,491.3,15,1,0,356,1.40E-34,33.56185484,-0.304596566
2267,,-1.609437912,0.2,0,7/20/2017 9:09,3,-48,373,7/20/2017 8:36,90,384,2285.04674,16,11.1,525,568,101,0,0,0,391.7,15,1,0,373,3.30E-34,-106.4882352,-3.066453284
2268,,-1.609437912,0.2,0,7/20/2017 13:54,1,120,320,7/20/2017 14:24,282,192,1009.439111,30,16.8,337,632,256,0,0,0,413.2,16,2,0,373,1.97E-35,64.53717018,-1.126297008
2269,,-1.609437912,0.2,0,7/20/2017 18:24,2,121,620,7/20/2017 18:12,274,590,3764.272297,28,7,693,653,265,0,0,0,459,17,2,0,620,3.49E-30,71.07959999,-1.366227565
2270,,-1.609437912,0.2,0,7/23/2017 1:36,13,154,944,7/23/2017 1:25,316,654,4239.952208,33,5.4,707,704,306,0,0,0,567.2,18,1,0,944,1.76E-11,112.9530093,-3.450076343
2271,,-1.609437912,0.2,0,7/23/2017 4:39,-4,170,2271,7/23/2017 4:12,300,413,2487.683856,46,47.4,503,1115,298,0,0,0,549.5,19,2,1,2271,2.57E-09,128.1811418,-4.443051681
2272,,-1.609437912,0.2,0,7/28/2017 5:36,4,-136,574,7/28/2017 5:36,62,526,3295.548438,38,-9.5,397,454,59,0,11,0,445.2,20,1,0,574,8.59E-31,171.5228857,-7.955678828
2273,,-1.609437912,0.2,0,8/2/2017 1:25,30,-90,325,8/2/2017 1:25,60,402,2410.57374,19,19.4,511,738,58,0,13,0,390.3,18,1,0,325,2.62E-35,-137.7442773,-5.130742547
2274,,-1.609437912,0.2,0,8/5/2017 12:36,32,-49,149,8/5/2017 10:48,62,274,1537.997101,23,43.9,749,1026,62,0,13,0,670.2,16,1,0,149,1.06E-41,-84.23471331,-1.918736324
2275,,-1.609437912,0.2,0,8/15/2017 13:48,-4,-68,370,8/15/2017 14:00,86,406,2438.579383,32,-2.8,348,374,96,0,22,0,387,10,1,0,370,2.84E-34,-127.1161654,-4.369529345
2276,,-1.609437912,0.2,0,8/16/2017 15:36,11,-61,550,8/16/2017 15:36,74,560,3543.644599,25,49.4,1136,1091,90,0,33,0,397.2,11,1,0,550,3.95E-31,-118.1265152,-3.773356837
2277,,-1.609437912,0.2,0,8/18/2017 13:48,-9,-109,496,8/18/2017 11:12,82,235,1283.002596,21,5.8,406,387,84,0,45,0,567.2,11,1,0,496,6.02E-32,-148.2342951,-5.941970319
2278,,-1.609437912,0.2,0,8/19/2017 23:09,18,-11,302,8/19/2017 20:57,78,238,1302.40042,10,4.5,259,378,77,0,50,0,728,9,1,0,302,6.76E-36,-45.46110639,-0.558872957
2279,,-1.609437912,0.2,0,8/21/2017 16:48,-15,-87,351,8/21/2017 16:12,99,254,1406.482904,16,-0.2,252,248,93,0,63,0,549.7,10,1,0,351,1.08E-34,-127.1463858,-4.371607197
2280,,-1.609437912,0.2,0,8/22/2017 23:09,29,-163,314,8/23/2017 0:51,56,211,1129.242066,25,-4,158,0,51,0,63,0,468.5,9,1,0,314,1.39E-35,137.9334442,-5.144844516
2281,,-1.609437912,0.2,0,8/28/2017 18:39,7,36,491,8/28/2017 17:36,277,298,1697.733859,19,3.7,360,385,246,0,23,0,291.2,9,1,0,491,5.01E-32,-43.16594395,-0.503866608
2282,,-1.609437912,0.2,0,8/31/2017 4:36,20,-71,327,8/31/2017 4:12,71,295,1677.65773,18,2.7,322,371,70,0,73,0,500.8,10,1,0,327,2.93E-35,-115.0348451,-3.578424983
2283,,-1.609437912,0.2,0,8/31/2017 5:24,4,80,333,8/31/2017 5:12,271,233,1270.09196,11,-1.8,225,126,286,0,73,0,500.8,11,2,0,333,4.10E-35,34.43986871,-0.320742173
2284,,-1.609437912,0.2,0,8/31/2017 14:48,14,81,255,8/31/2017 14:48,273,274,1537.997101,10,6.2,311,452,275,0,73,0,602.3,12,1,0,333,2.92E-37,44.74602365,-0.541429592
2285,,-1.609437912,0.2,0,9/2/2017 16:00,3,90,625,9/2/2017 15:48,276,705,4623.529451,32,5.1,761,744,269,0,56,0,580.8,12,1,0,625,4.03E-30,50.60359198,-0.692461742
2286,9/4/2017 22:25,4.605170186,100,1,9/4/2017 19:39,-6,26,710,9/4/2017 19:00,240,597,3815.974517,25,52.9,762,1216,233,0,112,0,540.2,12,1,0,710,1.47E-19,-17.45987681,-0.082435722
2287,9/5/2017 20:00,5.298317367,200,1,9/4/2017 20:36,-10,10,1114,9/4/2017 20:36,184,1418,10290.42984,46,47.5,1636,1611,360,1,112,6991530,518.4,13,2,1,1114,2.29E-10,-35.47098181,-0.340235411
2288,,-1.609437912,0.2,0,9/6/2017 10:00,-8,83,260,9/6/2017 9:48,246,391,2333.764656,24,-13.8,315,0,245,0,100,0,457.5,14,1,0,260,4.20E-37,33.7559432,-0.308129719
2289,,-1.609437912,0.2,0,9/6/2017 12:24,-15,23,1238,9/6/2017 12:24,201,1571,11561.72366,44,-0.3,1569,1570,360,1,100,19036350,450,15,2,1,1238,5.64E-10,-31.41578533,-0.266887931
2290,,-1.609437912,0.2,0,9/7/2017 10:48,-13,51,597,9/7/2017 10:24,244,470,2891.784367,13,-4,426,406,254,0,97,0,521,16,1,0,1238,1.75E-30,14.74071403,-0.058758423
2291,,-1.609437912,0.2,0,9/7/2017 15:12,-16,53,477,9/7/2017 15:12,246,433,2628.629436,16,-9.9,245,309,254,0,97,0,462.3,17,2,0,597,2.96E-32,16.35291224,-0.072314153
2292,,-1.609437912,0.2,0,9/7/2017 23:36,-4,51,395,9/7/2017 23:36,258,464,2848.906432,21,4,501,527,261,0,97,0,674.8,18,2,0,597,9.42E-34,17.4856583,-0.082679353
2293,,-1.609437912,0.2,0,9/8/2017 4:17,-5,53,442,9/8/2017 3:24,254,500,3107.304049,21,11.2,601,651,254,0,88,0,763.5,19,2,0,597,7.36E-33,23.49049514,-0.149216701
2294,,-1.609437912,0.2,0,9/8/2017 7:24,-3,54,450,9/8/2017 7:36,253,500,3107.304049,20,-10.6,432,271,252,0,88,0,790.9,20,3,0,597,1.02E-32,25.18937232,-0.171580443
2295,,-1.609437912,0.2,0,9/9/2017 16:48,-9,82,465,9/9/2017 16:24,248,473,2913.252119,35,4.4,537,524,260,0,62,0,552,21,1,0,465,1.86E-32,41.2998103,-0.461242383
2296,,-1.609437912,0.2,0,9/9/2017 23:12,2,92,333,9/9/2017 23:12,302,1019,7058.181997,33,-18.6,877,955,277,0,62,0,508,22,2,0,465,4.10E-35,46.91661116,-0.595232126
2297,9/10/2017 15:35,7.297226497,1476.2,1,9/10/2017 16:09,-12,85,2650,9/10/2017 16:00,262,3163,25491.49069,54,-232,2558,2868,360,1,40,14074800,507.3,23,1,1,2650,2.59E-09,41.30056314,-0.461259198
